категория,подкатегория,марка,название,описание,диаметр,цена,единица,в_наличии,рейтинг,отзывы,фото,ключевые_слова,spec_Марка,spec_Размер,spec_ГОСТ,spec_Единица
Сортовой прокат,АРМАТУРА,кл А1 А240,"Арматура гладкая А1 А240 14 , 18мм","Арматура гладкая марки А1 А240, диаметр 14 , 18мм",14,47990,т,1,0,0,https://www.kavstal.ru/public/assets/images/products/SORTOVOI_PROKAT/ARMATURA/img.jpg,балашиха;арматура;кл а1 а240;14;18;гладкая;глаткая,кл А1 А240,14 ; 18,ГОСТ 34028-2016,т
Сортовой прокат,АРМАТУРА,кл А1 А240С,Арматура гладкая А1 А240С 10мм,"Арматура гладкая марки А1 А240С, диаметр 10мм",10,51490,т,1,0,0,https://www.kavstal.ru/public/assets/images/products/SORTOVOI_PROKAT/ARMATURA/img.jpg,балашиха;арматура;кл а1 а240с;10;гладкая;глаткая,кл А1 А240С,10,ГОСТ 34028-2016,т
Сортовой прокат,АРМАТУРА,кл А1 А240С,Арматура гладкая А1 А240С 16мм,"Арматура гладкая марки А1 А240С, диаметр 16мм",16,48490,т,1,0,0,https://www.kavstal.ru/public/assets/images/products/SORTOVOI_PROKAT/ARMATURA/img.jpg,балашиха;арматура;кл а1 а240с;16;гладкая;глаткая,кл А1 А240С,16,ГОСТ 34028-2016,т
Сортовой прокат,АРМАТУРА,кл А1 мотки А240,"Арматура гладкая А1 мотки А240 6 , 8мм","Арматура гладкая марки А1 мотки А240, диаметр 6 , 8мм",6,50990,т,1,0,0,https://www.kavstal.ru/public/assets/images/products/SORTOVOI_PROKAT/ARMATURA/img.jpg,балашиха;арматура;кл а1 мотки а240;6;8;гладкая;глаткая,кл А1 мотки А240,6 ; 8,ГОСТ 34028-2016,т
Сортовой прокат,АРМАТУРА,кл А1 мотки Ст3,Арматура гладкая А1 мотки Ст3 12мм,"Арматура гладкая марки А1 мотки Ст3, диаметр 12мм",12,50490,т,1,0,0,https://www.kavstal.ru/public/assets/images/products/SORTOVOI_PROKAT/ARMATURA/img.jpg,балашиха;арматура;кл а1 мотки ст3;12;гладкая;глаткая,кл А1 мотки Ст3,12,ГОСТ 34028-2016,т
Сортовой прокат,АРМАТУРА,кл А1 Ст3,Арматура гладкая А1 Ст3 12мм,"Арматура гладкая марки А1 Ст3, диаметр 12мм",12,48990,т,1,0,0,https://www.kavstal.ru/public/assets/images/products/SORTOVOI_PROKAT/ARMATURA/img.jpg,балашиха;арматура;кл а1 ст3;12;гладкая;глаткая,кл А1 Ст3,12,ГОСТ 34028-2016,т
Сортовой прокат,АРМАТУРА,кл А1 Ст3 6м,"Арматура гладкая А1 Ст3 6м 6 , 8мм","Арматура гладкая марки А1 Ст3 6м, диаметр 6 , 8мм",6,51990,т,1,0,0,https://www.kavstal.ru/public/assets/images/products/SORTOVOI_PROKAT/ARMATURA/img.jpg,балашиха;арматура;кл а1 ст3 6м;6;8;гладкая;глаткая,кл А1 Ст3 6м,6 ; 8,ГОСТ 34028-2016,т
Сортовой прокат,АРМАТУРА,кл А1 Ст3 6м,Арматура гладкая А1 Ст3 6м 12мм,"Арматура гладкая марки А1 Ст3 6м, диаметр 12мм",12,48990,т,1,0,0,https://www.kavstal.ru/public/assets/images/products/SORTOVOI_PROKAT/ARMATURA/img.jpg,балашиха;арматура;кл а1 ст3 6м;12;гладкая;глаткая,кл А1 Ст3 6м,12,ГОСТ 34028-2016,т
Сортовой прокат,АРМАТУРА,кл А3 35ГС,Арматура рифленая А3 6мм 35ГС,"Арматура рифленая А3 6мм 35ГС, марка стали кл А3 35ГС",6,51990,т,1,0,0,https://www.kavstal.ru/public/assets/images/products/SORTOVOI_PROKAT/ARMATURA/img.jpg,балашиха;арматура;кл а3 35гс;6;рифленая;а3;6мм;35гс,кл А3 35ГС,6,ГОСТ 5781-82,т
Сортовой прокат,АРМАТУРА,кл А3 35ГС,Арматура рифленая А3 10мм 35ГС,"Арматура рифленая А3 10мм 35ГС, марка стали кл А3 35ГС",10,53990,т,1,0,0,https://www.kavstal.ru/public/assets/images/products/SORTOVOI_PROKAT/ARMATURA/img.jpg,балашиха;арматура;кл а3 35гс;10;рифленая;а3;10мм;35гс,кл А3 35ГС,10,ГОСТ 5781-82,т
Сортовой прокат,АРМАТУРА,кл А3 А400;500,"Арматура рифленая А3 8мм А400, 500","Арматура рифленая А3 8мм А400, 500, марка стали кл А3 А400;500",8,51990,т,1,0,0,https://www.kavstal.ru/public/assets/images/products/SORTOVOI_PROKAT/ARMATURA/img.jpg,балашиха;арматура;кл а3 а400;500;8;рифленая;а3;8мм;а400,кл А3 А400;500,8,ГОСТ 5781-82,т
Сортовой прокат,АРМАТУРА,кл А3 А400;500,"Арматура рифленая А3 10мм А400, 500","Арматура рифленая А3 10мм А400, 500, марка стали кл А3 А400;500",10,49990,т,1,0,0,https://www.kavstal.ru/public/assets/images/products/SORTOVOI_PROKAT/ARMATURA/img.jpg,балашиха;арматура;кл а3 а400;500;10;рифленая;а3;10мм;а400,кл А3 А400;500,10,ГОСТ 5781-82,т
Сортовой прокат,АРМАТУРА,кл А3 А400;500,"Арматура рифленая А3 12мм А400, 500","Арматура рифленая А3 12мм А400, 500, марка стали кл А3 А400;500",12,47990,т,1,0,0,https://www.kavstal.ru/public/assets/images/products/SORTOVOI_PROKAT/ARMATURA/img.jpg,балашиха;арматура;кл а3 а400;500;12;рифленая;а3;12мм;а400,кл А3 А400;500,12,ГОСТ 5781-82,т
Сортовой прокат,АРМАТУРА,кл А3 А400;500,"Арматура рифленая А3 14мм А400, 500","Арматура рифленая А3 14мм А400, 500, марка стали кл А3 А400;500",14,47490,т,1,0,0,https://www.kavstal.ru/public/assets/images/products/SORTOVOI_PROKAT/ARMATURA/img.jpg,балашиха;арматура;кл а3 а400;500;14;16;18;20;рифленая;а3;14мм;а400,кл А3 А400;500,14 ; 16; 18; 20,ГОСТ 5781-82,т
Сортовой прокат,АРМАТУРА,кл А3 А400;500,"Арматура рифленая А3 22мм А400, 500","Арматура рифленая А3 22мм А400, 500, марка стали кл А3 А400;500",22,47990,т,1,0,0,https://www.kavstal.ru/public/assets/images/products/SORTOVOI_PROKAT/ARMATURA/img.jpg,балашиха;арматура;кл а3 а400;500;22;рифленая;а3;22мм;а400,кл А3 А400;500,22,ГОСТ 5781-82,т
Сортовой прокат,АРМАТУРА,кл А3 А400;500,"Арматура рифленая А3 25мм А400, 500","Арматура рифленая А3 25мм А400, 500, марка стали кл А3 А400;500",25,47490,т,1,0,0,https://www.kavstal.ru/public/assets/images/products/SORTOVOI_PROKAT/ARMATURA/img.jpg,балашиха;арматура;кл а3 а400;500;25;28;32;36;40;рифленая;а3;25мм;а400,кл А3 А400;500,25 ; 28; 32; 36; 40,ГОСТ 5781-82,т
Сортовой прокат,АРМАТУРА,кл А3 А400;500 6м,"Арматура рифленая А3 6мм А400, 500 6м","Арматура рифленая А3 6мм А400, 500 6м, марка стали кл А3 А400;500 6м",6,51990,т,1,0,0,https://www.kavstal.ru/public/assets/images/products/SORTOVOI_PROKAT/ARMATURA/img.jpg,балашиха;арматура;кл а3 а400;500 6м;6;8;рифленая;а3;6мм;а400;500;6м,кл А3 А400;500 6м,6 ; 8,ГОСТ 5781-82,т
Сортовой прокат,АРМАТУРА,кл А3 А400;500 6м,"Арматура рифленая А3 10мм А400, 500 6м","Арматура рифленая А3 10мм А400, 500 6м, марка стали кл А3 А400;500 6м",10,50490,т,1,0,0,https://www.kavstal.ru/public/assets/images/products/SORTOVOI_PROKAT/ARMATURA/img.jpg,балашиха;арматура;кл а3 а400;500 6м;10;рифленая;а3;10мм;а400;500;6м,кл А3 А400;500 6м,10,ГОСТ 5781-82,т
Сортовой прокат,АРМАТУРА,кл А3 А400;500 6м,"Арматура рифленая А3 12мм А400, 500 6м","Арматура рифленая А3 12мм А400, 500 6м, марка стали кл А3 А400;500 6м",12,48490,т,1,0,0,https://www.kavstal.ru/public/assets/images/products/SORTOVOI_PROKAT/ARMATURA/img.jpg,балашиха;арматура;кл а3 а400;500 6м;12;рифленая;а3;12мм;а400;500;6м,кл А3 А400;500 6м,12,ГОСТ 5781-82,т
Сортовой прокат,АРМАТУРА,кл А3 А400;500 н/д,"Арматура рифленая А3 10мм А400, 500 н/д","Арматура рифленая А3 10мм А400, 500 н/д, марка стали кл А3 А400;500 н/д",10,43490,т,1,0,0,https://www.kavstal.ru/public/assets/images/products/SORTOVOI_PROKAT/ARMATURA/img.jpg,балашиха;арматура;кл а3 а400;500 н/д;10;рифленая;а3;10мм;а400;500;н/д,кл А3 А400;500 н/д,10,ГОСТ 5781-82,т
Сортовой прокат,АРМАТУРА,кл А3 А400;500 н/д,"Арматура рифленая А3 12мм А400, 500 н/д","Арматура рифленая А3 12мм А400, 500 н/д, марка стали кл А3 А400;500 н/д",12,40990,т,1,0,0,https://www.kavstal.ru/public/assets/images/products/SORTOVOI_PROKAT/ARMATURA/img.jpg,балашиха;арматура;кл а3 а400;500 н/д;12;рифленая;а3;12мм;а400;500;н/д,кл А3 А400;500 н/д,12,ГОСТ 5781-82,т
Сортовой прокат,АРМАТУРА,кл А3 мотки 35ГС,Арматура рифленая А3 мотки 6мм 35ГС,"Арматура рифленая А3 мотки 6мм 35ГС, марка стали кл А3 мотки 35ГС",6,50990,т,1,0,0,https://www.kavstal.ru/public/assets/images/products/SORTOVOI_PROKAT/ARMATURA/img.jpg,балашиха;арматура;кл а3 мотки 35гс;6;рифленая;а3;мотки;6мм;35гс,кл А3 мотки 35ГС,6,ГОСТ 5781-82,т
Сортовой прокат,АРМАТУРА,кл А3 мотки А400;500,"Арматура рифленая А3 6мм А400, 500","Арматура рифленая А3 6мм А400, 500, марка стали кл А3 мотки А400;500",6,50990,т,1,0,0,https://www.kavstal.ru/public/assets/images/products/SORTOVOI_PROKAT/ARMATURA/img.jpg,балашиха;арматура;кл а3 мотки а400;500;6;рифленая;а3;6мм;а400,кл А3 мотки А400;500,6,ГОСТ 5781-82,т
Сортовой прокат,АРМАТУРА,кл А3 мотки А400;500,"Арматура рифленая А3 8мм А400, 500","Арматура рифленая А3 8мм А400, 500, марка стали кл А3 мотки А400;500",8,51490,т,1,0,0,https://www.kavstal.ru/public/assets/images/products/SORTOVOI_PROKAT/ARMATURA/img.jpg,балашиха;арматура;кл а3 мотки а400;500;8;рифленая;а3;8мм;а400,кл А3 мотки А400;500,8,ГОСТ 5781-82,т
Сортовой прокат,АРМАТУРА,кл А3 мотки А400;500,"Арматура рифленая А3 10мм А400, 500","Арматура рифленая А3 10мм А400, 500, марка стали кл А3 мотки А400;500",10,54490,т,1,0,0,https://www.kavstal.ru/public/assets/images/products/SORTOVOI_PROKAT/ARMATURA/img.jpg,балашиха;арматура;кл а3 мотки а400;500;10;рифленая;а3;10мм;а400,кл А3 мотки А400;500,10,ГОСТ 5781-82,т
Сортовой прокат,АРМАТУРА,кл А3 ТУ 38.32.22-09-15610448-2021 н/д некондиция,Арматура рифленая А3 12мм ТУ 38.32.22-09-15610448-2021 н/д некондиция,"Арматура рифленая А3 12мм ТУ 38.32.22-09-15610448-2021 н/д некондиция, марка стали кл А3 ТУ 38.32.22-09-15610448-2021 н/д некондиция",12,37990,т,1,0,0,https://www.kavstal.ru/public/assets/images/products/SORTOVOI_PROKAT/ARMATURA/img.jpg,балашиха;арматура;кл а3 ту 38.32.22-09-15610448-2021 н/д некондиция;12;рифленая;а3;12мм;ту;38.32.22-09-15610448-2021;н/д;некондиция,кл А3 ТУ 38.32.22-09-15610448-2021 н/д некондиция,12,ГОСТ 5781-82,т
Сортовой прокат,КРУГ Г/К,Ст3,Круг стальной г/к 10 мм Ст3,Круг стальной г/к 10 мм Ст3,10,53990,т,1,0,0,https://www.kavstal.ru/public/assets/images/products/SORTOVOI_PROKAT/KRUG_GK/img.jpeg,балашиха;круг г/к;ст3;10;круг;стальной;г/к;мм,Ст3,10,ГОСТ 2590-2006,т
Сортовой прокат,КРУГ Г/К,Ст3,Круг стальной г/к 14 мм Ст3,Круг стальной г/к 14 мм Ст3,14,47990,т,1,0,0,https://www.kavstal.ru/public/assets/images/products/SORTOVOI_PROKAT/KRUG_GK/img.jpeg,балашиха;круг г/к;ст3;14;18;20;25;круг;стальной;г/к;мм,Ст3,14 ; 18; 20; 25,ГОСТ 2590-2006,т
Сортовой прокат,КРУГ Г/К,Ст3 оцинк,Круг стальной г/к 12 мм Ст3 оцинк,Круг стальной г/к 12 мм Ст3 оцинк,12,102990,т,1,0,0,https://www.kavstal.ru/public/assets/images/products/SORTOVOI_PROKAT/KRUG_GK/img.jpeg,балашиха;круг г/к;ст3 оцинк;12;круг;стальной;г/к;мм;ст3;оцинк,Ст3 оцинк,12,ГОСТ 2590-2006,т
Сортовой прокат,КРУГ Г/К,Ст3 оцинк,Круг стальной г/к 16 мм Ст3 оцинк,Круг стальной г/к 16 мм Ст3 оцинк,16,99990,т,1,0,0,https://www.kavstal.ru/public/assets/images/products/SORTOVOI_PROKAT/KRUG_GK/img.jpeg,балашиха;круг г/к;ст3 оцинк;16;18;круг;стальной;г/к;мм;ст3;оцинк,Ст3 оцинк,16 ; 18,ГОСТ 2590-2006,т
Сортовой прокат,КРУГ Г/К,Ст3 оцинк К,Круг стальной г/к 8 мм Ст3 оцинк К,Круг стальной г/к 8 мм Ст3 оцинк К,8,101250,т,1,0,0,https://www.kavstal.ru/public/assets/images/products/SORTOVOI_PROKAT/KRUG_GK/img.jpeg,балашиха;круг г/к;ст3 оцинк к;8;круг;стальной;г/к;мм;ст3;оцинк,Ст3 оцинк К,8,ГОСТ 2590-2006,т
Сортовой прокат,КРУГ Г/К,Ст3 н/д,Круг стальной г/к 12 мм Ст3 н/д,Круг стальной г/к 12 мм Ст3 н/д,12,49990,т,1,0,0,https://www.kavstal.ru/public/assets/images/products/SORTOVOI_PROKAT/KRUG_GK/img.jpeg,балашиха;круг г/к;ст3 н/д;12;круг;стальной;г/к;мм;ст3;н/д,Ст3 н/д,12,ГОСТ 2590-2006,т
Сортовой прокат,КВАДРАТ Г/К,Ст3,Квадрат стальной г/к 10 мм Ст3,Квадрат стальной г/к 10 мм Ст3,10,54490,т,1,0,0,https://www.kavstal.ru/public/assets/images/products/SORTOVOI_PROKAT/KVADRAT_GK/img.jpg,балашиха;квадрат г/к;ст3;10;квадрат;стальной;г/к;мм,Ст3,10,ГОСТ 2591-2006,т
Сортовой прокат,КВАДРАТ Г/К,Ст3,Квадрат стальной г/к 12 мм Ст3,Квадрат стальной г/к 12 мм Ст3,12,52990,т,1,0,0,https://www.kavstal.ru/public/assets/images/products/SORTOVOI_PROKAT/KVADRAT_GK/img.jpg,балашиха;квадрат г/к;ст3;12;14;16;квадрат;стальной;г/к;мм,Ст3,12 ; 14; 16,ГОСТ 2591-2006,т
Сортовой прокат,КВАДРАТ Г/К,Ст3,Квадрат стальной г/к 20 мм Ст3,Квадрат стальной г/к 20 мм Ст3,20,53990,т,1,0,0,https://www.kavstal.ru/public/assets/images/products/SORTOVOI_PROKAT/KVADRAT_GK/img.jpg,балашиха;квадрат г/к;ст3;20;25;квадрат;стальной;г/к;мм,Ст3,20 ; 25,ГОСТ 2591-2006,т
Сортовой прокат,КВАДРАТ Г/К,Ст3,Квадрат стальной г/к 50 мм Ст3,Квадрат стальной г/к 50 мм Ст3,50,64990,т,1,0,0,https://www.kavstal.ru/public/assets/images/products/SORTOVOI_PROKAT/KVADRAT_GK/img.jpg,балашиха;квадрат г/к;ст3;50;квадрат;стальной;г/к;мм,Ст3,50,ГОСТ 2591-2006,т
Сортовой прокат,ПОЛОСА Г/К,Ст3 20,Полоса стальная 20x4 мм Ст3,Полоса стальная 20x4 мм Ст3,4,61990,т,1,0,0,https://www.kavstal.ru/public/assets/images/products/SORTOVOI_PROKAT/POLOSA_GK/img.png,балашиха;полоса г/к;ст3 20;4;полоса;стальная;20x4;мм;ст3,Ст3 20,4,ГОСТ 103-2006,т
Сортовой прокат,ПОЛОСА Г/К,Ст3 25,Полоса стальная 25x4 мм Ст3,Полоса стальная 25x4 мм Ст3,4,61490,т,1,0,0,https://www.kavstal.ru/public/assets/images/products/SORTOVOI_PROKAT/POLOSA_GK/img.png,балашиха;полоса г/к;ст3 25;4;полоса;стальная;25x4;мм;ст3,Ст3 25,4,ГОСТ 103-2006,т
Сортовой прокат,ПОЛОСА Г/К,Ст3 30,Полоса стальная 30x4 мм Ст3,Полоса стальная 30x4 мм Ст3,4,52990,т,1,0,0,https://www.kavstal.ru/public/assets/images/products/SORTOVOI_PROKAT/POLOSA_GK/img.png,балашиха;полоса г/к;ст3 30;4;полоса;стальная;30x4;мм;ст3,Ст3 30,4,ГОСТ 103-2006,т
Сортовой прокат,ПОЛОСА Г/К,Ст3 40,Полоса стальная 40x4 мм Ст3,Полоса стальная 40x4 мм Ст3,4,52990,т,1,0,0,https://www.kavstal.ru/public/assets/images/products/SORTOVOI_PROKAT/POLOSA_GK/img.png,балашиха;полоса г/к;ст3 40;4;полоса;стальная;40x4;мм;ст3,Ст3 40,4,ГОСТ 103-2006,т
Сортовой прокат,ПОЛОСА Г/К,Ст3 40,Полоса стальная 40x5 мм Ст3,Полоса стальная 40x5 мм Ст3,5,54990,т,1,0,0,https://www.kavstal.ru/public/assets/images/products/SORTOVOI_PROKAT/POLOSA_GK/img.png,балашиха;полоса г/к;ст3 40;5;полоса;стальная;40x5;мм;ст3,Ст3 40,5,ГОСТ 103-2006,т
Сортовой прокат,ПОЛОСА Г/К,Ст3 40,Полоса стальная 40x6 мм Ст3,Полоса стальная 40x6 мм Ст3,6,53990,т,1,0,0,https://www.kavstal.ru/public/assets/images/products/SORTOVOI_PROKAT/POLOSA_GK/img.png,балашиха;полоса г/к;ст3 40;6;полоса;стальная;40x6;мм;ст3,Ст3 40,6,ГОСТ 103-2006,т
Сортовой прокат,ПОЛОСА Г/К,Ст3 40,Полоса стальная 40x8 мм Ст3,Полоса стальная 40x8 мм Ст3,8,67990,т,1,0,0,https://www.kavstal.ru/public/assets/images/products/SORTOVOI_PROKAT/POLOSA_GK/img.png,балашиха;полоса г/к;ст3 40;8;полоса;стальная;40x8;мм;ст3,Ст3 40,8,ГОСТ 103-2006,т
Сортовой прокат,ПОЛОСА Г/К,Ст3 40,Полоса стальная 40x10 мм Ст3,Полоса стальная 40x10 мм Ст3,10,76990,т,1,0,0,https://www.kavstal.ru/public/assets/images/products/SORTOVOI_PROKAT/POLOSA_GK/img.png,балашиха;полоса г/к;ст3 40;10;полоса;стальная;40x10;мм;ст3,Ст3 40,10,ГОСТ 103-2006,т
Сортовой прокат,ПОЛОСА Г/К,Ст3 50,Полоса стальная 50x4 мм Ст3,Полоса стальная 50x4 мм Ст3,4,52490,т,1,0,0,https://www.kavstal.ru/public/assets/images/products/SORTOVOI_PROKAT/POLOSA_GK/img.png,балашиха;полоса г/к;ст3 50;4;полоса;стальная;50x4;мм;ст3,Ст3 50,4,ГОСТ 103-2006,т
Сортовой прокат,ПОЛОСА Г/К,Ст3 50,Полоса стальная 50x5 мм Ст3,Полоса стальная 50x5 мм Ст3,5,52990,т,1,0,0,https://www.kavstal.ru/public/assets/images/products/SORTOVOI_PROKAT/POLOSA_GK/img.png,балашиха;полоса г/к;ст3 50;5;полоса;стальная;50x5;мм;ст3,Ст3 50,5,ГОСТ 103-2006,т
Сортовой прокат,ПОЛОСА Г/К,Ст3 50,Полоса стальная 50x6 мм Ст3,Полоса стальная 50x6 мм Ст3,6,54490,т,1,0,0,https://www.kavstal.ru/public/assets/images/products/SORTOVOI_PROKAT/POLOSA_GK/img.png,балашиха;полоса г/к;ст3 50;6;полоса;стальная;50x6;мм;ст3,Ст3 50,6,ГОСТ 103-2006,т
Сортовой прокат,ПОЛОСА Г/К,Ст3 50,Полоса стальная 50x8 мм Ст3,Полоса стальная 50x8 мм Ст3,8,74490,т,1,0,0,https://www.kavstal.ru/public/assets/images/products/SORTOVOI_PROKAT/POLOSA_GK/img.png,балашиха;полоса г/к;ст3 50;8;полоса;стальная;50x8;мм;ст3,Ст3 50,8,ГОСТ 103-2006,т
Сортовой прокат,ПОЛОСА Г/К,Ст3 60,Полоса стальная 60x5 мм Ст3,Полоса стальная 60x5 мм Ст3,5,52990,т,1,0,0,https://www.kavstal.ru/public/assets/images/products/SORTOVOI_PROKAT/POLOSA_GK/img.png,балашиха;полоса г/к;ст3 60;5;полоса;стальная;60x5;мм;ст3,Ст3 60,5,ГОСТ 103-2006,т
Сортовой прокат,ПОЛОСА Г/К,Ст3 60,Полоса стальная 60x6 мм Ст3,Полоса стальная 60x6 мм Ст3,6,54490,т,1,0,0,https://www.kavstal.ru/public/assets/images/products/SORTOVOI_PROKAT/POLOSA_GK/img.png,балашиха;полоса г/к;ст3 60;6;полоса;стальная;60x6;мм;ст3,Ст3 60,6,ГОСТ 103-2006,т
Сортовой прокат,ПОЛОСА Г/К,Ст3 80,Полоса стальная 80x8 мм Ст3,Полоса стальная 80x8 мм Ст3,8,74490,т,1,0,0,https://www.kavstal.ru/public/assets/images/products/SORTOVOI_PROKAT/POLOSA_GK/img.png,балашиха;полоса г/к;ст3 80;8;полоса;стальная;80x8;мм;ст3,Ст3 80,8,ГОСТ 103-2006,т
Сортовой прокат,ПОЛОСА Г/К,Ст3 100,Полоса стальная 100x4 мм Ст3,Полоса стальная 100x4 мм Ст3,4,69490,т,1,0,0,https://www.kavstal.ru/public/assets/images/products/SORTOVOI_PROKAT/POLOSA_GK/img.png,балашиха;полоса г/к;ст3 100;4;5;полоса;стальная;100x4;мм;ст3,Ст3 100,4 ; 5,ГОСТ 103-2006,т
Сортовой прокат,ПОЛОСА Г/К,Ст3 100,Полоса стальная 100x6 мм Ст3,Полоса стальная 100x6 мм Ст3,6,74490,т,1,0,0,https://www.kavstal.ru/public/assets/images/products/SORTOVOI_PROKAT/POLOSA_GK/img.png,балашиха;полоса г/к;ст3 100;6;полоса;стальная;100x6;мм;ст3,Ст3 100,6,ГОСТ 103-2006,т
Сортовой прокат,ПОЛОСА Г/К,Ст3 100,Полоса стальная 100x8 мм Ст3,Полоса стальная 100x8 мм Ст3,8,69490,т,1,0,0,https://www.kavstal.ru/public/assets/images/products/SORTOVOI_PROKAT/POLOSA_GK/img.png,балашиха;полоса г/к;ст3 100;8;полоса;стальная;100x8;мм;ст3,Ст3 100,8,ГОСТ 103-2006,т
Сортовой прокат,ПОЛОСА Г/К,Ст3 100,Полоса стальная 100x10 мм Ст3,Полоса стальная 100x10 мм Ст3,10,66990,т,1,0,0,https://www.kavstal.ru/public/assets/images/products/SORTOVOI_PROKAT/POLOSA_GK/img.png,балашиха;полоса г/к;ст3 100;10;полоса;стальная;100x10;мм;ст3,Ст3 100,10,ГОСТ 103-2006,т
Сортовой прокат,БАЛКИ ДВУТАВРОВЫЕ,10,Балка двутавровая 10,"Балка двутавровая 10, сталь Ст3",1,99990,т,1,0,0,https://www.kavstal.ru/public/assets/images/products/SORTOVOI_PROKAT/BALKI_DVUTAVROVYE/img.jpg,балашиха;балки двутавровые;10;1;балка;двутавровая,10,; Б1,ГОСТ 19425-89,т
Сортовой прокат,БАЛКИ ДВУТАВРОВЫЕ,12,Балка двутавровая 12Б1,"Балка двутавровая 12Б1, сталь Ст3",1,98990,т,1,0,0,https://www.kavstal.ru/public/assets/images/products/SORTOVOI_PROKAT/BALKI_DVUTAVROVYE/img.jpg,балашиха;балки двутавровые;12;1;балка;двутавровая;12б1,12,Б1,ГОСТ 19425-89,т
Сортовой прокат,БАЛКИ ДВУТАВРОВЫЕ,14,Балка двутавровая 14Б1,"Балка двутавровая 14Б1, сталь Ст3",1,99990,т,1,0,0,https://www.kavstal.ru/public/assets/images/products/SORTOVOI_PROKAT/BALKI_DVUTAVROVYE/img.jpg,балашиха;балки двутавровые;14;1;балка;двутавровая;14б1,14,Б1,ГОСТ 19425-89,т
Сортовой прокат,БАЛКИ ДВУТАВРОВЫЕ,14,Балка двутавровая 14Б2,"Балка двутавровая 14Б2, сталь Ст3",2,102990,т,1,0,0,https://www.kavstal.ru/public/assets/images/products/SORTOVOI_PROKAT/BALKI_DVUTAVROVYE/img.jpg,балашиха;балки двутавровые;14;2;балка;двутавровая;14б2,14,Б2,ГОСТ 19425-89,т
Сортовой прокат,БАЛКИ ДВУТАВРОВЫЕ,16,Балка двутавровая 16Б1,"Балка двутавровая 16Б1, сталь Ст3",1,102990,т,1,0,0,https://www.kavstal.ru/public/assets/images/products/SORTOVOI_PROKAT/BALKI_DVUTAVROVYE/img.jpg,балашиха;балки двутавровые;16;1;балка;двутавровая;16б1,16,Б1,ГОСТ 19425-89,т
Сортовой прокат,БАЛКИ ДВУТАВРОВЫЕ,18,Балка двутавровая 18,"Балка двутавровая 18, сталь Ст3",,99990,теор.т,1,0,0,https://www.kavstal.ru/public/assets/images/products/SORTOVOI_PROKAT/BALKI_DVUTAVROVYE/img.jpg,балашиха;балки двутавровые;18;балка;двутавровая,18,,ГОСТ 19425-89,теор.т
Сортовой прокат,БАЛКИ ДВУТАВРОВЫЕ,18,Балка двутавровая 18Б1,"Балка двутавровая 18Б1, сталь Ст3",1,101990,т,1,0,0,https://www.kavstal.ru/public/assets/images/products/SORTOVOI_PROKAT/BALKI_DVUTAVROVYE/img.jpg,балашиха;балки двутавровые;18;1;2;балка;двутавровая;18б1,18,Б1 ; Б2,ГОСТ 19425-89,т
Сортовой прокат,БАЛКИ ДВУТАВРОВЫЕ,20,Балка двутавровая 20,"Балка двутавровая 20, сталь Ст3",,93990,т,1,0,0,https://www.kavstal.ru/public/assets/images/products/SORTOVOI_PROKAT/BALKI_DVUTAVROVYE/img.jpg,балашиха;балки двутавровые;20;балка;двутавровая,20,,ГОСТ 19425-89,т
Сортовой прокат,БАЛКИ ДВУТАВРОВЫЕ,20,Балка двутавровая 20Б1,"Балка двутавровая 20Б1, сталь Ст3",1,93400,теор.т,1,0,0,https://www.kavstal.ru/public/assets/images/products/SORTOVOI_PROKAT/BALKI_DVUTAVROVYE/img.jpg,балашиха;балки двутавровые;20;1;2;балка;двутавровая;20б1,20,Б1 ; Б2,ГОСТ 19425-89,теор.т
Сортовой прокат,БАЛКИ ДВУТАВРОВЫЕ,20,Балка двутавровая 20К1,"Балка двутавровая 20К1, сталь Ст3",1,83300,теор.т,1,0,0,https://www.kavstal.ru/public/assets/images/products/SORTOVOI_PROKAT/BALKI_DVUTAVROVYE/img.jpg,балашиха;балки двутавровые;20;1;2;балка;двутавровая;20к1,20,К1 ; К2,ГОСТ 19425-89,теор.т
Сортовой прокат,БАЛКИ ДВУТАВРОВЫЕ,20,Балка двутавровая 20Ш1,"Балка двутавровая 20Ш1, сталь Ст3",1,83800,теор.т,1,0,0,https://www.kavstal.ru/public/assets/images/products/SORTOVOI_PROKAT/BALKI_DVUTAVROVYE/img.jpg,балашиха;балки двутавровые;20;1;балка;двутавровая;20ш1,20,Ш1,ГОСТ 19425-89,теор.т
Сортовой прокат,БАЛКИ ДВУТАВРОВЫЕ,24,Балка двутавровая 24М,"Балка двутавровая 24М, сталь Ст3",,133990,теор.т,1,0,0,https://www.kavstal.ru/public/assets/images/products/SORTOVOI_PROKAT/BALKI_DVUTAVROVYE/img.jpg,балашиха;балки двутавровые;24;балка;двутавровая;24м,24,М,ГОСТ 19425-89,теор.т
Сортовой прокат,БАЛКИ ДВУТАВРОВЫЕ,25,Балка двутавровая 25Б1,"Балка двутавровая 25Б1, сталь Ст3",1,88100,теор.т,1,0,0,https://www.kavstal.ru/public/assets/images/products/SORTOVOI_PROKAT/BALKI_DVUTAVROVYE/img.jpg,балашиха;балки двутавровые;25;1;2;балка;двутавровая;25б1,25,Б1 ; Б2,ГОСТ 19425-89,теор.т
Сортовой прокат,БАЛКИ ДВУТАВРОВЫЕ,25,Балка двутавровая 25К1,"Балка двутавровая 25К1, сталь Ст3",1,80900,теор.т,1,0,0,https://www.kavstal.ru/public/assets/images/products/SORTOVOI_PROKAT/BALKI_DVUTAVROVYE/img.jpg,балашиха;балки двутавровые;25;1;2;балка;двутавровая;25к1,25,К1 ; К2,ГОСТ 19425-89,теор.т
Сортовой прокат,БАЛКИ ДВУТАВРОВЫЕ,25,Балка двутавровая 25Ш1,"Балка двутавровая 25Ш1, сталь Ст3",1,82900,теор.т,1,0,0,https://www.kavstal.ru/public/assets/images/products/SORTOVOI_PROKAT/BALKI_DVUTAVROVYE/img.jpg,балашиха;балки двутавровые;25;1;балка;двутавровая;25ш1,25,Ш1,ГОСТ 19425-89,теор.т
Сортовой прокат,БАЛКИ ДВУТАВРОВЫЕ,30,Балка двутавровая 30Б1,"Балка двутавровая 30Б1, сталь Ст3",1,83300,теор.т,1,0,0,https://www.kavstal.ru/public/assets/images/products/SORTOVOI_PROKAT/BALKI_DVUTAVROVYE/img.jpg,балашиха;балки двутавровые;30;1;2;балка;двутавровая;30б1,30,Б1 ; Б2,ГОСТ 19425-89,теор.т
Сортовой прокат,БАЛКИ ДВУТАВРОВЫЕ,30,Балка двутавровая 30К2,"Балка двутавровая 30К2, сталь Ст3",2,80900,теор.т,1,0,0,https://www.kavstal.ru/public/assets/images/products/SORTOVOI_PROKAT/BALKI_DVUTAVROVYE/img.jpg,балашиха;балки двутавровые;30;2;1;балка;двутавровая;30к2,30,К2 ; Ш1; Ш2,ГОСТ 19425-89,теор.т
Сортовой прокат,БАЛКИ ДВУТАВРОВЫЕ,35,Балка двутавровая 35Б1,"Балка двутавровая 35Б1, сталь Ст3",1,82900,теор.т,1,0,0,https://www.kavstal.ru/public/assets/images/products/SORTOVOI_PROKAT/BALKI_DVUTAVROVYE/img.jpg,балашиха;балки двутавровые;35;1;2;балка;двутавровая;35б1,35,Б1 ; Б2,ГОСТ 19425-89,теор.т
Сортовой прокат,БАЛКИ ДВУТАВРОВЫЕ,35,Балка двутавровая 35Ш1,"Балка двутавровая 35Ш1, сталь Ст3",1,80900,теор.т,1,0,0,https://www.kavstal.ru/public/assets/images/products/SORTOVOI_PROKAT/BALKI_DVUTAVROVYE/img.jpg,балашиха;балки двутавровые;35;1;2;балка;двутавровая;35ш1,35,Ш1 ; Ш2,ГОСТ 19425-89,теор.т
Сортовой прокат,БАЛКИ ДВУТАВРОВЫЕ,35 н/д,Балка двутавровая 35Б1,"Балка двутавровая 35Б1, сталь Ст3",1,71000,т,1,0,0,https://www.kavstal.ru/public/assets/images/products/SORTOVOI_PROKAT/BALKI_DVUTAVROVYE/img.jpg,балашиха;балки двутавровые;35 н/д;1;балка;двутавровая;35б1,35 н/д,Б1,ГОСТ 19425-89,т
Сортовой прокат,БАЛКИ ДВУТАВРОВЫЕ,36,Балка двутавровая 36М,"Балка двутавровая 36М, сталь Ст3",,133990,теор.т,1,0,0,https://www.kavstal.ru/public/assets/images/products/SORTOVOI_PROKAT/BALKI_DVUTAVROVYE/img.jpg,балашиха;балки двутавровые;36;балка;двутавровая;36м,36,М,ГОСТ 19425-89,теор.т
Сортовой прокат,БАЛКИ ДВУТАВРОВЫЕ,40,Балка двутавровая 40Б1,"Балка двутавровая 40Б1, сталь Ст3",1,80900,теор.т,1,0,0,https://www.kavstal.ru/public/assets/images/products/SORTOVOI_PROKAT/BALKI_DVUTAVROVYE/img.jpg,балашиха;балки двутавровые;40;1;2;балка;двутавровая;40б1,40,Б1 ; Б2,ГОСТ 19425-89,теор.т
Сортовой прокат,БАЛКИ ДВУТАВРОВЫЕ,40,Балка двутавровая 40Ш1,"Балка двутавровая 40Ш1, сталь Ст3",1,79900,теор.т,1,0,0,https://www.kavstal.ru/public/assets/images/products/SORTOVOI_PROKAT/BALKI_DVUTAVROVYE/img.jpg,балашиха;балки двутавровые;40;1;2;балка;двутавровая;40ш1,40,Ш1 ; Ш2,ГОСТ 19425-89,теор.т
Сортовой прокат,БАЛКИ ДВУТАВРОВЫЕ,45,Балка двутавровая 45Б1,"Балка двутавровая 45Б1, сталь Ст3",1,79800,теор.т,1,0,0,https://www.kavstal.ru/public/assets/images/products/SORTOVOI_PROKAT/BALKI_DVUTAVROVYE/img.jpg,балашиха;балки двутавровые;45;1;2;балка;двутавровая;45б1,45,Б1 ; Б2,ГОСТ 19425-89,теор.т
Сортовой прокат,БАЛКИ ДВУТАВРОВЫЕ,45,Балка двутавровая 45М,"Балка двутавровая 45М, сталь Ст3",,133990,теор.т,1,0,0,https://www.kavstal.ru/public/assets/images/products/SORTOVOI_PROKAT/BALKI_DVUTAVROVYE/img.jpg,балашиха;балки двутавровые;45;балка;двутавровая;45м,45,М,ГОСТ 19425-89,теор.т
Сортовой прокат,БАЛКИ ДВУТАВРОВЫЕ,45,Балка двутавровая 45Ш1,"Балка двутавровая 45Ш1, сталь Ст3",1,86100,теор.т,1,0,0,https://www.kavstal.ru/public/assets/images/products/SORTOVOI_PROKAT/BALKI_DVUTAVROVYE/img.jpg,балашиха;балки двутавровые;45;1;2;балка;двутавровая;45ш1,45,Ш1 ; Ш2,ГОСТ 19425-89,теор.т
Сортовой прокат,БАЛКИ ДВУТАВРОВЫЕ,55,Балка двутавровая 55Б1,"Балка двутавровая 55Б1, сталь Ст3",1,79900,теор.т,1,0,0,https://www.kavstal.ru/public/assets/images/products/SORTOVOI_PROKAT/BALKI_DVUTAVROVYE/img.jpg,балашиха;балки двутавровые;55;1;2;балка;двутавровая;55б1,55,Б1 ; Б2,ГОСТ 19425-89,теор.т
Сортовой прокат,КАТАНКА,мотки,Катанка 5.5 мм (мотки),Катанка 5.5 мм (мотки),5.5,50490,т,1,0,0,https://www.kavstal.ru/public/assets/images/products/SORTOVOI_PROKAT/KATANKA/img.jpg,балашиха;катанка;мотки;5;5.5;мм,мотки,5.5,ГОСТ 30136-95,т
Сортовой прокат,КАТАНКА,мотки,Катанка 6.5 мм (мотки),Катанка 6.5 мм (мотки),6.5,49490,т,1,0,0,https://www.kavstal.ru/public/assets/images/products/SORTOVOI_PROKAT/KATANKA/img.jpg,балашиха;катанка;мотки;6;5;6.5;мм,мотки,6.5,ГОСТ 30136-95,т
Сортовой прокат,КАТАНКА,мотки,Катанка 10 мм (мотки),Катанка 10 мм (мотки),10,50990,т,1,0,0,https://www.kavstal.ru/public/assets/images/products/SORTOVOI_PROKAT/KATANKA/img.jpg,балашиха;катанка;мотки;10;мм,мотки,10,ГОСТ 30136-95,т
Сортовой прокат,СТАЛЬ СОРТ КОНСТР КРУГ,Ст3,Круг стальной конструкционный 10 мм Ст3,Круг стальной конструкционный 10 мм Ст3,10,53990,т,1,0,0,https://www.kavstal.ru/public/assets/images/products/SORTOVOI_PROKAT/STAL_SORT_KONSTR_KRUG/img.png,балашиха;сталь сорт констр круг;ст3;10;круг;стальной;конструкционный;мм,Ст3,10,ГОСТ 2590-2006,т
Сортовой прокат,СТАЛЬ СОРТ КОНСТР КРУГ,Ст3,Круг стальной конструкционный 12 мм Ст3,Круг стальной конструкционный 12 мм Ст3,12,49990,т,1,0,0,https://www.kavstal.ru/public/assets/images/products/SORTOVOI_PROKAT/STAL_SORT_KONSTR_KRUG/img.png,балашиха;сталь сорт констр круг;ст3;12;круг;стальной;конструкционный;мм,Ст3,12,ГОСТ 2590-2006,т
Сортовой прокат,СТАЛЬ СОРТ КОНСТР КРУГ,Ст3,Круг стальной конструкционный 14 мм Ст3,Круг стальной конструкционный 14 мм Ст3,14,47990,т,1,0,0,https://www.kavstal.ru/public/assets/images/products/SORTOVOI_PROKAT/STAL_SORT_KONSTR_KRUG/img.png,балашиха;сталь сорт констр круг;ст3;14;18;20;25;круг;стальной;конструкционный;мм,Ст3,14 ; 18; 20; 25,ГОСТ 2590-2006,т
Сортовой прокат,СТАЛЬ СОРТ КОНСТР КРУГ,Ст3 оцинк,Круг стальной конструкционный 12 мм Ст3 оцинк,Круг стальной конструкционный 12 мм Ст3 оцинк,12,102990,т,1,0,0,https://www.kavstal.ru/public/assets/images/products/SORTOVOI_PROKAT/STAL_SORT_KONSTR_KRUG/img.png,балашиха;сталь сорт констр круг;ст3 оцинк;12;круг;стальной;конструкционный;мм;ст3;оцинк,Ст3 оцинк,12,ГОСТ 2590-2006,т
Сортовой прокат,СТАЛЬ СОРТ КОНСТР КРУГ,Ст3 оцинк,Круг стальной конструкционный 16 мм Ст3 оцинк,Круг стальной конструкционный 16 мм Ст3 оцинк,16,99990,т,1,0,0,https://www.kavstal.ru/public/assets/images/products/SORTOVOI_PROKAT/STAL_SORT_KONSTR_KRUG/img.png,балашиха;сталь сорт констр круг;ст3 оцинк;16;18;круг;стальной;конструкционный;мм;ст3;оцинк,Ст3 оцинк,16 ; 18,ГОСТ 2590-2006,т
Сортовой прокат,СТАЛЬ СОРТ КОНСТР КРУГ,Ст3 оцинк К,Круг стальной конструкционный 8 мм Ст3 оцинк К,Круг стальной конструкционный 8 мм Ст3 оцинк К,8,101250,т,1,0,0,https://www.kavstal.ru/public/assets/images/products/SORTOVOI_PROKAT/STAL_SORT_KONSTR_KRUG/img.png,балашиха;сталь сорт констр круг;ст3 оцинк к;8;круг;стальной;конструкционный;мм;ст3;оцинк,Ст3 оцинк К,8,ГОСТ 2590-2006,т
Трубы,ТРУБЫ ВОДОГАЗОПРОВ. ЧЕРНЫЕ ГОСТ 3262-75,ДУ 15 черн,"Труба ВГП черная Ду 15x2,5 мм","Труба ВГП черная Ду 15x2,5 мм, ГОСТ 3262-75",2,53590,теор.т,1,0,0,https://www.kavstal.ru/public/assets/images/products/TRUBY/TRUBY_VODOGAZOPROV_CHERNYE_GOST_3262_75/img.webp,балашиха;трубы водогазопров. черные гост 3262-75;ду 15 черн;2;5;труба;вгп;черная;ду;15x2;мм,ДУ 15 черн,"2,5",,теор.т
Трубы,ТРУБЫ ВОДОГАЗОПРОВ. ЧЕРНЫЕ ГОСТ 3262-75,ДУ 15 черн,"Труба ВГП черная Ду 15x2,8 мм","Труба ВГП черная Ду 15x2,8 мм, ГОСТ 3262-75",2,52590,т,1,0,0,https://www.kavstal.ru/public/assets/images/products/TRUBY/TRUBY_VODOGAZOPROV_CHERNYE_GOST_3262_75/img.webp,балашиха;трубы водогазопров. черные гост 3262-75;ду 15 черн;2;8;труба;вгп;черная;ду;15x2;мм,ДУ 15 черн,"2,8",,т
Трубы,ТРУБЫ ВОДОГАЗОПРОВ. ЧЕРНЫЕ ГОСТ 3262-75,ДУ 15 черн неконд,"Труба ВГП черная Ду 15x2,5 мм (неконд)","Труба ВГП черная Ду 15x2,5 мм (неконд), ГОСТ 3262-75",2,28590,т,1,0,0,https://www.kavstal.ru/public/assets/images/products/TRUBY/TRUBY_VODOGAZOPROV_CHERNYE_GOST_3262_75/img.webp,балашиха;трубы водогазопров. черные гост 3262-75;ду 15 черн неконд;2;5;труба;вгп;черная;ду;15x2;мм;неконд,ДУ 15 черн неконд,"2,5",,т
Трубы,ТРУБЫ ВОДОГАЗОПРОВ. ЧЕРНЫЕ ГОСТ 3262-75,ДУ 15 черн некондиция,"Труба ВГП черная Ду 15x2,8 мм (некондиция)","Труба ВГП черная Ду 15x2,8 мм (некондиция), ГОСТ 3262-75",2,28590,т,1,0,0,https://www.kavstal.ru/public/assets/images/products/TRUBY/TRUBY_VODOGAZOPROV_CHERNYE_GOST_3262_75/img.webp,балашиха;трубы водогазопров. черные гост 3262-75;ду 15 черн некондиция;2;8;3;труба;вгп;черная;ду;15x2;мм;некондиция,ДУ 15 черн некондиция,"2,8 ; 3,2",,т
Трубы,ТРУБЫ ВОДОГАЗОПРОВ. ЧЕРНЫЕ ГОСТ 3262-75,ДУ 20 черн,"Труба ВГП черная Ду 20x2,5 мм","Труба ВГП черная Ду 20x2,5 мм, ГОСТ 3262-75",2,53590,теор.т,1,0,0,https://www.kavstal.ru/public/assets/images/products/TRUBY/TRUBY_VODOGAZOPROV_CHERNYE_GOST_3262_75/img.webp,балашиха;трубы водогазопров. черные гост 3262-75;ду 20 черн;2;5;труба;вгп;черная;ду;20x2;мм,ДУ 20 черн,"2,5",,теор.т
Трубы,ТРУБЫ ВОДОГАЗОПРОВ. ЧЕРНЫЕ ГОСТ 3262-75,ДУ 20 черн,"Труба ВГП черная Ду 20x2,8 мм","Труба ВГП черная Ду 20x2,8 мм, ГОСТ 3262-75",2,52590,теор.т,1,0,0,https://www.kavstal.ru/public/assets/images/products/TRUBY/TRUBY_VODOGAZOPROV_CHERNYE_GOST_3262_75/img.webp,балашиха;трубы водогазопров. черные гост 3262-75;ду 20 черн;2;8;3;труба;вгп;черная;ду;20x2;мм,ДУ 20 черн,"2,8 ; 3,2",,теор.т
Трубы,ТРУБЫ ВОДОГАЗОПРОВ. ЧЕРНЫЕ ГОСТ 3262-75,ДУ 20 черн некондиция,"Труба ВГП черная Ду 20x2,8 мм (некондиция)","Труба ВГП черная Ду 20x2,8 мм (некондиция), ГОСТ 3262-75",2,28590,т,1,0,0,https://www.kavstal.ru/public/assets/images/products/TRUBY/TRUBY_VODOGAZOPROV_CHERNYE_GOST_3262_75/img.webp,балашиха;трубы водогазопров. черные гост 3262-75;ду 20 черн некондиция;2;8;3;труба;вгп;черная;ду;20x2;мм;некондиция,ДУ 20 черн некондиция,"2,8 ; 3,2",,т
Трубы,ТРУБЫ ВОДОГАЗОПРОВ. ЧЕРНЫЕ ГОСТ 3262-75,ДУ 20 черн некондиция ДУ,"Труба ВГП черная Ду 20x2,5 мм (некондиция ДУ)","Труба ВГП черная Ду 20x2,5 мм (некондиция ДУ), ГОСТ 3262-75",2,28590,т,1,0,0,https://www.kavstal.ru/public/assets/images/products/TRUBY/TRUBY_VODOGAZOPROV_CHERNYE_GOST_3262_75/img.webp,балашиха;трубы водогазопров. черные гост 3262-75;ду 20 черн некондиция ду;2;5;8;труба;вгп;черная;ду;20x2;мм;некондиция,ДУ 20 черн некондиция ДУ,"2,5 ; 2,8",,т
Трубы,ТРУБЫ ВОДОГАЗОПРОВ. ЧЕРНЫЕ ГОСТ 3262-75,ДУ 25 черн,"Труба ВГП черная Ду 25x2,5 мм","Труба ВГП черная Ду 25x2,5 мм, ГОСТ 3262-75",2,51590,теор.т,1,0,0,https://www.kavstal.ru/public/assets/images/products/TRUBY/TRUBY_VODOGAZOPROV_CHERNYE_GOST_3262_75/img.webp,балашиха;трубы водогазопров. черные гост 3262-75;ду 25 черн;2;5;8;3;труба;вгп;черная;ду;25x2;мм,ДУ 25 черн,"2,5 ; 2,8; 3,2",,теор.т
Трубы,ТРУБЫ ВОДОГАЗОПРОВ. ЧЕРНЫЕ ГОСТ 3262-75,ДУ 25 черн 3м,"Труба ВГП черная Ду 25x3,5 мм (3м)","Труба ВГП черная Ду 25x3,5 мм (3м), ГОСТ 3262-75",3,58590,теор.т,1,0,0,https://www.kavstal.ru/public/assets/images/products/TRUBY/TRUBY_VODOGAZOPROV_CHERNYE_GOST_3262_75/img.webp,балашиха;трубы водогазопров. черные гост 3262-75;ду 25 черн 3м;3;5;труба;вгп;черная;ду;25x3;мм;3м,ДУ 25 черн 3м,"3,5",,теор.т
Трубы,ТРУБЫ ВОДОГАЗОПРОВ. ЧЕРНЫЕ ГОСТ 3262-75,ДУ 25 черн некондиция,"Труба ВГП черная Ду 25x2,5 мм (некондиция)","Труба ВГП черная Ду 25x2,5 мм (некондиция), ГОСТ 3262-75",2,28590,т,1,0,0,https://www.kavstal.ru/public/assets/images/products/TRUBY/TRUBY_VODOGAZOPROV_CHERNYE_GOST_3262_75/img.webp,балашиха;трубы водогазопров. черные гост 3262-75;ду 25 черн некондиция;2;5;8;3;4;труба;вгп;черная;ду;25x2;мм;некондиция,ДУ 25 черн некондиция,"2,5 ; 2,8; 3,5; 4",,т
Трубы,ТРУБЫ ВОДОГАЗОПРОВ. ЧЕРНЫЕ ГОСТ 3262-75,ДУ 25 черн Тагмет (печная сварка),"Труба ВГП черная Ду 25x2,8 мм (Тагмет (печная сварка))","Труба ВГП черная Ду 25x2,8 мм (Тагмет (печная сварка)), ГОСТ 3262-75",2,51590,теор.т,1,0,0,https://www.kavstal.ru/public/assets/images/products/TRUBY/TRUBY_VODOGAZOPROV_CHERNYE_GOST_3262_75/img.webp,балашиха;трубы водогазопров. черные гост 3262-75;ду 25 черн тагмет (печная сварка);2;8;труба;вгп;черная;ду;25x2;мм;тагмет;печная;сварка,ДУ 25 черн Тагмет (печная сварка),"2,8",,теор.т
Трубы,ТРУБЫ ВОДОГАЗОПРОВ. ЧЕРНЫЕ ГОСТ 3262-75,ДУ 25 черн некондиция ДУ,"Труба ВГП черная Ду 25x3,2 мм (некондиция ДУ)","Труба ВГП черная Ду 25x3,2 мм (некондиция ДУ), ГОСТ 3262-75",3,28590,т,1,0,0,https://www.kavstal.ru/public/assets/images/products/TRUBY/TRUBY_VODOGAZOPROV_CHERNYE_GOST_3262_75/img.webp,балашиха;трубы водогазопров. черные гост 3262-75;ду 25 черн некондиция ду;3;2;труба;вгп;черная;ду;25x3;мм;некондиция,ДУ 25 черн некондиция ДУ,"3,2",,т
Трубы,ТРУБЫ ВОДОГАЗОПРОВ. ЧЕРНЫЕ ГОСТ 3262-75,ДУ 25 черн под цинк ДУ,"Труба ВГП черная Ду 25x2,5 мм (под цинк ДУ)","Труба ВГП черная Ду 25x2,5 мм (под цинк ДУ), ГОСТ 3262-75",2,51590,теор.т,1,0,0,https://www.kavstal.ru/public/assets/images/products/TRUBY/TRUBY_VODOGAZOPROV_CHERNYE_GOST_3262_75/img.webp,балашиха;трубы водогазопров. черные гост 3262-75;ду 25 черн под цинк ду;2;5;труба;вгп;черная;ду;25x2;мм;под;цинк,ДУ 25 черн под цинк ДУ,"2,5",,теор.т
Трубы,ТРУБЫ ВОДОГАЗОПРОВ. ЧЕРНЫЕ ГОСТ 3262-75,ДУ 32 черн,"Труба ВГП черная Ду 32x2,5 мм","Труба ВГП черная Ду 32x2,5 мм, ГОСТ 3262-75",2,51590,теор.т,1,0,0,https://www.kavstal.ru/public/assets/images/products/TRUBY/TRUBY_VODOGAZOPROV_CHERNYE_GOST_3262_75/img.webp,балашиха;трубы водогазопров. черные гост 3262-75;ду 32 черн;2;5;8;3;труба;вгп;черная;ду;32x2;мм,ДУ 32 черн,"2,5 ; 2,8; 3,2",,теор.т
Трубы,ТРУБЫ ВОДОГАЗОПРОВ. ЧЕРНЫЕ ГОСТ 3262-75,ДУ 32 черн некондиция,"Труба ВГП черная Ду 32x2,5 мм (некондиция)","Труба ВГП черная Ду 32x2,5 мм (некондиция), ГОСТ 3262-75",2,28590,т,1,0,0,https://www.kavstal.ru/public/assets/images/products/TRUBY/TRUBY_VODOGAZOPROV_CHERNYE_GOST_3262_75/img.webp,балашиха;трубы водогазопров. черные гост 3262-75;ду 32 черн некондиция;2;5;8;3;труба;вгп;черная;ду;32x2;мм;некондиция,ДУ 32 черн некондиция,"2,5 ; 2,8; 3,2",,т
Трубы,ТРУБЫ ВОДОГАЗОПРОВ. ЧЕРНЫЕ ГОСТ 3262-75,ДУ 40 черн,"Труба ВГП черная Ду 40x2,5 мм","Труба ВГП черная Ду 40x2,5 мм, ГОСТ 3262-75",2,52590,теор.т,1,0,0,https://www.kavstal.ru/public/assets/images/products/TRUBY/TRUBY_VODOGAZOPROV_CHERNYE_GOST_3262_75/img.webp,балашиха;трубы водогазопров. черные гост 3262-75;ду 40 черн;2;5;труба;вгп;черная;ду;40x2;мм,ДУ 40 черн,"2,5",,теор.т
Трубы,ТРУБЫ ВОДОГАЗОПРОВ. ЧЕРНЫЕ ГОСТ 3262-75,ДУ 40 черн,Труба ВГП черная Ду 40x3 мм,"Труба ВГП черная Ду 40x3 мм, ГОСТ 3262-75",3,51590,теор.т,1,0,0,https://www.kavstal.ru/public/assets/images/products/TRUBY/TRUBY_VODOGAZOPROV_CHERNYE_GOST_3262_75/img.webp,балашиха;трубы водогазопров. черные гост 3262-75;ду 40 черн;3;5;труба;вгп;черная;ду;40x3;мм,ДУ 40 черн,"3 ; 3,5",,теор.т
Трубы,ТРУБЫ ВОДОГАЗОПРОВ. ЧЕРНЫЕ ГОСТ 3262-75,ДУ 40 черн,Труба ВГП черная Ду 40x4 мм,"Труба ВГП черная Ду 40x4 мм, ГОСТ 3262-75",4,53590,теор.т,1,0,0,https://www.kavstal.ru/public/assets/images/products/TRUBY/TRUBY_VODOGAZOPROV_CHERNYE_GOST_3262_75/img.webp,балашиха;трубы водогазопров. черные гост 3262-75;ду 40 черн;4;труба;вгп;черная;ду;40x4;мм,ДУ 40 черн,4,,теор.т
Трубы,ТРУБЫ ВОДОГАЗОПРОВ. ЧЕРНЫЕ ГОСТ 3262-75,ДУ 40 черн некондиция,"Труба ВГП черная Ду 40x2,5 мм (некондиция)","Труба ВГП черная Ду 40x2,5 мм (некондиция), ГОСТ 3262-75",2,28590,т,1,0,0,https://www.kavstal.ru/public/assets/images/products/TRUBY/TRUBY_VODOGAZOPROV_CHERNYE_GOST_3262_75/img.webp,балашиха;трубы водогазопров. черные гост 3262-75;ду 40 черн некондиция;2;5;труба;вгп;черная;ду;40x2;мм;некондиция,ДУ 40 черн некондиция,"2,5",,т
Трубы,ТРУБЫ ВОДОГАЗОПРОВ. ЧЕРНЫЕ ГОСТ 3262-75,ДУ 50 черн,"Труба ВГП черная Ду 50x2,5 мм","Труба ВГП черная Ду 50x2,5 мм, ГОСТ 3262-75",2,52590,теор.т,1,0,0,https://www.kavstal.ru/public/assets/images/products/TRUBY/TRUBY_VODOGAZOPROV_CHERNYE_GOST_3262_75/img.webp,балашиха;трубы водогазопров. черные гост 3262-75;ду 50 черн;2;5;труба;вгп;черная;ду;50x2;мм,ДУ 50 черн,"2,5",,теор.т
Трубы,ТРУБЫ ВОДОГАЗОПРОВ. ЧЕРНЫЕ ГОСТ 3262-75,ДУ 50 черн,Труба ВГП черная Ду 50x3 мм,"Труба ВГП черная Ду 50x3 мм, ГОСТ 3262-75",3,51590,теор.т,1,0,0,https://www.kavstal.ru/public/assets/images/products/TRUBY/TRUBY_VODOGAZOPROV_CHERNYE_GOST_3262_75/img.webp,балашиха;трубы водогазопров. черные гост 3262-75;ду 50 черн;3;5;труба;вгп;черная;ду;50x3;мм,ДУ 50 черн,"3 ; 3,5",,теор.т
Трубы,ТРУБЫ ВОДОГАЗОПРОВ. ЧЕРНЫЕ ГОСТ 3262-75,ДУ 50 черн некондиция,"Труба ВГП черная Ду 50x4,5 мм (некондиция)","Труба ВГП черная Ду 50x4,5 мм (некондиция), ГОСТ 3262-75",4,28590,т,1,0,0,https://www.kavstal.ru/public/assets/images/products/TRUBY/TRUBY_VODOGAZOPROV_CHERNYE_GOST_3262_75/img.webp,балашиха;трубы водогазопров. черные гост 3262-75;ду 50 черн некондиция;4;5;труба;вгп;черная;ду;50x4;мм;некондиция,ДУ 50 черн некондиция,"4,5",,т
Трубы,ТРУБЫ ВОДОГАЗОПРОВ. ЧЕРНЫЕ ГОСТ 3262-75,ДУ 50 черн Тагмет (печная сварка),Труба ВГП черная Ду 50x3 мм (Тагмет (печная сварка)),"Труба ВГП черная Ду 50x3 мм (Тагмет (печная сварка)), ГОСТ 3262-75",3,51590,теор.т,1,0,0,https://www.kavstal.ru/public/assets/images/products/TRUBY/TRUBY_VODOGAZOPROV_CHERNYE_GOST_3262_75/img.webp,балашиха;трубы водогазопров. черные гост 3262-75;ду 50 черн тагмет (печная сварка);3;труба;вгп;черная;ду;50x3;мм;тагмет;печная;сварка,ДУ 50 черн Тагмет (печная сварка),3,,теор.т
Трубы,ТРУБЫ ВОДОГАЗОПРОВ. ЧЕРНЫЕ ГОСТ 3262-75,ДУ 65 черн,Труба ВГП черная Ду 65x4 мм,"Труба ВГП черная Ду 65x4 мм, ГОСТ 3262-75",4,51590,теор.т,1,0,0,https://www.kavstal.ru/public/assets/images/products/TRUBY/TRUBY_VODOGAZOPROV_CHERNYE_GOST_3262_75/img.webp,балашиха;трубы водогазопров. черные гост 3262-75;ду 65 черн;4;труба;вгп;черная;ду;65x4;мм,ДУ 65 черн,4,,теор.т
Трубы,ТРУБЫ ВОДОГАЗОПРОВ. ЧЕРНЫЕ ГОСТ 3262-75,ДУ 65 черн,"Труба ВГП черная Ду 65x4,5 мм","Труба ВГП черная Ду 65x4,5 мм, ГОСТ 3262-75",4,53590,теор.т,1,0,0,https://www.kavstal.ru/public/assets/images/products/TRUBY/TRUBY_VODOGAZOPROV_CHERNYE_GOST_3262_75/img.webp,балашиха;трубы водогазопров. черные гост 3262-75;ду 65 черн;4;5;труба;вгп;черная;ду;65x4;мм,ДУ 65 черн,"4,5",,теор.т
Трубы,ТРУБЫ ВОДОГАЗОПРОВ. ЧЕРНЫЕ ГОСТ 3262-75,ДУ 65 черн некондиция,"Труба ВГП черная Ду 65x2,5 мм (некондиция)","Труба ВГП черная Ду 65x2,5 мм (некондиция), ГОСТ 3262-75",2,28590,т,1,0,0,https://www.kavstal.ru/public/assets/images/products/TRUBY/TRUBY_VODOGAZOPROV_CHERNYE_GOST_3262_75/img.webp,балашиха;трубы водогазопров. черные гост 3262-75;ду 65 черн некондиция;2;5;3;4;труба;вгп;черная;ду;65x2;мм;некондиция,ДУ 65 черн некондиция,"2,5 ; 3; 3,5; 4; 4,5; 5",,т
Трубы,ТРУБЫ ВОДОГАЗОПРОВ. ЧЕРНЫЕ ГОСТ 3262-75,ДУ 80 черн,"Труба ВГП черная Ду 80x3,5 мм","Труба ВГП черная Ду 80x3,5 мм, ГОСТ 3262-75",3,51590,теор.т,1,0,0,https://www.kavstal.ru/public/assets/images/products/TRUBY/TRUBY_VODOGAZOPROV_CHERNYE_GOST_3262_75/img.webp,балашиха;трубы водогазопров. черные гост 3262-75;ду 80 черн;3;5;4;труба;вгп;черная;ду;80x3;мм,ДУ 80 черн,"3,5 ; 4",,теор.т
Трубы,ТРУБЫ ВОДОГАЗОПРОВ. ЧЕРНЫЕ ГОСТ 3262-75,ДУ 80 черн неконд,"Труба ВГП черная Ду 80x3,5 мм (неконд)","Труба ВГП черная Ду 80x3,5 мм (неконд), ГОСТ 3262-75",3,28490,т,1,0,0,https://www.kavstal.ru/public/assets/images/products/TRUBY/TRUBY_VODOGAZOPROV_CHERNYE_GOST_3262_75/img.webp,балашиха;трубы водогазопров. черные гост 3262-75;ду 80 черн неконд;3;5;труба;вгп;черная;ду;80x3;мм;неконд,ДУ 80 черн неконд,"3,5",,т
Трубы,ТРУБЫ ВОДОГАЗОПРОВ. ЧЕРНЫЕ ГОСТ 3262-75,ДУ 80 черн неконд,Труба ВГП черная Ду 80x4 мм (неконд),"Труба ВГП черная Ду 80x4 мм (неконд), ГОСТ 3262-75",4,28590,т,1,0,0,https://www.kavstal.ru/public/assets/images/products/TRUBY/TRUBY_VODOGAZOPROV_CHERNYE_GOST_3262_75/img.webp,балашиха;трубы водогазопров. черные гост 3262-75;ду 80 черн неконд;4;труба;вгп;черная;ду;80x4;мм;неконд,ДУ 80 черн неконд,4,,т
Трубы,ТРУБЫ ВОДОГАЗОПРОВ. ЧЕРНЫЕ ГОСТ 3262-75,ДУ 100 черн,Труба ВГП черная Ду 100x4 мм,"Труба ВГП черная Ду 100x4 мм, ГОСТ 3262-75",4,51590,теор.т,1,0,0,https://www.kavstal.ru/public/assets/images/products/TRUBY/TRUBY_VODOGAZOPROV_CHERNYE_GOST_3262_75/img.webp,балашиха;трубы водогазопров. черные гост 3262-75;ду 100 черн;4;5;труба;вгп;черная;ду;100x4;мм,ДУ 100 черн,"4 ; 4,5",,теор.т
Трубы,ТРУБЫ ВОДОГАЗОПРОВ. ЧЕРНЫЕ ГОСТ 3262-75,ДУ 100 черн некондиция,Труба ВГП черная Ду 100x5 мм (некондиция),"Труба ВГП черная Ду 100x5 мм (некондиция), ГОСТ 3262-75",5,28590,т,1,0,0,https://www.kavstal.ru/public/assets/images/products/TRUBY/TRUBY_VODOGAZOPROV_CHERNYE_GOST_3262_75/img.webp,балашиха;трубы водогазопров. черные гост 3262-75;ду 100 черн некондиция;5;труба;вгп;черная;ду;100x5;мм;некондиция,ДУ 100 черн некондиция,5,,т
Трубы,ТРУБЫ ЭЛЕКТРОСВАРНЫЕ,16 некондиция,"Труба электросварная 16x0,8 мм некондиция","Труба электросварная 16x0,8 мм некондиция",0,28590,т,1,0,0,https://www.kavstal.ru/public/assets/images/products/TRUBY/TRUBY_ELEKTROSVARNYE/img.webp,балашиха;трубы электросварные;16 некондиция;8;1;5;труба;электросварная;16x0;мм;некондиция,16 некондиция,"0,8 ; 1,5",,т
Трубы,ТРУБЫ ЭЛЕКТРОСВАРНЫЕ,16 х/к некондиция,Труба электросварная 16x1 мм х/к некондиция,Труба электросварная 16x1 мм х/к некондиция,1,28590,т,1,0,0,https://www.kavstal.ru/public/assets/images/products/TRUBY/TRUBY_ELEKTROSVARNYE/img.webp,балашиха;трубы электросварные;16 х/к некондиция;1;2;труба;электросварная;16x1;мм;х/к;некондиция,16 х/к некондиция,"1 ; 1,2",,т
Трубы,ТРУБЫ ЭЛЕКТРОСВАРНЫЕ,18,"Труба электросварная 18x0,8 мм","Труба электросварная 18x0,8 мм",0,66590,теор.т,1,0,0,https://www.kavstal.ru/public/assets/images/products/TRUBY/TRUBY_ELEKTROSVARNYE/img.webp,балашиха;трубы электросварные;18;8;труба;электросварная;18x0;мм,18,"0,8",,теор.т
Трубы,ТРУБЫ ЭЛЕКТРОСВАРНЫЕ,18,"Труба электросварная 18x1,5 мм","Труба электросварная 18x1,5 мм",1,62590,теор.т,1,0,0,https://www.kavstal.ru/public/assets/images/products/TRUBY/TRUBY_ELEKTROSVARNYE/img.webp,балашиха;трубы электросварные;18;1;5;труба;электросварная;18x1;мм,18,"1,5",,теор.т
Трубы,ТРУБЫ ЭЛЕКТРОСВАРНЫЕ,18 некондиция,"Труба электросварная 18x0,7 мм некондиция","Труба электросварная 18x0,7 мм некондиция",0,28590,т,1,0,0,https://www.kavstal.ru/public/assets/images/products/TRUBY/TRUBY_ELEKTROSVARNYE/img.webp,балашиха;трубы электросварные;18 некондиция;7;8;1;5;2;труба;электросварная;18x0;мм;некондиция,18 некондиция,"0,7 ; 0,8; 1,5; 2",,т
Трубы,ТРУБЫ ЭЛЕКТРОСВАРНЫЕ,20 некондиция,"Труба электросварная 20x0,8 мм некондиция","Труба электросварная 20x0,8 мм некондиция",0,28590,т,1,0,0,https://www.kavstal.ru/public/assets/images/products/TRUBY/TRUBY_ELEKTROSVARNYE/img.webp,балашиха;трубы электросварные;20 некондиция;8;1;5;2;труба;электросварная;20x0;мм;некондиция,20 некондиция,"0,8 ; 1,5; 2; 2,5",,т
Трубы,ТРУБЫ ЭЛЕКТРОСВАРНЫЕ,20 х/к некондиция,Труба электросварная 20x1 мм х/к некондиция,Труба электросварная 20x1 мм х/к некондиция,1,28590,т,1,0,0,https://www.kavstal.ru/public/assets/images/products/TRUBY/TRUBY_ELEKTROSVARNYE/img.webp,балашиха;трубы электросварные;20 х/к некондиция;1;2;труба;электросварная;20x1;мм;х/к;некондиция,20 х/к некондиция,"1 ; 1,2",,т
Трубы,ТРУБЫ ЭЛЕКТРОСВАРНЫЕ,22,"Труба электросварная 22x1,5 мм","Труба электросварная 22x1,5 мм",1,62590,теор.т,1,0,0,https://www.kavstal.ru/public/assets/images/products/TRUBY/TRUBY_ELEKTROSVARNYE/img.webp,балашиха;трубы электросварные;22;1;5;труба;электросварная;22x1;мм,22,"1,5",,теор.т
Трубы,ТРУБЫ ЭЛЕКТРОСВАРНЫЕ,22,Труба электросварная 22x2 мм,Труба электросварная 22x2 мм,2,56590,теор.т,1,0,0,https://www.kavstal.ru/public/assets/images/products/TRUBY/TRUBY_ELEKTROSVARNYE/img.webp,балашиха;трубы электросварные;22;2;труба;электросварная;22x2;мм,22,2,,теор.т
Трубы,ТРУБЫ ЭЛЕКТРОСВАРНЫЕ,22,Труба электросварная 22x3 мм,Труба электросварная 22x3 мм,3,58590,теор.т,1,0,0,https://www.kavstal.ru/public/assets/images/products/TRUBY/TRUBY_ELEKTROSVARNYE/img.webp,балашиха;трубы электросварные;22;3;труба;электросварная;22x3;мм,22,3,,теор.т
Трубы,ТРУБЫ ЭЛЕКТРОСВАРНЫЕ,22 некондиция,"Труба электросварная 22x1,5 мм некондиция","Труба электросварная 22x1,5 мм некондиция",1,28590,т,1,0,0,https://www.kavstal.ru/public/assets/images/products/TRUBY/TRUBY_ELEKTROSVARNYE/img.webp,балашиха;трубы электросварные;22 некондиция;1;5;2;3;труба;электросварная;22x1;мм;некондиция,22 некондиция,"1,5 ; 2,5; 3",,т
Трубы,ТРУБЫ ЭЛЕКТРОСВАРНЫЕ,22 х/к,Труба электросварная 22x1 мм х/к,Труба электросварная 22x1 мм х/к,1,66590,теор.т,1,0,0,https://www.kavstal.ru/public/assets/images/products/TRUBY/TRUBY_ELEKTROSVARNYE/img.webp,балашиха;трубы электросварные;22 х/к;1;труба;электросварная;22x1;мм;х/к,22 х/к,1,,теор.т
Трубы,ТРУБЫ ЭЛЕКТРОСВАРНЫЕ,22 х/к некондиция,Труба электросварная 22x1 мм х/к некондиция,Труба электросварная 22x1 мм х/к некондиция,1,28590,т,1,0,0,https://www.kavstal.ru/public/assets/images/products/TRUBY/TRUBY_ELEKTROSVARNYE/img.webp,балашиха;трубы электросварные;22 х/к некондиция;1;труба;электросварная;22x1;мм;х/к;некондиция,22 х/к некондиция,1,,т
Трубы,ТРУБЫ ЭЛЕКТРОСВАРНЫЕ,25,"Труба электросварная 25x1,5 мм","Труба электросварная 25x1,5 мм",1,62590,теор.т,1,0,0,https://www.kavstal.ru/public/assets/images/products/TRUBY/TRUBY_ELEKTROSVARNYE/img.webp,балашиха;трубы электросварные;25;1;5;труба;электросварная;25x1;мм,25,"1,5",,теор.т
Трубы,ТРУБЫ ЭЛЕКТРОСВАРНЫЕ,25,Труба электросварная 25x2 мм,Труба электросварная 25x2 мм,2,64590,теор.т,1,0,0,https://www.kavstal.ru/public/assets/images/products/TRUBY/TRUBY_ELEKTROSVARNYE/img.webp,балашиха;трубы электросварные;25;2;труба;электросварная;25x2;мм,25,2,,теор.т
Трубы,ТРУБЫ ЭЛЕКТРОСВАРНЫЕ,25,Труба электросварная 25x3 мм,Труба электросварная 25x3 мм,3,60590,теор.т,1,0,0,https://www.kavstal.ru/public/assets/images/products/TRUBY/TRUBY_ELEKTROSVARNYE/img.webp,балашиха;трубы электросварные;25;3;труба;электросварная;25x3;мм,25,3,,теор.т
Трубы,ТРУБЫ ЭЛЕКТРОСВАРНЫЕ,25 некондиция,"Труба электросварная 25x0,8 мм некондиция","Труба электросварная 25x0,8 мм некондиция",0,28590,т,1,0,0,https://www.kavstal.ru/public/assets/images/products/TRUBY/TRUBY_ELEKTROSVARNYE/img.webp,балашиха;трубы электросварные;25 некондиция;8;1;5;2;3;труба;электросварная;25x0;мм;некондиция,25 некондиция,"0,8 ; 1,5; 2; 2,5; 3",,т
Трубы,ТРУБЫ ЭЛЕКТРОСВАРНЫЕ,25 х/к,"Труба электросварная 25x1,2 мм х/к","Труба электросварная 25x1,2 мм х/к",1,66590,теор.т,1,0,0,https://www.kavstal.ru/public/assets/images/products/TRUBY/TRUBY_ELEKTROSVARNYE/img.webp,балашиха;трубы электросварные;25 х/к;1;2;труба;электросварная;25x1;мм;х/к,25 х/к,"1,2",,теор.т
Трубы,ТРУБЫ ЭЛЕКТРОСВАРНЫЕ,25 х/к некондиция,Труба электросварная 25x1 мм х/к некондиция,Труба электросварная 25x1 мм х/к некондиция,1,28590,т,1,0,0,https://www.kavstal.ru/public/assets/images/products/TRUBY/TRUBY_ELEKTROSVARNYE/img.webp,балашиха;трубы электросварные;25 х/к некондиция;1;2;труба;электросварная;25x1;мм;х/к;некондиция,25 х/к некондиция,"1 ; 1,2",,т
Трубы,ТРУБЫ ЭЛЕКТРОСВАРНЫЕ,28,"Труба электросварная 28x1,5 мм","Труба электросварная 28x1,5 мм",1,62590,теор.т,1,0,0,https://www.kavstal.ru/public/assets/images/products/TRUBY/TRUBY_ELEKTROSVARNYE/img.webp,балашиха;трубы электросварные;28;1;5;труба;электросварная;28x1;мм,28,"1,5",,теор.т
Трубы,ТРУБЫ ЭЛЕКТРОСВАРНЫЕ,28,Труба электросварная 28x2 мм,Труба электросварная 28x2 мм,2,58590,теор.т,1,0,0,https://www.kavstal.ru/public/assets/images/products/TRUBY/TRUBY_ELEKTROSVARNYE/img.webp,балашиха;трубы электросварные;28;2;труба;электросварная;28x2;мм,28,2,,теор.т
Трубы,ТРУБЫ ЭЛЕКТРОСВАРНЫЕ,28 некондиция,Труба электросварная 28x3 мм некондиция,Труба электросварная 28x3 мм некондиция,3,28590,т,1,0,0,https://www.kavstal.ru/public/assets/images/products/TRUBY/TRUBY_ELEKTROSVARNYE/img.webp,балашиха;трубы электросварные;28 некондиция;3;труба;электросварная;28x3;мм;некондиция,28 некондиция,3,,т
Трубы,ТРУБЫ ЭЛЕКТРОСВАРНЫЕ,30,Труба электросварная 30x2 мм,Труба электросварная 30x2 мм,2,56590,теор.т,1,0,0,https://www.kavstal.ru/public/assets/images/products/TRUBY/TRUBY_ELEKTROSVARNYE/img.webp,балашиха;трубы электросварные;30;2;труба;электросварная;30x2;мм,30,2,,теор.т
Трубы,ТРУБЫ ЭЛЕКТРОСВАРНЫЕ,30 некондиция,Труба электросварная 30x2 мм некондиция,Труба электросварная 30x2 мм некондиция,2,28590,т,1,0,0,https://www.kavstal.ru/public/assets/images/products/TRUBY/TRUBY_ELEKTROSVARNYE/img.webp,балашиха;трубы электросварные;30 некондиция;2;3;труба;электросварная;30x2;мм;некондиция,30 некондиция,2 ; 3,,т
Трубы,ТРУБЫ ЭЛЕКТРОСВАРНЫЕ,32,"Труба электросварная 32x1,5 мм","Труба электросварная 32x1,5 мм",1,66590,теор.т,1,0,0,https://www.kavstal.ru/public/assets/images/products/TRUBY/TRUBY_ELEKTROSVARNYE/img.webp,балашиха;трубы электросварные;32;1;5;труба;электросварная;32x1;мм,32,"1,5",,теор.т
Трубы,ТРУБЫ ЭЛЕКТРОСВАРНЫЕ,32,Труба электросварная 32x2 мм,Труба электросварная 32x2 мм,2,64590,теор.т,1,0,0,https://www.kavstal.ru/public/assets/images/products/TRUBY/TRUBY_ELEKTROSVARNYE/img.webp,балашиха;трубы электросварные;32;2;труба;электросварная;32x2;мм,32,2,,теор.т
Трубы,ТРУБЫ ЭЛЕКТРОСВАРНЫЕ,32,Труба электросварная 32x3 мм,Труба электросварная 32x3 мм,3,58590,теор.т,1,0,0,https://www.kavstal.ru/public/assets/images/products/TRUBY/TRUBY_ELEKTROSVARNYE/img.webp,балашиха;трубы электросварные;32;3;труба;электросварная;32x3;мм,32,3,,теор.т
Трубы,ТРУБЫ ЭЛЕКТРОСВАРНЫЕ,32 некондиция,"Труба электросварная 32x1,5 мм некондиция","Труба электросварная 32x1,5 мм некондиция",1,28590,т,1,0,0,https://www.kavstal.ru/public/assets/images/products/TRUBY/TRUBY_ELEKTROSVARNYE/img.webp,балашиха;трубы электросварные;32 некондиция;1;5;2;3;труба;электросварная;32x1;мм;некондиция,32 некондиция,"1,5 ; 2; 2,5; 3",,т
Трубы,ТРУБЫ ЭЛЕКТРОСВАРНЫЕ,32 х/к,"Труба электросварная 32x1,2 мм х/к","Труба электросварная 32x1,2 мм х/к",1,66590,теор.т,1,0,0,https://www.kavstal.ru/public/assets/images/products/TRUBY/TRUBY_ELEKTROSVARNYE/img.webp,балашиха;трубы электросварные;32 х/к;1;2;труба;электросварная;32x1;мм;х/к,32 х/к,"1,2",,теор.т
Трубы,ТРУБЫ ЭЛЕКТРОСВАРНЫЕ,32 х/к некондиция,Труба электросварная 32x1 мм х/к некондиция,Труба электросварная 32x1 мм х/к некондиция,1,28590,т,1,0,0,https://www.kavstal.ru/public/assets/images/products/TRUBY/TRUBY_ELEKTROSVARNYE/img.webp,балашиха;трубы электросварные;32 х/к некондиция;1;2;труба;электросварная;32x1;мм;х/к;некондиция,32 х/к некондиция,"1 ; 1,2",,т
Трубы,ТРУБЫ ЭЛЕКТРОСВАРНЫЕ,35,"Труба электросварная 35x1,5 мм","Труба электросварная 35x1,5 мм",1,62590,теор.т,1,0,0,https://www.kavstal.ru/public/assets/images/products/TRUBY/TRUBY_ELEKTROSVARNYE/img.webp,балашиха;трубы электросварные;35;1;5;труба;электросварная;35x1;мм,35,"1,5",,теор.т
Трубы,ТРУБЫ ЭЛЕКТРОСВАРНЫЕ,35,Труба электросварная 35x2 мм,Труба электросварная 35x2 мм,2,64590,теор.т,1,0,0,https://www.kavstal.ru/public/assets/images/products/TRUBY/TRUBY_ELEKTROSVARNYE/img.webp,балашиха;трубы электросварные;35;2;труба;электросварная;35x2;мм,35,2,,теор.т
Трубы,ТРУБЫ ЭЛЕКТРОСВАРНЫЕ,35 некондиция,Труба электросварная 35x3 мм некондиция,Труба электросварная 35x3 мм некондиция,3,28590,т,1,0,0,https://www.kavstal.ru/public/assets/images/products/TRUBY/TRUBY_ELEKTROSVARNYE/img.webp,балашиха;трубы электросварные;35 некондиция;3;труба;электросварная;35x3;мм;некондиция,35 некондиция,3,,т
Трубы,ТРУБЫ ЭЛЕКТРОСВАРНЫЕ,38,"Труба электросварная 38x1,2 мм","Труба электросварная 38x1,2 мм",1,66590,теор.т,1,0,0,https://www.kavstal.ru/public/assets/images/products/TRUBY/TRUBY_ELEKTROSVARNYE/img.webp,балашиха;трубы электросварные;38;1;2;труба;электросварная;38x1;мм,38,"1,2",,теор.т
Трубы,ТРУБЫ ЭЛЕКТРОСВАРНЫЕ,38,Труба электросварная 38x3 мм,Труба электросварная 38x3 мм,3,54590,теор.т,1,0,0,https://www.kavstal.ru/public/assets/images/products/TRUBY/TRUBY_ELEKTROSVARNYE/img.webp,балашиха;трубы электросварные;38;3;труба;электросварная;38x3;мм,38,3,,теор.т
Трубы,ТРУБЫ ЭЛЕКТРОСВАРНЫЕ,38,Труба электросварная 38x4 мм,Труба электросварная 38x4 мм,4,56590,теор.т,1,0,0,https://www.kavstal.ru/public/assets/images/products/TRUBY/TRUBY_ELEKTROSVARNYE/img.webp,балашиха;трубы электросварные;38;4;труба;электросварная;38x4;мм,38,4,,теор.т
Трубы,ТРУБЫ ЭЛЕКТРОСВАРНЫЕ,38 некондиция,"Труба электросварная 38x1,5 мм некондиция","Труба электросварная 38x1,5 мм некондиция",1,28590,т,1,0,0,https://www.kavstal.ru/public/assets/images/products/TRUBY/TRUBY_ELEKTROSVARNYE/img.webp,балашиха;трубы электросварные;38 некондиция;1;5;2;труба;электросварная;38x1;мм;некондиция,38 некондиция,"1,5 ; 2; 2,5",,т
Трубы,ТРУБЫ ЭЛЕКТРОСВАРНЫЕ,38 некондиция,Труба электросварная 38x3 мм некондиция,Труба электросварная 38x3 мм некондиция,3,38590,т,1,0,0,https://www.kavstal.ru/public/assets/images/products/TRUBY/TRUBY_ELEKTROSVARNYE/img.webp,балашиха;трубы электросварные;38 некондиция;3;труба;электросварная;38x3;мм;некондиция,38 некондиция,3,,т
Трубы,ТРУБЫ ЭЛЕКТРОСВАРНЫЕ,38 некондиция,"Труба электросварная 38x3,5 мм некондиция","Труба электросварная 38x3,5 мм некондиция",3,28590,т,1,0,0,https://www.kavstal.ru/public/assets/images/products/TRUBY/TRUBY_ELEKTROSVARNYE/img.webp,балашиха;трубы электросварные;38 некондиция;3;5;4;труба;электросварная;38x3;мм;некондиция,38 некондиция,"3,5 ; 4",,т
Трубы,ТРУБЫ ЭЛЕКТРОСВАРНЫЕ,40,"Труба электросварная 40x1,5 мм","Труба электросварная 40x1,5 мм",1,58590,теор.т,1,0,0,https://www.kavstal.ru/public/assets/images/products/TRUBY/TRUBY_ELEKTROSVARNYE/img.webp,балашиха;трубы электросварные;40;1;5;труба;электросварная;40x1;мм,40,"1,5",,теор.т
Трубы,ТРУБЫ ЭЛЕКТРОСВАРНЫЕ,40,"Труба электросварная 40x1,5 мм","Труба электросварная 40x1,5 мм",1,62590,теор.т,1,0,0,https://www.kavstal.ru/public/assets/images/products/TRUBY/TRUBY_ELEKTROSVARNYE/img.webp,балашиха;трубы электросварные;40;1;5;труба;электросварная;40x1;мм,40,"1,5",,теор.т
Трубы,ТРУБЫ ЭЛЕКТРОСВАРНЫЕ,40,Труба электросварная 40x2 мм,Труба электросварная 40x2 мм,2,58590,теор.т,1,0,0,https://www.kavstal.ru/public/assets/images/products/TRUBY/TRUBY_ELEKTROSVARNYE/img.webp,балашиха;трубы электросварные;40;2;труба;электросварная;40x2;мм,40,2,,теор.т
Трубы,ТРУБЫ ЭЛЕКТРОСВАРНЫЕ,40,Труба электросварная 40x3 мм,Труба электросварная 40x3 мм,3,54590,теор.т,1,0,0,https://www.kavstal.ru/public/assets/images/products/TRUBY/TRUBY_ELEKTROSVARNYE/img.webp,балашиха;трубы электросварные;40;3;труба;электросварная;40x3;мм,40,3,,теор.т
Трубы,ТРУБЫ ЭЛЕКТРОСВАРНЫЕ,40 некондиция,"Труба электросварная 40x1,5 мм некондиция","Труба электросварная 40x1,5 мм некондиция",1,28590,т,1,0,0,https://www.kavstal.ru/public/assets/images/products/TRUBY/TRUBY_ELEKTROSVARNYE/img.webp,балашиха;трубы электросварные;40 некондиция;1;5;2;труба;электросварная;40x1;мм;некондиция,40 некондиция,"1,5 ; 2; 2,5",,т
Трубы,ТРУБЫ ЭЛЕКТРОСВАРНЫЕ,40 некондиция,Труба электросварная 40x3 мм некондиция,Труба электросварная 40x3 мм некондиция,3,38590,т,1,0,0,https://www.kavstal.ru/public/assets/images/products/TRUBY/TRUBY_ELEKTROSVARNYE/img.webp,балашиха;трубы электросварные;40 некондиция;3;труба;электросварная;40x3;мм;некондиция,40 некондиция,3,,т
Трубы,ТРУБЫ ЭЛЕКТРОСВАРНЫЕ,40 некондиция,"Труба электросварная 40x3,5 мм некондиция","Труба электросварная 40x3,5 мм некондиция",3,28590,т,1,0,0,https://www.kavstal.ru/public/assets/images/products/TRUBY/TRUBY_ELEKTROSVARNYE/img.webp,балашиха;трубы электросварные;40 некондиция;3;5;4;труба;электросварная;40x3;мм;некондиция,40 некондиция,"3,5 ; 4",,т
Трубы,ТРУБЫ ЭЛЕКТРОСВАРНЫЕ,40 х/к,"Труба электросварная 40x1,2 мм х/к","Труба электросварная 40x1,2 мм х/к",1,62590,теор.т,1,0,0,https://www.kavstal.ru/public/assets/images/products/TRUBY/TRUBY_ELEKTROSVARNYE/img.webp,балашиха;трубы электросварные;40 х/к;1;2;труба;электросварная;40x1;мм;х/к,40 х/к,"1,2",,теор.т
Трубы,ТРУБЫ ЭЛЕКТРОСВАРНЫЕ,40 х/к некондиция,Труба электросварная 40x1 мм х/к некондиция,Труба электросварная 40x1 мм х/к некондиция,1,28590,т,1,0,0,https://www.kavstal.ru/public/assets/images/products/TRUBY/TRUBY_ELEKTROSVARNYE/img.webp,балашиха;трубы электросварные;40 х/к некондиция;1;2;труба;электросварная;40x1;мм;х/к;некондиция,40 х/к некондиция,"1 ; 1,2",,т
Трубы,ТРУБЫ ЭЛЕКТРОСВАРНЫЕ,42,"Труба электросварная 42x1,2 мм","Труба электросварная 42x1,2 мм",1,66590,теор.т,1,0,0,https://www.kavstal.ru/public/assets/images/products/TRUBY/TRUBY_ELEKTROSVARNYE/img.webp,балашиха;трубы электросварные;42;1;2;5;труба;электросварная;42x1;мм,42,"1,2 ; 1,5",,теор.т
Трубы,ТРУБЫ ЭЛЕКТРОСВАРНЫЕ,42,Труба электросварная 42x2 мм,Труба электросварная 42x2 мм,2,56590,теор.т,1,0,0,https://www.kavstal.ru/public/assets/images/products/TRUBY/TRUBY_ELEKTROSVARNYE/img.webp,балашиха;трубы электросварные;42;2;труба;электросварная;42x2;мм,42,2,,теор.т
Трубы,ТРУБЫ ЭЛЕКТРОСВАРНЫЕ,42,"Труба электросварная 42x2,5 мм","Труба электросварная 42x2,5 мм",2,53590,теор.т,1,0,0,https://www.kavstal.ru/public/assets/images/products/TRUBY/TRUBY_ELEKTROSVARNYE/img.webp,балашиха;трубы электросварные;42;2;5;труба;электросварная;42x2;мм,42,"2,5",,теор.т
Трубы,ТРУБЫ ЭЛЕКТРОСВАРНЫЕ,42,Труба электросварная 42x3 мм,Труба электросварная 42x3 мм,3,54590,теор.т,1,0,0,https://www.kavstal.ru/public/assets/images/products/TRUBY/TRUBY_ELEKTROSVARNYE/img.webp,балашиха;трубы электросварные;42;3;труба;электросварная;42x3;мм,42,3,,теор.т
Трубы,ТРУБЫ ЭЛЕКТРОСВАРНЫЕ,42 некондиция,"Труба электросварная 42x1,5 мм некондиция","Труба электросварная 42x1,5 мм некондиция",1,28590,т,1,0,0,https://www.kavstal.ru/public/assets/images/products/TRUBY/TRUBY_ELEKTROSVARNYE/img.webp,балашиха;трубы электросварные;42 некондиция;1;5;труба;электросварная;42x1;мм;некондиция,42 некондиция,"1,5",,т
Трубы,ТРУБЫ ЭЛЕКТРОСВАРНЫЕ,42 некондиция,Труба электросварная 42x2 мм некондиция,Труба электросварная 42x2 мм некондиция,2,48590,т,1,0,0,https://www.kavstal.ru/public/assets/images/products/TRUBY/TRUBY_ELEKTROSVARNYE/img.webp,балашиха;трубы электросварные;42 некондиция;2;труба;электросварная;42x2;мм;некондиция,42 некондиция,2,,т
Трубы,ТРУБЫ ЭЛЕКТРОСВАРНЫЕ,42 некондиция,Труба электросварная 42x3 мм некондиция,Труба электросварная 42x3 мм некондиция,3,28590,т,1,0,0,https://www.kavstal.ru/public/assets/images/products/TRUBY/TRUBY_ELEKTROSVARNYE/img.webp,балашиха;трубы электросварные;42 некондиция;3;4;труба;электросварная;42x3;мм;некондиция,42 некондиция,3 ; 4,,т
Трубы,ТРУБЫ ЭЛЕКТРОСВАРНЫЕ,45,Труба электросварная 45x1 мм,Труба электросварная 45x1 мм,1,66590,теор.т,1,0,0,https://www.kavstal.ru/public/assets/images/products/TRUBY/TRUBY_ELEKTROSVARNYE/img.webp,балашиха;трубы электросварные;45;1;труба;электросварная;45x1;мм,45,1,,теор.т
Трубы,ТРУБЫ ЭЛЕКТРОСВАРНЫЕ,45,"Труба электросварная 45x1,2 мм","Труба электросварная 45x1,2 мм",1,68590,теор.т,1,0,0,https://www.kavstal.ru/public/assets/images/products/TRUBY/TRUBY_ELEKTROSVARNYE/img.webp,балашиха;трубы электросварные;45;1;2;труба;электросварная;45x1;мм,45,"1,2",,теор.т
Трубы,ТРУБЫ ЭЛЕКТРОСВАРНЫЕ,45,"Труба электросварная 45x1,5 мм","Труба электросварная 45x1,5 мм",1,58590,теор.т,1,0,0,https://www.kavstal.ru/public/assets/images/products/TRUBY/TRUBY_ELEKTROSVARNYE/img.webp,балашиха;трубы электросварные;45;1;5;труба;электросварная;45x1;мм,45,"1,5",,теор.т
Трубы,ТРУБЫ ЭЛЕКТРОСВАРНЫЕ,48,"Труба электросварная 48x1,5 мм","Труба электросварная 48x1,5 мм",1,59590,теор.т,1,0,0,https://www.kavstal.ru/public/assets/images/products/TRUBY/TRUBY_ELEKTROSVARNYE/img.webp,балашиха;трубы электросварные;48;1;5;труба;электросварная;48x1;мм,48,"1,5",,теор.т
Трубы,ТРУБЫ ЭЛЕКТРОСВАРНЫЕ,48,"Труба электросварная 48x1,5 мм","Труба электросварная 48x1,5 мм",1,62590,теор.т,1,0,0,https://www.kavstal.ru/public/assets/images/products/TRUBY/TRUBY_ELEKTROSVARNYE/img.webp,балашиха;трубы электросварные;48;1;5;труба;электросварная;48x1;мм,48,"1,5",,теор.т
Трубы,ТРУБЫ ЭЛЕКТРОСВАРНЫЕ,48,Труба электросварная 48x2 мм,Труба электросварная 48x2 мм,2,55590,теор.т,1,0,0,https://www.kavstal.ru/public/assets/images/products/TRUBY/TRUBY_ELEKTROSVARNYE/img.webp,балашиха;трубы электросварные;48;2;5;труба;электросварная;48x2;мм,48,"2 ; 2,5",,теор.т
Трубы,ТРУБЫ ЭЛЕКТРОСВАРНЫЕ,48,Труба электросварная 48x3 мм,Труба электросварная 48x3 мм,3,49590,теор.т,1,0,0,https://www.kavstal.ru/public/assets/images/products/TRUBY/TRUBY_ELEKTROSVARNYE/img.webp,балашиха;трубы электросварные;48;3;труба;электросварная;48x3;мм,48,3,,теор.т
Трубы,ТРУБЫ ЭЛЕКТРОСВАРНЫЕ,48,Труба электросварная 48x3 мм,Труба электросварная 48x3 мм,3,52590,теор.т,1,0,0,https://www.kavstal.ru/public/assets/images/products/TRUBY/TRUBY_ELEKTROSVARNYE/img.webp,балашиха;трубы электросварные;48;3;5;труба;электросварная;48x3;мм,48,"3 ; 3,5",,теор.т
Трубы,ТРУБЫ ЭЛЕКТРОСВАРНЫЕ,48,Труба электросварная 48x4 мм,Труба электросварная 48x4 мм,4,56590,теор.т,1,0,0,https://www.kavstal.ru/public/assets/images/products/TRUBY/TRUBY_ELEKTROSVARNYE/img.webp,балашиха;трубы электросварные;48;4;труба;электросварная;48x4;мм,48,4,,теор.т
Трубы,ТРУБЫ ЭЛЕКТРОСВАРНЫЕ,48 некондиция,"Труба электросварная 48x1,2 мм некондиция","Труба электросварная 48x1,2 мм некондиция",1,28590,т,1,0,0,https://www.kavstal.ru/public/assets/images/products/TRUBY/TRUBY_ELEKTROSVARNYE/img.webp,балашиха;трубы электросварные;48 некондиция;1;2;5;труба;электросварная;48x1;мм;некондиция,48 некондиция,"1,2 ; 1,5; 2",,т
Трубы,ТРУБЫ ЭЛЕКТРОСВАРНЫЕ,51,"Труба электросварная 51x1,2 мм","Труба электросварная 51x1,2 мм",1,66590,теор.т,1,0,0,https://www.kavstal.ru/public/assets/images/products/TRUBY/TRUBY_ELEKTROSVARNYE/img.webp,балашиха;трубы электросварные;51;1;2;труба;электросварная;51x1;мм,51,"1,2",,теор.т
Трубы,ТРУБЫ ЭЛЕКТРОСВАРНЫЕ,51,"Труба электросварная 51x1,5 мм","Труба электросварная 51x1,5 мм",1,59590,теор.т,1,0,0,https://www.kavstal.ru/public/assets/images/products/TRUBY/TRUBY_ELEKTROSVARNYE/img.webp,балашиха;трубы электросварные;51;1;5;труба;электросварная;51x1;мм,51,"1,5",,теор.т
Трубы,ТРУБЫ ЭЛЕКТРОСВАРНЫЕ,51,"Труба электросварная 51x1,5 мм","Труба электросварная 51x1,5 мм",1,62590,теор.т,1,0,0,https://www.kavstal.ru/public/assets/images/products/TRUBY/TRUBY_ELEKTROSVARNYE/img.webp,балашиха;трубы электросварные;51;1;5;труба;электросварная;51x1;мм,51,"1,5",,теор.т
Трубы,ТРУБЫ ЭЛЕКТРОСВАРНЫЕ,51,Труба электросварная 51x2 мм,Труба электросварная 51x2 мм,2,58590,теор.т,1,0,0,https://www.kavstal.ru/public/assets/images/products/TRUBY/TRUBY_ELEKTROSVARNYE/img.webp,балашиха;трубы электросварные;51;2;труба;электросварная;51x2;мм,51,2,,теор.т
Трубы,ТРУБЫ ЭЛЕКТРОСВАРНЫЕ,51,"Труба электросварная 51x2,5 мм","Труба электросварная 51x2,5 мм",2,55590,теор.т,1,0,0,https://www.kavstal.ru/public/assets/images/products/TRUBY/TRUBY_ELEKTROSVARNYE/img.webp,балашиха;трубы электросварные;51;2;5;труба;электросварная;51x2;мм,51,"2,5",,теор.т
Трубы,ТРУБЫ ЭЛЕКТРОСВАРНЫЕ,51,Труба электросварная 51x3 мм,Труба электросварная 51x3 мм,3,49590,теор.т,1,0,0,https://www.kavstal.ru/public/assets/images/products/TRUBY/TRUBY_ELEKTROSVARNYE/img.webp,балашиха;трубы электросварные;51;3;труба;электросварная;51x3;мм,51,3,,теор.т
Трубы,ТРУБЫ ЭЛЕКТРОСВАРНЫЕ,51,Труба электросварная 51x3 мм,Труба электросварная 51x3 мм,3,52590,теор.т,1,0,0,https://www.kavstal.ru/public/assets/images/products/TRUBY/TRUBY_ELEKTROSVARNYE/img.webp,балашиха;трубы электросварные;51;3;труба;электросварная;51x3;мм,51,3,,теор.т
Трубы,ТРУБЫ ЭЛЕКТРОСВАРНЫЕ,51 некондиция,"Труба электросварная 51x1,2 мм некондиция","Труба электросварная 51x1,2 мм некондиция",1,28590,т,1,0,0,https://www.kavstal.ru/public/assets/images/products/TRUBY/TRUBY_ELEKTROSVARNYE/img.webp,балашиха;трубы электросварные;51 некондиция;1;2;5;4;труба;электросварная;51x1;мм;некондиция,51 некондиция,"1,2 ; 1,5; 2; 4",,т
Трубы,ТРУБЫ ЭЛЕКТРОСВАРНЫЕ,57,"Труба электросварная 57x1,5 мм","Труба электросварная 57x1,5 мм",1,59590,теор.т,1,0,0,https://www.kavstal.ru/public/assets/images/products/TRUBY/TRUBY_ELEKTROSVARNYE/img.webp,балашиха;трубы электросварные;57;1;5;труба;электросварная;57x1;мм,57,"1,5",,теор.т
Трубы,ТРУБЫ ЭЛЕКТРОСВАРНЫЕ,57,Труба электросварная 57x2 мм,Труба электросварная 57x2 мм,2,55590,теор.т,1,0,0,https://www.kavstal.ru/public/assets/images/products/TRUBY/TRUBY_ELEKTROSVARNYE/img.webp,балашиха;трубы электросварные;57;2;труба;электросварная;57x2;мм,57,2,,теор.т
Трубы,ТРУБЫ ЭЛЕКТРОСВАРНЫЕ,57,"Труба электросварная 57x2,5 мм","Труба электросварная 57x2,5 мм",2,53590,теор.т,1,0,0,https://www.kavstal.ru/public/assets/images/products/TRUBY/TRUBY_ELEKTROSVARNYE/img.webp,балашиха;трубы электросварные;57;2;5;труба;электросварная;57x2;мм,57,"2,5",,теор.т
Трубы,ТРУБЫ ЭЛЕКТРОСВАРНЫЕ,57,"Труба электросварная 57x2,8 мм","Труба электросварная 57x2,8 мм",2,52590,теор.т,1,0,0,https://www.kavstal.ru/public/assets/images/products/TRUBY/TRUBY_ELEKTROSVARNYE/img.webp,балашиха;трубы электросварные;57;2;8;труба;электросварная;57x2;мм,57,"2,8",,теор.т
Трубы,ТРУБЫ ЭЛЕКТРОСВАРНЫЕ,57,Труба электросварная 57x3 мм,Труба электросварная 57x3 мм,3,49590,теор.т,1,0,0,https://www.kavstal.ru/public/assets/images/products/TRUBY/TRUBY_ELEKTROSVARNYE/img.webp,балашиха;трубы электросварные;57;3;труба;электросварная;57x3;мм,57,3,,теор.т
Трубы,ТРУБЫ ЭЛЕКТРОСВАРНЫЕ,57,Труба электросварная 57x3 мм,Труба электросварная 57x3 мм,3,52590,теор.т,1,0,0,https://www.kavstal.ru/public/assets/images/products/TRUBY/TRUBY_ELEKTROSVARNYE/img.webp,балашиха;трубы электросварные;57;3;труба;электросварная;57x3;мм,57,3,,теор.т
Трубы,ТРУБЫ ЭЛЕКТРОСВАРНЫЕ,57,"Труба электросварная 57x3,2 мм","Труба электросварная 57x3,2 мм",3,49590,теор.т,1,0,0,https://www.kavstal.ru/public/assets/images/products/TRUBY/TRUBY_ELEKTROSVARNYE/img.webp,балашиха;трубы электросварные;57;3;2;5;труба;электросварная;57x3;мм,57,"3,2 ; 3,5; 3,5",,теор.т
Трубы,ТРУБЫ ЭЛЕКТРОСВАРНЫЕ,57,"Труба электросварная 57x3,5 мм","Труба электросварная 57x3,5 мм",3,52590,теор.т,1,0,0,https://www.kavstal.ru/public/assets/images/products/TRUBY/TRUBY_ELEKTROSVARNYE/img.webp,балашиха;трубы электросварные;57;3;5;труба;электросварная;57x3;мм,57,"3,5",,теор.т
Трубы,ТРУБЫ ЭЛЕКТРОСВАРНЫЕ,57,Труба электросварная 57x4 мм,Труба электросварная 57x4 мм,4,49590,теор.т,1,0,0,https://www.kavstal.ru/public/assets/images/products/TRUBY/TRUBY_ELEKTROSVARNYE/img.webp,балашиха;трубы электросварные;57;4;труба;электросварная;57x4;мм,57,4,,теор.т
Трубы,ТРУБЫ ЭЛЕКТРОСВАРНЫЕ,57,Труба электросварная 57x4 мм,Труба электросварная 57x4 мм,4,52590,теор.т,1,0,0,https://www.kavstal.ru/public/assets/images/products/TRUBY/TRUBY_ELEKTROSVARNYE/img.webp,балашиха;трубы электросварные;57;4;труба;электросварная;57x4;мм,57,4,,теор.т
Трубы,ТРУБЫ ЭЛЕКТРОСВАРНЫЕ,57 ГОСТ,Труба электросварная 57x3 мм ГОСТ,Труба электросварная 57x3 мм ГОСТ,3,52590,теор.т,1,0,0,https://www.kavstal.ru/public/assets/images/products/TRUBY/TRUBY_ELEKTROSVARNYE/img.webp,балашиха;трубы электросварные;57 гост;3;4;труба;электросварная;57x3;мм;гост,57 ГОСТ,3 ; 4,,теор.т
Трубы,ТРУБЫ ЭЛЕКТРОСВАРНЫЕ,57 некондиция,"Труба электросварная 57x1,5 мм некондиция","Труба электросварная 57x1,5 мм некондиция",1,28590,т,1,0,0,https://www.kavstal.ru/public/assets/images/products/TRUBY/TRUBY_ELEKTROSVARNYE/img.webp,балашиха;трубы электросварные;57 некондиция;1;5;2;3;4;труба;электросварная;57x1;мм;некондиция,57 некондиция,"1,5 ; 2; 3,5; 4",,т
Трубы,ТРУБЫ ЭЛЕКТРОСВАРНЫЕ,60,Труба электросварная 60x3 мм,Труба электросварная 60x3 мм,3,52590,теор.т,1,0,0,https://www.kavstal.ru/public/assets/images/products/TRUBY/TRUBY_ELEKTROSVARNYE/img.webp,балашиха;трубы электросварные;60;3;труба;электросварная;60x3;мм,60,3,,теор.т
Трубы,ТРУБЫ ЭЛЕКТРОСВАРНЫЕ,60 некондиция,"Труба электросварная 60x1,5 мм некондиция","Труба электросварная 60x1,5 мм некондиция",1,28590,т,1,0,0,https://www.kavstal.ru/public/assets/images/products/TRUBY/TRUBY_ELEKTROSVARNYE/img.webp,балашиха;трубы электросварные;60 некондиция;1;5;2;труба;электросварная;60x1;мм;некондиция,60 некондиция,"1,5 ; 2",,т
Трубы,ТРУБЫ ЭЛЕКТРОСВАРНЫЕ,76,"Труба электросварная 76x1,5 мм","Труба электросварная 76x1,5 мм",1,59590,теор.т,1,0,0,https://www.kavstal.ru/public/assets/images/products/TRUBY/TRUBY_ELEKTROSVARNYE/img.webp,балашиха;трубы электросварные;76;1;5;труба;электросварная;76x1;мм,76,"1,5",,теор.т
Трубы,ТРУБЫ ЭЛЕКТРОСВАРНЫЕ,76,Труба электросварная 76x2 мм,Труба электросварная 76x2 мм,2,55590,теор.т,1,0,0,https://www.kavstal.ru/public/assets/images/products/TRUBY/TRUBY_ELEKTROSVARNYE/img.webp,балашиха;трубы электросварные;76;2;труба;электросварная;76x2;мм,76,2,,теор.т
Трубы,ТРУБЫ ЭЛЕКТРОСВАРНЫЕ,76,Труба электросварная 76x2 мм,Труба электросварная 76x2 мм,2,58590,теор.т,1,0,0,https://www.kavstal.ru/public/assets/images/products/TRUBY/TRUBY_ELEKTROSVARNYE/img.webp,балашиха;трубы электросварные;76;2;труба;электросварная;76x2;мм,76,2,,теор.т
Трубы,ТРУБЫ ЭЛЕКТРОСВАРНЫЕ,76,"Труба электросварная 76x2,5 мм","Труба электросварная 76x2,5 мм",2,53590,теор.т,1,0,0,https://www.kavstal.ru/public/assets/images/products/TRUBY/TRUBY_ELEKTROSVARNYE/img.webp,балашиха;трубы электросварные;76;2;5;труба;электросварная;76x2;мм,76,"2,5",,теор.т
Трубы,ТРУБЫ ЭЛЕКТРОСВАРНЫЕ,76,"Труба электросварная 76x2,5 мм","Труба электросварная 76x2,5 мм",2,55590,теор.т,1,0,0,https://www.kavstal.ru/public/assets/images/products/TRUBY/TRUBY_ELEKTROSVARNYE/img.webp,балашиха;трубы электросварные;76;2;5;труба;электросварная;76x2;мм,76,"2,5",,теор.т
Трубы,ТРУБЫ ЭЛЕКТРОСВАРНЫЕ,76,"Труба электросварная 76x2,8 мм","Труба электросварная 76x2,8 мм",2,49590,теор.т,1,0,0,https://www.kavstal.ru/public/assets/images/products/TRUBY/TRUBY_ELEKTROSVARNYE/img.webp,балашиха;трубы электросварные;76;2;8;труба;электросварная;76x2;мм,76,"2,8",,теор.т
Трубы,ТРУБЫ ЭЛЕКТРОСВАРНЫЕ,76,"Труба электросварная 76x2,8 мм","Труба электросварная 76x2,8 мм",2,52590,теор.т,1,0,0,https://www.kavstal.ru/public/assets/images/products/TRUBY/TRUBY_ELEKTROSVARNYE/img.webp,балашиха;трубы электросварные;76;2;8;труба;электросварная;76x2;мм,76,"2,8",,теор.т
Трубы,ТРУБЫ ЭЛЕКТРОСВАРНЫЕ,76,Труба электросварная 76x3 мм,Труба электросварная 76x3 мм,3,49590,теор.т,1,0,0,https://www.kavstal.ru/public/assets/images/products/TRUBY/TRUBY_ELEKTROSVARNYE/img.webp,балашиха;трубы электросварные;76;3;труба;электросварная;76x3;мм,76,3,,теор.т
Трубы,ТРУБЫ ЭЛЕКТРОСВАРНЫЕ,76,Труба электросварная 76x3 мм,Труба электросварная 76x3 мм,3,52590,теор.т,1,0,0,https://www.kavstal.ru/public/assets/images/products/TRUBY/TRUBY_ELEKTROSVARNYE/img.webp,балашиха;трубы электросварные;76;3;5;труба;электросварная;76x3;мм,76,"3 ; 3,5",,теор.т
Трубы,ТРУБЫ ЭЛЕКТРОСВАРНЫЕ,76,"Труба электросварная 76x3,5 мм","Труба электросварная 76x3,5 мм",3,49590,теор.т,1,0,0,https://www.kavstal.ru/public/assets/images/products/TRUBY/TRUBY_ELEKTROSVARNYE/img.webp,балашиха;трубы электросварные;76;3;5;труба;электросварная;76x3;мм,76,"3,5",,теор.т
Трубы,ТРУБЫ ЭЛЕКТРОСВАРНЫЕ,76,"Труба электросварная 76x3,5 мм","Труба электросварная 76x3,5 мм",3,52590,теор.т,1,0,0,https://www.kavstal.ru/public/assets/images/products/TRUBY/TRUBY_ELEKTROSVARNYE/img.webp,балашиха;трубы электросварные;76;3;5;4;труба;электросварная;76x3;мм,76,"3,5 ; 4",,теор.т
Трубы,ТРУБЫ ЭЛЕКТРОСВАРНЫЕ,76,Труба электросварная 76x5 мм,Труба электросварная 76x5 мм,5,56590,теор.т,1,0,0,https://www.kavstal.ru/public/assets/images/products/TRUBY/TRUBY_ELEKTROSVARNYE/img.webp,балашиха;трубы электросварные;76;5;труба;электросварная;76x5;мм,76,5,,теор.т
Трубы,ТРУБЫ ЭЛЕКТРОСВАРНЫЕ,76 ГОСТ,"Труба электросварная 76x3,5 мм ГОСТ","Труба электросварная 76x3,5 мм ГОСТ",3,52590,теор.т,1,0,0,https://www.kavstal.ru/public/assets/images/products/TRUBY/TRUBY_ELEKTROSVARNYE/img.webp,балашиха;трубы электросварные;76 гост;3;5;труба;электросварная;76x3;мм;гост,76 ГОСТ,"3,5",,теор.т
Трубы,ТРУБЫ ЭЛЕКТРОСВАРНЫЕ,76 некондиция,"Труба электросварная 76x1,5 мм некондиция","Труба электросварная 76x1,5 мм некондиция",1,28590,т,1,0,0,https://www.kavstal.ru/public/assets/images/products/TRUBY/TRUBY_ELEKTROSVARNYE/img.webp,балашиха;трубы электросварные;76 некондиция;1;5;2;3;4;труба;электросварная;76x1;мм;некондиция,76 некондиция,"1,5 ; 2; 3; 3,5; 4; 4,5; 5",,т
Трубы,ТРУБЫ ЭЛЕКТРОСВАРНЫЕ,89,Труба электросварная 89x3 мм,Труба электросварная 89x3 мм,3,49590,теор.т,1,0,0,https://www.kavstal.ru/public/assets/images/products/TRUBY/TRUBY_ELEKTROSVARNYE/img.webp,балашиха;трубы электросварные;89;3;труба;электросварная;89x3;мм,89,3,,теор.т
Трубы,ТРУБЫ ЭЛЕКТРОСВАРНЫЕ,89,Труба электросварная 89x3 мм,Труба электросварная 89x3 мм,3,52590,теор.т,1,0,0,https://www.kavstal.ru/public/assets/images/products/TRUBY/TRUBY_ELEKTROSVARNYE/img.webp,балашиха;трубы электросварные;89;3;труба;электросварная;89x3;мм,89,3,,теор.т
Трубы,ТРУБЫ ЭЛЕКТРОСВАРНЫЕ,89,"Труба электросварная 89x3,5 мм","Труба электросварная 89x3,5 мм",3,49590,теор.т,1,0,0,https://www.kavstal.ru/public/assets/images/products/TRUBY/TRUBY_ELEKTROSVARNYE/img.webp,балашиха;трубы электросварные;89;3;5;труба;электросварная;89x3;мм,89,"3,5",,теор.т
Трубы,ТРУБЫ ЭЛЕКТРОСВАРНЫЕ,89,"Труба электросварная 89x3,5 мм","Труба электросварная 89x3,5 мм",3,52590,теор.т,1,0,0,https://www.kavstal.ru/public/assets/images/products/TRUBY/TRUBY_ELEKTROSVARNYE/img.webp,балашиха;трубы электросварные;89;3;5;4;труба;электросварная;89x3;мм,89,"3,5 ; 4; 4,5",,теор.т
Трубы,ТРУБЫ ЭЛЕКТРОСВАРНЫЕ,89,Труба электросварная 89x5 мм,Труба электросварная 89x5 мм,5,56590,теор.т,1,0,0,https://www.kavstal.ru/public/assets/images/products/TRUBY/TRUBY_ELEKTROSVARNYE/img.webp,балашиха;трубы электросварные;89;5;труба;электросварная;89x5;мм,89,5,,теор.т
Трубы,ТРУБЫ ЭЛЕКТРОСВАРНЫЕ,89,Труба электросварная 89x6 мм,Труба электросварная 89x6 мм,6,62590,теор.т,1,0,0,https://www.kavstal.ru/public/assets/images/products/TRUBY/TRUBY_ELEKTROSVARNYE/img.webp,балашиха;трубы электросварные;89;6;труба;электросварная;89x6;мм,89,6,,теор.т
Трубы,ТРУБЫ ЭЛЕКТРОСВАРНЫЕ,89 ГОСТ,Труба электросварная 89x3 мм ГОСТ,Труба электросварная 89x3 мм ГОСТ,3,52590,теор.т,1,0,0,https://www.kavstal.ru/public/assets/images/products/TRUBY/TRUBY_ELEKTROSVARNYE/img.webp,балашиха;трубы электросварные;89 гост;3;4;5;труба;электросварная;89x3;мм;гост,89 ГОСТ,"3 ; 4; 4,5",,теор.т
Трубы,ТРУБЫ ЭЛЕКТРОСВАРНЫЕ,89 ГОСТ,Труба электросварная 89x5 мм ГОСТ,Труба электросварная 89x5 мм ГОСТ,5,56590,теор.т,1,0,0,https://www.kavstal.ru/public/assets/images/products/TRUBY/TRUBY_ELEKTROSVARNYE/img.webp,балашиха;трубы электросварные;89 гост;5;труба;электросварная;89x5;мм;гост,89 ГОСТ,5,,теор.т
Трубы,ТРУБЫ ЭЛЕКТРОСВАРНЫЕ,89 некондиция,Труба электросварная 89x3 мм некондиция,Труба электросварная 89x3 мм некондиция,3,28590,т,1,0,0,https://www.kavstal.ru/public/assets/images/products/TRUBY/TRUBY_ELEKTROSVARNYE/img.webp,балашиха;трубы электросварные;89 некондиция;3;5;4;6;труба;электросварная;89x3;мм;некондиция,89 некондиция,"3 ; 3,5; 4; 4,5; 5; 6",,т
Трубы,ТРУБЫ ЭЛЕКТРОСВАРНЫЕ,102,"Труба электросварная 102x3,5 мм","Труба электросварная 102x3,5 мм",3,58590,теор.т,1,0,0,https://www.kavstal.ru/public/assets/images/products/TRUBY/TRUBY_ELEKTROSVARNYE/img.webp,балашиха;трубы электросварные;102;3;5;труба;электросварная;102x3;мм,102,"3,5",,теор.т
Трубы,ТРУБЫ ЭЛЕКТРОСВАРНЫЕ,102,Труба электросварная 102x4 мм,Труба электросварная 102x4 мм,4,49590,теор.т,1,0,0,https://www.kavstal.ru/public/assets/images/products/TRUBY/TRUBY_ELEKTROSVARNYE/img.webp,балашиха;трубы электросварные;102;4;труба;электросварная;102x4;мм,102,4,,теор.т
Трубы,ТРУБЫ ЭЛЕКТРОСВАРНЫЕ,102,Труба электросварная 102x4 мм,Труба электросварная 102x4 мм,4,52590,теор.т,1,0,0,https://www.kavstal.ru/public/assets/images/products/TRUBY/TRUBY_ELEKTROSVARNYE/img.webp,балашиха;трубы электросварные;102;4;5;труба;электросварная;102x4;мм,102,"4 ; 4,5",,теор.т
Трубы,ТРУБЫ ЭЛЕКТРОСВАРНЫЕ,102,Труба электросварная 102x5 мм,Труба электросварная 102x5 мм,5,62590,теор.т,1,0,0,https://www.kavstal.ru/public/assets/images/products/TRUBY/TRUBY_ELEKTROSVARNYE/img.webp,балашиха;трубы электросварные;102;5;6;труба;электросварная;102x5;мм,102,5 ; 6,,теор.т
Трубы,ТРУБЫ ЭЛЕКТРОСВАРНЫЕ,102 ГОСТ,Труба электросварная 102x5 мм ГОСТ,Труба электросварная 102x5 мм ГОСТ,5,62590,теор.т,1,0,0,https://www.kavstal.ru/public/assets/images/products/TRUBY/TRUBY_ELEKTROSVARNYE/img.webp,балашиха;трубы электросварные;102 гост;5;труба;электросварная;102x5;мм;гост,102 ГОСТ,5,,теор.т
Трубы,ТРУБЫ ЭЛЕКТРОСВАРНЫЕ,102 некондиция,Труба электросварная 102x3 мм некондиция,Труба электросварная 102x3 мм некондиция,3,28590,т,1,0,0,https://www.kavstal.ru/public/assets/images/products/TRUBY/TRUBY_ELEKTROSVARNYE/img.webp,балашиха;трубы электросварные;102 некондиция;3;5;4;6;труба;электросварная;102x3;мм;некондиция,102 некондиция,"3 ; 3,5; 4; 4,5; 5; 6",,т
Трубы,ТРУБЫ ЭЛЕКТРОСВАРНЫЕ,108,"Труба электросварная 108x2,8 мм","Труба электросварная 108x2,8 мм",2,52590,теор.т,1,0,0,https://www.kavstal.ru/public/assets/images/products/TRUBY/TRUBY_ELEKTROSVARNYE/img.webp,балашиха;трубы электросварные;108;2;8;труба;электросварная;108x2;мм,108,"2,8",,теор.т
Трубы,ТРУБЫ ЭЛЕКТРОСВАРНЫЕ,108,Труба электросварная 108x3 мм,Труба электросварная 108x3 мм,3,49590,теор.т,1,0,0,https://www.kavstal.ru/public/assets/images/products/TRUBY/TRUBY_ELEKTROSVARNYE/img.webp,балашиха;трубы электросварные;108;3;труба;электросварная;108x3;мм,108,3,,теор.т
Трубы,ТРУБЫ ЭЛЕКТРОСВАРНЫЕ,108,Труба электросварная 108x3 мм,Труба электросварная 108x3 мм,3,52590,теор.т,1,0,0,https://www.kavstal.ru/public/assets/images/products/TRUBY/TRUBY_ELEKTROSVARNYE/img.webp,балашиха;трубы электросварные;108;3;труба;электросварная;108x3;мм,108,3,,теор.т
Трубы,ТРУБЫ ЭЛЕКТРОСВАРНЫЕ,108,"Труба электросварная 108x3,5 мм","Труба электросварная 108x3,5 мм",3,49590,теор.т,1,0,0,https://www.kavstal.ru/public/assets/images/products/TRUBY/TRUBY_ELEKTROSVARNYE/img.webp,балашиха;трубы электросварные;108;3;5;труба;электросварная;108x3;мм,108,"3,5",,теор.т
Трубы,ТРУБЫ ЭЛЕКТРОСВАРНЫЕ,108,"Труба электросварная 108x3,5 мм","Труба электросварная 108x3,5 мм",3,52590,теор.т,1,0,0,https://www.kavstal.ru/public/assets/images/products/TRUBY/TRUBY_ELEKTROSVARNYE/img.webp,балашиха;трубы электросварные;108;3;5;труба;электросварная;108x3;мм,108,"3,5",,теор.т
Трубы,ТРУБЫ ЭЛЕКТРОСВАРНЫЕ,108,Труба электросварная 108x4 мм,Труба электросварная 108x4 мм,4,49590,теор.т,1,0,0,https://www.kavstal.ru/public/assets/images/products/TRUBY/TRUBY_ELEKTROSVARNYE/img.webp,балашиха;трубы электросварные;108;4;труба;электросварная;108x4;мм,108,4,,теор.т
Трубы,ТРУБЫ ЭЛЕКТРОСВАРНЫЕ,108,Труба электросварная 108x4 мм,Труба электросварная 108x4 мм,4,52590,теор.т,1,0,0,https://www.kavstal.ru/public/assets/images/products/TRUBY/TRUBY_ELEKTROSVARNYE/img.webp,балашиха;трубы электросварные;108;4;труба;электросварная;108x4;мм,108,4,,теор.т
Трубы,ТРУБЫ ЭЛЕКТРОСВАРНЫЕ,108,"Труба электросварная 108x4,5 мм","Труба электросварная 108x4,5 мм",4,49590,теор.т,1,0,0,https://www.kavstal.ru/public/assets/images/products/TRUBY/TRUBY_ELEKTROSVARNYE/img.webp,балашиха;трубы электросварные;108;4;5;труба;электросварная;108x4;мм,108,"4,5",,теор.т
Трубы,ТРУБЫ ЭЛЕКТРОСВАРНЫЕ,108,"Труба электросварная 108x4,5 мм","Труба электросварная 108x4,5 мм",4,52590,теор.т,1,0,0,https://www.kavstal.ru/public/assets/images/products/TRUBY/TRUBY_ELEKTROSVARNYE/img.webp,балашиха;трубы электросварные;108;4;5;труба;электросварная;108x4;мм,108,"4,5 ; 5",,теор.т
Трубы,ТРУБЫ ЭЛЕКТРОСВАРНЫЕ,108,Труба электросварная 108x6 мм,Труба электросварная 108x6 мм,6,56590,теор.т,1,0,0,https://www.kavstal.ru/public/assets/images/products/TRUBY/TRUBY_ELEKTROSVARNYE/img.webp,балашиха;трубы электросварные;108;6;труба;электросварная;108x6;мм,108,6,,теор.т
Трубы,ТРУБЫ ЭЛЕКТРОСВАРНЫЕ,108 ГОСТ,Труба электросварная 108x5 мм ГОСТ,Труба электросварная 108x5 мм ГОСТ,5,52590,теор.т,1,0,0,https://www.kavstal.ru/public/assets/images/products/TRUBY/TRUBY_ELEKTROSVARNYE/img.webp,балашиха;трубы электросварные;108 гост;5;труба;электросварная;108x5;мм;гост,108 ГОСТ,5,,теор.т
Трубы,ТРУБЫ ЭЛЕКТРОСВАРНЫЕ,108 некондиция,Труба электросварная 108x3 мм некондиция,Труба электросварная 108x3 мм некондиция,3,28590,т,1,0,0,https://www.kavstal.ru/public/assets/images/products/TRUBY/TRUBY_ELEKTROSVARNYE/img.webp,балашиха;трубы электросварные;108 некондиция;3;5;4;6;труба;электросварная;108x3;мм;некондиция,108 некондиция,"3 ; 3,5; 4; 4,5; 5; 6",,т
Трубы,ТРУБЫ ЭЛЕКТРОСВАРНЫЕ,114,Труба электросварная 114x3 мм,Труба электросварная 114x3 мм,3,58590,теор.т,1,0,0,https://www.kavstal.ru/public/assets/images/products/TRUBY/TRUBY_ELEKTROSVARNYE/img.webp,балашиха;трубы электросварные;114;3;5;4;труба;электросварная;114x3;мм,114,"3 ; 3,5; 3,5; 4; 4; 4,5",,теор.т
Трубы,ТРУБЫ ЭЛЕКТРОСВАРНЫЕ,114,Труба электросварная 114x5 мм,Труба электросварная 114x5 мм,5,62590,теор.т,1,0,0,https://www.kavstal.ru/public/assets/images/products/TRUBY/TRUBY_ELEKTROSVARNYE/img.webp,балашиха;трубы электросварные;114;5;6;труба;электросварная;114x5;мм,114,5 ; 6,,теор.т
Трубы,ТРУБЫ ЭЛЕКТРОСВАРНЫЕ,114 без сертификата,Труба электросварная 114x6 мм без сертификата,Труба электросварная 114x6 мм без сертификата,6,48590,т,1,0,0,https://www.kavstal.ru/public/assets/images/products/TRUBY/TRUBY_ELEKTROSVARNYE/img.webp,балашиха;трубы электросварные;114 без сертификата;6;труба;электросварная;114x6;мм;без;сертификата,114 без сертификата,6,,т
Трубы,ТРУБЫ ЭЛЕКТРОСВАРНЫЕ,114 некондиция,Труба электросварная 114x3 мм некондиция,Труба электросварная 114x3 мм некондиция,3,28590,т,1,0,0,https://www.kavstal.ru/public/assets/images/products/TRUBY/TRUBY_ELEKTROSVARNYE/img.webp,балашиха;трубы электросварные;114 некондиция;3;4;5;6;труба;электросварная;114x3;мм;некондиция,114 некондиция,"3 ; 4; 4,5; 5; 6",,т
Трубы,ТРУБЫ ЭЛЕКТРОСВАРНЫЕ,127,"Труба электросварная 127x2,5 мм","Труба электросварная 127x2,5 мм",2,53590,теор.т,1,0,0,https://www.kavstal.ru/public/assets/images/products/TRUBY/TRUBY_ELEKTROSVARNYE/img.webp,балашиха;трубы электросварные;127;2;5;труба;электросварная;127x2;мм,127,"2,5",,теор.т
Трубы,ТРУБЫ ЭЛЕКТРОСВАРНЫЕ,127,Труба электросварная 127x3 мм,Труба электросварная 127x3 мм,3,49590,теор.т,1,0,0,https://www.kavstal.ru/public/assets/images/products/TRUBY/TRUBY_ELEKTROSVARNYE/img.webp,балашиха;трубы электросварные;127;3;труба;электросварная;127x3;мм,127,3,,теор.т
Трубы,ТРУБЫ ЭЛЕКТРОСВАРНЫЕ,127,Труба электросварная 127x3 мм,Труба электросварная 127x3 мм,3,52590,теор.т,1,0,0,https://www.kavstal.ru/public/assets/images/products/TRUBY/TRUBY_ELEKTROSVARNYE/img.webp,балашиха;трубы электросварные;127;3;труба;электросварная;127x3;мм,127,3,,теор.т
Трубы,ТРУБЫ ЭЛЕКТРОСВАРНЫЕ,127,"Труба электросварная 127x3,5 мм","Труба электросварная 127x3,5 мм",3,49590,теор.т,1,0,0,https://www.kavstal.ru/public/assets/images/products/TRUBY/TRUBY_ELEKTROSVARNYE/img.webp,балашиха;трубы электросварные;127;3;5;труба;электросварная;127x3;мм,127,"3,5",,теор.т
Трубы,ТРУБЫ ЭЛЕКТРОСВАРНЫЕ,127,Труба электросварная 127x4 мм,Труба электросварная 127x4 мм,4,54590,теор.т,1,0,0,https://www.kavstal.ru/public/assets/images/products/TRUBY/TRUBY_ELEKTROSVARNYE/img.webp,балашиха;трубы электросварные;127;4;труба;электросварная;127x4;мм,127,4,,теор.т
Трубы,ТРУБЫ ЭЛЕКТРОСВАРНЫЕ,127,Труба электросварная 127x4 мм,Труба электросварная 127x4 мм,4,58590,теор.т,1,0,0,https://www.kavstal.ru/public/assets/images/products/TRUBY/TRUBY_ELEKTROSVARNYE/img.webp,балашиха;трубы электросварные;127;4;труба;электросварная;127x4;мм,127,4,,теор.т
Трубы,ТРУБЫ ЭЛЕКТРОСВАРНЫЕ,127,"Труба электросварная 127x4,5 мм","Труба электросварная 127x4,5 мм",4,49590,т,1,0,0,https://www.kavstal.ru/public/assets/images/products/TRUBY/TRUBY_ELEKTROSVARNYE/img.webp,балашиха;трубы электросварные;127;4;5;труба;электросварная;127x4;мм,127,"4,5",,т
Трубы,ТРУБЫ ЭЛЕКТРОСВАРНЫЕ,127,"Труба электросварная 127x4,5 мм","Труба электросварная 127x4,5 мм",4,52590,теор.т,1,0,0,https://www.kavstal.ru/public/assets/images/products/TRUBY/TRUBY_ELEKTROSVARNYE/img.webp,балашиха;трубы электросварные;127;4;5;труба;электросварная;127x4;мм,127,"4,5",,теор.т
Трубы,ТРУБЫ ЭЛЕКТРОСВАРНЫЕ,127,Труба электросварная 127x5 мм,Труба электросварная 127x5 мм,5,62590,теор.т,1,0,0,https://www.kavstal.ru/public/assets/images/products/TRUBY/TRUBY_ELEKTROSVARNYE/img.webp,балашиха;трубы электросварные;127;5;6;8;труба;электросварная;127x5;мм,127,5 ; 6; 6; 8,,теор.т
Трубы,ТРУБЫ ЭЛЕКТРОСВАРНЫЕ,127 некондиция,"Труба электросварная 127x3,5 мм некондиция","Труба электросварная 127x3,5 мм некондиция",3,28590,т,1,0,0,https://www.kavstal.ru/public/assets/images/products/TRUBY/TRUBY_ELEKTROSVARNYE/img.webp,балашиха;трубы электросварные;127 некондиция;3;5;4;труба;электросварная;127x3;мм;некондиция,127 некондиция,"3,5 ; 4; 4,5; 5",,т
Трубы,ТРУБЫ ЭЛЕКТРОСВАРНЫЕ,133,Труба электросварная 133x3 мм,Труба электросварная 133x3 мм,3,52590,теор.т,1,0,0,https://www.kavstal.ru/public/assets/images/products/TRUBY/TRUBY_ELEKTROSVARNYE/img.webp,балашиха;трубы электросварные;133;3;5;4;6;труба;электросварная;133x3;мм,133,"3 ; 3,5; 4; 4,5; 5; 6",,теор.т
Трубы,ТРУБЫ ЭЛЕКТРОСВАРНЫЕ,133,Труба электросварная 133x8 мм,Труба электросварная 133x8 мм,8,62590,теор.т,1,0,0,https://www.kavstal.ru/public/assets/images/products/TRUBY/TRUBY_ELEKTROSVARNYE/img.webp,балашиха;трубы электросварные;133;8;труба;электросварная;133x8;мм,133,8,,теор.т
Трубы,ТРУБЫ ЭЛЕКТРОСВАРНЫЕ,133 некондиция,Труба электросварная 133x3 мм некондиция,Труба электросварная 133x3 мм некондиция,3,28590,т,1,0,0,https://www.kavstal.ru/public/assets/images/products/TRUBY/TRUBY_ELEKTROSVARNYE/img.webp,балашиха;трубы электросварные;133 некондиция;3;4;5;6;труба;электросварная;133x3;мм;некондиция,133 некондиция,"3 ; 4; 4,5; 5; 6",,т
Трубы,ТРУБЫ ЭЛЕКТРОСВАРНЫЕ,133 непкондиция,"Труба электросварная 133x3,5 мм непкондиция","Труба электросварная 133x3,5 мм непкондиция",3,28590,т,1,0,0,https://www.kavstal.ru/public/assets/images/products/TRUBY/TRUBY_ELEKTROSVARNYE/img.webp,балашиха;трубы электросварные;133 непкондиция;3;5;труба;электросварная;133x3;мм;непкондиция,133 непкондиция,"3,5",,т
Трубы,ТРУБЫ ЭЛЕКТРОСВАРНЫЕ,146,Труба электросварная 146x4 мм,Труба электросварная 146x4 мм,4,62590,теор.т,1,0,0,https://www.kavstal.ru/public/assets/images/products/TRUBY/TRUBY_ELEKTROSVARNYE/img.webp,балашиха;трубы электросварные;146;4;5;6;8;труба;электросварная;146x4;мм,146,"4 ; 4,5; 5; 6; 8",,теор.т
Трубы,ТРУБЫ ЭЛЕКТРОСВАРНЫЕ,146 100% гидроиспытания,"Труба электросварная 146x4,5 мм 100% гидроиспытания","Труба электросварная 146x4,5 мм 100% гидроиспытания",4,62590,теор.т,1,0,0,https://www.kavstal.ru/public/assets/images/products/TRUBY/TRUBY_ELEKTROSVARNYE/img.webp,балашиха;трубы электросварные;146 100% гидроиспытания;4;5;труба;электросварная;146x4;мм;100%;гидроиспытания,146 100% гидроиспытания,"4,5",,теор.т
Трубы,ТРУБЫ ЭЛЕКТРОСВАРНЫЕ,146 некондиция,Труба электросварная 146x4 мм некондиция,Труба электросварная 146x4 мм некондиция,4,28490,т,1,0,0,https://www.kavstal.ru/public/assets/images/products/TRUBY/TRUBY_ELEKTROSVARNYE/img.webp,балашиха;трубы электросварные;146 некондиция;4;5;6;7;8;труба;электросварная;146x4;мм;некондиция,146 некондиция,"4 ; 4,5; 5; 6; 7; 8",,т
Трубы,ТРУБЫ ЭЛЕКТРОСВАРНЫЕ,152,"Труба электросварная 152x4,5 мм","Труба электросварная 152x4,5 мм",4,62590,теор.т,1,0,0,https://www.kavstal.ru/public/assets/images/products/TRUBY/TRUBY_ELEKTROSVARNYE/img.webp,балашиха;трубы электросварные;152;4;5;труба;электросварная;152x4;мм,152,"4,5",,теор.т
Трубы,ТРУБЫ ЭЛЕКТРОСВАРНЫЕ,152 некондиция,Труба электросварная 152x4 мм некондиция,Труба электросварная 152x4 мм некондиция,4,28590,т,1,0,0,https://www.kavstal.ru/public/assets/images/products/TRUBY/TRUBY_ELEKTROSVARNYE/img.webp,балашиха;трубы электросварные;152 некондиция;4;5;6;труба;электросварная;152x4;мм;некондиция,152 некондиция,"4 ; 4,5; 5; 6",,т
Трубы,ТРУБЫ ЭЛЕКТРОСВАРНЫЕ,159,Труба электросварная 159x3 мм,Труба электросварная 159x3 мм,3,54590,теор.т,1,0,0,https://www.kavstal.ru/public/assets/images/products/TRUBY/TRUBY_ELEKTROSVARNYE/img.webp,балашиха;трубы электросварные;159;3;труба;электросварная;159x3;мм,159,3,,теор.т
Трубы,ТРУБЫ ЭЛЕКТРОСВАРНЫЕ,159,Труба электросварная 159x3 мм,Труба электросварная 159x3 мм,3,58590,теор.т,1,0,0,https://www.kavstal.ru/public/assets/images/products/TRUBY/TRUBY_ELEKTROSVARNYE/img.webp,балашиха;трубы электросварные;159;3;5;труба;электросварная;159x3;мм,159,"3 ; 3,5",,теор.т
Трубы,ТРУБЫ ЭЛЕКТРОСВАРНЫЕ,159,Труба электросварная 159x4 мм,Труба электросварная 159x4 мм,4,52590,теор.т,1,0,0,https://www.kavstal.ru/public/assets/images/products/TRUBY/TRUBY_ELEKTROSVARNYE/img.webp,балашиха;трубы электросварные;159;4;труба;электросварная;159x4;мм,159,4,,теор.т
Трубы,ТРУБЫ ЭЛЕКТРОСВАРНЫЕ,159,"Труба электросварная 159x4,5 мм","Труба электросварная 159x4,5 мм",4,49590,теор.т,1,0,0,https://www.kavstal.ru/public/assets/images/products/TRUBY/TRUBY_ELEKTROSVARNYE/img.webp,балашиха;трубы электросварные;159;4;5;труба;электросварная;159x4;мм,159,"4,5",,теор.т
Трубы,ТРУБЫ ЭЛЕКТРОСВАРНЫЕ,159,"Труба электросварная 159x4,5 мм","Труба электросварная 159x4,5 мм",4,52590,теор.т,1,0,0,https://www.kavstal.ru/public/assets/images/products/TRUBY/TRUBY_ELEKTROSVARNYE/img.webp,балашиха;трубы электросварные;159;4;5;труба;электросварная;159x4;мм,159,"4,5",,теор.т
Трубы,ТРУБЫ ЭЛЕКТРОСВАРНЫЕ,159,Труба электросварная 159x5 мм,Труба электросварная 159x5 мм,5,49590,теор.т,1,0,0,https://www.kavstal.ru/public/assets/images/products/TRUBY/TRUBY_ELEKTROSVARNYE/img.webp,балашиха;трубы электросварные;159;5;труба;электросварная;159x5;мм,159,5,,теор.т
Трубы,ТРУБЫ ЭЛЕКТРОСВАРНЫЕ,159,Труба электросварная 159x5 мм,Труба электросварная 159x5 мм,5,52590,теор.т,1,0,0,https://www.kavstal.ru/public/assets/images/products/TRUBY/TRUBY_ELEKTROSVARNYE/img.webp,балашиха;трубы электросварные;159;5;6;8;труба;электросварная;159x5;мм,159,5 ; 6; 8,,теор.т
Трубы,ТРУБЫ ЭЛЕКТРОСВАРНЫЕ,159 некондиция,Труба электросварная 159x8 мм некондиция,Труба электросварная 159x8 мм некондиция,8,28590,т,1,0,0,https://www.kavstal.ru/public/assets/images/products/TRUBY/TRUBY_ELEKTROSVARNYE/img.webp,балашиха;трубы электросварные;159 некондиция;8;труба;электросварная;159x8;мм;некондиция,159 некондиция,8,,т
Трубы,ТРУБЫ ЭЛЕКТРОСВАРНЫЕ,159 фаска снята 100% гидроиспытания,Труба электросварная 159x8 мм фаска снята 100% гидроиспытания,Труба электросварная 159x8 мм фаска снята 100% гидроиспытания,8,52590,теор.т,1,0,0,https://www.kavstal.ru/public/assets/images/products/TRUBY/TRUBY_ELEKTROSVARNYE/img.webp,балашиха;трубы электросварные;159 фаска снята 100% гидроиспытания;8;труба;электросварная;159x8;мм;фаска;снята;100%;гидроиспытания,159 фаска снята 100% гидроиспытания,8,,теор.т
Трубы,ТРУБЫ ЭЛЕКТРОСВАРНЫЕ,168 ГОСТ,Труба электросварная 168x5 мм ГОСТ,Труба электросварная 168x5 мм ГОСТ,5,60590,теор.т,1,0,0,https://www.kavstal.ru/public/assets/images/products/TRUBY/TRUBY_ELEKTROSVARNYE/img.webp,балашиха;трубы электросварные;168 гост;5;труба;электросварная;168x5;мм;гост,168 ГОСТ,5,,теор.т
Трубы,ТРУБЫ ЭЛЕКТРОСВАРНЫЕ,168 некондиция,Труба электросварная 168x10 мм некондиция,Труба электросварная 168x10 мм некондиция,10,28590,т,1,0,0,https://www.kavstal.ru/public/assets/images/products/TRUBY/TRUBY_ELEKTROSVARNYE/img.webp,балашиха;трубы электросварные;168 некондиция;10;труба;электросварная;168x10;мм;некондиция,168 некондиция,10,,т
Трубы,ТРУБЫ ЭЛЕКТРОСВАРНЫЕ,219,Труба электросварная 219x4 мм,Труба электросварная 219x4 мм,4,52590,теор.т,1,0,0,https://www.kavstal.ru/public/assets/images/products/TRUBY/TRUBY_ELEKTROSVARNYE/img.webp,балашиха;трубы электросварные;219;4;5;6;7;8;труба;электросварная;219x4;мм,219,"4 ; 4,5; 5; 5,5; 6; 7; 8",,теор.т
Трубы,ТРУБЫ ЭЛЕКТРОСВАРНЫЕ,219,Труба электросварная 219x9 мм,Труба электросварная 219x9 мм,9,56590,теор.т,1,0,0,https://www.kavstal.ru/public/assets/images/products/TRUBY/TRUBY_ELEKTROSVARNYE/img.webp,балашиха;трубы электросварные;219;9;10;труба;электросварная;219x9;мм,219,9 ; 10,,теор.т
Трубы,ТРУБЫ ЭЛЕКТРОСВАРНЫЕ,219 100% гидроиспытания,Труба электросварная 219x4 мм 100% гидроиспытания,Труба электросварная 219x4 мм 100% гидроиспытания,4,52590,теор.т,1,0,0,https://www.kavstal.ru/public/assets/images/products/TRUBY/TRUBY_ELEKTROSVARNYE/img.webp,балашиха;трубы электросварные;219 100% гидроиспытания;4;5;7;труба;электросварная;219x4;мм;100%;гидроиспытания,219 100% гидроиспытания,"4 ; 4,5; 7",,теор.т
Трубы,ТРУБЫ ЭЛЕКТРОСВАРНЫЕ,219 100% гидроиспытанния,Труба электросварная 219x10 мм 100% гидроиспытанния,Труба электросварная 219x10 мм 100% гидроиспытанния,10,56590,теор.т,1,0,0,https://www.kavstal.ru/public/assets/images/products/TRUBY/TRUBY_ELEKTROSVARNYE/img.webp,балашиха;трубы электросварные;219 100% гидроиспытанния;10;труба;электросварная;219x10;мм;100%;гидроиспытанния,219 100% гидроиспытанния,10,,теор.т
Трубы,ТРУБЫ ЭЛЕКТРОСВАРНЫЕ,219 без сертификата,Труба электросварная 219x4 мм без сертификата,Труба электросварная 219x4 мм без сертификата,4,52590,т,1,0,0,https://www.kavstal.ru/public/assets/images/products/TRUBY/TRUBY_ELEKTROSVARNYE/img.webp,балашиха;трубы электросварные;219 без сертификата;4;труба;электросварная;219x4;мм;без;сертификата,219 без сертификата,4,,т
Трубы,ТРУБЫ ЭЛЕКТРОСВАРНЫЕ,219 без сертификата,Труба электросварная 219x8 мм без сертификата,Труба электросварная 219x8 мм без сертификата,8,48590,т,1,0,0,https://www.kavstal.ru/public/assets/images/products/TRUBY/TRUBY_ELEKTROSVARNYE/img.webp,балашиха;трубы электросварные;219 без сертификата;8;труба;электросварная;219x8;мм;без;сертификата,219 без сертификата,8,,т
Трубы,ТРУБЫ ЭЛЕКТРОСВАРНЫЕ,219 ГОСТ,Труба электросварная 219x5 мм ГОСТ,Труба электросварная 219x5 мм ГОСТ,5,52590,теор.т,1,0,0,https://www.kavstal.ru/public/assets/images/products/TRUBY/TRUBY_ELEKTROSVARNYE/img.webp,балашиха;трубы электросварные;219 гост;5;7;труба;электросварная;219x5;мм;гост,219 ГОСТ,5 ; 7,,теор.т
Трубы,ТРУБЫ ЭЛЕКТРОСВАРНЫЕ,219 некондиция,Труба электросварная 219x7 мм некондиция,Труба электросварная 219x7 мм некондиция,7,38590,т,1,0,0,https://www.kavstal.ru/public/assets/images/products/TRUBY/TRUBY_ELEKTROSVARNYE/img.webp,балашиха;трубы электросварные;219 некондиция;7;12;труба;электросварная;219x7;мм;некондиция,219 некондиция,7 ; 12,,т
Трубы,ТРУБЫ ЭЛЕКТРОСВАРНЫЕ,219 фаска снята,Труба электросварная 219x5 мм фаска снята,Труба электросварная 219x5 мм фаска снята,5,52590,теор.т,1,0,0,https://www.kavstal.ru/public/assets/images/products/TRUBY/TRUBY_ELEKTROSVARNYE/img.webp,балашиха;трубы электросварные;219 фаска снята;5;7;труба;электросварная;219x5;мм;фаска;снята,219 фаска снята,5 ; 7,,теор.т
Трубы,ТРУБЫ ЭЛЕКТРОСВАРНЫЕ,219 фаска снята 100% гидроиспытана,Труба электросварная 219x5 мм фаска снята 100% гидроиспытана,Труба электросварная 219x5 мм фаска снята 100% гидроиспытана,5,52590,теор.т,1,0,0,https://www.kavstal.ru/public/assets/images/products/TRUBY/TRUBY_ELEKTROSVARNYE/img.webp,балашиха;трубы электросварные;219 фаска снята 100% гидроиспытана;5;труба;электросварная;219x5;мм;фаска;снята;100%;гидроиспытана,219 фаска снята 100% гидроиспытана,5,,теор.т
Трубы,ТРУБЫ ЭЛЕКТРОСВАРНЫЕ,219 фаска снята 100% гидроиспытания,Труба электросварная 219x4 мм фаска снята 100% гидроиспытания,Труба электросварная 219x4 мм фаска снята 100% гидроиспытания,4,52590,теор.т,1,0,0,https://www.kavstal.ru/public/assets/images/products/TRUBY/TRUBY_ELEKTROSVARNYE/img.webp,балашиха;трубы электросварные;219 фаска снята 100% гидроиспытания;4;6;7;труба;электросварная;219x4;мм;фаска;снята;100%;гидроиспытания,219 фаска снята 100% гидроиспытания,4 ; 6; 7,,теор.т
Трубы,ТРУБЫ ЭЛЕКТРОСВАРНЫЕ,219 фаска снята 100% гидроиспытанния,Труба электросварная 219x10 мм фаска снята 100% гидроиспытанния,Труба электросварная 219x10 мм фаска снята 100% гидроиспытанния,10,56590,теор.т,1,0,0,https://www.kavstal.ru/public/assets/images/products/TRUBY/TRUBY_ELEKTROSVARNYE/img.webp,балашиха;трубы электросварные;219 фаска снята 100% гидроиспытанния;10;труба;электросварная;219x10;мм;фаска;снята;100%;гидроиспытанния,219 фаска снята 100% гидроиспытанния,10,,теор.т
Трубы,ТРУБЫ ЭЛЕКТРОСВАРНЫЕ,219 фаска снята 100% гидроиспытано,Труба электросварная 219x8 мм фаска снята 100% гидроиспытано,Труба электросварная 219x8 мм фаска снята 100% гидроиспытано,8,52590,теор.т,1,0,0,https://www.kavstal.ru/public/assets/images/products/TRUBY/TRUBY_ELEKTROSVARNYE/img.webp,балашиха;трубы электросварные;219 фаска снята 100% гидроиспытано;8;труба;электросварная;219x8;мм;фаска;снята;100%;гидроиспытано,219 фаска снята 100% гидроиспытано,8,,теор.т
Трубы,ТРУБЫ ЭЛЕКТРОСВАРНЫЕ,273,Труба электросварная 273x6 мм,Труба электросварная 273x6 мм,6,61590,теор.т,1,0,0,https://www.kavstal.ru/public/assets/images/products/TRUBY/TRUBY_ELEKTROSVARNYE/img.webp,балашиха;трубы электросварные;273;6;8;труба;электросварная;273x6;мм,273,6 ; 8,,теор.т
Трубы,ТРУБЫ ЭЛЕКТРОСВАРНЫЕ,273 ГОСТ,Труба электросварная 273x8 мм ГОСТ,Труба электросварная 273x8 мм ГОСТ,8,61590,теор.т,1,0,0,https://www.kavstal.ru/public/assets/images/products/TRUBY/TRUBY_ELEKTROSVARNYE/img.webp,балашиха;трубы электросварные;273 гост;8;труба;электросварная;273x8;мм;гост,273 ГОСТ,8,,теор.т
Трубы,ТРУБЫ ЭЛЕКТРОСВАРНЫЕ,325,Труба электросварная 325x8 мм,Труба электросварная 325x8 мм,8,61590,теор.т,1,0,0,https://www.kavstal.ru/public/assets/images/products/TRUBY/TRUBY_ELEKTROSVARNYE/img.webp,балашиха;трубы электросварные;325;8;9;труба;электросварная;325x8;мм,325,8 ; 9,,теор.т
Трубы,ТРУБЫ ЭЛЕКТРОСВАРНЫЕ,325 ГОСТ,Труба электросварная 325x5 мм ГОСТ,Труба электросварная 325x5 мм ГОСТ,5,61590,теор.т,1,0,0,https://www.kavstal.ru/public/assets/images/products/TRUBY/TRUBY_ELEKTROSVARNYE/img.webp,балашиха;трубы электросварные;325 гост;5;6;7;10;труба;электросварная;325x5;мм;гост,325 ГОСТ,5 ; 6; 7; 10,,теор.т
Трубы,ТРУБЫ ЭЛЕКТРОСВАРНЫЕ,377,Труба электросварная 377x6 мм,Труба электросварная 377x6 мм,6,64590,теор.т,1,0,0,https://www.kavstal.ru/public/assets/images/products/TRUBY/TRUBY_ELEKTROSVARNYE/img.webp,балашиха;трубы электросварные;377;6;7;8;10;труба;электросварная;377x6;мм,377,6 ; 7; 8; 10,,теор.т
Трубы,ТРУБЫ ЭЛЕКТРОСВАРНЫЕ,377 ГОСТ,Труба электросварная 377x6 мм ГОСТ,Труба электросварная 377x6 мм ГОСТ,6,64590,теор.т,1,0,0,https://www.kavstal.ru/public/assets/images/products/TRUBY/TRUBY_ELEKTROSVARNYE/img.webp,балашиха;трубы электросварные;377 гост;6;труба;электросварная;377x6;мм;гост,377 ГОСТ,6,,теор.т
Трубы,ТРУБЫ ЭЛЕКТРОСВАРНЫЕ,377 некондиция,Труба электросварная 377x5 мм некондиция,Труба электросварная 377x5 мм некондиция,5,31090,т,1,0,0,https://www.kavstal.ru/public/assets/images/products/TRUBY/TRUBY_ELEKTROSVARNYE/img.webp,балашиха;трубы электросварные;377 некондиция;5;6;7;8;10;12;труба;электросварная;377x5;мм;некондиция,377 некондиция,5 ; 6; 7; 8; 10; 12,,т
Трубы,ТРУБЫ ЭЛЕКТРОСВАРНЫЕ,426,Труба электросварная 426x7 мм,Труба электросварная 426x7 мм,7,64590,теор.т,1,0,0,https://www.kavstal.ru/public/assets/images/products/TRUBY/TRUBY_ELEKTROSVARNYE/img.webp,балашиха;трубы электросварные;426;7;8;9;10;12;труба;электросварная;426x7;мм,426,7 ; 8; 9; 10; 12,,теор.т
Трубы,ТРУБЫ ЭЛЕКТРОСВАРНЫЕ,426 100% гидроиспытания,Труба электросварная 426x6 мм 100% гидроиспытания,Труба электросварная 426x6 мм 100% гидроиспытания,6,64590,теор.т,1,0,0,https://www.kavstal.ru/public/assets/images/products/TRUBY/TRUBY_ELEKTROSVARNYE/img.webp,балашиха;трубы электросварные;426 100% гидроиспытания;6;10;труба;электросварная;426x6;мм;100%;гидроиспытания,426 100% гидроиспытания,6 ; 10,,теор.т
Трубы,ТРУБЫ ЭЛЕКТРОСВАРНЫЕ,426 некондиция,Труба электросварная 426x6 мм некондиция,Труба электросварная 426x6 мм некондиция,6,38590,т,1,0,0,https://www.kavstal.ru/public/assets/images/products/TRUBY/TRUBY_ELEKTROSVARNYE/img.webp,балашиха;трубы электросварные;426 некондиция;6;9;12;труба;электросварная;426x6;мм;некондиция,426 некондиция,6 ; 9; 12,,т
Трубы,ТРУБЫ ЭЛЕКТРОСВАРНЫЕ,630,Труба электросварная 630x12 мм,Труба электросварная 630x12 мм,12,76590,теор.т,1,0,0,https://www.kavstal.ru/public/assets/images/products/TRUBY/TRUBY_ELEKTROSVARNYE/img.webp,балашиха;трубы электросварные;630;12;труба;электросварная;630x12;мм,630,12,,теор.т
Трубы,ТРУБЫ ЭЛЕКТРОСВАРНЫЕ,720,Труба электросварная 720x10 мм,Труба электросварная 720x10 мм,10,76590,теор.т,1,0,0,https://www.kavstal.ru/public/assets/images/products/TRUBY/TRUBY_ELEKTROSVARNYE/img.webp,балашиха;трубы электросварные;720;10;12;труба;электросварная;720x10;мм,720,10 ; 12,,теор.т
Трубы,ТРУБЫ ЭЛЕКТРОСВАРНЫЕ,820,Труба электросварная 820x8 мм,Труба электросварная 820x8 мм,8,76590,теор.т,1,0,0,https://www.kavstal.ru/public/assets/images/products/TRUBY/TRUBY_ELEKTROSVARNYE/img.webp,балашиха;трубы электросварные;820;8;9;12;труба;электросварная;820x8;мм,820,8 ; 9; 12,,теор.т
Трубы,ТРУБЫ ЭЛЕКТРОСВАРНЫЕ,920,Труба электросварная 920x12 мм,Труба электросварная 920x12 мм,12,76590,теор.т,1,0,0,https://www.kavstal.ru/public/assets/images/products/TRUBY/TRUBY_ELEKTROSVARNYE/img.webp,балашиха;трубы электросварные;920;12;труба;электросварная;920x12;мм,920,12,,теор.т
Трубы,ТРУБЫ ЭЛЕКТРОСВАРНЫЕ,1020,Труба электросварная 1020x9 мм,Труба электросварная 1020x9 мм,9,76590,теор.т,1,0,0,https://www.kavstal.ru/public/assets/images/products/TRUBY/TRUBY_ELEKTROSVARNYE/img.webp,балашиха;трубы электросварные;1020;9;10;12;труба;электросварная;1020x9;мм,1020,9 ; 10; 12,,теор.т
Трубы,ТРУБЫ ЭЛЕКТРОСВАРНЫЕ,1220,Труба электросварная 1220x10 мм,Труба электросварная 1220x10 мм,10,76590,теор.т,1,0,0,https://www.kavstal.ru/public/assets/images/products/TRUBY/TRUBY_ELEKTROSVARNYE/img.webp,балашиха;трубы электросварные;1220;10;12;14;труба;электросварная;1220x10;мм,1220,10 ; 12; 14,,теор.т
Трубы,ТРУБЫ ЭЛЕКТРОСВАРНЫЕ,1420,Труба электросварная 1420x10 мм,Труба электросварная 1420x10 мм,10,76590,теор.т,1,0,0,https://www.kavstal.ru/public/assets/images/products/TRUBY/TRUBY_ELEKTROSVARNYE/img.webp,балашиха;трубы электросварные;1420;10;12;14;труба;электросварная;1420x10;мм,1420,10 ; 12; 14,,теор.т
Трубы,ТРУБЫ ЭЛЕКТРОСВАРНЫЕ,1420 ГОСТ,Труба электросварная 1420x12 мм ГОСТ,Труба электросварная 1420x12 мм ГОСТ,12,76590,теор.т,1,0,0,https://www.kavstal.ru/public/assets/images/products/TRUBY/TRUBY_ELEKTROSVARNYE/img.webp,балашиха;трубы электросварные;1420 гост;12;труба;электросварная;1420x12;мм;гост,1420 ГОСТ,12,,теор.т
Трубы,ТРУБЫ ЭЛЕКТРОСВАРНЫЕ,57 некондиция,Труба электросварная 57x3 мм некондиция,Труба электросварная 57x3 мм некондиция,3,28590,т,1,0,0,https://www.kavstal.ru/public/assets/images/products/TRUBY/TRUBY_ELEKTROSVARNYE/img.webp,балашиха;трубы электросварные;57 некондиция;3;4;труба;электросварная;57x3;мм;некондиция,57 некондиция,3 ; 4,,т
Трубы,ТРУБЫ ЭЛЕКТРОСВАРНЫЕ,76,"Труба электросварная 76x3,5 мм","Труба электросварная 76x3,5 мм",3,60590,теор.т,1,0,0,https://www.kavstal.ru/public/assets/images/products/TRUBY/TRUBY_ELEKTROSVARNYE/img.webp,балашиха;трубы электросварные;76;3;5;4;труба;электросварная;76x3;мм,76,"3,5 ; 4",,теор.т
Трубы,ТРУБЫ ЭЛЕКТРОСВАРНЫЕ,76 некондиция,Труба электросварная 76x4 мм некондиция,Труба электросварная 76x4 мм некондиция,4,28590,т,1,0,0,https://www.kavstal.ru/public/assets/images/products/TRUBY/TRUBY_ELEKTROSVARNYE/img.webp,балашиха;трубы электросварные;76 некондиция;4;труба;электросварная;76x4;мм;некондиция,76 некондиция,4,,т
Трубы,ТРУБЫ ЭЛЕКТРОСВАРНЫЕ,89,Труба электросварная 89x3 мм,Труба электросварная 89x3 мм,3,60590,теор.т,1,0,0,https://www.kavstal.ru/public/assets/images/products/TRUBY/TRUBY_ELEKTROSVARNYE/img.webp,балашиха;трубы электросварные;89;3;4;труба;электросварная;89x3;мм,89,3 ; 4,,теор.т
Трубы,ТРУБЫ ЭЛЕКТРОСВАРНЫЕ,89 некондиция,Труба электросварная 89x4 мм некондиция,Труба электросварная 89x4 мм некондиция,4,28590,т,1,0,0,https://www.kavstal.ru/public/assets/images/products/TRUBY/TRUBY_ELEKTROSVARNYE/img.webp,балашиха;трубы электросварные;89 некондиция;4;5;6;труба;электросварная;89x4;мм;некондиция,89 некондиция,"4 ; 4,5; 5; 6",,т
Трубы,ТРУБЫ ЭЛЕКТРОСВАРНЫЕ,102 некондиция,"Труба электросварная 102x3,5 мм некондиция","Труба электросварная 102x3,5 мм некондиция",3,38590,т,1,0,0,https://www.kavstal.ru/public/assets/images/products/TRUBY/TRUBY_ELEKTROSVARNYE/img.webp,балашиха;трубы электросварные;102 некондиция;3;5;труба;электросварная;102x3;мм;некондиция,102 некондиция,"3,5",,т
Трубы,ТРУБЫ ЭЛЕКТРОСВАРНЫЕ,108,Труба электросварная 108x4 мм,Труба электросварная 108x4 мм,4,60590,теор.т,1,0,0,https://www.kavstal.ru/public/assets/images/products/TRUBY/TRUBY_ELEKTROSVARNYE/img.webp,балашиха;трубы электросварные;108;4;труба;электросварная;108x4;мм,108,4,,теор.т
Трубы,ТРУБЫ ЭЛЕКТРОСВАРНЫЕ,108,Труба электросварная 108x6 мм,Труба электросварная 108x6 мм,6,66590,теор.т,1,0,0,https://www.kavstal.ru/public/assets/images/products/TRUBY/TRUBY_ELEKTROSVARNYE/img.webp,балашиха;трубы электросварные;108;6;труба;электросварная;108x6;мм,108,6,,теор.т
Трубы,ТРУБЫ ЭЛЕКТРОСВАРНЫЕ,108 �екондиция,Труба электросварная 108x3 мм �екондиция,Труба электросварная 108x3 мм �екондиция,3,28590,т,https://www.kavstal.ru/public/assets/images/mages/unknown/unknown.png,балашиха;трубы электросварные;108 ?екондиция;3;5;4;6,108 �екондиция,https://www.kavstal.ru/public/assets/images/products/TRUBY/TRUBY_ELEKTROSVARNYE/img.webp,;труба;электросварная;108x3;мм;�екондиция,т,,,
Трубы,ТРУБЫ ЭЛЕКТРОСВАРНЫЕ,114,Труба электросварная 114x5 мм,Труба электросварная 114x5 мм,5,60590,теор.т,1,0,0,https://www.kavstal.ru/public/assets/images/products/TRUBY/TRUBY_ELEKTROSVARNYE/img.webp,балашиха;трубы электросварные;114;5;труба;электросварная;114x5;мм,114,5,,теор.т
Трубы,ТРУБЫ ЭЛЕКТРОСВАРНЫЕ,127 некондиция,Труба электросварная 127x4 мм некондиция,Труба электросварная 127x4 мм некондиция,4,28590,т,1,0,0,https://www.kavstal.ru/public/assets/images/products/TRUBY/TRUBY_ELEKTROSVARNYE/img.webp,балашиха;трубы электросварные;127 некондиция;4;5;труба;электросварная;127x4;мм;некондиция,127 некондиция,4 ; 5,,т
Трубы,ТРУБЫ ЭЛЕКТРОСВАРНЫЕ,133 некондиция,"Труба электросварная 133x4,5 мм некондиция","Труба электросварная 133x4,5 мм некондиция",4,28590,т,1,0,0,https://www.kavstal.ru/public/assets/images/products/TRUBY/TRUBY_ELEKTROSVARNYE/img.webp,балашиха;трубы электросварные;133 некондиция;4;5;6;труба;электросварная;133x4;мм;некондиция,133 некондиция,"4,5 ; 5; 6",,т
Трубы,ТРУБЫ ЭЛЕКТРОСВАРНЫЕ,159,Труба электросварная 159x5 мм,Труба электросварная 159x5 мм,5,60590,теор.т,1,0,0,https://www.kavstal.ru/public/assets/images/products/TRUBY/TRUBY_ELEKTROSVARNYE/img.webp,балашиха;трубы электросварные;159;5;труба;электросварная;159x5;мм,159,5,,теор.т
Трубы,ТРУБЫ ЭЛЕКТРОСВАРНЫЕ,159,Труба электросварная 159x8 мм,Труба электросварная 159x8 мм,8,68590,теор.т,1,0,0,https://www.kavstal.ru/public/assets/images/products/TRUBY/TRUBY_ELEKTROSVARNYE/img.webp,балашиха;трубы электросварные;159;8;труба;электросварная;159x8;мм,159,8,,теор.т
Трубы,ТРУБЫ ЭЛЕКТРОСВАРНЫЕ,159,Труба электросварная 159x10 мм,Труба электросварная 159x10 мм,10,88590,теор.т,1,0,0,https://www.kavstal.ru/public/assets/images/products/TRUBY/TRUBY_ELEKTROSVARNYE/img.webp,балашиха;трубы электросварные;159;10;труба;электросварная;159x10;мм,159,10,,теор.т
Трубы,ТРУБЫ ЭЛЕКТРОСВАРНЫЕ,159 ГОСТ,Труба электросварная 159x6 мм ГОСТ,Труба электросварная 159x6 мм ГОСТ,6,60590,теор.т,1,0,0,https://www.kavstal.ru/public/assets/images/products/TRUBY/TRUBY_ELEKTROSVARNYE/img.webp,балашиха;трубы электросварные;159 гост;6;труба;электросварная;159x6;мм;гост,159 ГОСТ,6,,теор.т
Трубы,ТРУБЫ ЭЛЕКТРОСВАРНЫЕ,159 ГОСТ,Труба электросварная 159x7 мм ГОСТ,Труба электросварная 159x7 мм ГОСТ,7,68590,теор.т,1,0,0,https://www.kavstal.ru/public/assets/images/products/TRUBY/TRUBY_ELEKTROSVARNYE/img.webp,балашиха;трубы электросварные;159 гост;7;труба;электросварная;159x7;мм;гост,159 ГОСТ,7,,теор.т
Трубы,ТРУБЫ ЭЛЕКТРОСВАРНЫЕ,159 фаска снята 100% гидроиспытания,Труба электросварная 159x6 мм фаска снята 100% гидроиспытания,Труба электросварная 159x6 мм фаска снята 100% гидроиспытания,6,60590,теор.т,1,0,0,https://www.kavstal.ru/public/assets/images/products/TRUBY/TRUBY_ELEKTROSVARNYE/img.webp,балашиха;трубы электросварные;159 фаска снята 100% гидроиспытания;6;труба;электросварная;159x6;мм;фаска;снята;100%;гидроиспытания,159 фаска снята 100% гидроиспытания,6,,теор.т
Трубы,ТРУБЫ ЭЛЕКТРОСВАРНЫЕ,219,Труба электросварная 219x6 мм,Труба электросварная 219x6 мм,6,62590,теор.т,1,0,0,https://www.kavstal.ru/public/assets/images/products/TRUBY/TRUBY_ELEKTROSVARNYE/img.webp,балашиха;трубы электросварные;219;6;труба;электросварная;219x6;мм,219,6,,теор.т
Трубы,ТРУБЫ ЭЛЕКТРОСВАРНЫЕ,219,Труба электросварная 219x7 мм,Труба электросварная 219x7 мм,7,60590,теор.т,1,0,0,https://www.kavstal.ru/public/assets/images/products/TRUBY/TRUBY_ELEKTROSVARNYE/img.webp,балашиха;трубы электросварные;219;7;8;труба;электросварная;219x7;мм,219,7 ; 8,,теор.т
Трубы,ТРУБЫ ЭЛЕКТРОСВАРНЫЕ,219 100% гидроиспытания,Труба электросварная 219x6 мм 100% гидроиспытания,Труба электросварная 219x6 мм 100% гидроиспытания,6,62590,теор.т,1,0,0,https://www.kavstal.ru/public/assets/images/products/TRUBY/TRUBY_ELEKTROSVARNYE/img.webp,балашиха;трубы электросварные;219 100% гидроиспытания;6;труба;электросварная;219x6;мм;100%;гидроиспытания,219 100% гидроиспытания,6,,теор.т
Трубы,ТРУБЫ ЭЛЕКТРОСВАРНЫЕ,219 100% гидроиспытания,Труба электросварная 219x7 мм 100% гидроиспытания,Труба электросварная 219x7 мм 100% гидроиспытания,7,60590,теор.т,1,0,0,https://www.kavstal.ru/public/assets/images/products/TRUBY/TRUBY_ELEKTROSVARNYE/img.webp,балашиха;трубы электросварные;219 100% гидроиспытания;7;труба;электросварная;219x7;мм;100%;гидроиспытания,219 100% гидроиспытания,7,,теор.т
Трубы,ТРУБЫ ЭЛЕКТРОСВАРНЫЕ,219 некондиция,Труба электросварная 219x4 мм некондиция,Труба электросварная 219x4 мм некондиция,4,48590,т,1,0,0,https://www.kavstal.ru/public/assets/images/products/TRUBY/TRUBY_ELEKTROSVARNYE/img.webp,балашиха;трубы электросварные;219 некондиция;4;5;7;8;труба;электросварная;219x4;мм;некондиция,219 некондиция,4 ; 5; 7; 8,,т
Трубы,ТРУБЫ ЭЛЕКТРОСВАРНЫЕ,219 фаска снята 100% гидроиспытания,Труба электросварная 219x8 мм фаска снята 100% гидроиспытания,Труба электросварная 219x8 мм фаска снята 100% гидроиспытания,8,60590,теор.т,1,0,0,https://www.kavstal.ru/public/assets/images/products/TRUBY/TRUBY_ELEKTROSVARNYE/img.webp,балашиха;трубы электросварные;219 фаска снята 100% гидроиспытания;8;труба;электросварная;219x8;мм;фаска;снята;100%;гидроиспытания,219 фаска снята 100% гидроиспытания,8,,теор.т
Трубы,ТРУБЫ ЭЛЕКТРОСВАРНЫЕ,219 фаска снята 100% гидроиспытания,Труба электросварная 219x10 мм фаска снята 100% гидроиспытания,Труба электросварная 219x10 мм фаска снята 100% гидроиспытания,10,66590,теор.т,1,0,0,https://www.kavstal.ru/public/assets/images/products/TRUBY/TRUBY_ELEKTROSVARNYE/img.webp,балашиха;трубы электросварные;219 фаска снята 100% гидроиспытания;10;труба;электросварная;219x10;мм;фаска;снята;100%;гидроиспытания,219 фаска снята 100% гидроиспытания,10,,теор.т
Трубы,ТРУБЫ ЭЛЕКТРОСВАРНЫЕ,377,Труба электросварная 377x10 мм,Труба электросварная 377x10 мм,10,70590,теор.т,1,0,0,https://www.kavstal.ru/public/assets/images/products/TRUBY/TRUBY_ELEKTROSVARNYE/img.webp,балашиха;трубы электросварные;377;10;труба;электросварная;377x10;мм,377,10,,теор.т
Трубы,ТРУБЫ ЭЛЕКТРОСВАРНЫЕ,377 ГОСТ,Труба электросварная 377x8 мм ГОСТ,Труба электросварная 377x8 мм ГОСТ,8,70590,теор.т,1,0,0,https://www.kavstal.ru/public/assets/images/products/TRUBY/TRUBY_ELEKTROSVARNYE/img.webp,балашиха;трубы электросварные;377 гост;8;труба;электросварная;377x8;мм;гост,377 ГОСТ,8,,теор.т
Трубы,ТРУБЫ ЭЛЕКТРОСВАРНЫЕ,377 некондиция,Труба электросварная 377x10 мм некондиция,Труба электросварная 377x10 мм некондиция,10,31090,т,1,0,0,https://www.kavstal.ru/public/assets/images/products/TRUBY/TRUBY_ELEKTROSVARNYE/img.webp,балашиха;трубы электросварные;377 некондиция;10;труба;электросварная;377x10;мм;некондиция,377 некондиция,10,,т
Трубы,ТРУБЫ ЭЛЕКТРОСВАРНЫЕ,426 некондиция,Труба электросварная 426x8 мм некондиция,Труба электросварная 426x8 мм некондиция,8,38590,т,1,0,0,https://www.kavstal.ru/public/assets/images/products/TRUBY/TRUBY_ELEKTROSVARNYE/img.webp,балашиха;трубы электросварные;426 некондиция;8;труба;электросварная;426x8;мм;некондиция,426 некондиция,8,,т
Трубы,ТРУБЫ ЭЛЕКТРОСВАРНЫЕ,630,Труба электросварная 630x8 мм,Труба электросварная 630x8 мм,8,76590,теор.т,1,0,0,https://www.kavstal.ru/public/assets/images/products/TRUBY/TRUBY_ELEKTROSVARNYE/img.webp,балашиха;трубы электросварные;630;8;12;труба;электросварная;630x8;мм,630,8 ; 12,,теор.т
Трубы,ТРУБЫ ЭЛЕКТРОСВАРНЫЕ,720,Труба электросварная 720x10 мм,Труба электросварная 720x10 мм,10,76590,теор.т,1,0,0,https://www.kavstal.ru/public/assets/images/products/TRUBY/TRUBY_ELEKTROSVARNYE/img.webp,балашиха;трубы электросварные;720;10;12;труба;электросварная;720x10;мм,720,10 ; 12,,теор.т
Трубы,ТРУБЫ ЭЛЕКТРОСВАРНЫЕ,820,Труба электросварная 820x12 мм,Труба электросварная 820x12 мм,12,76590,теор.т,1,0,0,https://www.kavstal.ru/public/assets/images/products/TRUBY/TRUBY_ELEKTROSVARNYE/img.webp,балашиха;трубы электросварные;820;12;труба;электросварная;820x12;мм,820,12,,теор.т
Трубы,ТРУБЫ ЭЛЕКТРОСВАРНЫЕ,1020,Труба электросварная 1020x9 мм,Труба электросварная 1020x9 мм,9,76590,теор.т,1,0,0,https://www.kavstal.ru/public/assets/images/products/TRUBY/TRUBY_ELEKTROSVARNYE/img.webp,балашиха;трубы электросварные;1020;9;труба;электросварная;1020x9;мм,1020,9,,теор.т
Трубы,ТРУБЫ ЭЛЕКТРОСВАРНЫЕ,1220,Труба электросварная 1220x12 мм,Труба электросварная 1220x12 мм,12,76590,теор.т,1,0,0,https://www.kavstal.ru/public/assets/images/products/TRUBY/TRUBY_ELEKTROSVARNYE/img.webp,балашиха;трубы электросварные;1220;12;труба;электросварная;1220x12;мм,1220,12,,теор.т
Трубы,ТРУБЫ ЭЛЕКТРОСВАРНЫЕ,1420,Труба электросварная 1420x10 мм,Труба электросварная 1420x10 мм,10,78590,теор.т,1,0,0,https://www.kavstal.ru/public/assets/images/products/TRUBY/TRUBY_ELEKTROSVARNYE/img.webp,балашиха;трубы электросварные;1420;10;труба;электросварная;1420x10;мм,1420,10,,теор.т
Трубы,ТРУБЫ ЭЛЕКТРОСВАРНЫЕ,48 оцинк,Труба электросварная 48x3 мм оцинк,Труба электросварная 48x3 мм оцинк,3,86590,теор.т,1,0,0,https://www.kavstal.ru/public/assets/images/products/TRUBY/TRUBY_ELEKTROSVARNYE/img.webp,балашиха;трубы электросварные;48 оцинк;3;труба;электросварная;48x3;мм;оцинк,48 оцинк,3,,теор.т
Трубы,ТРУБЫ ЭЛЕКТРОСВАРНЫЕ,57 оцинк,Труба электросварная 57x3 мм оцинк,Труба электросварная 57x3 мм оцинк,3,86590,теор.т,1,0,0,https://www.kavstal.ru/public/assets/images/products/TRUBY/TRUBY_ELEKTROSVARNYE/img.webp,балашиха;трубы электросварные;57 оцинк;3;труба;электросварная;57x3;мм;оцинк,57 оцинк,3,,теор.т
Трубы,ТРУБЫ ЭЛЕКТРОСВАРНЫЕ,57 оцинк,"Труба электросварная 57x3,5 мм оцинк","Труба электросварная 57x3,5 мм оцинк",3,82590,теор.т,1,0,0,https://www.kavstal.ru/public/assets/images/products/TRUBY/TRUBY_ELEKTROSVARNYE/img.webp,балашиха;трубы электросварные;57 оцинк;3;5;труба;электросварная;57x3;мм;оцинк,57 оцинк,"3,5",,теор.т
Трубы,ТРУБЫ ЭЛЕКТРОСВАРНЫЕ,60 оцинк,"Труба электросварная 60x3,5 мм оцинк","Труба электросварная 60x3,5 мм оцинк",3,86590,теор.т,1,0,0,https://www.kavstal.ru/public/assets/images/products/TRUBY/TRUBY_ELEKTROSVARNYE/img.webp,балашиха;трубы электросварные;60 оцинк;3;5;труба;электросварная;60x3;мм;оцинк,60 оцинк,"3,5",,теор.т
Трубы,ТРУБЫ ЭЛЕКТРОСВАРНЫЕ,76 оцинк,"Труба электросварная 76x2,5 мм оцинк","Труба электросварная 76x2,5 мм оцинк",2,86590,теор.т,1,0,0,https://www.kavstal.ru/public/assets/images/products/TRUBY/TRUBY_ELEKTROSVARNYE/img.webp,балашиха;трубы электросварные;76 оцинк;2;5;труба;электросварная;76x2;мм;оцинк,76 оцинк,"2,5",,теор.т
Трубы,ТРУБЫ ЭЛЕКТРОСВАРНЫЕ,76 оцинк,Труба электросварная 76x3 мм оцинк,Труба электросварная 76x3 мм оцинк,3,82590,теор.т,1,0,0,https://www.kavstal.ru/public/assets/images/products/TRUBY/TRUBY_ELEKTROSVARNYE/img.webp,балашиха;трубы электросварные;76 оцинк;3;5;труба;электросварная;76x3;мм;оцинк,76 оцинк,"3 ; 3,5",,теор.т
Трубы,ТРУБЫ ЭЛЕКТРОСВАРНЫЕ,89,Труба электросварная 89x4 мм,Труба электросварная 89x4 мм,4,82590,теор.т,1,0,0,https://www.kavstal.ru/public/assets/images/products/TRUBY/TRUBY_ELEKTROSVARNYE/img.webp,балашиха;трубы электросварные;89;4;труба;электросварная;89x4;мм,89,4,,теор.т
Трубы,ТРУБЫ ЭЛЕКТРОСВАРНЫЕ,89 оцинк,"Труба электросварная 89x2,5 мм оцинк","Труба электросварная 89x2,5 мм оцинк",2,86590,теор.т,1,0,0,https://www.kavstal.ru/public/assets/images/products/TRUBY/TRUBY_ELEKTROSVARNYE/img.webp,балашиха;трубы электросварные;89 оцинк;2;5;труба;электросварная;89x2;мм;оцинк,89 оцинк,"2,5",,теор.т
Трубы,ТРУБЫ ЭЛЕКТРОСВАРНЫЕ,89 оцинк,"Труба электросварная 89x3,5 мм оцинк","Труба электросварная 89x3,5 мм оцинк",3,82590,теор.т,1,0,0,https://www.kavstal.ru/public/assets/images/products/TRUBY/TRUBY_ELEKTROSVARNYE/img.webp,балашиха;трубы электросварные;89 оцинк;3;5;труба;электросварная;89x3;мм;оцинк,89 оцинк,"3,5",,теор.т
Трубы,ТРУБЫ ЭЛЕКТРОСВАРНЫЕ,108 оцинк,"Труба электросварная 108x3,5 мм оцинк","Труба электросварная 108x3,5 мм оцинк",3,82590,т,1,0,0,https://www.kavstal.ru/public/assets/images/products/TRUBY/TRUBY_ELEKTROSVARNYE/img.webp,балашиха;трубы электросварные;108 оцинк;3;5;4;труба;электросварная;108x3;мм;оцинк,108 оцинк,"3,5 ; 4",,т
Трубы,ТРУБЫ ЭЛЕКТРОСВАРНЫЕ,114 оцинк,"Труба электросварная 114x4,5 мм оцинк","Труба электросварная 114x4,5 мм оцинк",4,82590,теор.т,1,0,0,https://www.kavstal.ru/public/assets/images/products/TRUBY/TRUBY_ELEKTROSVARNYE/img.webp,балашиха;трубы электросварные;114 оцинк;4;5;труба;электросварная;114x4;мм;оцинк,114 оцинк,"4,5",,теор.т
Трубы,ТРУБЫ ЭЛЕКТРОСВАРНЫЕ,133 оцинк,"Труба электросварная 133x4,5 мм оцинк","Труба электросварная 133x4,5 мм оцинк",4,88590,теор.т,1,0,0,https://www.kavstal.ru/public/assets/images/products/TRUBY/TRUBY_ELEKTROSVARNYE/img.webp,балашиха;трубы электросварные;133 оцинк;4;5;труба;электросварная;133x4;мм;оцинк,133 оцинк,"4,5",,теор.т
Трубы,ТРУБЫ ЭЛЕКТРОСВАРНЫЕ,159 оцинк,"Труба электросварная 159x4,5 мм оцинк","Труба электросварная 159x4,5 мм оцинк",4,88590,т,1,0,0,https://www.kavstal.ru/public/assets/images/products/TRUBY/TRUBY_ELEKTROSVARNYE/img.webp,балашиха;трубы электросварные;159 оцинк;4;5;труба;электросварная;159x4;мм;оцинк,159 оцинк,"4,5",,т
Трубы,ТРУБЫ ЭЛЕКТРОСВАРНЫЕ,159 оцинк,Труба электросварная 159x5 мм оцинк,Труба электросварная 159x5 мм оцинк,5,84590,теор.т,1,0,0,https://www.kavstal.ru/public/assets/images/products/TRUBY/TRUBY_ELEKTROSVARNYE/img.webp,балашиха;трубы электросварные;159 оцинк;5;труба;электросварная;159x5;мм;оцинк,159 оцинк,5,,теор.т
Трубы,ТРУБЫ ЭЛЕКТРОСВАРНЫЕ,219 оцинк,Труба электросварная 219x5 мм оцинк,Труба электросварная 219x5 мм оцинк,5,108590,теор.т,1,0,0,https://www.kavstal.ru/public/assets/images/products/TRUBY/TRUBY_ELEKTROSVARNYE/img.webp,балашиха;трубы электросварные;219 оцинк;5;6;труба;электросварная;219x5;мм;оцинк,219 оцинк,5 ; 6,,теор.т
Трубы,ТРУБЫ ЭЛЕКТРОСВАРНЫЕ ОВАЛ,30x15 некондиция,"Трубы Электросварные Овал 1,2 30x15 некондиция","ТРУБЫ ЭЛЕКТРОСВАРНЫЕ ОВАЛ марки 30x15 некондиция, размер 1,2 ; 1,5",1,28590,т,1,0,0,https://www.kavstal.ru/public/assets/images/products/TRUBY/TRUBY_ELEKTROSVARNYE_OVAL/img.jpg,балашиха;трубы электросварные овал;30x15 некондиция;1;2;5;трубы;электросварные;овал;30x15;некондиция,30x15 некондиция,"1,2 ; 1,5",,т
Листовой прокат,СТАЛЬ ЛИСТОВАЯ Г/К ОБЫЧ КАЧЕСТВА,Ст3 н/обр,Лист г/к 1.5 мм Ст3 (необрезанный),Лист г/к 1.5 мм Ст3 (необрезанный),1.5,64990,т,1,0,0,https://www.kavstal.ru/public/assets/images/products/LISTOVOI_PROKAT/STAL_LISTOVAYA_GK_OBYCH_KACHESTVA/img.png,балашиха;сталь листовая г/к обыч качества;ст3 н/обр;1;5;лист;г/к;1.5;мм;ст3;необрезанный,Ст3 н/обр,1.5,,т
Листовой прокат,СТАЛЬ ЛИСТОВАЯ Г/К ОБЫЧ КАЧЕСТВА,Ст3 н/обр,Лист г/к 2 мм Ст3 (необрезанный),Лист г/к 2 мм Ст3 (необрезанный),2,55990,т,1,0,0,https://www.kavstal.ru/public/assets/images/products/LISTOVOI_PROKAT/STAL_LISTOVAYA_GK_OBYCH_KACHESTVA/img.png,балашиха;сталь листовая г/к обыч качества;ст3 н/обр;2;лист;г/к;мм;ст3;необрезанный,Ст3 н/обр,2,,т
Листовой прокат,СТАЛЬ ЛИСТОВАЯ Г/К ОБЫЧ КАЧЕСТВА,Ст3 н/обр,Лист г/к 2 мм Ст3 (необрезанный),Лист г/к 2 мм Ст3 (необрезанный),2,56990,т,1,0,0,https://www.kavstal.ru/public/assets/images/products/LISTOVOI_PROKAT/STAL_LISTOVAYA_GK_OBYCH_KACHESTVA/img.png,балашиха;сталь листовая г/к обыч качества;ст3 н/обр;2;лист;г/к;мм;ст3;необрезанный,Ст3 н/обр,2,,т
Листовой прокат,СТАЛЬ ЛИСТОВАЯ Г/К ОБЫЧ КАЧЕСТВА,Ст3 н/обр,Лист г/к 2.5 мм Ст3 (необрезанный),Лист г/к 2.5 мм Ст3 (необрезанный),2.5,56490,т,1,0,0,https://www.kavstal.ru/public/assets/images/products/LISTOVOI_PROKAT/STAL_LISTOVAYA_GK_OBYCH_KACHESTVA/img.png,балашиха;сталь листовая г/к обыч качества;ст3 н/обр;2;5;лист;г/к;2.5;мм;ст3;необрезанный,Ст3 н/обр,2.5,,т
Листовой прокат,СТАЛЬ ЛИСТОВАЯ Г/К ОБЫЧ КАЧЕСТВА,Ст3 н/обр,Лист г/к 2.5 мм Ст3 (необрезанный),Лист г/к 2.5 мм Ст3 (необрезанный),2.5,58490,т,1,0,0,https://www.kavstal.ru/public/assets/images/products/LISTOVOI_PROKAT/STAL_LISTOVAYA_GK_OBYCH_KACHESTVA/img.png,балашиха;сталь листовая г/к обыч качества;ст3 н/обр;2;5;лист;г/к;2.5;мм;ст3;необрезанный,Ст3 н/обр,2.5,,т
Листовой прокат,СТАЛЬ ЛИСТОВАЯ Г/К ОБЫЧ КАЧЕСТВА,Ст3 н/обр,Лист г/к 3 мм Ст3 (необрезанный),Лист г/к 3 мм Ст3 (необрезанный),3,56990,т,1,0,0,https://www.kavstal.ru/public/assets/images/products/LISTOVOI_PROKAT/STAL_LISTOVAYA_GK_OBYCH_KACHESTVA/img.png,балашиха;сталь листовая г/к обыч качества;ст3 н/обр;3;лист;г/к;мм;ст3;необрезанный,Ст3 н/обр,3,,т
Листовой прокат,СТАЛЬ ЛИСТОВАЯ Г/К ОБЫЧ КАЧЕСТВА,Ст3 н/обр,Лист г/к 4 мм Ст3 (необрезанный),Лист г/к 4 мм Ст3 (необрезанный),4,55990,т,1,0,0,https://www.kavstal.ru/public/assets/images/products/LISTOVOI_PROKAT/STAL_LISTOVAYA_GK_OBYCH_KACHESTVA/img.png,балашиха;сталь листовая г/к обыч качества;ст3 н/обр;4;5;6;лист;г/к;мм;ст3;необрезанный,Ст3 н/обр,4 ; 5; 6,,т
Листовой прокат,СТАЛЬ ЛИСТОВАЯ Г/К ОБЫЧ КАЧЕСТВА,Ст3 н/обр,Лист г/к 7 мм Ст3 (необрезанный),Лист г/к 7 мм Ст3 (необрезанный),7,53490,т,1,0,0,https://www.kavstal.ru/public/assets/images/products/LISTOVOI_PROKAT/STAL_LISTOVAYA_GK_OBYCH_KACHESTVA/img.png,балашиха;сталь листовая г/к обыч качества;ст3 н/обр;7;лист;г/к;мм;ст3;необрезанный,Ст3 н/обр,7,,т
Листовой прокат,СТАЛЬ ЛИСТОВАЯ Г/К ОБЫЧ КАЧЕСТВА,Ст3 н/обр,Лист г/к 7 мм Ст3 (необрезанный),Лист г/к 7 мм Ст3 (необрезанный),7,55490,т,1,0,0,https://www.kavstal.ru/public/assets/images/products/LISTOVOI_PROKAT/STAL_LISTOVAYA_GK_OBYCH_KACHESTVA/img.png,балашиха;сталь листовая г/к обыч качества;ст3 н/обр;7;лист;г/к;мм;ст3;необрезанный,Ст3 н/обр,7,,т
Листовой прокат,СТАЛЬ ЛИСТОВАЯ Г/К ОБЫЧ КАЧЕСТВА,Ст3 н/обр,Лист г/к 8 мм Ст3 (необрезанный),Лист г/к 8 мм Ст3 (необрезанный),8,52990,т,1,0,0,https://www.kavstal.ru/public/assets/images/products/LISTOVOI_PROKAT/STAL_LISTOVAYA_GK_OBYCH_KACHESTVA/img.png,балашиха;сталь листовая г/к обыч качества;ст3 н/обр;8;лист;г/к;мм;ст3;необрезанный,Ст3 н/обр,8,,т
Листовой прокат,СТАЛЬ ЛИСТОВАЯ Г/К ОБЫЧ КАЧЕСТВА,Ст3 н/обр,Лист г/к 8 мм Ст3 (необрезанный),Лист г/к 8 мм Ст3 (необрезанный),8,53990,т,1,0,0,https://www.kavstal.ru/public/assets/images/products/LISTOVOI_PROKAT/STAL_LISTOVAYA_GK_OBYCH_KACHESTVA/img.png,балашиха;сталь листовая г/к обыч качества;ст3 н/обр;8;лист;г/к;мм;ст3;необрезанный,Ст3 н/обр,8,,т
Листовой прокат,СТАЛЬ ЛИСТОВАЯ Г/К ОБЫЧ КАЧЕСТВА,Ст3 н/обр,Лист г/к 8 мм Ст3 (необрезанный),Лист г/к 8 мм Ст3 (необрезанный),8,54990,т,1,0,0,https://www.kavstal.ru/public/assets/images/products/LISTOVOI_PROKAT/STAL_LISTOVAYA_GK_OBYCH_KACHESTVA/img.png,балашиха;сталь листовая г/к обыч качества;ст3 н/обр;8;лист;г/к;мм;ст3;необрезанный,Ст3 н/обр,8,,т
Листовой прокат,СТАЛЬ ЛИСТОВАЯ Г/К ОБЫЧ КАЧЕСТВА,Ст3 н/обр,Лист г/к 8 мм Ст3 (необрезанный),Лист г/к 8 мм Ст3 (необрезанный),8,53990,теор.т,1,0,0,https://www.kavstal.ru/public/assets/images/products/LISTOVOI_PROKAT/STAL_LISTOVAYA_GK_OBYCH_KACHESTVA/img.png,балашиха;сталь листовая г/к обыч качества;ст3 н/обр;8;лист;г/к;мм;ст3;необрезанный,Ст3 н/обр,8,,теор.т
Листовой прокат,СТАЛЬ ЛИСТОВАЯ Г/К ОБЫЧ КАЧЕСТВА,Ст3 н/обр,Лист г/к 8 мм Ст3 (необрезанный),Лист г/к 8 мм Ст3 (необрезанный),8,54490,теор.т,1,0,0,https://www.kavstal.ru/public/assets/images/products/LISTOVOI_PROKAT/STAL_LISTOVAYA_GK_OBYCH_KACHESTVA/img.png,балашиха;сталь листовая г/к обыч качества;ст3 н/обр;8;лист;г/к;мм;ст3;необрезанный,Ст3 н/обр,8,,теор.т
Листовой прокат,СТАЛЬ ЛИСТОВАЯ Г/К ОБЫЧ КАЧЕСТВА,Ст3 н/обр,Лист г/к 9 мм Ст3 (необрезанный),Лист г/к 9 мм Ст3 (необрезанный),9,53990,т,1,0,0,https://www.kavstal.ru/public/assets/images/products/LISTOVOI_PROKAT/STAL_LISTOVAYA_GK_OBYCH_KACHESTVA/img.png,балашиха;сталь листовая г/к обыч качества;ст3 н/обр;9;лист;г/к;мм;ст3;необрезанный,Ст3 н/обр,9,,т
Листовой прокат,СТАЛЬ ЛИСТОВАЯ Г/К ОБЫЧ КАЧЕСТВА,Ст3 н/обр,Лист г/к 10 мм Ст3 (необрезанный),Лист г/к 10 мм Ст3 (необрезанный),10,53490,т,1,0,0,https://www.kavstal.ru/public/assets/images/products/LISTOVOI_PROKAT/STAL_LISTOVAYA_GK_OBYCH_KACHESTVA/img.png,балашиха;сталь листовая г/к обыч качества;ст3 н/обр;10;лист;г/к;мм;ст3;необрезанный,Ст3 н/обр,10,,т
Листовой прокат,СТАЛЬ ЛИСТОВАЯ Г/К ОБЫЧ КАЧЕСТВА,Ст3 н/обр,Лист г/к 10 мм Ст3 (необрезанный),Лист г/к 10 мм Ст3 (необрезанный),10,53990,т,1,0,0,https://www.kavstal.ru/public/assets/images/products/LISTOVOI_PROKAT/STAL_LISTOVAYA_GK_OBYCH_KACHESTVA/img.png,балашиха;сталь листовая г/к обыч качества;ст3 н/обр;10;лист;г/к;мм;ст3;необрезанный,Ст3 н/обр,10,,т
Листовой прокат,СТАЛЬ ЛИСТОВАЯ Г/К ОБЫЧ КАЧЕСТВА,Ст3 н/обр,Лист г/к 12 мм Ст3 (необрезанный),Лист г/к 12 мм Ст3 (необрезанный),12,52490,т,1,0,0,https://www.kavstal.ru/public/assets/images/products/LISTOVOI_PROKAT/STAL_LISTOVAYA_GK_OBYCH_KACHESTVA/img.png,балашиха;сталь листовая г/к обыч качества;ст3 н/обр;12;лист;г/к;мм;ст3;необрезанный,Ст3 н/обр,12,,т
Листовой прокат,СТАЛЬ ЛИСТОВАЯ Г/К ОБЫЧ КАЧЕСТВА,Ст3 н/обр,Лист г/к 12 мм Ст3 (необрезанный),Лист г/к 12 мм Ст3 (необрезанный),12,53490,т,1,0,0,https://www.kavstal.ru/public/assets/images/products/LISTOVOI_PROKAT/STAL_LISTOVAYA_GK_OBYCH_KACHESTVA/img.png,балашиха;сталь листовая г/к обыч качества;ст3 н/обр;12;лист;г/к;мм;ст3;необрезанный,Ст3 н/обр,12,,т
Листовой прокат,СТАЛЬ ЛИСТОВАЯ Г/К ОБЫЧ КАЧЕСТВА,Ст3 н/обр,Лист г/к 16 мм Ст3 (необрезанный),Лист г/к 16 мм Ст3 (необрезанный),16,53990,т,1,0,0,https://www.kavstal.ru/public/assets/images/products/LISTOVOI_PROKAT/STAL_LISTOVAYA_GK_OBYCH_KACHESTVA/img.png,балашиха;сталь листовая г/к обыч качества;ст3 н/обр;16;лист;г/к;мм;ст3;необрезанный,Ст3 н/обр,16,,т
Листовой прокат,СТАЛЬ ЛИСТОВАЯ Г/К ОБЫЧ КАЧЕСТВА,Ст3 н/обр,Лист г/к 20 мм Ст3 (необрезанный),Лист г/к 20 мм Ст3 (необрезанный),20,55490,т,1,0,0,https://www.kavstal.ru/public/assets/images/products/LISTOVOI_PROKAT/STAL_LISTOVAYA_GK_OBYCH_KACHESTVA/img.png,балашиха;сталь листовая г/к обыч качества;ст3 н/обр;20;36;лист;г/к;мм;ст3;необрезанный,Ст3 н/обр,20 ; 36,,т
Листовой прокат,СТАЛЬ ЛИСТОВАЯ Г/К ОБЫЧ КАЧЕСТВА,Ст3 обр,Лист г/к 8 мм Ст3 (обрезанный),Лист г/к 8 мм Ст3 (обрезанный),8,53990,т,1,0,0,https://www.kavstal.ru/public/assets/images/products/LISTOVOI_PROKAT/STAL_LISTOVAYA_GK_OBYCH_KACHESTVA/img.png,балашиха;сталь листовая г/к обыч качества;ст3 обр;8;лист;г/к;мм;ст3;обрезанный,Ст3 обр,8,,т
Листовой прокат,СТАЛЬ ЛИСТОВАЯ Г/К ОБЫЧ КАЧЕСТВА,Ст3 обр,Лист г/к 8 мм Ст3 (обрезанный),Лист г/к 8 мм Ст3 (обрезанный),8,54490,т,1,0,0,https://www.kavstal.ru/public/assets/images/products/LISTOVOI_PROKAT/STAL_LISTOVAYA_GK_OBYCH_KACHESTVA/img.png,балашиха;сталь листовая г/к обыч качества;ст3 обр;8;лист;г/к;мм;ст3;обрезанный,Ст3 обр,8,,т
Листовой прокат,СТАЛЬ ЛИСТОВАЯ Г/К ОБЫЧ КАЧЕСТВА,Ст3 обр,Лист г/к 10 мм Ст3 (обрезанный),Лист г/к 10 мм Ст3 (обрезанный),10,53490,т,1,0,0,https://www.kavstal.ru/public/assets/images/products/LISTOVOI_PROKAT/STAL_LISTOVAYA_GK_OBYCH_KACHESTVA/img.png,балашиха;сталь листовая г/к обыч качества;ст3 обр;10;лист;г/к;мм;ст3;обрезанный,Ст3 обр,10,,т
Листовой прокат,СТАЛЬ ЛИСТОВАЯ Г/К ОБЫЧ КАЧЕСТВА,Ст3 обр,Лист г/к 10 мм Ст3 (обрезанный),Лист г/к 10 мм Ст3 (обрезанный),10,53990,т,1,0,0,https://www.kavstal.ru/public/assets/images/products/LISTOVOI_PROKAT/STAL_LISTOVAYA_GK_OBYCH_KACHESTVA/img.png,балашиха;сталь листовая г/к обыч качества;ст3 обр;10;лист;г/к;мм;ст3;обрезанный,Ст3 обр,10,,т
Листовой прокат,СТАЛЬ ЛИСТОВАЯ Г/К ОБЫЧ КАЧЕСТВА,Ст3 обр,Лист г/к 12 мм Ст3 (обрезанный),Лист г/к 12 мм Ст3 (обрезанный),12,52490,т,1,0,0,https://www.kavstal.ru/public/assets/images/products/LISTOVOI_PROKAT/STAL_LISTOVAYA_GK_OBYCH_KACHESTVA/img.png,балашиха;сталь листовая г/к обыч качества;ст3 обр;12;лист;г/к;мм;ст3;обрезанный,Ст3 обр,12,,т
Листовой прокат,СТАЛЬ ЛИСТОВАЯ Г/К ОБЫЧ КАЧЕСТВА,Ст3 обр,Лист г/к 12 мм Ст3 (обрезанный),Лист г/к 12 мм Ст3 (обрезанный),12,53490,т,1,0,0,https://www.kavstal.ru/public/assets/images/products/LISTOVOI_PROKAT/STAL_LISTOVAYA_GK_OBYCH_KACHESTVA/img.png,балашиха;сталь листовая г/к обыч качества;ст3 обр;12;лист;г/к;мм;ст3;обрезанный,Ст3 обр,12,,т
Листовой прокат,СТАЛЬ ЛИСТОВАЯ Г/К ОБЫЧ КАЧЕСТВА,Ст3 обр,Лист г/к 14 мм Ст3 (обрезанный),Лист г/к 14 мм Ст3 (обрезанный),14,52990,т,1,0,0,https://www.kavstal.ru/public/assets/images/products/LISTOVOI_PROKAT/STAL_LISTOVAYA_GK_OBYCH_KACHESTVA/img.png,балашиха;сталь листовая г/к обыч качества;ст3 обр;14;лист;г/к;мм;ст3;обрезанный,Ст3 обр,14,,т
Листовой прокат,СТАЛЬ ЛИСТОВАЯ Г/К ОБЫЧ КАЧЕСТВА,Ст3 обр,Лист г/к 14 мм Ст3 (обрезанный),Лист г/к 14 мм Ст3 (обрезанный),14,53490,т,1,0,0,https://www.kavstal.ru/public/assets/images/products/LISTOVOI_PROKAT/STAL_LISTOVAYA_GK_OBYCH_KACHESTVA/img.png,балашиха;сталь листовая г/к обыч качества;ст3 обр;14;лист;г/к;мм;ст3;обрезанный,Ст3 обр,14,,т
Листовой прокат,СТАЛЬ ЛИСТОВАЯ Г/К ОБЫЧ КАЧЕСТВА,Ст3 обр,Лист г/к 16 мм Ст3 (обрезанный),Лист г/к 16 мм Ст3 (обрезанный),16,52990,т,1,0,0,https://www.kavstal.ru/public/assets/images/products/LISTOVOI_PROKAT/STAL_LISTOVAYA_GK_OBYCH_KACHESTVA/img.png,балашиха;сталь листовая г/к обыч качества;ст3 обр;16;лист;г/к;мм;ст3;обрезанный,Ст3 обр,16,,т
Листовой прокат,СТАЛЬ ЛИСТОВАЯ Г/К ОБЫЧ КАЧЕСТВА,Ст3 обр,Лист г/к 16 мм Ст3 (обрезанный),Лист г/к 16 мм Ст3 (обрезанный),16,53490,т,1,0,0,https://www.kavstal.ru/public/assets/images/products/LISTOVOI_PROKAT/STAL_LISTOVAYA_GK_OBYCH_KACHESTVA/img.png,балашиха;сталь листовая г/к обыч качества;ст3 обр;16;лист;г/к;мм;ст3;обрезанный,Ст3 обр,16,,т
Листовой прокат,СТАЛЬ ЛИСТОВАЯ Г/К ОБЫЧ КАЧЕСТВА,Ст3 обр,Лист г/к 18 мм Ст3 (обрезанный),Лист г/к 18 мм Ст3 (обрезанный),18,55490,т,1,0,0,https://www.kavstal.ru/public/assets/images/products/LISTOVOI_PROKAT/STAL_LISTOVAYA_GK_OBYCH_KACHESTVA/img.png,балашиха;сталь листовая г/к обыч качества;ст3 обр;18;20;22;25;30;40;лист;г/к;мм;ст3;обрезанный,Ст3 обр,18 ; 20; 22; 25; 30; 40,,т
Листовой прокат,СТАЛЬ ЛИСТОВАЯ Г/К ОБЫЧ КАЧЕСТВА,Ст3 обр УЗК,Лист г/к 8 мм Ст3 обр УЗК,Лист г/к 8 мм Ст3 обр УЗК,8,54490,т,1,0,0,https://www.kavstal.ru/public/assets/images/products/LISTOVOI_PROKAT/STAL_LISTOVAYA_GK_OBYCH_KACHESTVA/img.png,балашиха;сталь листовая г/к обыч качества;ст3 обр узк;8;лист;г/к;мм;ст3;обр;узк,Ст3 обр УЗК,8,,т
Листовой прокат,СТАЛЬ ЛИСТОВАЯ Г/К ОБЫЧ КАЧЕСТВА,Ст3 обр УЗК,Лист г/к 10 мм Ст3 обр УЗК,Лист г/к 10 мм Ст3 обр УЗК,10,53490,т,1,0,0,https://www.kavstal.ru/public/assets/images/products/LISTOVOI_PROKAT/STAL_LISTOVAYA_GK_OBYCH_KACHESTVA/img.png,балашиха;сталь листовая г/к обыч качества;ст3 обр узк;10;12;16;лист;г/к;мм;ст3;обр;узк,Ст3 обр УЗК,10 ; 12; 16,,т
Листовой прокат,СТАЛЬ ЛИСТОВАЯ Г/К ОБЫЧ КАЧЕСТВА,�т3 обр УЗК,Лист г/к 20 мм �т3 обр УЗК,Лист г/к 20 мм �т3 обр УЗК,20,55490,т,https://www.kavstal.ru/public/assets/images/mages/unknown/unknown.png,балашиха;сталь листовая г/к обыч качества;?т3 обр узк;20;25;30,�т3 обр УЗК,https://www.kavstal.ru/public/assets/images/products/LISTOVOI_PROKAT/STAL_LISTOVAYA_GK_OBYCH_KACHESTVA/img.png,;лист;г/к;20;мм;�т3;обр;узк,т,,,
Листовой прокат,СТАЛЬ ЛИСТ Г/К КОНСТРУКЦИОННАЯ,30MnB5,Лист г/к конструкционный 10 мм 30MnB5,Лист г/к конструкционный 10 мм 30MnB5,10,109990,т,1,0,0,https://www.kavstal.ru/public/assets/images/products/LISTOVOI_PROKAT/STAL_LIST_GK_KONSTRUKTSIONNAYA/img.webp,балашиха;сталь лист г/к конструкционная;30mnb5;10;12;лист;г/к;конструкционный;мм,30MnB5,10 ; 12,,т
Листовой прокат,СТАЛЬ ЛИСТ Г/К КОНСТРУКЦИОННАЯ,Ст20,Лист г/к конструкционный 6 мм Ст20,Лист г/к конструкционный 6 мм Ст20,6,60990,т,1,0,0,https://www.kavstal.ru/public/assets/images/products/LISTOVOI_PROKAT/STAL_LIST_GK_KONSTRUKTSIONNAYA/img.webp,балашиха;сталь лист г/к конструкционная;ст20;6;лист;г/к;конструкционный;мм,Ст20,6,,т
Листовой прокат,СТАЛЬ ЛИСТ Г/К КОНСТРУКЦИОННАЯ,Ст20 н/обр,Лист г/к конструкционный 6 мм Ст20 н/обр,Лист г/к конструкционный 6 мм Ст20 н/обр,6,60990,теор.т,1,0,0,https://www.kavstal.ru/public/assets/images/products/LISTOVOI_PROKAT/STAL_LIST_GK_KONSTRUKTSIONNAYA/img.webp,балашиха;сталь лист г/к конструкционная;ст20 н/обр;6;лист;г/к;конструкционный;мм;ст20;н/обр,Ст20 н/обр,6,,теор.т
Листовой прокат,СТАЛЬ ЛИСТОВАЯ Г/К НИЗКОЛЕГИРОВАННАЯ,09Г2С,Лист г/к 3 мм 09Г2С низколегированный,Лист г/к 3 мм 09Г2С низколегированный,3,64990,т,1,0,0,https://www.kavstal.ru/public/assets/images/products/LISTOVOI_PROKAT/STAL_LISTOVAYA_GK_NIZKOLEGIROVANNAYA/img.jpg,балашиха;сталь листовая г/к низколегированная;09г2с;3;лист;г/к;мм;низколегированный,09Г2С,3,,т
Листовой прокат,СТАЛЬ ЛИСТОВАЯ Г/К НИЗКОЛЕГИРОВАННАЯ,09Г2С,Лист г/к 5 мм 09Г2С низколегированный,Лист г/к 5 мм 09Г2С низколегированный,5,62990,т,1,0,0,https://www.kavstal.ru/public/assets/images/products/LISTOVOI_PROKAT/STAL_LISTOVAYA_GK_NIZKOLEGIROVANNAYA/img.jpg,балашиха;сталь листовая г/к низколегированная;09г2с;5;лист;г/к;мм;низколегированный,09Г2С,5,,т
Листовой прокат,СТАЛЬ ЛИСТОВАЯ Г/К НИЗКОЛЕГИРОВАННАЯ,09Г2С,Лист г/к 7 мм 09Г2С низколегированный,Лист г/к 7 мм 09Г2С низколегированный,7,55990,т,1,0,0,https://www.kavstal.ru/public/assets/images/products/LISTOVOI_PROKAT/STAL_LISTOVAYA_GK_NIZKOLEGIROVANNAYA/img.jpg,балашиха;сталь листовая г/к низколегированная;09г2с;7;лист;г/к;мм;низколегированный,09Г2С,7,,т
Листовой прокат,СТАЛЬ ЛИСТОВАЯ Г/К НИЗКОЛЕГИРОВАННАЯ,09Г2С,Лист г/к 10 мм 09Г2С низколегированный,Лист г/к 10 мм 09Г2С низколегированный,10,58990,т,1,0,0,https://www.kavstal.ru/public/assets/images/products/LISTOVOI_PROKAT/STAL_LISTOVAYA_GK_NIZKOLEGIROVANNAYA/img.jpg,балашиха;сталь листовая г/к низколегированная;09г2с;10;лист;г/к;мм;низколегированный,09Г2С,10,,т
Листовой прокат,СТАЛЬ ЛИСТОВАЯ Г/К НИЗКОЛЕГИРОВАННАЯ,09Г2С-12,Лист г/к 12 мм 09Г2С-12 низколегированный,Лист г/к 12 мм 09Г2С-12 низколегированный,12,57990,т,1,0,0,https://www.kavstal.ru/public/assets/images/products/LISTOVOI_PROKAT/STAL_LISTOVAYA_GK_NIZKOLEGIROVANNAYA/img.jpg,балашиха;сталь листовая г/к низколегированная;09г2с-12;12;лист;г/к;мм;низколегированный,09Г2С-12,12,,т
Листовой прокат,СТАЛЬ ЛИСТОВАЯ Г/К НИЗКОЛЕГИРОВАННАЯ,09Г2С-12,Лист г/к 16 мм 09Г2С-12 низколегированный,Лист г/к 16 мм 09Г2С-12 низколегированный,16,58990,т,1,0,0,https://www.kavstal.ru/public/assets/images/products/LISTOVOI_PROKAT/STAL_LISTOVAYA_GK_NIZKOLEGIROVANNAYA/img.jpg,балашиха;сталь листовая г/к низколегированная;09г2с-12;16;лист;г/к;мм;низколегированный,09Г2С-12,16,,т
Листовой прокат,СТАЛЬ ЛИСТОВАЯ Г/К НИЗКОЛЕГИРОВАННАЯ,09Г2С-15,Лист г/к 3 мм 09Г2С-15 низколегированный,Лист г/к 3 мм 09Г2С-15 низколегированный,3,64990,т,1,0,0,https://www.kavstal.ru/public/assets/images/products/LISTOVOI_PROKAT/STAL_LISTOVAYA_GK_NIZKOLEGIROVANNAYA/img.jpg,балашиха;сталь листовая г/к низколегированная;09г2с-15;3;лист;г/к;мм;низколегированный,09Г2С-15,3,,т
Листовой прокат,СТАЛЬ ЛИСТОВАЯ Г/К НИЗКОЛЕГИРОВАННАЯ,09Г2С-15,Лист г/к 4 мм 09Г2С-15 низколегированный,Лист г/к 4 мм 09Г2С-15 низколегированный,4,62490,т,1,0,0,https://www.kavstal.ru/public/assets/images/products/LISTOVOI_PROKAT/STAL_LISTOVAYA_GK_NIZKOLEGIROVANNAYA/img.jpg,балашиха;сталь листовая г/к низколегированная;09г2с-15;4;лист;г/к;мм;низколегированный,09Г2С-15,4,,т
Листовой прокат,СТАЛЬ ЛИСТОВАЯ Г/К НИЗКОЛЕГИРОВАННАЯ,09Г2С-15,Лист г/к 4 мм 09Г2С-15 низколегированный,Лист г/к 4 мм 09Г2С-15 низколегированный,4,62990,т,1,0,0,https://www.kavstal.ru/public/assets/images/products/LISTOVOI_PROKAT/STAL_LISTOVAYA_GK_NIZKOLEGIROVANNAYA/img.jpg,балашиха;сталь листовая г/к низколегированная;09г2с-15;4;лист;г/к;мм;низколегированный,09Г2С-15,4,,т
Листовой прокат,СТАЛЬ ЛИСТОВАЯ Г/К НИЗКОЛЕГИРОВАННАЯ,09Г2С-15,Лист г/к 4 мм 09Г2С-15 низколегированный,Лист г/к 4 мм 09Г2С-15 низколегированный,4,64490,т,1,0,0,https://www.kavstal.ru/public/assets/images/products/LISTOVOI_PROKAT/STAL_LISTOVAYA_GK_NIZKOLEGIROVANNAYA/img.jpg,балашиха;сталь листовая г/к низколегированная;09г2с-15;4;лист;г/к;мм;низколегированный,09Г2С-15,4,,т
Листовой прокат,СТАЛЬ ЛИСТОВАЯ Г/К НИЗКОЛЕГИРОВАННАЯ,09Г2С-15,Лист г/к 5 мм 09Г2С-15 низколегированный,Лист г/к 5 мм 09Г2С-15 низколегированный,5,60990,т,1,0,0,https://www.kavstal.ru/public/assets/images/products/LISTOVOI_PROKAT/STAL_LISTOVAYA_GK_NIZKOLEGIROVANNAYA/img.jpg,балашиха;сталь листовая г/к низколегированная;09г2с-15;5;лист;г/к;мм;низколегированный,09Г2С-15,5,,т
Листовой прокат,СТАЛЬ ЛИСТОВАЯ Г/К НИЗКОЛЕГИРОВАННАЯ,09Г2С-15,Лист г/к 5 мм 09Г2С-15 низколегированный,Лист г/к 5 мм 09Г2С-15 низколегированный,5,62990,т,1,0,0,https://www.kavstal.ru/public/assets/images/products/LISTOVOI_PROKAT/STAL_LISTOVAYA_GK_NIZKOLEGIROVANNAYA/img.jpg,балашиха;сталь листовая г/к низколегированная;09г2с-15;5;лист;г/к;мм;низколегированный,09Г2С-15,5,,т
Листовой прокат,СТАЛЬ ЛИСТОВАЯ Г/К НИЗКОЛЕГИРОВАННАЯ,09Г2С-15,Лист г/к 5 мм 09Г2С-15 низколегированный,Лист г/к 5 мм 09Г2С-15 низколегированный,5,64490,т,1,0,0,https://www.kavstal.ru/public/assets/images/products/LISTOVOI_PROKAT/STAL_LISTOVAYA_GK_NIZKOLEGIROVANNAYA/img.jpg,балашиха;сталь листовая г/к низколегированная;09г2с-15;5;лист;г/к;мм;низколегированный,09Г2С-15,5,,т
Листовой прокат,СТАЛЬ ЛИСТОВАЯ Г/К НИЗКОЛЕГИРОВАННАЯ,09Г2С-15,Лист г/к 6 мм 09Г2С-15 низколегированный,Лист г/к 6 мм 09Г2С-15 низколегированный,6,59990,т,1,0,0,https://www.kavstal.ru/public/assets/images/products/LISTOVOI_PROKAT/STAL_LISTOVAYA_GK_NIZKOLEGIROVANNAYA/img.jpg,балашиха;сталь листовая г/к низколегированная;09г2с-15;6;лист;г/к;мм;низколегированный,09Г2С-15,6,,т
Листовой прокат,СТАЛЬ ЛИСТОВАЯ Г/К НИЗКОЛЕГИРОВАННАЯ,09Г2С-15,Лист г/к 6 мм 09Г2С-15 низколегированный,Лист г/к 6 мм 09Г2С-15 низколегированный,6,60990,т,1,0,0,https://www.kavstal.ru/public/assets/images/products/LISTOVOI_PROKAT/STAL_LISTOVAYA_GK_NIZKOLEGIROVANNAYA/img.jpg,балашиха;сталь листовая г/к низколегированная;09г2с-15;6;лист;г/к;мм;низколегированный,09Г2С-15,6,,т
Листовой прокат,СТАЛЬ ЛИСТОВАЯ Г/К НИЗКОЛЕГИРОВАННАЯ,09Г2С-15,Лист г/к 6 мм 09Г2С-15 низколегированный,Лист г/к 6 мм 09Г2С-15 низколегированный,6,59990,теор.т,1,0,0,https://www.kavstal.ru/public/assets/images/products/LISTOVOI_PROKAT/STAL_LISTOVAYA_GK_NIZKOLEGIROVANNAYA/img.jpg,балашиха;сталь листовая г/к низколегированная;09г2с-15;6;лист;г/к;мм;низколегированный,09Г2С-15,6,,теор.т
Листовой прокат,СТАЛЬ ЛИСТОВАЯ Г/К НИЗКОЛЕГИРОВАННАЯ,09Г2С-15,Лист г/к 7 мм 09Г2С-15 низколегированный,Лист г/к 7 мм 09Г2С-15 низколегированный,7,58990,теор.т,1,0,0,https://www.kavstal.ru/public/assets/images/products/LISTOVOI_PROKAT/STAL_LISTOVAYA_GK_NIZKOLEGIROVANNAYA/img.jpg,балашиха;сталь листовая г/к низколегированная;09г2с-15;7;8;лист;г/к;мм;низколегированный,09Г2С-15,7 ; 8,,теор.т
Листовой прокат,СТАЛЬ ЛИСТОВАЯ Г/К НИЗКОЛЕГИРОВАННАЯ,09Г2С-15,Лист г/к 8 мм 09Г2С-15 низколегированный,Лист г/к 8 мм 09Г2С-15 низколегированный,8,54990,теор.т,1,0,0,https://www.kavstal.ru/public/assets/images/products/LISTOVOI_PROKAT/STAL_LISTOVAYA_GK_NIZKOLEGIROVANNAYA/img.jpg,балашиха;сталь листовая г/к низколегированная;09г2с-15;8;лист;г/к;мм;низколегированный,09Г2С-15,8,,теор.т
Листовой прокат,СТАЛЬ ЛИСТОВАЯ Г/К НИЗКОЛЕГИРОВАННАЯ,09Г2С-15,Лист г/к 10 мм 09Г2С-15 низколегированный,Лист г/к 10 мм 09Г2С-15 низколегированный,10,58990,т,1,0,0,https://www.kavstal.ru/public/assets/images/products/LISTOVOI_PROKAT/STAL_LISTOVAYA_GK_NIZKOLEGIROVANNAYA/img.jpg,балашиха;сталь листовая г/к низколегированная;09г2с-15;10;лист;г/к;мм;низколегированный,09Г2С-15,10,,т
Листовой прокат,СТАЛЬ ЛИСТОВАЯ Г/К НИЗКОЛЕГИРОВАННАЯ,09Г2С-15,Лист г/к 12 мм 09Г2С-15 низколегированный,Лист г/к 12 мм 09Г2С-15 низколегированный,12,57990,т,1,0,0,https://www.kavstal.ru/public/assets/images/products/LISTOVOI_PROKAT/STAL_LISTOVAYA_GK_NIZKOLEGIROVANNAYA/img.jpg,балашиха;сталь листовая г/к низколегированная;09г2с-15;12;лист;г/к;мм;низколегированный,09Г2С-15,12,,т
Листовой прокат,СТАЛЬ ЛИСТОВАЯ Г/К НИЗКОЛЕГИРОВАННАЯ,09Г2С-15,Лист г/к 22 мм 09Г2С-15 низколегированный,Лист г/к 22 мм 09Г2С-15 низколегированный,22,60990,т,1,0,0,https://www.kavstal.ru/public/assets/images/products/LISTOVOI_PROKAT/STAL_LISTOVAYA_GK_NIZKOLEGIROVANNAYA/img.jpg,балашиха;сталь листовая г/к низколегированная;09г2с-15;22;25;лист;г/к;мм;низколегированный,09Г2С-15,22 ; 25,,т
Листовой прокат,СТАЛЬ ЛИСТОВАЯ Г/К НИЗКОЛЕГИРОВАННАЯ,09Г2С-15 ГС,Лист г/к 12 мм 09Г2С-15 ГС низколегированный,Лист г/к 12 мм 09Г2С-15 ГС низколегированный,12,58990,т,1,0,0,https://www.kavstal.ru/public/assets/images/products/LISTOVOI_PROKAT/STAL_LISTOVAYA_GK_NIZKOLEGIROVANNAYA/img.jpg,балашиха;сталь листовая г/к низколегированная;09г2с-15 гс;12;лист;г/к;мм;09г2с-15;гс;низколегированный,09Г2С-15 ГС,12,,т
Листовой прокат,СТАЛЬ ЛИСТОВАЯ Г/К НИЗКОЛЕГИРОВАННАЯ,09Г2С-15 ГС,Лист г/к 25 мм 09Г2С-15 ГС низколегированный,Лист г/к 25 мм 09Г2С-15 ГС низколегированный,25,60990,т,1,0,0,https://www.kavstal.ru/public/assets/images/products/LISTOVOI_PROKAT/STAL_LISTOVAYA_GK_NIZKOLEGIROVANNAYA/img.jpg,балашиха;сталь листовая г/к низколегированная;09г2с-15 гс;25;лист;г/к;мм;09г2с-15;гс;низколегированный,09Г2С-15 ГС,25,,т
Листовой прокат,СТАЛЬ ЛИСТОВАЯ Г/К НИЗКОЛЕГИРОВАННАЯ,09Г2С-6,Лист г/к 5 мм 09Г2С-6 низколегированный,Лист г/к 5 мм 09Г2С-6 низколегированный,5,62990,т,1,0,0,https://www.kavstal.ru/public/assets/images/products/LISTOVOI_PROKAT/STAL_LISTOVAYA_GK_NIZKOLEGIROVANNAYA/img.jpg,балашиха;сталь листовая г/к низколегированная;09г2с-6;5;лист;г/к;мм;низколегированный,09Г2С-6,5,,т
Листовой прокат,СТАЛЬ ЛИСТОВАЯ Г/К НИЗКОЛЕГИРОВАННАЯ,S420МС,Лист г/к 8 мм S420МС низколегированный,Лист г/к 8 мм S420МС низколегированный,8,65000,т,1,0,0,https://www.kavstal.ru/public/assets/images/products/LISTOVOI_PROKAT/STAL_LISTOVAYA_GK_NIZKOLEGIROVANNAYA/img.jpg,балашиха;сталь листовая г/к низколегированная;s420мс;8;лист;г/к;мм;низколегированный,S420МС,8,,т
Листовой прокат,ЛИСТ РИФЛЕНЫЙ,н/обр ромб,Лист рифленый 3 мм н/обр ромб,Лист рифленый 3 мм н/обр ромб,3,58990,т,1,0,0,https://www.kavstal.ru/public/assets/images/products/LISTOVOI_PROKAT/LIST_RIFLENYI/img.webp,балашиха;лист рифленый;н/обр ромб;3;лист;рифленый;мм;н/обр;ромб,н/обр ромб,3,,т
Листовой прокат,ЛИСТ РИФЛЕНЫЙ,н/обр ромб,Лист рифленый 4 мм н/обр ромб,Лист рифленый 4 мм н/обр ромб,4,59990,т,1,0,0,https://www.kavstal.ru/public/assets/images/products/LISTOVOI_PROKAT/LIST_RIFLENYI/img.webp,балашиха;лист рифленый;н/обр ромб;4;лист;рифленый;мм;н/обр;ромб,н/обр ромб,4,,т
Листовой прокат,ЛИСТ РИФЛЕНЫЙ,н/обр ромб,Лист рифленый 5 мм н/обр ромб,Лист рифленый 5 мм н/обр ромб,5,58990,т,1,0,0,https://www.kavstal.ru/public/assets/images/products/LISTOVOI_PROKAT/LIST_RIFLENYI/img.webp,балашиха;лист рифленый;н/обр ромб;5;лист;рифленый;мм;н/обр;ромб,н/обр ромб,5,,т
Листовой прокат,ЛИСТ РИФЛЕНЫЙ,н/обр ромб,Лист рифленый 6 мм н/обр ромб,Лист рифленый 6 мм н/обр ромб,6,59990,т,1,0,0,https://www.kavstal.ru/public/assets/images/products/LISTOVOI_PROKAT/LIST_RIFLENYI/img.webp,балашиха;лист рифленый;н/обр ромб;6;лист;рифленый;мм;н/обр;ромб,н/обр ромб,6,,т
Листовой прокат,ЛИСТ РИФЛЕНЫЙ,н/обр ромб,Лист рифленый 8 мм н/обр ромб,Лист рифленый 8 мм н/обр ромб,8,57990,т,1,0,0,https://www.kavstal.ru/public/assets/images/products/LISTOVOI_PROKAT/LIST_RIFLENYI/img.webp,балашиха;лист рифленый;н/обр ромб;8;лист;рифленый;мм;н/обр;ромб,н/обр ромб,8,,т
Листовой прокат,ЛИСТ РИФЛЕНЫЙ,н/обр чечев,Лист рифленый 3 мм н/обр чечев,Лист рифленый 3 мм н/обр чечев,3,58990,т,1,0,0,https://www.kavstal.ru/public/assets/images/products/LISTOVOI_PROKAT/LIST_RIFLENYI/img.webp,балашиха;лист рифленый;н/обр чечев;3;лист;рифленый;мм;н/обр;чечев,н/обр чечев,3,,т
Листовой прокат,ЛИСТ РИФЛЕНЫЙ,н/обр чечев,Лист рифленый 3 мм н/обр чечев,Лист рифленый 3 мм н/обр чечев,3,59990,т,1,0,0,https://www.kavstal.ru/public/assets/images/products/LISTOVOI_PROKAT/LIST_RIFLENYI/img.webp,балашиха;лист рифленый;н/обр чечев;3;лист;рифленый;мм;н/обр;чечев,н/обр чечев,3,,т
Листовой прокат,ЛИСТ РИФЛЕНЫЙ,н/обр чечев,Лист рифленый 4 мм н/обр чечев,Лист рифленый 4 мм н/обр чечев,4,58990,т,1,0,0,https://www.kavstal.ru/public/assets/images/products/LISTOVOI_PROKAT/LIST_RIFLENYI/img.webp,балашиха;лист рифленый;н/обр чечев;4;лист;рифленый;мм;н/обр;чечев,н/обр чечев,4,,т
Листовой прокат,ЛИСТ РИФЛЕНЫЙ,н/обр чечев,Лист рифленый 4 мм н/обр чечев,Лист рифленый 4 мм н/обр чечев,4,59990,т,1,0,0,https://www.kavstal.ru/public/assets/images/products/LISTOVOI_PROKAT/LIST_RIFLENYI/img.webp,балашиха;лист рифленый;н/обр чечев;4;лист;рифленый;мм;н/обр;чечев,н/обр чечев,4,,т
Листовой прокат,ЛИСТ РИФЛЕНЫЙ,н/обр чечев,Лист рифленый 5 мм н/обр чечев,Лист рифленый 5 мм н/обр чечев,5,60990,т,1,0,0,https://www.kavstal.ru/public/assets/images/products/LISTOVOI_PROKAT/LIST_RIFLENYI/img.webp,балашиха;лист рифленый;н/обр чечев;5;лист;рифленый;мм;н/обр;чечев,н/обр чечев,5,,т
Листовой прокат,ЛИСТ РИФЛЕНЫЙ,н/обр чечев,Лист рифленый 6 мм н/обр чечев,Лист рифленый 6 мм н/обр чечев,6,58990,т,1,0,0,https://www.kavstal.ru/public/assets/images/products/LISTOVOI_PROKAT/LIST_RIFLENYI/img.webp,балашиха;лист рифленый;н/обр чечев;6;лист;рифленый;мм;н/обр;чечев,н/обр чечев,6,,т
Листовой прокат,ЛИСТ РИФЛЕНЫЙ,н/обр чечев,Лист рифленый 6 мм н/обр чечев,Лист рифленый 6 мм н/обр чечев,6,60990,т,1,0,0,https://www.kavstal.ru/public/assets/images/products/LISTOVOI_PROKAT/LIST_RIFLENYI/img.webp,балашиха;лист рифленый;н/обр чечев;6;лист;рифленый;мм;н/обр;чечев,н/обр чечев,6,,т
Листовой прокат,ЛИСТ РИФЛЕНЫЙ,н/обр чечев,Лист рифленый 6 мм н/обр чечев,Лист рифленый 6 мм н/обр чечев,6,62990,т,1,0,0,https://www.kavstal.ru/public/assets/images/products/LISTOVOI_PROKAT/LIST_RIFLENYI/img.webp,балашиха;лист рифленый;н/обр чечев;6;лист;рифленый;мм;н/обр;чечев,н/обр чечев,6,,т
Листовой прокат,ЛИСТ РИФЛЕНЫЙ,н/обр чечев,Лист рифленый 8 мм н/обр чечев,Лист рифленый 8 мм н/обр чечев,8,57990,т,1,0,0,https://www.kavstal.ru/public/assets/images/products/LISTOVOI_PROKAT/LIST_RIFLENYI/img.webp,балашиха;лист рифленый;н/обр чечев;8;лист;рифленый;мм;н/обр;чечев,н/обр чечев,8,,т
Листовой прокат,ЛИСТ РИФЛЕНЫЙ,н/обр чечев,Лист рифленый 10 мм н/обр чечев,Лист рифленый 10 мм н/обр чечев,10,56990,т,1,0,0,https://www.kavstal.ru/public/assets/images/products/LISTOVOI_PROKAT/LIST_RIFLENYI/img.webp,балашиха;лист рифленый;н/обр чечев;10;лист;рифленый;мм;н/обр;чечев,н/обр чечев,10,,т
Листовой прокат,ПРОСЕЧНО-ВЫТЯЖНОЙ ЛИСТ,ПВЛ-306,Лист просечно-вытяжной ПВЛ-306,Лист просечно-вытяжной ПВЛ-306,306,65990,т,1,0,0,https://www.kavstal.ru/public/assets/images/products/LISTOVOI_PROKAT/PROSECHNO_VYTYAZHNOI_LIST/img.webp,балашиха;просечно-вытяжной лист;пвл-306;306;лист;просечно-вытяжной,ПВЛ-306,306,,т
Листовой прокат,ПРОСЕЧНО-ВЫТЯЖНОЙ ЛИСТ,ПВЛ-406,Лист просечно-вытяжной ПВЛ-406,Лист просечно-вытяжной ПВЛ-406,406,63990,т,1,0,0,https://www.kavstal.ru/public/assets/images/products/LISTOVOI_PROKAT/PROSECHNO_VYTYAZHNOI_LIST/img.webp,балашиха;просечно-вытяжной лист;пвл-406;406;лист;просечно-вытяжной,ПВЛ-406,406,,т
Листовой прокат,ПРОСЕЧНО-ВЫТЯЖНОЙ ЛИСТ,ПВЛ-408,Лист просечно-вытяжной ПВЛ-408,Лист просечно-вытяжной ПВЛ-408,408,63990,т,1,0,0,https://www.kavstal.ru/public/assets/images/products/LISTOVOI_PROKAT/PROSECHNO_VYTYAZHNOI_LIST/img.webp,балашиха;просечно-вытяжной лист;пвл-408;408;лист;просечно-вытяжной,ПВЛ-408,408,,т
Листовой прокат,ПРОСЕЧНО-ВЫТЯЖНОЙ ЛИСТ,ПВЛ-506,Лист просечно-вытяжной ПВЛ-506,Лист просечно-вытяжной ПВЛ-506,506,65990,т,1,0,0,https://www.kavstal.ru/public/assets/images/products/LISTOVOI_PROKAT/PROSECHNO_VYTYAZHNOI_LIST/img.webp,балашиха;просечно-вытяжной лист;пвл-506;506;лист;просечно-вытяжной,ПВЛ-506,506,,т
Листовой прокат,ПРОСЕЧНО-ВЫТЯЖНОЙ ЛИСТ,ПВЛ-508,Лист просечно-вытяжной ПВЛ-508,Лист просечно-вытяжной ПВЛ-508,508,65990,т,1,0,0,https://www.kavstal.ru/public/assets/images/products/LISTOVOI_PROKAT/PROSECHNO_VYTYAZHNOI_LIST/img.webp,балашиха;просечно-вытяжной лист;пвл-508;508;лист;просечно-вытяжной,ПВЛ-508,508,,т
Листовой прокат,ПРОСЕЧНО-ВЫТЯЖНОЙ ЛИСТ,ПВЛ-510,Лист просечно-вытяжной ПВЛ-510,Лист просечно-вытяжной ПВЛ-510,510,70490,т,1,0,0,https://www.kavstal.ru/public/assets/images/products/LISTOVOI_PROKAT/PROSECHNO_VYTYAZHNOI_LIST/img.webp,балашиха;просечно-вытяжной лист;пвл-510;510;лист;просечно-вытяжной,ПВЛ-510,510,,т
Листовой прокат,СТАЛЬ ЛИСТОВАЯ Х/К,Ст08пс5,Лист х/к 0.5 мм Ст08пс5,Лист х/к 0.5 мм Ст08пс5,0.5,71990,т,1,0,0,https://www.kavstal.ru/public/assets/images/products/LISTOVOI_PROKAT/STAL_LISTOVAYA_KHK/img.jpg,балашиха;сталь листовая х/к;ст08пс5;5;лист;х/к;0.5;мм,Ст08пс5,0.5,,т
Листовой прокат,СТАЛЬ ЛИСТОВАЯ Х/К,Ст08пс5,Лист х/к 0.6 мм Ст08пс5,Лист х/к 0.6 мм Ст08пс5,0.6,70990,т,1,0,0,https://www.kavstal.ru/public/assets/images/products/LISTOVOI_PROKAT/STAL_LISTOVAYA_KHK/img.jpg,балашиха;сталь листовая х/к;ст08пс5;6;2;лист;х/к;0.6;мм,Ст08пс5,0.6 ; 2,,т
Листовой прокат,СТАЛЬ ЛИСТОВАЯ Х/К,Ст08пс5,Лист х/к 2.5 мм Ст08пс5,Лист х/к 2.5 мм Ст08пс5,2.5,69990,т,1,0,0,https://www.kavstal.ru/public/assets/images/products/LISTOVOI_PROKAT/STAL_LISTOVAYA_KHK/img.jpg,балашиха;сталь листовая х/к;ст08пс5;2;5;3;лист;х/к;2.5;мм,Ст08пс5,2.5 ; 3,,т
Листовой прокат,СТАЛЬ ЛИСТОВАЯ Х/К,Ст08пс6,Лист х/к 0.5 мм Ст08пс6,Лист х/к 0.5 мм Ст08пс6,0.5,69990,т,1,0,0,https://www.kavstal.ru/public/assets/images/products/LISTOVOI_PROKAT/STAL_LISTOVAYA_KHK/img.jpg,балашиха;сталь листовая х/к;ст08пс6;5;лист;х/к;0.5;мм,Ст08пс6,0.5,,т
Листовой прокат,СТАЛЬ ЛИСТОВАЯ Х/К,Ст08пс6,Лист х/к 0.5 мм Ст08пс6,Лист х/к 0.5 мм Ст08пс6,0.5,71990,т,1,0,0,https://www.kavstal.ru/public/assets/images/products/LISTOVOI_PROKAT/STAL_LISTOVAYA_KHK/img.jpg,балашиха;сталь листовая х/к;ст08пс6;5;лист;х/к;0.5;мм,Ст08пс6,0.5,,т
Листовой прокат,СТАЛЬ ЛИСТОВАЯ Х/К,Ст08пс6,Лист х/к 0.5 мм Ст08пс6,Лист х/к 0.5 мм Ст08пс6,0.5,72990,т,1,0,0,https://www.kavstal.ru/public/assets/images/products/LISTOVOI_PROKAT/STAL_LISTOVAYA_KHK/img.jpg,балашиха;сталь листовая х/к;ст08пс6;5;лист;х/к;0.5;мм,Ст08пс6,0.5,,т
Листовой прокат,СТАЛЬ ЛИСТОВАЯ Х/К,Ст08пс6,Лист х/к 0.6 мм Ст08пс6,Лист х/к 0.6 мм Ст08пс6,0.6,70990,т,1,0,0,https://www.kavstal.ru/public/assets/images/products/LISTOVOI_PROKAT/STAL_LISTOVAYA_KHK/img.jpg,балашиха;сталь листовая х/к;ст08пс6;6;7;лист;х/к;0.6;мм,Ст08пс6,0.6 ; 0.7,,т
Листовой прокат,СТАЛЬ ЛИСТОВАЯ Х/К,Ст08пс6,Лист х/к 0.8 мм Ст08пс6,Лист х/к 0.8 мм Ст08пс6,0.8,69490,т,1,0,0,https://www.kavstal.ru/public/assets/images/products/LISTOVOI_PROKAT/STAL_LISTOVAYA_KHK/img.jpg,балашиха;сталь листовая х/к;ст08пс6;8;лист;х/к;0.8;мм,Ст08пс6,0.8,,т
Листовой прокат,СТАЛЬ ЛИСТОВАЯ Х/К,Ст08пс6,Лист х/к 0.8 мм Ст08пс6,Лист х/к 0.8 мм Ст08пс6,0.8,73490,т,1,0,0,https://www.kavstal.ru/public/assets/images/products/LISTOVOI_PROKAT/STAL_LISTOVAYA_KHK/img.jpg,балашиха;сталь листовая х/к;ст08пс6;8;9;лист;х/к;0.8;мм,Ст08пс6,0.8 ; 0.9,,т
Листовой прокат,СТАЛЬ ЛИСТОВАЯ Х/К,Ст08пс6,Лист х/к 1 мм Ст08пс6,Лист х/к 1 мм Ст08пс6,1,68990,т,1,0,0,https://www.kavstal.ru/public/assets/images/products/LISTOVOI_PROKAT/STAL_LISTOVAYA_KHK/img.jpg,балашиха;сталь листовая х/к;ст08пс6;1;лист;х/к;мм,Ст08пс6,1,,т
Листовой прокат,СТАЛЬ ЛИСТОВАЯ Х/К,Ст08пс6,Лист х/к 1 мм Ст08пс6,Лист х/к 1 мм Ст08пс6,1,70990,т,1,0,0,https://www.kavstal.ru/public/assets/images/products/LISTOVOI_PROKAT/STAL_LISTOVAYA_KHK/img.jpg,балашиха;сталь листовая х/к;ст08пс6;1;лист;х/к;мм,Ст08пс6,1,,т
Листовой прокат,СТАЛЬ ЛИСТОВАЯ Х/К,Ст08пс6,Лист х/к 1.2 мм Ст08пс6,Лист х/к 1.2 мм Ст08пс6,1.2,68990,т,1,0,0,https://www.kavstal.ru/public/assets/images/products/LISTOVOI_PROKAT/STAL_LISTOVAYA_KHK/img.jpg,балашиха;сталь листовая х/к;ст08пс6;1;2;лист;х/к;1.2;мм,Ст08пс6,1.2,,т
Листовой прокат,СТАЛЬ ЛИСТОВАЯ Х/К,Ст08пс6,Лист х/к 1.2 мм Ст08пс6,Лист х/к 1.2 мм Ст08пс6,1.2,70990,т,1,0,0,https://www.kavstal.ru/public/assets/images/products/LISTOVOI_PROKAT/STAL_LISTOVAYA_KHK/img.jpg,балашиха;сталь листовая х/к;ст08пс6;1;2;лист;х/к;1.2;мм,Ст08пс6,1.2,,т
Листовой прокат,СТАЛЬ ЛИСТОВАЯ Х/К,Ст08пс6,Лист х/к 1.4 мм Ст08пс6,Лист х/к 1.4 мм Ст08пс6,1.4,70790,т,1,0,0,https://www.kavstal.ru/public/assets/images/products/LISTOVOI_PROKAT/STAL_LISTOVAYA_KHK/img.jpg,балашиха;сталь листовая х/к;ст08пс6;1;4;лист;х/к;1.4;мм,Ст08пс6,1.4,,т
Листовой прокат,СТАЛЬ ЛИСТОВАЯ Х/К,Ст08пс6,Лист х/к 1.5 мм Ст08пс6,Лист х/к 1.5 мм Ст08пс6,1.5,68490,т,1,0,0,https://www.kavstal.ru/public/assets/images/products/LISTOVOI_PROKAT/STAL_LISTOVAYA_KHK/img.jpg,балашиха;сталь листовая х/к;ст08пс6;1;5;лист;х/к;1.5;мм,Ст08пс6,1.5,,т
Листовой прокат,СТАЛЬ ЛИСТОВАЯ Х/К,Ст08пс6,Лист х/к 1.8 мм Ст08пс6,Лист х/к 1.8 мм Ст08пс6,1.8,70190,т,1,0,0,https://www.kavstal.ru/public/assets/images/products/LISTOVOI_PROKAT/STAL_LISTOVAYA_KHK/img.jpg,балашиха;сталь листовая х/к;ст08пс6;1;8;лист;х/к;1.8;мм,Ст08пс6,1.8,,т
Листовой прокат,СТАЛЬ ЛИСТОВАЯ Х/К,Ст08пс6,Лист х/к 2 мм Ст08пс6,Лист х/к 2 мм Ст08пс6,2,67990,т,1,0,0,https://www.kavstal.ru/public/assets/images/products/LISTOVOI_PROKAT/STAL_LISTOVAYA_KHK/img.jpg,балашиха;сталь листовая х/к;ст08пс6;2;лист;х/к;мм,Ст08пс6,2,,т
Листовой прокат,СТАЛЬ ЛИСТОВАЯ Х/К,Ст08пс6,Лист х/к 2.5 мм Ст08пс6,Лист х/к 2.5 мм Ст08пс6,2.5,69990,т,1,0,0,https://www.kavstal.ru/public/assets/images/products/LISTOVOI_PROKAT/STAL_LISTOVAYA_KHK/img.jpg,балашиха;сталь листовая х/к;ст08пс6;2;5;лист;х/к;2.5;мм,Ст08пс6,2.5,,т
Листовой прокат,СТАЛЬ ЛИСТОВАЯ Х/К,Ст08пс6,Лист х/к 3 мм Ст08пс6,Лист х/к 3 мм Ст08пс6,3,67900,т,1,0,0,https://www.kavstal.ru/public/assets/images/products/LISTOVOI_PROKAT/STAL_LISTOVAYA_KHK/img.jpg,балашиха;сталь листовая х/к;ст08пс6;3;лист;х/к;мм,Ст08пс6,3,,т
Листовой прокат,СТАЛЬ ЛИСТОВАЯ ОЦИНКОВАННАЯ Х/К,2 кл КР пром_пас,Лист оцинкованный 0.45 мм,Лист оцинкованный 0.45 мм,0.45,87290,т,1,0,0,https://www.kavstal.ru/public/assets/images/products/LISTOVOI_PROKAT/STAL_LISTOVAYA_OTSINKOVANNAYA/img.webp,балашиха;сталь листовая оцинкованная х/к;2 кл кр пром_пас;45;лист;оцинкованный;0.45;мм,2 кл КР пром_пас,0.45,,т
Листовой прокат,СТАЛЬ ЛИСТОВАЯ ОЦИНКОВАННАЯ Х/К,2 кл КР пром_пас,Лист оцинкованный 0.55 мм,Лист оцинкованный 0.55 мм,0.55,82790,т,1,0,0,https://www.kavstal.ru/public/assets/images/products/LISTOVOI_PROKAT/STAL_LISTOVAYA_OTSINKOVANNAYA/img.webp,балашиха;сталь листовая оцинкованная х/к;2 кл кр пром_пас;55;лист;оцинкованный;0.55;мм,2 кл КР пром_пас,0.55,,т
Листовой прокат,СТАЛЬ ЛИСТОВАЯ ОЦИНКОВАННАЯ Х/К,2 кл КР пром_пас,Лист оцинкованный 0.7 мм,Лист оцинкованный 0.7 мм,0.7,77690,т,1,0,0,https://www.kavstal.ru/public/assets/images/products/LISTOVOI_PROKAT/STAL_LISTOVAYA_OTSINKOVANNAYA/img.webp,балашиха;сталь листовая оцинкованная х/к;2 кл кр пром_пас;7;лист;оцинкованный;0.7;мм,2 кл КР пром_пас,0.7,,т
Листовой прокат,СТАЛЬ ЛИСТОВАЯ ОЦИНКОВАННАЯ Х/К,2 кл КР пром_пас,Лист оцинкованный 0.8 мм,Лист оцинкованный 0.8 мм,0.8,75550,т,1,0,0,https://www.kavstal.ru/public/assets/images/products/LISTOVOI_PROKAT/STAL_LISTOVAYA_OTSINKOVANNAYA/img.webp,балашиха;сталь листовая оцинкованная х/к;2 кл кр пром_пас;8;лист;оцинкованный;0.8;мм,2 кл КР пром_пас,0.8,,т
Листовой прокат,СТАЛЬ ЛИСТОВАЯ ОЦИНКОВАННАЯ Х/К,2 кл КР пром_пас,Лист оцинкованный 1 мм,Лист оцинкованный 1 мм,1,73790,т,1,0,0,https://www.kavstal.ru/public/assets/images/products/LISTOVOI_PROKAT/STAL_LISTOVAYA_OTSINKOVANNAYA/img.webp,балашиха;сталь листовая оцинкованная х/к;2 кл кр пром_пас;1;лист;оцинкованный;мм,2 кл КР пром_пас,1,,т
Листовой прокат,СТАЛЬ ЛИСТОВАЯ ОЦИНКОВАННАЯ Х/К,2 кл КР пром_пас,Лист оцинкованный 1.2 мм,Лист оцинкованный 1.2 мм,1.2,71390,т,1,0,0,https://www.kavstal.ru/public/assets/images/products/LISTOVOI_PROKAT/STAL_LISTOVAYA_OTSINKOVANNAYA/img.webp,балашиха;сталь листовая оцинкованная х/к;2 кл кр пром_пас;1;2;лист;оцинкованный;1.2;мм,2 кл КР пром_пас,1.2,,т
Листовой прокат,СТАЛЬ ЛИСТОВАЯ ОЦИНКОВАННАЯ Х/К,2 кл КР пром_пас,Лист оцинкованный 1.5 мм,Лист оцинкованный 1.5 мм,1.5,73290,т,1,0,0,https://www.kavstal.ru/public/assets/images/products/LISTOVOI_PROKAT/STAL_LISTOVAYA_OTSINKOVANNAYA/img.webp,балашиха;сталь листовая оцинкованная х/к;2 кл кр пром_пас;1;5;лист;оцинкованный;1.5;мм,2 кл КР пром_пас,1.5,,т
Листовой прокат,СТАЛЬ ЛИСТОВАЯ ОЦИНКОВАННАЯ Х/К,М Zn140 М пас,Лист оцинкованный 0.5 мм М Zn140 М пас,Лист оцинкованный 0.5 мм М Zn140 М пас,0.5,96990,т,1,0,0,https://www.kavstal.ru/public/assets/images/products/LISTOVOI_PROKAT/STAL_LISTOVAYA_OTSINKOVANNAYA/img.webp,балашиха;сталь листовая оцинкованная х/к;м zn140 м пас;5;лист;оцинкованный;0.5;мм;zn140;пас,М Zn140 М пас,0.5,,т
Листовой прокат,СТАЛЬ ЛИСТОВАЯ ОЦИНКОВАННАЯ Х/К,н/обр 2 кл КР пром_пас,Лист оцинкованный 0.55 мм,Лист оцинкованный 0.55 мм,0.55,86790,т,1,0,0,https://www.kavstal.ru/public/assets/images/products/LISTOVOI_PROKAT/STAL_LISTOVAYA_OTSINKOVANNAYA/img.webp,балашиха;сталь листовая оцинкованная х/к;н/обр 2 кл кр пром_пас;55;лист;оцинкованный;0.55;мм,н/обр 2 кл КР пром_пас,0.55,,т
Листовой прокат,СТАЛЬ ЛИСТОВАЯ ОЦИНКОВАННАЯ Х/К,н/обр Zn100 М пас,Лист оцинкованный 0.7 мм н/обр Zn100 М пас,Лист оцинкованный 0.7 мм н/обр Zn100 М пас,0.7,84790,т,1,0,0,https://www.kavstal.ru/public/assets/images/products/LISTOVOI_PROKAT/STAL_LISTOVAYA_OTSINKOVANNAYA/img.webp,балашиха;сталь листовая оцинкованная х/к;н/обр zn100 м пас;7;8;лист;оцинкованный;0.7;мм;н/обр;zn100;пас,н/обр Zn100 М пас,0.7 ; 0.8,,т
Листовой прокат,СТАЛЬ ЛИСТОВАЯ ОЦИНКОВАННАЯ Х/К,н/обр Zn100 М пас,Лист оцинкованный 1.2 мм н/обр Zn100 М пас,Лист оцинкованный 1.2 мм н/обр Zn100 М пас,1.2,81190,т,1,0,0,https://www.kavstal.ru/public/assets/images/products/LISTOVOI_PROKAT/STAL_LISTOVAYA_OTSINKOVANNAYA/img.webp,балашиха;сталь листовая оцинкованная х/к;н/обр zn100 м пас;1;2;лист;оцинкованный;1.2;мм;н/обр;zn100;пас,н/обр Zn100 М пас,1.2,,т
Листовой прокат,СТАЛЬ ЛИСТОВАЯ ОЦИНКОВАННАЯ Х/К,н/обр Zn100 М пас,Лист оцинкованный 1.5 мм н/обр Zn100 М пас,Лист оцинкованный 1.5 мм н/обр Zn100 М пас,1.5,81290,т,1,0,0,https://www.kavstal.ru/public/assets/images/products/LISTOVOI_PROKAT/STAL_LISTOVAYA_OTSINKOVANNAYA/img.webp,балашиха;сталь листовая оцинкованная х/к;н/обр zn100 м пас;1;5;лист;оцинкованный;1.5;мм;н/обр;zn100;пас,н/обр Zn100 М пас,1.5,,т
Листовой прокат,СТАЛЬ ЛИСТОВАЯ ОЦИНКОВАННАЯ Х/К,н/обр Zn140 М пас,Лист оцинкованный 0.5 мм н/обр Zn140 М пас,Лист оцинкованный 0.5 мм н/обр Zn140 М пас,0.5,93790,т,1,0,0,https://www.kavstal.ru/public/assets/images/products/LISTOVOI_PROKAT/STAL_LISTOVAYA_OTSINKOVANNAYA/img.webp,балашиха;сталь листовая оцинкованная х/к;н/обр zn140 м пас;5;лист;оцинкованный;0.5;мм;н/обр;zn140;пас,н/обр Zn140 М пас,0.5,,т
Листовой прокат,СТАЛЬ ЛИСТОВАЯ ОЦИНКОВАННАЯ Х/К,н/обр Zn140 М пас,Лист оцинкованный 0.55 мм н/обр Zn140 М пас,Лист оцинкованный 0.55 мм н/обр Zn140 М пас,0.55,90490,т,1,0,0,https://www.kavstal.ru/public/assets/images/products/LISTOVOI_PROKAT/STAL_LISTOVAYA_OTSINKOVANNAYA/img.webp,балашиха;сталь листовая оцинкованная х/к;н/обр zn140 м пас;55;лист;оцинкованный;0.55;мм;н/обр;zn140;пас,н/обр Zn140 М пас,0.55,,т
Листовой прокат,СТАЛЬ ЛИСТОВАЯ ОЦИНКОВАННАЯ Х/К,н/обр Zn140 М пас,Лист оцинкованный 0.55 мм н/обр Zn140 М пас,Лист оцинкованный 0.55 мм н/обр Zn140 М пас,0.55,93790,т,1,0,0,https://www.kavstal.ru/public/assets/images/products/LISTOVOI_PROKAT/STAL_LISTOVAYA_OTSINKOVANNAYA/img.webp,балашиха;сталь листовая оцинкованная х/к;н/обр zn140 м пас;55;лист;оцинкованный;0.55;мм;н/обр;zn140;пас,н/обр Zn140 М пас,0.55,,т
Листовой прокат,СТАЛЬ ЛИСТОВАЯ ОЦИНКОВАННАЯ Х/К,н/обр Zn140 М пас,Лист оцинкованный 0.7 мм н/обр Zn140 М пас,Лист оцинкованный 0.7 мм н/обр Zn140 М пас,0.7,89490,т,1,0,0,https://www.kavstal.ru/public/assets/images/products/LISTOVOI_PROKAT/STAL_LISTOVAYA_OTSINKOVANNAYA/img.webp,балашиха;сталь листовая оцинкованная х/к;н/обр zn140 м пас;7;лист;оцинкованный;0.7;мм;н/обр;zn140;пас,н/обр Zn140 М пас,0.7,,т
Листовой прокат,СТАЛЬ ЛИСТОВАЯ ОЦИНКОВАННАЯ Х/К,н/обр Zn140 М пас,Лист оцинкованный 0.7 мм н/обр Zn140 М пас,Лист оцинкованный 0.7 мм н/обр Zn140 М пас,0.7,92790,т,1,0,0,https://www.kavstal.ru/public/assets/images/products/LISTOVOI_PROKAT/STAL_LISTOVAYA_OTSINKOVANNAYA/img.webp,балашиха;сталь листовая оцинкованная х/к;н/обр zn140 м пас;7;лист;оцинкованный;0.7;мм;н/обр;zn140;пас,н/обр Zn140 М пас,0.7,,т
Листовой прокат,СТАЛЬ ЛИСТОВАЯ ОЦИНКОВАННАЯ Х/К,н/обр Zn140 М пас,Лист оцинкованный 0.8 мм н/обр Zn140 М пас,Лист оцинкованный 0.8 мм н/обр Zn140 М пас,0.8,85790,т,1,0,0,https://www.kavstal.ru/public/assets/images/products/LISTOVOI_PROKAT/STAL_LISTOVAYA_OTSINKOVANNAYA/img.webp,балашиха;сталь листовая оцинкованная х/к;н/обр zn140 м пас;8;лист;оцинкованный;0.8;мм;н/обр;zn140;пас,н/обр Zn140 М пас,0.8,,т
Листовой прокат,СТАЛЬ ЛИСТОВАЯ ОЦИНКОВАННАЯ Х/К,н/обр Zn140 М пас,Лист оцинкованный 0.8 мм н/обр Zn140 М пас,Лист оцинкованный 0.8 мм н/обр Zn140 М пас,0.8,87690,т,1,0,0,https://www.kavstal.ru/public/assets/images/products/LISTOVOI_PROKAT/STAL_LISTOVAYA_OTSINKOVANNAYA/img.webp,балашиха;сталь листовая оцинкованная х/к;н/обр zn140 м пас;8;лист;оцинкованный;0.8;мм;н/обр;zn140;пас,н/обр Zn140 М пас,0.8,,т
Листовой прокат,СТАЛЬ ЛИСТОВАЯ ОЦИНКОВАННАЯ Х/К,н/обр Zn140 М пас,Лист оцинкованный 1 мм н/обр Zn140 М пас,Лист оцинкованный 1 мм н/обр Zn140 М пас,1,82890,т,1,0,0,https://www.kavstal.ru/public/assets/images/products/LISTOVOI_PROKAT/STAL_LISTOVAYA_OTSINKOVANNAYA/img.webp,балашиха;сталь листовая оцинкованная х/к;н/обр zn140 м пас;1;лист;оцинкованный;мм;н/обр;zn140;пас,н/обр Zn140 М пас,1,,т
Листовой прокат,СТАЛЬ ЛИСТОВАЯ ОЦИНКОВАННАЯ Х/К,н/обр Zn140 М пас,Лист оцинкованный 1 мм н/обр Zn140 М пас,Лист оцинкованный 1 мм н/обр Zn140 М пас,1,88390,т,1,0,0,https://www.kavstal.ru/public/assets/images/products/LISTOVOI_PROKAT/STAL_LISTOVAYA_OTSINKOVANNAYA/img.webp,балашиха;сталь листовая оцинкованная х/к;н/обр zn140 м пас;1;лист;оцинкованный;мм;н/обр;zn140;пас,н/обр Zn140 М пас,1,,т
Листовой прокат,СТАЛЬ ЛИСТОВАЯ ОЦИНКОВАННАЯ Х/К,н/обр Zn140 М пас,Лист оцинкованный 1.2 мм н/обр Zn140 М пас,Лист оцинкованный 1.2 мм н/обр Zn140 М пас,1.2,82090,т,1,0,0,https://www.kavstal.ru/public/assets/images/products/LISTOVOI_PROKAT/STAL_LISTOVAYA_OTSINKOVANNAYA/img.webp,балашиха;сталь листовая оцинкованная х/к;н/обр zn140 м пас;1;2;лист;оцинкованный;1.2;мм;н/обр;zn140;пас,н/обр Zn140 М пас,1.2,,т
Листовой прокат,СТАЛЬ ЛИСТОВАЯ ОЦИНКОВАННАЯ Х/К,н/обр Zn140 М пас,Лист оцинкованный 1.5 мм н/обр Zn140 М пас,Лист оцинкованный 1.5 мм н/обр Zn140 М пас,1.5,81390,т,1,0,0,https://www.kavstal.ru/public/assets/images/products/LISTOVOI_PROKAT/STAL_LISTOVAYA_OTSINKOVANNAYA/img.webp,балашиха;сталь листовая оцинкованная х/к;н/обр zn140 м пас;1;5;лист;оцинкованный;1.5;мм;н/обр;zn140;пас,н/обр Zn140 М пас,1.5,,т
Листовой прокат,СТАЛЬ ЛИСТОВАЯ ОЦИНКОВАННАЯ Х/К,н/обр Zn140 М пас,Лист оцинкованный 1.5 мм н/обр Zn140 М пас,Лист оцинкованный 1.5 мм н/обр Zn140 М пас,1.5,84190,т,1,0,0,https://www.kavstal.ru/public/assets/images/products/LISTOVOI_PROKAT/STAL_LISTOVAYA_OTSINKOVANNAYA/img.webp,балашиха;сталь листовая оцинкованная х/к;н/обр zn140 м пас;1;5;лист;оцинкованный;1.5;мм;н/обр;zn140;пас,н/обр Zn140 М пас,1.5,,т
Листовой прокат,СТАЛЬ ЛИСТОВАЯ ОЦИНКОВАННАЯ Х/К,н/обр Zn140 М пас,Лист оцинкованный 2 мм н/обр Zn140 М пас,Лист оцинкованный 2 мм н/обр Zn140 М пас,2,80390,т,1,0,0,https://www.kavstal.ru/public/assets/images/products/LISTOVOI_PROKAT/STAL_LISTOVAYA_OTSINKOVANNAYA/img.webp,балашиха;сталь листовая оцинкованная х/к;н/обр zn140 м пас;2;лист;оцинкованный;мм;н/обр;zn140;пас,н/обр Zn140 М пас,2,,т
Листовой прокат,СТАЛЬ ЛИСТОВАЯ ОЦИНКОВАННАЯ Х/К,н/обр Zn140 М пас,Лист оцинкованный 2.5 мм н/обр Zn140 М пас,Лист оцинкованный 2.5 мм н/обр Zn140 М пас,2.5,79890,т,1,0,0,https://www.kavstal.ru/public/assets/images/products/LISTOVOI_PROKAT/STAL_LISTOVAYA_OTSINKOVANNAYA/img.webp,балашиха;сталь листовая оцинкованная х/к;н/обр zn140 м пас;2;5;лист;оцинкованный;2.5;мм;н/обр;zn140;пас,н/обр Zn140 М пас,2.5,,т
Листовой прокат,СТАЛЬ ЛИСТОВАЯ ОЦИНКОВАННАЯ Х/К,н/обр Zn140 М пас,Лист оцинкованный 3 мм н/обр Zn140 М пас,Лист оцинкованный 3 мм н/обр Zn140 М пас,3,79790,т,1,0,0,https://www.kavstal.ru/public/assets/images/products/LISTOVOI_PROKAT/STAL_LISTOVAYA_OTSINKOVANNAYA/img.webp,балашиха;сталь листовая оцинкованная х/к;н/обр zn140 м пас;3;лист;оцинкованный;мм;н/обр;zn140;пас,н/обр Zn140 М пас,3,,т
Листовой прокат,СТАЛЬ ЛИСТОВАЯ ОЦИНКОВАННАЯ Х/К,н/обр Zn140 М пас 1х2,Лист оцинкованный 0.5 мм н/обр Zn140 М пас 1х2,Лист оцинкованный 0.5 мм н/обр Zn140 М пас 1х2,0.5,91190,т,1,0,0,https://www.kavstal.ru/public/assets/images/products/LISTOVOI_PROKAT/STAL_LISTOVAYA_OTSINKOVANNAYA/img.webp,балашиха;сталь листовая оцинкованная х/к;н/обр zn140 м пас 1х2;5;лист;оцинкованный;0.5;мм;н/обр;zn140;пас;1х2,н/обр Zn140 М пас 1х2,0.5,,т
Листовой прокат,СТАЛЬ ЛИСТОВАЯ ОЦИНКОВАННАЯ Х/К,н/обр Zn140 М пас ГОСТ,Лист оцинкованный 2 мм н/обр Zn140 М пас ГОСТ,Лист оцинкованный 2 мм н/обр Zn140 М пас ГОСТ,2,86990,т,1,0,0,https://www.kavstal.ru/public/assets/images/products/LISTOVOI_PROKAT/STAL_LISTOVAYA_OTSINKOVANNAYA/img.webp,балашиха;сталь листовая оцинкованная х/к;н/обр zn140 м пас гост;2;лист;оцинкованный;мм;н/обр;zn140;пас;гост,н/обр Zn140 М пас ГОСТ,2,,т
Листовой прокат,СТАЛЬ ЛИСТОВАЯ ОЦИНКОВАННАЯ Х/К,н/обр Zn275 М пас,Лист оцинкованный 0.5 мм н/обр Zn275 М пас,Лист оцинкованный 0.5 мм н/обр Zn275 М пас,0.5,105090,т,1,0,0,https://www.kavstal.ru/public/assets/images/products/LISTOVOI_PROKAT/STAL_LISTOVAYA_OTSINKOVANNAYA/img.webp,балашиха;сталь листовая оцинкованная х/к;н/обр zn275 м пас;5;лист;оцинкованный;0.5;мм;н/обр;zn275;пас,н/обр Zn275 М пас,0.5,,т
Листовой прокат,СТАЛЬ ЛИСТОВАЯ ОЦИНКОВАННАЯ Х/К,н/обр Zn275 М пас,Лист оцинкованный 0.7 мм н/обр Zn275 М пас,Лист оцинкованный 0.7 мм н/обр Zn275 М пас,0.7,98490,т,1,0,0,https://www.kavstal.ru/public/assets/images/products/LISTOVOI_PROKAT/STAL_LISTOVAYA_OTSINKOVANNAYA/img.webp,балашиха;сталь листовая оцинкованная х/к;н/обр zn275 м пас;7;лист;оцинкованный;0.7;мм;н/обр;zn275;пас,н/обр Zn275 М пас,0.7,,т
Листовой прокат,СТАЛЬ ЛИСТОВАЯ ОЦИНКОВАННАЯ Х/К,н/обр Zn275 М пас,Лист оцинкованный 0.8 мм н/обр Zn275 М пас,Лист оцинкованный 0.8 мм н/обр Zn275 М пас,0.8,95890,т,1,0,0,https://www.kavstal.ru/public/assets/images/products/LISTOVOI_PROKAT/STAL_LISTOVAYA_OTSINKOVANNAYA/img.webp,балашиха;сталь листовая оцинкованная х/к;н/обр zn275 м пас;8;лист;оцинкованный;0.8;мм;н/обр;zn275;пас,н/обр Zn275 М пас,0.8,,т
Листовой прокат,СТАЛЬ ЛИСТОВАЯ ОЦИНКОВАННАЯ Х/К,н/обр Zn275 М пас,Лист оцинкованный 1.2 мм н/обр Zn275 М пас,Лист оцинкованный 1.2 мм н/обр Zn275 М пас,1.2,89390,т,1,0,0,https://www.kavstal.ru/public/assets/images/products/LISTOVOI_PROKAT/STAL_LISTOVAYA_OTSINKOVANNAYA/img.webp,балашиха;сталь листовая оцинкованная х/к;н/обр zn275 м пас;1;2;лист;оцинкованный;1.2;мм;н/обр;zn275;пас,н/обр Zn275 М пас,1.2,,т
Листовой прокат,СТАЛЬ ЛИСТОВАЯ ОЦИНКОВАННАЯ Х/К,н/обр Zn275 М пас,Лист оцинкованный 1.5 мм н/обр Zn275 М пас,Лист оцинкованный 1.5 мм н/обр Zn275 М пас,1.5,88890,т,1,0,0,https://www.kavstal.ru/public/assets/images/products/LISTOVOI_PROKAT/STAL_LISTOVAYA_OTSINKOVANNAYA/img.webp,балашиха;сталь листовая оцинкованная х/к;н/обр zn275 м пас;1;5;лист;оцинкованный;1.5;мм;н/обр;zn275;пас,н/обр Zn275 М пас,1.5,,т
Листовой прокат,СТАЛЬ ЛИСТОВАЯ ОЦИНКОВАННАЯ Х/К,н/обр Zn275 М пас,Лист оцинкованный 2 мм н/обр Zn275 М пас,Лист оцинкованный 2 мм н/обр Zn275 М пас,2,87790,т,1,0,0,https://www.kavstal.ru/public/assets/images/products/LISTOVOI_PROKAT/STAL_LISTOVAYA_OTSINKOVANNAYA/img.webp,балашиха;сталь листовая оцинкованная х/к;н/обр zn275 м пас;2;лист;оцинкованный;мм;н/обр;zn275;пас,н/обр Zn275 М пас,2,,т
Листовой прокат,СТАЛЬ ЛИСТОВАЯ ОЦИНКОВАННАЯ Х/К,н/обр Zn275 М пас,Лист оцинкованный 3 мм н/обр Zn275 М пас,Лист оцинкованный 3 мм н/обр Zn275 М пас,3,87190,т,1,0,0,https://www.kavstal.ru/public/assets/images/products/LISTOVOI_PROKAT/STAL_LISTOVAYA_OTSINKOVANNAYA/img.webp,балашиха;сталь листовая оцинкованная х/к;н/обр zn275 м пас;3;лист;оцинкованный;мм;н/обр;zn275;пас,н/обр Zn275 М пас,3,,т
Листовой прокат,СТАЛЬ ЛИСТОВАЯ ОЦИНКОВАННАЯ Х/К,н/обр Zn350 М пас,Лист оцинкованный 0.8 мм н/обр Zn350 М пас,Лист оцинкованный 0.8 мм н/обр Zn350 М пас,0.8,99790,т,1,0,0,https://www.kavstal.ru/public/assets/images/products/LISTOVOI_PROKAT/STAL_LISTOVAYA_OTSINKOVANNAYA/img.webp,балашиха;сталь листовая оцинкованная х/к;н/обр zn350 м пас;8;лист;оцинкованный;0.8;мм;н/обр;zn350;пас,н/обр Zn350 М пас,0.8,,т
Листовой прокат,СТАЛЬ ЛИСТОВАЯ ОЦИНКОВАННАЯ Х/К,н/обр М пас Zn275,Лист оцинкованный 1 мм н/обр М пас Zn275,Лист оцинкованный 1 мм н/обр М пас Zn275,1,90890,т,1,0,0,https://www.kavstal.ru/public/assets/images/products/LISTOVOI_PROKAT/STAL_LISTOVAYA_OTSINKOVANNAYA/img.webp,балашиха;сталь листовая оцинкованная х/к;н/обр м пас zn275;1;лист;оцинкованный;мм;н/обр;пас;zn275,н/обр М пас Zn275,1,,т
Метизы,ПРОВОЛОКА О/К ТОРГОВАЯ,отожженная,Проволока О/к Торговая 4 отожженная,"ПРОВОЛОКА О/К ТОРГОВАЯ марки отожженная, размер 4",4,60490,т,1,0,0,https://www.kavstal.ru/public/assets/images/products/METIZY/PROVOLOKA_OK_TORGOVAYA/img.webp,балашиха;проволока о/к торговая;отожженная;4;проволока;о/к;торговая,отожженная,4,,т
Метизы,ПРОВОЛОКА О/К ТОРГОВАЯ,отожженная,Проволока О/к Торговая 1.2 отожженная,"ПРОВОЛОКА О/К ТОРГОВАЯ марки отожженная, размер 1.2",1.2,66490,т,1,0,0,https://www.kavstal.ru/public/assets/images/products/METIZY/PROVOLOKA_OK_TORGOVAYA/img.webp,балашиха;проволока о/к торговая;отожженная;1;2;проволока;о/к;торговая;1.2,отожженная,1.2,,т
Метизы,ПРОВОЛОКА О/К ТОРГОВАЯ,отожженная,Проволока О/к Торговая 2 отожженная,"ПРОВОЛОКА О/К ТОРГОВАЯ марки отожженная, размер 2",2,64190,т,1,0,0,https://www.kavstal.ru/public/assets/images/products/METIZY/PROVOLOKA_OK_TORGOVAYA/img.webp,балашиха;проволока о/к торговая;отожженная;2;проволока;о/к;торговая,отожженная,2,,т
Метизы,ПРОВОЛОКА О/К ТОРГОВАЯ,отожженная,Проволока О/к Торговая 3 отожженная,"ПРОВОЛОКА О/К ТОРГОВАЯ марки отожженная, размер 3",3,62490,т,1,0,0,https://www.kavstal.ru/public/assets/images/products/METIZY/PROVOLOKA_OK_TORGOVAYA/img.webp,балашиха;проволока о/к торговая;отожженная;3;проволока;о/к;торговая,отожженная,3,,т
Метизы,ПРОВОЛОКА О/К ТОРГОВАЯ,отожженная,Проволока О/к Торговая 5 отожженная,"ПРОВОЛОКА О/К ТОРГОВАЯ марки отожженная, размер 5",5,59990,т,1,0,0,https://www.kavstal.ru/public/assets/images/products/METIZY/PROVOLOKA_OK_TORGOVAYA/img.webp,балашиха;проволока о/к торговая;отожженная;5;проволока;о/к;торговая,отожженная,5,,т
Метизы,ПРОВОЛОКА О/К ТОРГОВАЯ,отожженная,Проволока О/к Торговая 6 отожженная,"ПРОВОЛОКА О/К ТОРГОВАЯ марки отожженная, размер 6",6,59390,т,1,0,0,https://www.kavstal.ru/public/assets/images/products/METIZY/PROVOLOKA_OK_TORGOVAYA/img.webp,балашиха;проволока о/к торговая;отожженная;6;проволока;о/к;торговая,отожженная,6,,т
Метизы,СЕТКА ПЛЕТЕНАЯ,10.00x1.00,Сетка Плетеная 1000 10.00x1.00,"СЕТКА ПЛЕТЕНАЯ марки 10.00x1.00, размер 1000",1000,239,м2,1,0,0,https://www.kavstal.ru/public/assets/images/products/METIZY/SETKA_PLETENAYA/img.jpg,балашиха;сетка плетеная;10.00x1.00;1000;сетка;плетеная,10.00x1.00,1000,,м2
Метизы,СЕТКА ПЛЕТЕНАЯ,10.00x1.00 оцинк,Сетка Плетеная 1000 10.00x1.00 оцинк,"СЕТКА ПЛЕТЕНАЯ марки 10.00x1.00 оцинк, размер 1000",1000,255,м2,1,0,0,https://www.kavstal.ru/public/assets/images/products/METIZY/SETKA_PLETENAYA/img.jpg,балашиха;сетка плетеная;10.00x1.00 оцинк;1000;сетка;плетеная;10.00x1.00;оцинк,10.00x1.00 оцинк,1000,,м2
Метизы,СЕТКА ПЛЕТЕНАЯ,15.00x1.20,Сетка Плетеная 1000 15.00x1.20,"СЕТКА ПЛЕТЕНАЯ марки 15.00x1.20, размер 1000",1000,159,м2,1,0,0,https://www.kavstal.ru/public/assets/images/products/METIZY/SETKA_PLETENAYA/img.jpg,балашиха;сетка плетеная;15.00x1.20;1000;сетка;плетеная,15.00x1.20,1000,,м2
Метизы,СЕТКА ПЛЕТЕНАЯ,15.00x1.40,Сетка Плетеная 1000 15.00x1.40,"СЕТКА ПЛЕТЕНАЯ марки 15.00x1.40, размер 1000",1000,209,м2,1,0,0,https://www.kavstal.ru/public/assets/images/products/METIZY/SETKA_PLETENAYA/img.jpg,балашиха;сетка плетеная;15.00x1.40;1000;сетка;плетеная,15.00x1.40,1000,,м2
Метизы,СЕТКА ПЛЕТЕНАЯ,20.00x1.20,Сетка Плетеная 1500 20.00x1.20,"СЕТКА ПЛЕТЕНАЯ марки 20.00x1.20, размер 1500",1500,113,м2,1,0,0,https://www.kavstal.ru/public/assets/images/products/METIZY/SETKA_PLETENAYA/img.jpg,балашиха;сетка плетеная;20.00x1.20;1500;сетка;плетеная,20.00x1.20,1500,,м2
Метизы,СЕТКА ПЛЕТЕНАЯ,20.00x1.20 оцинк,Сетка Плетеная 1500 20.00x1.20 оцинк,"СЕТКА ПЛЕТЕНАЯ марки 20.00x1.20 оцинк, размер 1500",1500,146,м2,1,0,0,https://www.kavstal.ru/public/assets/images/products/METIZY/SETKA_PLETENAYA/img.jpg,балашиха;сетка плетеная;20.00x1.20 оцинк;1500;сетка;плетеная;20.00x1.20;оцинк,20.00x1.20 оцинк,1500,,м2
Метизы,СЕТКА ПЛЕТЕНАЯ,20.00x1.60 оцинк,Сетка Плетеная 1500 20.00x1.60 оцинк,"СЕТКА ПЛЕТЕНАЯ марки 20.00x1.60 оцинк, размер 1500",1500,219,м2,1,0,0,https://www.kavstal.ru/public/assets/images/products/METIZY/SETKA_PLETENAYA/img.jpg,балашиха;сетка плетеная;20.00x1.60 оцинк;1500;сетка;плетеная;20.00x1.60;оцинк,20.00x1.60 оцинк,1500,,м2
Метизы,СЕТКА ПЛЕТЕНАЯ,20.00x1.80,Сетка Плетеная 1500 20.00x1.80,"СЕТКА ПЛЕТЕНАЯ марки 20.00x1.80, размер 1500",1500,214,м2,1,0,0,https://www.kavstal.ru/public/assets/images/products/METIZY/SETKA_PLETENAYA/img.jpg,балашиха;сетка плетеная;20.00x1.80;1500;сетка;плетеная,20.00x1.80,1500,,м2
Метизы,СЕТКА ПЛЕТЕНАЯ,20.00x2.00,Сетка Плетеная 1500 20.00x2.00,"СЕТКА ПЛЕТЕНАЯ марки 20.00x2.00, размер 1500",1500,289,м2,1,0,0,https://www.kavstal.ru/public/assets/images/products/METIZY/SETKA_PLETENAYA/img.jpg,балашиха;сетка плетеная;20.00x2.00;1500;сетка;плетеная,20.00x2.00,1500,,м2
Метизы,СЕТКА ПЛЕТЕНАЯ,35.00x1.60 оцинк,Сетка Плетеная 1500 35.00x1.60 оцинк,"СЕТКА ПЛЕТЕНАЯ марки 35.00x1.60 оцинк, размер 1500",1500,134,м2,1,0,0,https://www.kavstal.ru/public/assets/images/products/METIZY/SETKA_PLETENAYA/img.jpg,балашиха;сетка плетеная;35.00x1.60 оцинк;1500;сетка;плетеная;35.00x1.60;оцинк,35.00x1.60 оцинк,1500,,м2
Метизы,СЕТКА ПЛЕТЕНАЯ,35.00x2.00,Сетка Плетеная 1500 35.00x2.00,"СЕТКА ПЛЕТЕНАЯ марки 35.00x2.00, размер 1500",1500,155,м2,1,0,0,https://www.kavstal.ru/public/assets/images/products/METIZY/SETKA_PLETENAYA/img.jpg,балашиха;сетка плетеная;35.00x2.00;1500;сетка;плетеная,35.00x2.00,1500,,м2
Метизы,СЕТКА ПЛЕТЕНАЯ,35.00x2.00 оцинк,Сетка Плетеная 1500 35.00x2.00 оцинк,"СЕТКА ПЛЕТЕНАЯ марки 35.00x2.00 оцинк, размер 1500",1500,185,м2,1,0,0,https://www.kavstal.ru/public/assets/images/products/METIZY/SETKA_PLETENAYA/img.jpg,балашиха;сетка плетеная;35.00x2.00 оцинк;1500;сетка;плетеная;35.00x2.00;оцинк,35.00x2.00 оцинк,1500,,м2
Метизы,СЕТКА ПЛЕТЕНАЯ,50.00x1.60 оцинк,Сетка Плетеная 1500 50.00x1.60 оцинк,"СЕТКА ПЛЕТЕНАЯ марки 50.00x1.60 оцинк, размер 1500",1500,79,м2,1,0,0,https://www.kavstal.ru/public/assets/images/products/METIZY/SETKA_PLETENAYA/img.jpg,балашиха;сетка плетеная;50.00x1.60 оцинк;1500;сетка;плетеная;50.00x1.60;оцинк,50.00x1.60 оцинк,1500,,м2
Метизы,СЕТКА ПЛЕТЕНАЯ,50.00x1.80,Сетка Плетеная 1500 50.00x1.80,"СЕТКА ПЛЕТЕНАЯ марки 50.00x1.80, размер 1500 ; 2000",1500,86,м2,1,0,0,https://www.kavstal.ru/public/assets/images/products/METIZY/SETKA_PLETENAYA/img.jpg,балашиха;сетка плетеная;50.00x1.80;1500;2000;сетка;плетеная,50.00x1.80,1500 ; 2000,,м2
Метизы,СЕТКА ПЛЕТЕНАЯ,50.00x1.80 оцинк,Сетка Плетеная 1500 50.00x1.80 оцинк,"СЕТКА ПЛЕТЕНАЯ марки 50.00x1.80 оцинк, размер 1500 ; 1800; 2000",1500,96,м2,1,0,0,https://www.kavstal.ru/public/assets/images/products/METIZY/SETKA_PLETENAYA/img.jpg,балашиха;сетка плетеная;50.00x1.80 оцинк;1500;1800;2000;сетка;плетеная;50.00x1.80;оцинк,50.00x1.80 оцинк,1500 ; 1800; 2000,,м2
Метизы,СЕТКА ПЛЕТЕНАЯ,50.00x2.00,Сетка Плетеная 1500 50.00x2.00,"СЕТКА ПЛЕТЕНАЯ марки 50.00x2.00, размер 1500",1500,107,м2,1,0,0,https://www.kavstal.ru/public/assets/images/products/METIZY/SETKA_PLETENAYA/img.jpg,балашиха;сетка плетеная;50.00x2.00;1500;сетка;плетеная,50.00x2.00,1500,,м2
Метизы,СЕТКА ПЛЕТЕНАЯ,50.00x2.00 оцинк,Сетка Плетеная 1500 50.00x2.00 оцинк,"СЕТКА ПЛЕТЕНАЯ марки 50.00x2.00 оцинк, размер 1500 ; 1800; 2000",1500,117,м2,1,0,0,https://www.kavstal.ru/public/assets/images/products/METIZY/SETKA_PLETENAYA/img.jpg,балашиха;сетка плетеная;50.00x2.00 оцинк;1500;1800;2000;сетка;плетеная;50.00x2.00;оцинк,50.00x2.00 оцинк,1500 ; 1800; 2000,,м2
Метизы,СЕТКА ПЛЕТЕНАЯ,50.00x3.00,Сетка Плетеная 1500 50.00x3.00,"СЕТКА ПЛЕТЕНАЯ марки 50.00x3.00, размер 1500 ; 1800; 2000",1500,214,м2,1,0,0,https://www.kavstal.ru/public/assets/images/products/METIZY/SETKA_PLETENAYA/img.jpg,балашиха;сетка плетеная;50.00x3.00;1500;1800;2000;сетка;плетеная,50.00x3.00,1500 ; 1800; 2000,,м2
Метизы,СЕТКА ПЛЕТЕНАЯ,50.00x3.00 оцинк,Сетка Плетеная 1500 50.00x3.00 оцинк,"СЕТКА ПЛЕТЕНАЯ марки 50.00x3.00 оцинк, размер 1500 ; 2000",1500,225,м2,1,0,0,https://www.kavstal.ru/public/assets/images/products/METIZY/SETKA_PLETENAYA/img.jpg,балашиха;сетка плетеная;50.00x3.00 оцинк;1500;2000;сетка;плетеная;50.00x3.00;оцинк,50.00x3.00 оцинк,1500 ; 2000,,м2
Сортовой прокат,УГОЛОК,63x40,Уголок стальной 63x40x5 мм,"Уголок стальной 63x40x5 мм, сталь Ст3",5,84990,т,1,0,0,https://www.kavstal.ru/public/assets/images/products/SORTOVOI_PROKAT/UGOLOK/img.webp,балашиха;уголок;63x40;5;стальной;63x40x5;мм,63x40,5,ГОСТ 8509-93,т
Сортовой прокат,УГОЛОК,75x50,Уголок стальной 75x50x5 мм,"Уголок стальной 75x50x5 мм, сталь Ст3",5,68490,т,1,0,0,https://www.kavstal.ru/public/assets/images/products/SORTOVOI_PROKAT/UGOLOK/img.webp,балашиха;уголок;75x50;5;6;стальной;75x50x5;мм,75x50,5 ; 6,ГОСТ 8509-93,т
Сортовой прокат,УГОЛОК,100x63,Уголок стальной 100x63x6 мм,"Уголок стальной 100x63x6 мм, сталь Ст3",6,66490,т,1,0,0,https://www.kavstal.ru/public/assets/images/products/SORTOVOI_PROKAT/UGOLOK/img.webp,балашиха;уголок;100x63;6;стальной;100x63x6;мм,100x63,6,ГОСТ 8509-93,т
Сортовой прокат,УГОЛОК,100x63,Уголок стальной 100x63x8 мм,"Уголок стальной 100x63x8 мм, сталь Ст3",8,64990,т,1,0,0,https://www.kavstal.ru/public/assets/images/products/SORTOVOI_PROKAT/UGOLOK/img.webp,балашиха;уголок;100x63;8;стальной;100x63x8;мм,100x63,8,ГОСТ 8509-93,т
Сортовой прокат,УГОЛОК,125x80,Уголок стальной 125x80x8 мм,"Уголок стальной 125x80x8 мм, сталь Ст3",8,129490,т,1,0,0,https://www.kavstal.ru/public/assets/images/products/SORTOVOI_PROKAT/UGOLOK/img.webp,балашиха;уголок;125x80;8;10;стальной;125x80x8;мм,125x80,8 ; 10,ГОСТ 8509-93,т
Сортовой прокат,УГОЛОК,160x100,Уголок стальной 160x100x10 мм,"Уголок стальной 160x100x10 мм, сталь Ст3",10,127490,т,1,0,0,https://www.kavstal.ru/public/assets/images/products/SORTOVOI_PROKAT/UGOLOK/img.webp,балашиха;уголок;160x100;10;стальной;160x100x10;мм,160x100,10,ГОСТ 8509-93,т
Сортовой прокат,УГОЛОК,200x125,Уголок стальной 200x125x12 мм,"Уголок стальной 200x125x12 мм, сталь Ст3",12,134990,т,1,0,0,https://www.kavstal.ru/public/assets/images/products/SORTOVOI_PROKAT/UGOLOK/img.webp,балашиха;уголок;200x125;12;стальной;200x125x12;мм,200x125,12,ГОСТ 8509-93,т
Сортовой прокат,УГОЛОК,25x25 6м,Уголок стальной 25x25x3 мм,"Уголок стальной 25x25x3 мм, сталь Ст3",3,61990,т,1,0,0,https://www.kavstal.ru/public/assets/images/products/SORTOVOI_PROKAT/UGOLOK/img.webp,балашиха;уголок;25x25 6м;3;стальной;25x25x3;мм,25x25 6м,3,ГОСТ 8509-93,т
Сортовой прокат,УГОЛОК,25x25 6м,Уголок стальной 25x25x4 мм,"Уголок стальной 25x25x4 мм, сталь Ст3",4,60990,т,1,0,0,https://www.kavstal.ru/public/assets/images/products/SORTOVOI_PROKAT/UGOLOK/img.webp,балашиха;уголок;25x25 6м;4;стальной;25x25x4;мм,25x25 6м,4,ГОСТ 8509-93,т
Сортовой прокат,УГОЛОК,32x32 6м,Уголок стальной 32x32x3 мм,"Уголок стальной 32x32x3 мм, сталь Ст3",3,61490,т,1,0,0,https://www.kavstal.ru/public/assets/images/products/SORTOVOI_PROKAT/UGOLOK/img.webp,балашиха;уголок;32x32 6м;3;4;стальной;32x32x3;мм,32x32 6м,3 ; 4,ГОСТ 8509-93,т
Сортовой прокат,УГОЛОК,35x35 6м,Уголок стальной 35x35x3 мм,"Уголок стальной 35x35x3 мм, сталь Ст3",3,63490,т,1,0,0,https://www.kavstal.ru/public/assets/images/products/SORTOVOI_PROKAT/UGOLOK/img.webp,балашиха;уголок;35x35 6м;3;стальной;35x35x3;мм,35x35 6м,3,ГОСТ 8509-93,т
Сортовой прокат,УГОЛОК,35x35 6м,Уголок стальной 35x35x4 мм,"Уголок стальной 35x35x4 мм, сталь Ст3",4,61490,т,1,0,0,https://www.kavstal.ru/public/assets/images/products/SORTOVOI_PROKAT/UGOLOK/img.webp,балашиха;уголок;35x35 6м;4;стальной;35x35x4;мм,35x35 6м,4,ГОСТ 8509-93,т
Сортовой прокат,УГОЛОК,40x40,Уголок стальной 40x40x3 мм,"Уголок стальной 40x40x3 мм, сталь Ст3",3,53990,т,1,0,0,https://www.kavstal.ru/public/assets/images/products/SORTOVOI_PROKAT/UGOLOK/img.webp,балашиха;уголок;40x40;3;стальной;40x40x3;мм,40x40,3,ГОСТ 8509-93,т
Сортовой прокат,УГОЛОК,40x40,Уголок стальной 40x40x4 мм,"Уголок стальной 40x40x4 мм, сталь Ст3",4,50990,т,1,0,0,https://www.kavstal.ru/public/assets/images/products/SORTOVOI_PROKAT/UGOLOK/img.webp,балашиха;уголок;40x40;4;стальной;40x40x4;мм,40x40,4,ГОСТ 8509-93,т
Сортовой прокат,УГОЛОК,40x40 6м,Уголок стальной 40x40x3 мм,"Уголок стальной 40x40x3 мм, сталь Ст3",3,53990,т,1,0,0,https://www.kavstal.ru/public/assets/images/products/SORTOVOI_PROKAT/UGOLOK/img.webp,балашиха;уголок;40x40 6м;3;стальной;40x40x3;мм,40x40 6м,3,ГОСТ 8509-93,т
Сортовой прокат,УГОЛОК,40x40 6м,Уголок стальной 40x40x4 мм,"Уголок стальной 40x40x4 мм, сталь Ст3",4,50990,т,1,0,0,https://www.kavstal.ru/public/assets/images/products/SORTOVOI_PROKAT/UGOLOK/img.webp,балашиха;уголок;40x40 6м;4;стальной;40x40x4;мм,40x40 6м,4,ГОСТ 8509-93,т
Сортовой прокат,УГОЛОК,45x45,Уголок стальной 45x45x4 мм,"Уголок стальной 45x45x4 мм, сталь Ст3",4,51490,т,1,0,0,https://www.kavstal.ru/public/assets/images/products/SORTOVOI_PROKAT/UGOLOK/img.webp,балашиха;уголок;45x45;4;стальной;45x45x4;мм,45x45,4,ГОСТ 8509-93,т
Сортовой прокат,УГОЛОК,45x45 6м,Уголок стальной 45x45x4 мм,"Уголок стальной 45x45x4 мм, сталь Ст3",4,52490,т,1,0,0,https://www.kavstal.ru/public/assets/images/products/SORTOVOI_PROKAT/UGOLOK/img.webp,балашиха;уголок;45x45 6м;4;стальной;45x45x4;мм,45x45 6м,4,ГОСТ 8509-93,т
Сортовой прокат,УГОЛОК,50x50,Уголок стальной 50x50x4 мм,"Уголок стальной 50x50x4 мм, сталь Ст3",4,48990,т,1,0,0,https://www.kavstal.ru/public/assets/images/products/SORTOVOI_PROKAT/UGOLOK/img.webp,балашиха;уголок;50x50;4;5;стальной;50x50x4;мм,50x50,4 ; 5,ГОСТ 8509-93,т
Сортовой прокат,УГОЛОК,50x50 К,Уголок стальной 50x50x5 мм,"Уголок стальной 50x50x5 мм, сталь Ст3",5,43500,т,1,0,0,https://www.kavstal.ru/public/assets/images/products/SORTOVOI_PROKAT/UGOLOK/img.webp,балашиха;уголок;50x50 к;5;стальной;50x50x5;мм,50x50 К,5,ГОСТ 8509-93,т
Сортовой прокат,УГОЛОК,50x50 6м,Уголок стальной 50x50x4 мм,"Уголок стальной 50x50x4 мм, сталь Ст3",4,48990,т,1,0,0,https://www.kavstal.ru/public/assets/images/products/SORTOVOI_PROKAT/UGOLOK/img.webp,балашиха;уголок;50x50 6м;4;стальной;50x50x4;мм,50x50 6м,4,ГОСТ 8509-93,т
Сортовой прокат,УГОЛОК,50x50 6м,Уголок стальной 50x50x5 мм,"Уголок стальной 50x50x5 мм, сталь Ст3",5,49490,т,1,0,0,https://www.kavstal.ru/public/assets/images/products/SORTOVOI_PROKAT/UGOLOK/img.webp,балашиха;уголок;50x50 6м;5;стальной;50x50x5;мм,50x50 6м,5,ГОСТ 8509-93,т
Сортовой прокат,УГОЛОК,50x50 6м оцинк,Уголок стальной 50x50x5 мм,"Уголок стальной 50x50x5 мм, сталь Ст3",5,99990,т,1,0,0,https://www.kavstal.ru/public/assets/images/products/SORTOVOI_PROKAT/UGOLOK/img.webp,балашиха;уголок;50x50 6м оцинк;5;стальной;50x50x5;мм,50x50 6м оцинк,5,ГОСТ 8509-93,т
Сортовой прокат,УГОЛОК,63x63,Уголок стальной 63x63x4 мм,"Уголок стальной 63x63x4 мм, сталь Ст3",4,50990,т,1,0,0,https://www.kavstal.ru/public/assets/images/products/SORTOVOI_PROKAT/UGOLOK/img.webp,балашиха;уголок;63x63;4;стальной;63x63x4;мм,63x63,4,ГОСТ 8509-93,т
Сортовой прокат,УГОЛОК,63x63,Уголок стальной 63x63x5 мм,"Уголок стальной 63x63x5 мм, сталь Ст3",5,48490,т,1,0,0,https://www.kavstal.ru/public/assets/images/products/SORTOVOI_PROKAT/UGOLOK/img.webp,балашиха;уголок;63x63;5;стальной;63x63x5;мм,63x63,5,ГОСТ 8509-93,т
Сортовой прокат,УГОЛОК,63x63,Уголок стальной 63x63x6 мм,"Уголок стальной 63x63x6 мм, сталь Ст3",6,49490,т,1,0,0,https://www.kavstal.ru/public/assets/images/products/SORTOVOI_PROKAT/UGOLOK/img.webp,балашиха;уголок;63x63;6;стальной;63x63x6;мм,63x63,6,ГОСТ 8509-93,т
Сортовой прокат,УГОЛОК,63x63 6м,Уголок стальной 63x63x4 мм,"Уголок стальной 63x63x4 мм, сталь Ст3",4,50990,т,1,0,0,https://www.kavstal.ru/public/assets/images/products/SORTOVOI_PROKAT/UGOLOK/img.webp,балашиха;уголок;63x63 6м;4;стальной;63x63x4;мм,63x63 6м,4,ГОСТ 8509-93,т
Сортовой прокат,УГОЛОК,63x63 6м,Уголок стальной 63x63x5 мм,"Уголок стальной 63x63x5 мм, сталь Ст3",5,47990,т,1,0,0,https://www.kavstal.ru/public/assets/images/products/SORTOVOI_PROKAT/UGOLOK/img.webp,балашиха;уголок;63x63 6м;5;стальной;63x63x5;мм,63x63 6м,5,ГОСТ 8509-93,т
Сортовой прокат,УГОЛОК,70x70,Уголок стальной 70x70x5 мм,"Уголок стальной 70x70x5 мм, сталь Ст3",5,55490,т,1,0,0,https://www.kavstal.ru/public/assets/images/products/SORTOVOI_PROKAT/UGOLOK/img.webp,балашиха;уголок;70x70;5;стальной;70x70x5;мм,70x70,5,ГОСТ 8509-93,т
Сортовой прокат,УГОЛОК,70x70,Уголок стальной 70x70x6 мм,"Уголок стальной 70x70x6 мм, сталь Ст3",6,53490,т,1,0,0,https://www.kavstal.ru/public/assets/images/products/SORTOVOI_PROKAT/UGOLOK/img.webp,балашиха;уголок;70x70;6;стальной;70x70x6;мм,70x70,6,ГОСТ 8509-93,т
Сортовой прокат,УГОЛОК,70x70 6м,Уголок стальной 70x70x5 мм,"Уголок стальной 70x70x5 мм, сталь Ст3",5,52990,т,1,0,0,https://www.kavstal.ru/public/assets/images/products/SORTOVOI_PROKAT/UGOLOK/img.webp,балашиха;уголок;70x70 6м;5;стальной;70x70x5;мм,70x70 6м,5,ГОСТ 8509-93,т
Сортовой прокат,УГОЛОК,75x75,Уголок стальной 75x75x5 мм,"Уголок стальной 75x75x5 мм, сталь Ст3",5,51490,т,1,0,0,https://www.kavstal.ru/public/assets/images/products/SORTOVOI_PROKAT/UGOLOK/img.webp,балашиха;уголок;75x75;5;стальной;75x75x5;мм,75x75,5,ГОСТ 8509-93,т
Сортовой прокат,УГОЛОК,75x75,Уголок стальной 75x75x6 мм,"Уголок стальной 75x75x6 мм, сталь Ст3",6,52990,т,1,0,0,https://www.kavstal.ru/public/assets/images/products/SORTOVOI_PROKAT/UGOLOK/img.webp,балашиха;уголок;75x75;6;стальной;75x75x6;мм,75x75,6,ГОСТ 8509-93,т
Сортовой прокат,УГОЛОК,75x75,Уголок стальной 75x75x8 мм,"Уголок стальной 75x75x8 мм, сталь Ст3",8,50990,т,1,0,0,https://www.kavstal.ru/public/assets/images/products/SORTOVOI_PROKAT/UGOLOK/img.webp,балашиха;уголок;75x75;8;стальной;75x75x8;мм,75x75,8,ГОСТ 8509-93,т
Сортовой прокат,УГОЛОК,75x75 6м,Уголок стальной 75x75x6 мм,"Уголок стальной 75x75x6 мм, сталь Ст3",6,52990,т,1,0,0,https://www.kavstal.ru/public/assets/images/products/SORTOVOI_PROKAT/UGOLOK/img.webp,балашиха;уголок;75x75 6м;6;стальной;75x75x6;мм,75x75 6м,6,ГОСТ 8509-93,т
Сортовой прокат,УГОЛОК,75x75 6м,Уголок стальной 75x75x8 мм,"Уголок стальной 75x75x8 мм, сталь Ст3",8,50990,т,1,0,0,https://www.kavstal.ru/public/assets/images/products/SORTOVOI_PROKAT/UGOLOK/img.webp,балашиха;уголок;75x75 6м;8;стальной;75x75x8;мм,75x75 6м,8,ГОСТ 8509-93,т
Сортовой прокат,УГОЛОК,80x80,Уголок стальной 80x80x6 мм,"Уголок стальной 80x80x6 мм, сталь Ст3",6,54490,т,1,0,0,https://www.kavstal.ru/public/assets/images/products/SORTOVOI_PROKAT/UGOLOK/img.webp,балашиха;уголок;80x80;6;стальной;80x80x6;мм,80x80,6,ГОСТ 8509-93,т
Сортовой прокат,УГОЛОК,80x80 н/д,Уголок стальной 80x80x8 мм,"Уголок стальной 80x80x8 мм, сталь Ст3",8,48490,т,1,0,0,https://www.kavstal.ru/public/assets/images/products/SORTOVOI_PROKAT/UGOLOK/img.webp,балашиха;уголок;80x80 н/д;8;стальной;80x80x8;мм,80x80 н/д,8,ГОСТ 8509-93,т
Сортовой прокат,УГОЛОК,90x90,Уголок стальной 90x90x6 мм,"Уголок стальной 90x90x6 мм, сталь Ст3",6,50490,т,1,0,0,https://www.kavstal.ru/public/assets/images/products/SORTOVOI_PROKAT/UGOLOK/img.webp,балашиха;уголок;90x90;6;стальной;90x90x6;мм,90x90,6,ГОСТ 8509-93,т
Сортовой прокат,УГОЛОК,90x90,Уголок стальной 90x90x7 мм,"Уголок стальной 90x90x7 мм, сталь Ст3",7,54490,т,1,0,0,https://www.kavstal.ru/public/assets/images/products/SORTOVOI_PROKAT/UGOLOK/img.webp,балашиха;уголок;90x90;7;стальной;90x90x7;мм,90x90,7,ГОСТ 8509-93,т
Сортовой прокат,УГОЛОК,100x100,Уголок стальной 100x100x7 мм,"Уголок стальной 100x100x7 мм, сталь Ст3",7,50490,т,1,0,0,https://www.kavstal.ru/public/assets/images/products/SORTOVOI_PROKAT/UGOLOK/img.webp,балашиха;уголок;100x100;7;стальной;100x100x7;мм,100x100,7,ГОСТ 8509-93,т
Сортовой прокат,УГОЛОК,100x100,Уголок стальной 100x100x8 мм,"Уголок стальной 100x100x8 мм, сталь Ст3",8,49990,т,1,0,0,https://www.kavstal.ru/public/assets/images/products/SORTOVOI_PROKAT/UGOLOK/img.webp,балашиха;уголок;100x100;8;стальной;100x100x8;мм,100x100,8,ГОСТ 8509-93,т
Сортовой прокат,УГОЛОК,100x100,Уголок стальной 100x100x10 мм,"Уголок стальной 100x100x10 мм, сталь Ст3",10,52990,т,1,0,0,https://www.kavstal.ru/public/assets/images/products/SORTOVOI_PROKAT/UGOLOK/img.webp,балашиха;уголок;100x100;10;стальной;100x100x10;мм,100x100,10,ГОСТ 8509-93,т
Сортовой прокат,УГОЛОК,100x100 6м,Уголок стальной 100x100x7 мм,"Уголок стальной 100x100x7 мм, сталь Ст3",7,50490,т,1,0,0,https://www.kavstal.ru/public/assets/images/products/SORTOVOI_PROKAT/UGOLOK/img.webp,балашиха;уголок;100x100 6м;7;стальной;100x100x7;мм,100x100 6м,7,ГОСТ 8509-93,т
Сортовой прокат,УГОЛОК,100x100 6м,Уголок стальной 100x100x8 мм,"Уголок стальной 100x100x8 мм, сталь Ст3",8,49990,т,1,0,0,https://www.kavstal.ru/public/assets/images/products/SORTOVOI_PROKAT/UGOLOK/img.webp,балашиха;уголок;100x100 6м;8;стальной;100x100x8;мм,100x100 6м,8,ГОСТ 8509-93,т
Сортовой прокат,УГОЛОК,110x110,Уголок стальной 110x110x8 мм,"Уголок стальной 110x110x8 мм, сталь Ст3",8,53490,т,1,0,0,https://www.kavstal.ru/public/assets/images/products/SORTOVOI_PROKAT/UGOLOK/img.webp,балашиха;уголок;110x110;8;стальной;110x110x8;мм,110x110,8,ГОСТ 8509-93,т
Сортовой прокат,УГОЛОК,125x125,Уголок стальной 125x125x8 мм,"Уголок стальной 125x125x8 мм, сталь Ст3",8,53990,т,1,0,0,https://www.kavstal.ru/public/assets/images/products/SORTOVOI_PROKAT/UGOLOK/img.webp,балашиха;уголок;125x125;8;стальной;125x125x8;мм,125x125,8,ГОСТ 8509-93,т
Сортовой прокат,УГОЛОК,125x125,Уголок стальной 125x125x10 мм,"Уголок стальной 125x125x10 мм, сталь Ст3",10,52490,т,1,0,0,https://www.kavstal.ru/public/assets/images/products/SORTOVOI_PROKAT/UGOLOK/img.webp,балашиха;уголок;125x125;10;стальной;125x125x10;мм,125x125,10,ГОСТ 8509-93,т
Сортовой прокат,УГОЛОК,125x125,Уголок стальной 125x125x12 мм,"Уголок стальной 125x125x12 мм, сталь Ст3",12,53490,т,1,0,0,https://www.kavstal.ru/public/assets/images/products/SORTOVOI_PROKAT/UGOLOK/img.webp,балашиха;уголок;125x125;12;стальной;125x125x12;мм,125x125,12,ГОСТ 8509-93,т
Сортовой прокат,УГОЛОК,125x125 н/д,Уголок стальной 125x125x9 мм,"Уголок стальной 125x125x9 мм, сталь Ст3",9,49990,т,1,0,0,https://www.kavstal.ru/public/assets/images/products/SORTOVOI_PROKAT/UGOLOK/img.webp,балашиха;уголок;125x125 н/д;9;стальной;125x125x9;мм,125x125 н/д,9,ГОСТ 8509-93,т
Сортовой прокат,УГОЛОК,140x140,Уголок стальной 140x140x9 мм,"Уголок стальной 140x140x9 мм, сталь Ст3",9,87990,т,1,0,0,https://www.kavstal.ru/public/assets/images/products/SORTOVOI_PROKAT/UGOLOK/img.webp,балашиха;уголок;140x140;9;стальной;140x140x9;мм,140x140,9,ГОСТ 8509-93,т
Сортовой прокат,УГОЛОК,140x140,Уголок стальной 140x140x10 мм,"Уголок стальной 140x140x10 мм, сталь Ст3",10,89990,т,1,0,0,https://www.kavstal.ru/public/assets/images/products/SORTOVOI_PROKAT/UGOLOK/img.webp,балашиха;уголок;140x140;10;стальной;140x140x10;мм,140x140,10,ГОСТ 8509-93,т
Сортовой прокат,УГОЛОК,160x160,Уголок стальной 160x160x10 мм,"Уголок стальной 160x160x10 мм, сталь Ст3",10,116990,т,1,0,0,https://www.kavstal.ru/public/assets/images/products/SORTOVOI_PROKAT/UGOLOK/img.webp,балашиха;уголок;160x160;10;16;стальной;160x160x10;мм,160x160,10 ; 16,ГОСТ 8509-93,т
Сортовой прокат,ШВЕЛЛЕР,10,Швеллер 10,"Швеллер 10, сталь Ст3",,50990,т,1,0,0,https://www.kavstal.ru/public/assets/images/products/SORTOVOI_PROKAT/SHVELLER/img.webp,балашиха;швеллер;10,10,,ГОСТ 8240-97,т
Сортовой прокат,ШВЕЛЛЕР,10,Швеллер 10,"Швеллер 10, сталь Ст3",,51990,т,1,0,0,https://www.kavstal.ru/public/assets/images/products/SORTOVOI_PROKAT/SHVELLER/img.webp,балашиха;швеллер;10,10,,ГОСТ 8240-97,т
Сортовой прокат,ШВЕЛЛЕР,10 6м,Швеллер 10,"Швеллер 10, сталь Ст3",,52490,т,1,0,0,https://www.kavstal.ru/public/assets/images/products/SORTOVOI_PROKAT/SHVELLER/img.webp,балашиха;швеллер;10 6м;10,10 6м,,ГОСТ 8240-97,т
Сортовой прокат,ШВЕЛЛЕР,12,Швеллер 12,"Швеллер 12, сталь Ст3",,55990,т,1,0,0,https://www.kavstal.ru/public/assets/images/products/SORTOVOI_PROKAT/SHVELLER/img.webp,балашиха;швеллер;12,12,,ГОСТ 8240-97,т
Сортовой прокат,ШВЕЛЛЕР,12,Швеллер 12,"Швеллер 12, сталь Ст3",,56490,т,1,0,0,https://www.kavstal.ru/public/assets/images/products/SORTOVOI_PROKAT/SHVELLER/img.webp,балашиха;швеллер;12,12,,ГОСТ 8240-97,т
Сортовой прокат,ШВЕЛЛЕР,12 6м,Швеллер 12,"Швеллер 12, сталь Ст3",,55490,т,1,0,0,https://www.kavstal.ru/public/assets/images/products/SORTOVOI_PROKAT/SHVELLER/img.webp,балашиха;швеллер;12 6м;12,12 6м,,ГОСТ 8240-97,т
Сортовой прокат,ШВЕЛЛЕР,14,Швеллер 14,"Швеллер 14, сталь Ст3",,55990,т,1,0,0,https://www.kavstal.ru/public/assets/images/products/SORTOVOI_PROKAT/SHVELLER/img.webp,балашиха;швеллер;14,14,,ГОСТ 8240-97,т
Сортовой прокат,ШВЕЛЛЕР,14,Швеллер 14,"Швеллер 14, сталь Ст3",,56990,т,1,0,0,https://www.kavstal.ru/public/assets/images/products/SORTOVOI_PROKAT/SHVELLER/img.webp,балашиха;швеллер;14,14,,ГОСТ 8240-97,т
Сортовой прокат,ШВЕЛЛЕР,14 6м,Швеллер 14,"Швеллер 14, сталь Ст3",,55490,т,1,0,0,https://www.kavstal.ru/public/assets/images/products/SORTOVOI_PROKAT/SHVELLER/img.webp,балашиха;швеллер;14 6м;14,14 6м,,ГОСТ 8240-97,т
Сортовой прокат,ШВЕЛЛЕР,16,Швеллер 16,"Швеллер 16, сталь Ст3",,56490,т,1,0,0,https://www.kavstal.ru/public/assets/images/products/SORTOVOI_PROKAT/SHVELLER/img.webp,балашиха;швеллер;16,16,,ГОСТ 8240-97,т
Сортовой прокат,ШВЕЛЛЕР,16,Швеллер 16,"Швеллер 16, сталь Ст3",,59490,т,1,0,0,https://www.kavstal.ru/public/assets/images/products/SORTOVOI_PROKAT/SHVELLER/img.webp,балашиха;швеллер;16,16,,ГОСТ 8240-97,т
Сортовой прокат,ШВЕЛЛЕР,16 6м,Швеллер 16,"Швеллер 16, сталь Ст3",,56690,т,1,0,0,https://www.kavstal.ru/public/assets/images/products/SORTOVOI_PROKAT/SHVELLER/img.webp,балашиха;швеллер;16 6м;16,16 6м,,ГОСТ 8240-97,т
Сортовой прокат,ШВЕЛЛЕР,18,Швеллер 18,"Швеллер 18, сталь Ст3",,64490,т,1,0,0,https://www.kavstal.ru/public/assets/images/products/SORTOVOI_PROKAT/SHVELLER/img.webp,балашиха;швеллер;18,18,,ГОСТ 8240-97,т
Сортовой прокат,ШВЕЛЛЕР,20,Швеллер 20,"Швеллер 20, сталь Ст3",,109490,т,1,0,0,https://www.kavstal.ru/public/assets/images/products/SORTOVOI_PROKAT/SHVELLER/img.webp,балашиха;швеллер;20,20,,ГОСТ 8240-97,т
Сортовой прокат,ШВЕЛЛЕР,20,Швеллер 20,"Швеллер 20, сталь Ст3",,97490,т,1,0,0,https://www.kavstal.ru/public/assets/images/products/SORTOVOI_PROKAT/SHVELLER/img.webp,балашиха;швеллер;20,20,,ГОСТ 8240-97,т
Сортовой прокат,ШВЕЛЛЕР,22,Швеллер 22,"Швеллер 22, сталь Ст3",,105490,т,1,0,0,https://www.kavstal.ru/public/assets/images/products/SORTOVOI_PROKAT/SHVELLER/img.webp,балашиха;швеллер;22,22,,ГОСТ 8240-97,т
Сортовой прокат,ШВЕЛЛЕР,24,Швеллер 24,"Швеллер 24, сталь Ст3",,91490,т,1,0,0,https://www.kavstal.ru/public/assets/images/products/SORTOVOI_PROKAT/SHVELLER/img.webp,балашиха;швеллер;24,24,,ГОСТ 8240-97,т
Сортовой прокат,ШВЕЛЛЕР,24,Швеллер 24,"Швеллер 24, сталь Ст3",,91990,т,1,0,0,https://www.kavstal.ru/public/assets/images/products/SORTOVOI_PROKAT/SHVELLER/img.webp,балашиха;швеллер;24,24,,ГОСТ 8240-97,т
Сортовой прокат,ШВЕЛЛЕР,27,Швеллер 27,"Швеллер 27, сталь Ст3",,126490,т,1,0,0,https://www.kavstal.ru/public/assets/images/products/SORTOVOI_PROKAT/SHVELLER/img.webp,балашиха;швеллер;27,27,,ГОСТ 8240-97,т
Сортовой прокат,ШВЕЛЛЕР,30,Швеллер 30,"Швеллер 30, сталь Ст3",,125490,т,1,0,0,https://www.kavstal.ru/public/assets/images/products/SORTOVOI_PROKAT/SHVELLER/img.webp,балашиха;швеллер;30,30,,ГОСТ 8240-97,т
Сортовой прокат,ШВЕЛЛЕР,30,Швеллер 30,"Швеллер 30, сталь Ст3",,126490,т,1,0,0,https://www.kavstal.ru/public/assets/images/products/SORTOVOI_PROKAT/SHVELLER/img.webp,балашиха;швеллер;30,30,,ГОСТ 8240-97,т
Сортовой прокат,ШВЕЛЛЕР,40,Швеллер 40,"Швеллер 40, сталь Ст3",,145490,т,1,0,0,https://www.kavstal.ru/public/assets/images/products/SORTOVOI_PROKAT/SHVELLER/img.webp,балашиха;швеллер;40,40,,ГОСТ 8240-97,т
Сортовой прокат,ШВЕЛЛЕР,5,Швеллер 5,"Швеллер 5, сталь Ст3",,56990,т,1,0,0,https://www.kavstal.ru/public/assets/images/products/SORTOVOI_PROKAT/SHVELLER/img.webp,балашиха;швеллер;5,5,,ГОСТ 8240-97,т
Сортовой прокат,ШВЕЛЛЕР,5,Швеллер 5,"Швеллер 5, сталь Ст3",,81490,т,1,0,0,https://www.kavstal.ru/public/assets/images/products/SORTOVOI_PROKAT/SHVELLER/img.webp,балашиха;швеллер;5,5,,ГОСТ 8240-97,т
Сортовой прокат,ШВЕЛЛЕР,5 6м,Швеллер 5,"Швеллер 5, сталь Ст3",,81490,т,1,0,0,https://www.kavstal.ru/public/assets/images/products/SORTOVOI_PROKAT/SHVELLER/img.webp,балашиха;швеллер;5 6м,5 6м,,ГОСТ 8240-97,т
Сортовой прокат,ШВЕЛЛЕР,6.5,Швеллер 6,"Швеллер 6, сталь Ст3",,64490,т,1,0,0,https://www.kavstal.ru/public/assets/images/products/SORTOVOI_PROKAT/SHVELLER/img.webp,балашиха;швеллер;6.5,6.5,,ГОСТ 8240-97,т
Сортовой прокат,ШВЕЛЛЕР,6.5 6м,Швеллер 6,"Швеллер 6, сталь Ст3",,52290,т,1,0,0,https://www.kavstal.ru/public/assets/images/products/SORTOVOI_PROKAT/SHVELLER/img.webp,балашиха;швеллер;6.5 6м,6.5 6м,,ГОСТ 8240-97,т
Сортовой прокат,ШВЕЛЛЕР,6.5 6м,Швеллер 6,"Швеллер 6, сталь Ст3",,64490,т,1,0,0,https://www.kavstal.ru/public/assets/images/products/SORTOVOI_PROKAT/SHVELLER/img.webp,балашиха;швеллер;6.5 6м,6.5 6м,,ГОСТ 8240-97,т
Сортовой прокат,ШВЕЛЛЕР,8,Швеллер 8,"Швеллер 8, сталь Ст3",,51990,т,1,0,0,https://www.kavstal.ru/public/assets/images/products/SORTOVOI_PROKAT/SHVELLER/img.webp,балашиха;швеллер;8,8,,ГОСТ 8240-97,т
Сортовой прокат,ШВЕЛЛЕР,8 6м,Швеллер 8,"Швеллер 8, сталь Ст3",,51990,т,1,0,0,https://www.kavstal.ru/public/assets/images/products/SORTOVOI_PROKAT/SHVELLER/img.webp,балашиха;швеллер;8 6м,8 6м,,ГОСТ 8240-97,т
Сортовой прокат,ШВЕЛЛЕР ГНУТЫЙ,50x40,Швеллер гнутый 50x40x3 мм,"Швеллер гнутый 50x40x3 мм, сталь Ст3",3,63990,теор.т,1,0,0,https://www.kavstal.ru/public/assets/images/products/SORTOVOI_PROKAT/SHVELLER_GNUTYI/img.jpg,балашиха;швеллер гнутый;50x40;3;швеллер;гнутый;50x40x3;мм,50x40,3,ГОСТ 8278-83,теор.т
Сортовой прокат,ШВЕЛЛЕР ГНУТЫЙ,60x32,Швеллер гнутый 60x32x4 мм,"Швеллер гнутый 60x32x4 мм, сталь Ст3",4,62990,теор.т,1,0,0,https://www.kavstal.ru/public/assets/images/products/SORTOVOI_PROKAT/SHVELLER_GNUTYI/img.jpg,балашиха;швеллер гнутый;60x32;4;швеллер;гнутый;60x32x4;мм,60x32,4,ГОСТ 8278-83,теор.т
Сортовой прокат,ШВЕЛЛЕР ГНУТЫЙ,60x40,Швеллер гнутый 60x40x4 мм,"Швеллер гнутый 60x40x4 мм, сталь Ст3",4,63990,т,1,0,0,https://www.kavstal.ru/public/assets/images/products/SORTOVOI_PROKAT/SHVELLER_GNUTYI/img.jpg,балашиха;швеллер гнутый;60x40;4;швеллер;гнутый;60x40x4;мм,60x40,4,ГОСТ 8278-83,т
Сортовой прокат,ШВЕЛЛЕР ГНУТЫЙ,60x50,Швеллер гнутый 60x50x3 мм,"Швеллер гнутый 60x50x3 мм, сталь Ст3",3,61990,теор.т,1,0,0,https://www.kavstal.ru/public/assets/images/products/SORTOVOI_PROKAT/SHVELLER_GNUTYI/img.jpg,балашиха;швеллер гнутый;60x50;3;швеллер;гнутый;60x50x3;мм,60x50,3,ГОСТ 8278-83,теор.т
Сортовой прокат,ШВЕЛЛЕР ГНУТЫЙ,80x32,Швеллер гнутый 80x32x4 мм,"Швеллер гнутый 80x32x4 мм, сталь Ст3",4,61990,теор.т,1,0,0,https://www.kavstal.ru/public/assets/images/products/SORTOVOI_PROKAT/SHVELLER_GNUTYI/img.jpg,балашиха;швеллер гнутый;80x32;4;швеллер;гнутый;80x32x4;мм,80x32,4,ГОСТ 8278-83,теор.т
Сортовой прокат,ШВЕЛЛЕР ГНУТЫЙ,80x40,Швеллер гнутый 80x40x3 мм,"Швеллер гнутый 80x40x3 мм, сталь Ст3",3,61990,т,1,0,0,https://www.kavstal.ru/public/assets/images/products/SORTOVOI_PROKAT/SHVELLER_GNUTYI/img.jpg,балашиха;швеллер гнутый;80x40;3;швеллер;гнутый;80x40x3;мм,80x40,3,ГОСТ 8278-83,т
Сортовой прокат,ШВЕЛЛЕР ГНУТЫЙ,80x50,Швеллер гнутый 80x50x4 мм,"Швеллер гнутый 80x50x4 мм, сталь Ст3",4,61990,теор.т,1,0,0,https://www.kavstal.ru/public/assets/images/products/SORTOVOI_PROKAT/SHVELLER_GNUTYI/img.jpg,балашиха;швеллер гнутый;80x50;4;швеллер;гнутый;80x50x4;мм,80x50,4,ГОСТ 8278-83,теор.т
Сортовой прокат,ШВЕЛЛЕР ГНУТЫЙ,80x60,Швеллер гнутый 80x60x3 мм,"Швеллер гнутый 80x60x3 мм, сталь Ст3",3,63990,т,1,0,0,https://www.kavstal.ru/public/assets/images/products/SORTOVOI_PROKAT/SHVELLER_GNUTYI/img.jpg,балашиха;швеллер гнутый;80x60;3;4;швеллер;гнутый;80x60x3;мм,80x60,3 ; 4,ГОСТ 8278-83,т
Сортовой прокат,ШВЕЛЛЕР ГНУТЫЙ,100x50,Швеллер гнутый 100x50x3 мм,"Швеллер гнутый 100x50x3 мм, сталь Ст3",3,53990,т,1,0,0,https://www.kavstal.ru/public/assets/images/products/SORTOVOI_PROKAT/SHVELLER_GNUTYI/img.jpg,балашиха;швеллер гнутый;100x50;3;швеллер;гнутый;100x50x3;мм,100x50,3,ГОСТ 8278-83,т
Сортовой прокат,ШВЕЛЛЕР ГНУТЫЙ,100x50,Швеллер гнутый 100x50x3 мм,"Швеллер гнутый 100x50x3 мм, сталь Ст3",3,59990,теор.т,1,0,0,https://www.kavstal.ru/public/assets/images/products/SORTOVOI_PROKAT/SHVELLER_GNUTYI/img.jpg,балашиха;швеллер гнутый;100x50;3;4;швеллер;гнутый;100x50x3;мм,100x50,3 ; 4,ГОСТ 8278-83,теор.т
Сортовой прокат,ШВЕЛЛЕР ГНУТЫЙ,100x50,Швеллер гнутый 100x50x5 мм,"Швеллер гнутый 100x50x5 мм, сталь Ст3",5,54990,т,1,0,0,https://www.kavstal.ru/public/assets/images/products/SORTOVOI_PROKAT/SHVELLER_GNUTYI/img.jpg,балашиха;швеллер гнутый;100x50;5;швеллер;гнутый;100x50x5;мм,100x50,5,ГОСТ 8278-83,т
Сортовой прокат,ШВЕЛЛЕР ГНУТЫЙ,100x50,Швеллер гнутый 100x50x5 мм,"Швеллер гнутый 100x50x5 мм, сталь Ст3",5,59990,теор.т,1,0,0,https://www.kavstal.ru/public/assets/images/products/SORTOVOI_PROKAT/SHVELLER_GNUTYI/img.jpg,балашиха;швеллер гнутый;100x50;5;швеллер;гнутый;100x50x5;мм,100x50,5,ГОСТ 8278-83,теор.т
Сортовой прокат,ШВЕЛЛЕР ГНУТЫЙ,120x50,Швеллер гнутый 120x50x3 мм,"Швеллер гнутый 120x50x3 мм, сталь Ст3",3,63990,теор.т,1,0,0,https://www.kavstal.ru/public/assets/images/products/SORTOVOI_PROKAT/SHVELLER_GNUTYI/img.jpg,балашиха;швеллер гнутый;120x50;3;швеллер;гнутый;120x50x3;мм,120x50,3,ГОСТ 8278-83,теор.т
Сортовой прокат,ШВЕЛЛЕР ГНУТЫЙ,120x60,Швеллер гнутый 120x60x4 мм,"Швеллер гнутый 120x60x4 мм, сталь Ст3",4,63990,т,1,0,0,https://www.kavstal.ru/public/assets/images/products/SORTOVOI_PROKAT/SHVELLER_GNUTYI/img.jpg,балашиха;швеллер гнутый;120x60;4;швеллер;гнутый;120x60x4;мм,120x60,4,ГОСТ 8278-83,т
Сортовой прокат,ШВЕЛЛЕР ГНУТЫЙ,120x60,Швеллер гнутый 120x60x4 мм,"Швеллер гнутый 120x60x4 мм, сталь Ст3",4,64990,теор.т,1,0,0,https://www.kavstal.ru/public/assets/images/products/SORTOVOI_PROKAT/SHVELLER_GNUTYI/img.jpg,балашиха;швеллер гнутый;120x60;4;швеллер;гнутый;120x60x4;мм,120x60,4,ГОСТ 8278-83,теор.т
Сортовой прокат,ШВЕЛЛЕР ГНУТЫЙ,120x60,Швеллер гнутый 120x60x5 мм,"Швеллер гнутый 120x60x5 мм, сталь Ст3",5,66990,теор.т,1,0,0,https://www.kavstal.ru/public/assets/images/products/SORTOVOI_PROKAT/SHVELLER_GNUTYI/img.jpg,балашиха;швеллер гнутый;120x60;5;швеллер;гнутый;120x60x5;мм,120x60,5,ГОСТ 8278-83,теор.т
Сортовой прокат,ШВЕЛЛЕР ГНУТЫЙ,120x80,Швеллер гнутый 120x80x4 мм,"Швеллер гнутый 120x80x4 мм, сталь Ст3",4,62990,т,1,0,0,https://www.kavstal.ru/public/assets/images/products/SORTOVOI_PROKAT/SHVELLER_GNUTYI/img.jpg,балашиха;швеллер гнутый;120x80;4;швеллер;гнутый;120x80x4;мм,120x80,4,ГОСТ 8278-83,т
Сортовой прокат,ШВЕЛЛЕР ГНУТЫЙ,120x80,Швеллер гнутый 120x80x4 мм,"Швеллер гнутый 120x80x4 мм, сталь Ст3",4,63990,теор.т,1,0,0,https://www.kavstal.ru/public/assets/images/products/SORTOVOI_PROKAT/SHVELLER_GNUTYI/img.jpg,балашиха;швеллер гнутый;120x80;4;5;швеллер;гнутый;120x80x4;мм,120x80,4 ; 5,ГОСТ 8278-83,теор.т
Сортовой прокат,ШВЕЛЛЕР ГНУТЫЙ,140x50,Швеллер гнутый 140x50x4 мм,"Швеллер гнутый 140x50x4 мм, сталь Ст3",4,57990,т,1,0,0,https://www.kavstal.ru/public/assets/images/products/SORTOVOI_PROKAT/SHVELLER_GNUTYI/img.jpg,балашиха;швеллер гнутый;140x50;4;швеллер;гнутый;140x50x4;мм,140x50,4,ГОСТ 8278-83,т
Сортовой прокат,ШВЕЛЛЕР ГНУТЫЙ,140x50,Швеллер гнутый 140x50x4 мм,"Швеллер гнутый 140x50x4 мм, сталь Ст3",4,61990,теор.т,1,0,0,https://www.kavstal.ru/public/assets/images/products/SORTOVOI_PROKAT/SHVELLER_GNUTYI/img.jpg,балашиха;швеллер гнутый;140x50;4;швеллер;гнутый;140x50x4;мм,140x50,4,ГОСТ 8278-83,теор.т
Сортовой прокат,ШВЕЛЛЕР ГНУТЫЙ,140x60,Швеллер гнутый 140x60x4 мм,"Швеллер гнутый 140x60x4 мм, сталь Ст3",4,59990,теор.т,1,0,0,https://www.kavstal.ru/public/assets/images/products/SORTOVOI_PROKAT/SHVELLER_GNUTYI/img.jpg,балашиха;швеллер гнутый;140x60;4;5;швеллер;гнутый;140x60x4;мм,140x60,4 ; 5,ГОСТ 8278-83,теор.т
Сортовой прокат,ШВЕЛЛЕР ГНУТЫЙ,160x50,Швеллер гнутый 160x50x4 мм,"Швеллер гнутый 160x50x4 мм, сталь Ст3",4,59990,т,1,0,0,https://www.kavstal.ru/public/assets/images/products/SORTOVOI_PROKAT/SHVELLER_GNUTYI/img.jpg,балашиха;швеллер гнутый;160x50;4;швеллер;гнутый;160x50x4;мм,160x50,4,ГОСТ 8278-83,т
Сортовой прокат,ШВЕЛЛЕР ГНУТЫЙ,160x50,Швеллер гнутый 160x50x4 мм,"Швеллер гнутый 160x50x4 мм, сталь Ст3",4,62990,теор.т,1,0,0,https://www.kavstal.ru/public/assets/images/products/SORTOVOI_PROKAT/SHVELLER_GNUTYI/img.jpg,балашиха;швеллер гнутый;160x50;4;швеллер;гнутый;160x50x4;мм,160x50,4,ГОСТ 8278-83,теор.т
Сортовой прокат,ШВЕЛЛЕР ГНУТЫЙ,160x50,Швеллер гнутый 160x50x5 мм,"Швеллер гнутый 160x50x5 мм, сталь Ст3",5,63990,теор.т,1,0,0,https://www.kavstal.ru/public/assets/images/products/SORTOVOI_PROKAT/SHVELLER_GNUTYI/img.jpg,балашиха;швеллер гнутый;160x50;5;швеллер;гнутый;160x50x5;мм,160x50,5,ГОСТ 8278-83,теор.т
Сортовой прокат,ШВЕЛЛЕР ГНУТЫЙ,160x60,Швеллер гнутый 160x60x4 мм,"Швеллер гнутый 160x60x4 мм, сталь Ст3",4,63990,т,1,0,0,https://www.kavstal.ru/public/assets/images/products/SORTOVOI_PROKAT/SHVELLER_GNUTYI/img.jpg,балашиха;швеллер гнутый;160x60;4;швеллер;гнутый;160x60x4;мм,160x60,4,ГОСТ 8278-83,т
Сортовой прокат,ШВЕЛЛЕР ГНУТЫЙ,160x60,Швеллер гнутый 160x60x4 мм,"Швеллер гнутый 160x60x4 мм, сталь Ст3",4,59990,теор.т,1,0,0,https://www.kavstal.ru/public/assets/images/products/SORTOVOI_PROKAT/SHVELLER_GNUTYI/img.jpg,балашиха;швеллер гнутый;160x60;4;швеллер;гнутый;160x60x4;мм,160x60,4,ГОСТ 8278-83,теор.т
Сортовой прокат,ШВЕЛЛЕР ГНУТЫЙ,160x60,Швеллер гнутый 160x60x5 мм,"Швеллер гнутый 160x60x5 мм, сталь Ст3",5,60990,т,1,0,0,https://www.kavstal.ru/public/assets/images/products/SORTOVOI_PROKAT/SHVELLER_GNUTYI/img.jpg,балашиха;швеллер гнутый;160x60;5;швеллер;гнутый;160x60x5;мм,160x60,5,ГОСТ 8278-83,т
Сортовой прокат,ШВЕЛЛЕР ГНУТЫЙ,160x60,Швеллер гнутый 160x60x5 мм,"Швеллер гнутый 160x60x5 мм, сталь Ст3",5,63990,теор.т,1,0,0,https://www.kavstal.ru/public/assets/images/products/SORTOVOI_PROKAT/SHVELLER_GNUTYI/img.jpg,балашиха;швеллер гнутый;160x60;5;швеллер;гнутый;160x60x5;мм,160x60,5,ГОСТ 8278-83,теор.т
Сортовой прокат,ШВЕЛЛЕР ГНУТЫЙ,160x80,Швеллер гнутый 160x80x4 мм,"Швеллер гнутый 160x80x4 мм, сталь Ст3",4,60990,т,1,0,0,https://www.kavstal.ru/public/assets/images/products/SORTOVOI_PROKAT/SHVELLER_GNUTYI/img.jpg,балашиха;швеллер гнутый;160x80;4;швеллер;гнутый;160x80x4;мм,160x80,4,ГОСТ 8278-83,т
Сортовой прокат,ШВЕЛЛЕР ГНУТЫЙ,160x80,Швеллер гнутый 160x80x4 мм,"Швеллер гнутый 160x80x4 мм, сталь Ст3",4,59990,теор.т,1,0,0,https://www.kavstal.ru/public/assets/images/products/SORTOVOI_PROKAT/SHVELLER_GNUTYI/img.jpg,балашиха;швеллер гнутый;160x80;4;5;швеллер;гнутый;160x80x4;мм,160x80,4 ; 5; 5,ГОСТ 8278-83,теор.т
Сортовой прокат,ШВЕЛЛЕР ГНУТЫЙ,180x50,Швеллер гнутый 180x50x4 мм,"Швеллер гнутый 180x50x4 мм, сталь Ст3",4,59990,теор.т,1,0,0,https://www.kavstal.ru/public/assets/images/products/SORTOVOI_PROKAT/SHVELLER_GNUTYI/img.jpg,балашиха;швеллер гнутый;180x50;4;швеллер;гнутый;180x50x4;мм,180x50,4,ГОСТ 8278-83,теор.т
Сортовой прокат,ШВЕЛЛЕР ГНУТЫЙ,180x60,Швеллер гнутый 180x60x4 мм,"Швеллер гнутый 180x60x4 мм, сталь Ст3",4,59990,т,1,0,0,https://www.kavstal.ru/public/assets/images/products/SORTOVOI_PROKAT/SHVELLER_GNUTYI/img.jpg,балашиха;швеллер гнутый;180x60;4;швеллер;гнутый;180x60x4;мм,180x60,4,ГОСТ 8278-83,т
Сортовой прокат,ШВЕЛЛЕР ГНУТЫЙ,180x70,Швеллер гнутый 180x70x5 мм,"Швеллер гнутый 180x70x5 мм, сталь Ст3",5,63990,т,1,0,0,https://www.kavstal.ru/public/assets/images/products/SORTOVOI_PROKAT/SHVELLER_GNUTYI/img.jpg,балашиха;швеллер гнутый;180x70;5;швеллер;гнутый;180x70x5;мм,180x70,5,ГОСТ 8278-83,т
Сортовой прокат,ШВЕЛЛЕР ГНУТЫЙ,180x80,Швеллер гнутый 180x80x5 мм,"Швеллер гнутый 180x80x5 мм, сталь Ст3",5,63990,т,1,0,0,https://www.kavstal.ru/public/assets/images/products/SORTOVOI_PROKAT/SHVELLER_GNUTYI/img.jpg,балашиха;швеллер гнутый;180x80;5;швеллер;гнутый;180x80x5;мм,180x80,5,ГОСТ 8278-83,т
Сортовой прокат,ШВЕЛЛЕР ГНУТЫЙ,200x100,Швеллер гнутый 200x100x5 мм,"Швеллер гнутый 200x100x5 мм, сталь Ст3",5,68990,теор.т,1,0,0,https://www.kavstal.ru/public/assets/images/products/SORTOVOI_PROKAT/SHVELLER_GNUTYI/img.jpg,балашиха;швеллер гнутый;200x100;5;швеллер;гнутый;200x100x5;мм,200x100,5,ГОСТ 8278-83,теор.т
Сортовой прокат,ШВЕЛЛЕР ГНУТЫЙ,200x100,Швеллер гнутый 200x100x6 мм,"Швеллер гнутый 200x100x6 мм, сталь Ст3",6,63990,т,1,0,0,https://www.kavstal.ru/public/assets/images/products/SORTOVOI_PROKAT/SHVELLER_GNUTYI/img.jpg,балашиха;швеллер гнутый;200x100;6;швеллер;гнутый;200x100x6;мм,200x100,6,ГОСТ 8278-83,т
Сортовой прокат,ШВЕЛЛЕР ГНУТЫЙ,200x100,Швеллер гнутый 200x100x6 мм,"Швеллер гнутый 200x100x6 мм, сталь Ст3",6,68990,теор.т,1,0,0,https://www.kavstal.ru/public/assets/images/products/SORTOVOI_PROKAT/SHVELLER_GNUTYI/img.jpg,балашиха;швеллер гнутый;200x100;6;швеллер;гнутый;200x100x6;мм,200x100,6,ГОСТ 8278-83,теор.т
Сортовой прокат,ШВЕЛЛЕР ГНУТЫЙ,200x80,Швеллер гнутый 200x80x4 мм,"Швеллер гнутый 200x80x4 мм, сталь Ст3",4,62990,теор.т,1,0,0,https://www.kavstal.ru/public/assets/images/products/SORTOVOI_PROKAT/SHVELLER_GNUTYI/img.jpg,балашиха;швеллер гнутый;200x80;4;5;швеллер;гнутый;200x80x4;мм,200x80,4 ; 5,ГОСТ 8278-83,теор.т
Сортовой прокат,ШВЕЛЛЕР ГНУТЫЙ,200x80,Швеллер гнутый 200x80x6 мм,"Швеллер гнутый 200x80x6 мм, сталь Ст3",6,63990,т,1,0,0,https://www.kavstal.ru/public/assets/images/products/SORTOVOI_PROKAT/SHVELLER_GNUTYI/img.jpg,балашиха;швеллер гнутый;200x80;6;швеллер;гнутый;200x80x6;мм,200x80,6,ГОСТ 8278-83,т
Сортовой прокат,ШВЕЛЛЕР ГНУТЫЙ,200x80,Швеллер гнутый 200x80x6 мм,"Швеллер гнутый 200x80x6 мм, сталь Ст3",6,69990,теор.т,1,0,0,https://www.kavstal.ru/public/assets/images/products/SORTOVOI_PROKAT/SHVELLER_GNUTYI/img.jpg,балашиха;швеллер гнутый;200x80;6;швеллер;гнутый;200x80x6;мм,200x80,6,ГОСТ 8278-83,теор.т
Сортовой прокат,ШВЕЛЛЕР ГНУТЫЙ,250x60,Швеллер гнутый 250x60x6 мм,"Швеллер гнутый 250x60x6 мм, сталь Ст3",6,63990,т,1,0,0,https://www.kavstal.ru/public/assets/images/products/SORTOVOI_PROKAT/SHVELLER_GNUTYI/img.jpg,балашиха;швеллер гнутый;250x60;6;швеллер;гнутый;250x60x6;мм,250x60,6,ГОСТ 8278-83,т
Сортовой прокат,ШВЕЛЛЕР ГНУТЫЙ,300x80,Швеллер гнутый 300x80x6 мм,"Швеллер гнутый 300x80x6 мм, сталь Ст3",6,63990,т,1,0,0,https://www.kavstal.ru/public/assets/images/products/SORTOVOI_PROKAT/SHVELLER_GNUTYI/img.jpg,балашиха;швеллер гнутый;300x80;6;швеллер;гнутый;300x80x6;мм,300x80,6,ГОСТ 8278-83,т
Трубы,ТРУБЫ ВОДОГАЗОПРОВ. ОЦИНК. ГОСТ 3262-75,ДУ 15 оцинк Тагмет,"Труба ВГП оцинкованная Ду 15x2,5 мм (Тагмет)","Труба ВГП оцинкованная Ду 15x2,5 мм (Тагмет), ГОСТ 3262-75",2,88590,теор.т,1,0,0,https://www.kavstal.ru/public/assets/images/products/TRUBY/TRUBY_VODOGAZOPROV_OTSINK_GOST_3262_75/img.webp,балашиха;трубы водогазопров. оцинк. гост 3262-75;ду 15 оцинк тагмет;2;5;труба;вгп;оцинкованная;ду;15x2;мм;тагмет,ДУ 15 оцинк Тагмет,"2,5",,теор.т
Трубы,ТРУБЫ ВОДОГАЗОПРОВ. ОЦИНК. ГОСТ 3262-75,ДУ 15 оцинкТагмет (печная сварка),"Труба ВГП оцинкованная Ду 15x2,8 мм (Тагмет (печная сварка))","Труба ВГП оцинкованная Ду 15x2,8 мм (Тагмет (печная сварка)), ГОСТ 3262-75",2,88590,теор.т,1,0,0,https://www.kavstal.ru/public/assets/images/products/TRUBY/TRUBY_VODOGAZOPROV_OTSINK_GOST_3262_75/img.webp,балашиха;трубы водогазопров. оцинк. гост 3262-75;ду 15 оцинктагмет (печная сварка);2;8;труба;вгп;оцинкованная;ду;15x2;мм;тагмет;печная;сварка,ДУ 15 оцинкТагмет (печная сварка),"2,8",,теор.т
Трубы,ТРУБЫ ВОДОГАЗОПРОВ. ОЦИНК. ГОСТ 3262-75,ДУ 20 оцинк,"Труба ВГП оцинкованная Ду 20x2,8 мм","Труба ВГП оцинкованная Ду 20x2,8 мм, ГОСТ 3262-75",2,88590,теор.т,1,0,0,https://www.kavstal.ru/public/assets/images/products/TRUBY/TRUBY_VODOGAZOPROV_OTSINK_GOST_3262_75/img.webp,балашиха;трубы водогазопров. оцинк. гост 3262-75;ду 20 оцинк;2;8;труба;вгп;оцинкованная;ду;20x2;мм,ДУ 20 оцинк,"2,8",,теор.т
Трубы,ТРУБЫ ВОДОГАЗОПРОВ. ОЦИНК. ГОСТ 3262-75,ДУ 25 оцинк,"Труба ВГП оцинкованная Ду 25x2,8 мм","Труба ВГП оцинкованная Ду 25x2,8 мм, ГОСТ 3262-75",2,86590,теор.т,1,0,0,https://www.kavstal.ru/public/assets/images/products/TRUBY/TRUBY_VODOGAZOPROV_OTSINK_GOST_3262_75/img.webp,балашиха;трубы водогазопров. оцинк. гост 3262-75;ду 25 оцинк;2;8;3;труба;вгп;оцинкованная;ду;25x2;мм,ДУ 25 оцинк,"2,8 ; 3,2",,теор.т
Трубы,ТРУБЫ ВОДОГАЗОПРОВ. ОЦИНК. ГОСТ 3262-75,ДУ 25 оцинк Тагмет (печная сварка),"Труба ВГП оцинкованная Ду 25x2,8 мм (Тагмет (печная сварка))","Труба ВГП оцинкованная Ду 25x2,8 мм (Тагмет (печная сварка)), ГОСТ 3262-75",2,86590,теор.т,1,0,0,https://www.kavstal.ru/public/assets/images/products/TRUBY/TRUBY_VODOGAZOPROV_OTSINK_GOST_3262_75/img.webp,балашиха;трубы водогазопров. оцинк. гост 3262-75;ду 25 оцинк тагмет (печная сварка);2;8;3;труба;вгп;оцинкованная;ду;25x2;мм;тагмет;печная;сварка,ДУ 25 оцинк Тагмет (печная сварка),"2,8 ; 3,2",,теор.т
Трубы,ТРУБЫ ВОДОГАЗОПРОВ. ОЦИНК. ГОСТ 3262-75,ДУ 25 оцинк уценка,"Труба ВГП оцинкованная Ду 25x3,2 мм (уценка)","Труба ВГП оцинкованная Ду 25x3,2 мм (уценка), ГОСТ 3262-75",3,86590,теор.т,1,0,0,https://www.kavstal.ru/public/assets/images/products/TRUBY/TRUBY_VODOGAZOPROV_OTSINK_GOST_3262_75/img.webp,балашиха;трубы водогазопров. оцинк. гост 3262-75;ду 25 оцинк уценка;3;2;труба;вгп;оцинкованная;ду;25x3;мм;уценка,ДУ 25 оцинк уценка,"3,2",,теор.т
Трубы,ТРУБЫ ВОДОГАЗОПРОВ. ОЦИНК. ГОСТ 3262-75,ДУ 32 оцинк,"Труба ВГП оцинкованная Ду 32x3,2 мм","Труба ВГП оцинкованная Ду 32x3,2 мм, ГОСТ 3262-75",3,86590,теор.т,1,0,0,https://www.kavstal.ru/public/assets/images/products/TRUBY/TRUBY_VODOGAZOPROV_OTSINK_GOST_3262_75/img.webp,балашиха;трубы водогазопров. оцинк. гост 3262-75;ду 32 оцинк;3;2;труба;вгп;оцинкованная;ду;32x3;мм,ДУ 32 оцинк,"3,2",,теор.т
Трубы,ТРУБЫ ВОДОГАЗОПРОВ. ОЦИНК. ГОСТ 3262-75,ДУ 32 оцинк Тагмет,"Труба ВГП оцинкованная Ду 32x2,8 мм (Тагмет)","Труба ВГП оцинкованная Ду 32x2,8 мм (Тагмет), ГОСТ 3262-75",2,86590,теор.т,1,0,0,https://www.kavstal.ru/public/assets/images/products/TRUBY/TRUBY_VODOGAZOPROV_OTSINK_GOST_3262_75/img.webp,балашиха;трубы водогазопров. оцинк. гост 3262-75;ду 32 оцинк тагмет;2;8;3;труба;вгп;оцинкованная;ду;32x2;мм;тагмет,ДУ 32 оцинк Тагмет,"2,8 ; 3,2",,теор.т
Трубы,ТРУБЫ ВОДОГАЗОПРОВ. ОЦИНК. ГОСТ 3262-75,ДУ 40 оцинк,"Труба ВГП оцинкованная Ду 40x3,5 мм","Труба ВГП оцинкованная Ду 40x3,5 мм, ГОСТ 3262-75",3,82590,теор.т,1,0,0,https://www.kavstal.ru/public/assets/images/products/TRUBY/TRUBY_VODOGAZOPROV_OTSINK_GOST_3262_75/img.webp,балашиха;трубы водогазопров. оцинк. гост 3262-75;ду 40 оцинк;3;5;труба;вгп;оцинкованная;ду;40x3;мм,ДУ 40 оцинк,"3,5",,теор.т
Трубы,ТРУБЫ ВОДОГАЗОПРОВ. ОЦИНК. ГОСТ 3262-75,ДУ 40 оцинк Тагмет,Труба ВГП оцинкованная Ду 40x3 мм (Тагмет),"Труба ВГП оцинкованная Ду 40x3 мм (Тагмет), ГОСТ 3262-75",3,86590,теор.т,1,0,0,https://www.kavstal.ru/public/assets/images/products/TRUBY/TRUBY_VODOGAZOPROV_OTSINK_GOST_3262_75/img.webp,балашиха;трубы водогазопров. оцинк. гост 3262-75;ду 40 оцинк тагмет;3;труба;вгп;оцинкованная;ду;40x3;мм;тагмет,ДУ 40 оцинк Тагмет,3,,теор.т
Трубы,ТРУБЫ ВОДОГАЗОПРОВ. ОЦИНК. ГОСТ 3262-75,ДУ 40 оцинк Тагмет (печная сварка),"Труба ВГП оцинкованная Ду 40x3,5 мм (Тагмет (печная сварка))","Труба ВГП оцинкованная Ду 40x3,5 мм (Тагмет (печная сварка)), ГОСТ 3262-75",3,82590,теор.т,1,0,0,https://www.kavstal.ru/public/assets/images/products/TRUBY/TRUBY_VODOGAZOPROV_OTSINK_GOST_3262_75/img.webp,балашиха;трубы водогазопров. оцинк. гост 3262-75;ду 40 оцинк тагмет (печная сварка);3;5;труба;вгп;оцинкованная;ду;40x3;мм;тагмет;печная;сварка,ДУ 40 оцинк Тагмет (печная сварка),"3,5",,теор.т
Трубы,ТРУБЫ ВОДОГАЗОПРОВ. ОЦИНК. ГОСТ 3262-75,ДУ 50 оцинк,Труба ВГП оцинкованная Ду 50x3 мм,"Труба ВГП оцинкованная Ду 50x3 мм, ГОСТ 3262-75",3,86590,теор.т,1,0,0,https://www.kavstal.ru/public/assets/images/products/TRUBY/TRUBY_VODOGAZOPROV_OTSINK_GOST_3262_75/img.webp,балашиха;трубы водогазопров. оцинк. гост 3262-75;ду 50 оцинк;3;труба;вгп;оцинкованная;ду;50x3;мм,ДУ 50 оцинк,3,,теор.т
Трубы,ТРУБЫ ВОДОГАЗОПРОВ. ОЦИНК. ГОСТ 3262-75,ДУ 50 оцинк,"Труба ВГП оцинкованная Ду 50x3,5 мм","Труба ВГП оцинкованная Ду 50x3,5 мм, ГОСТ 3262-75",3,82590,теор.т,1,0,0,https://www.kavstal.ru/public/assets/images/products/TRUBY/TRUBY_VODOGAZOPROV_OTSINK_GOST_3262_75/img.webp,балашиха;трубы водогазопров. оцинк. гост 3262-75;ду 50 оцинк;3;5;труба;вгп;оцинкованная;ду;50x3;мм,ДУ 50 оцинк,"3,5",,теор.т
Трубы,ТРУБЫ ВОДОГАЗОПРОВ. ОЦИНК. ГОСТ 3262-75,ДУ 80 оцинк,Труба ВГП оцинкованная Ду 80x3 мм,"Труба ВГП оцинкованная Ду 80x3 мм, ГОСТ 3262-75",3,86590,теор.т,1,0,0,https://www.kavstal.ru/public/assets/images/products/TRUBY/TRUBY_VODOGAZOPROV_OTSINK_GOST_3262_75/img.webp,балашиха;трубы водогазопров. оцинк. гост 3262-75;ду 80 оцинк;3;труба;вгп;оцинкованная;ду;80x3;мм,ДУ 80 оцинк,3,,теор.т
Трубы,ТРУБЫ ВОДОГАЗОПРОВ. ОЦИНК. ГОСТ 3262-75,ДУ 80 оцинк Тагмет,Труба ВГП оцинкованная Ду 80x4 мм (Тагмет),"Труба ВГП оцинкованная Ду 80x4 мм (Тагмет), ГОСТ 3262-75",4,82590,теор.т,1,0,0,https://www.kavstal.ru/public/assets/images/products/TRUBY/TRUBY_VODOGAZOPROV_OTSINK_GOST_3262_75/img.webp,балашиха;трубы водогазопров. оцинк. гост 3262-75;ду 80 оцинк тагмет;4;труба;вгп;оцинкованная;ду;80x4;мм;тагмет,ДУ 80 оцинк Тагмет,4,,теор.т
Сортовой прокат,ТРУБЫ ЭЛЕКТРОСВАРНЫЕ КВАДРАТ,10,"Труба профильная квадратная 10x10x1,5 мм","Труба профильная квадратная 10x10x1,5 мм",1,62590,теор.т,1,0,0,https://www.kavstal.ru/public/assets/images/products/SORTOVOI_PROKAT/TRUBY_ELEKTROSVARNYE_KVADRAT/img.webp,балашиха;трубы электросварные квадрат;10;1;5;труба;профильная;квадратная;10x10x1;мм,10,"1,5",ГОСТ 2591-2006,теор.т
Сортовой прокат,ТРУБЫ ЭЛЕКТРОСВАРНЫЕ КВАДРАТ,10 некондиция,"Труба профильная квадратная 10x10x0,8 мм некондиция","Труба профильная квадратная 10x10x0,8 мм некондиция",0,28590,т,1,0,0,https://www.kavstal.ru/public/assets/images/products/SORTOVOI_PROKAT/TRUBY_ELEKTROSVARNYE_KVADRAT/img.webp,балашиха;трубы электросварные квадрат;10 некондиция;8;1;5;труба;профильная;квадратная;10x10x0;мм;некондиция,10 некондиция,"0,8 ; 1,5",ГОСТ 2591-2006,т
Сортовой прокат,ТРУБЫ ЭЛЕКТРОСВАРНЫЕ КВАДРАТ,10 х/к,Труба профильная квадратная 10x10x1 мм х/к,Труба профильная квадратная 10x10x1 мм х/к,1,66590,теор.т,1,0,0,https://www.kavstal.ru/public/assets/images/products/SORTOVOI_PROKAT/TRUBY_ELEKTROSVARNYE_KVADRAT/img.webp,балашиха;трубы электросварные квадрат;10 х/к;1;2;труба;профильная;квадратная;10x10x1;мм;х/к,10 х/к,"1 ; 1,2",ГОСТ 2591-2006,теор.т
Сортовой прокат,ТРУБЫ ЭЛЕКТРОСВАРНЫЕ КВАДРАТ,10 х/к неклндиция,"Труба профильная квадратная 10x10x1,2 мм х/к неклндиция","Труба профильная квадратная 10x10x1,2 мм х/к неклндиция",1,28590,т,1,0,0,https://www.kavstal.ru/public/assets/images/products/SORTOVOI_PROKAT/TRUBY_ELEKTROSVARNYE_KVADRAT/img.webp,балашиха;трубы электросварные квадрат;10 х/к неклндиция;1;2;труба;профильная;квадратная;10x10x1;мм;х/к;неклндиция,10 х/к неклндиция,"1,2",ГОСТ 2591-2006,т
Сортовой прокат,ТРУБЫ ЭЛЕКТРОСВАРНЫЕ КВАДРАТ,10 х/к некондиция,Труба профильная квадратная 10x10x1 мм х/к некондиция,Труба профильная квадратная 10x10x1 мм х/к некондиция,1,28590,т,1,0,0,https://www.kavstal.ru/public/assets/images/products/SORTOVOI_PROKAT/TRUBY_ELEKTROSVARNYE_KVADRAT/img.webp,балашиха;трубы электросварные квадрат;10 х/к некондиция;1;труба;профильная;квадратная;10x10x1;мм;х/к;некондиция,10 х/к некондиция,1,ГОСТ 2591-2006,т
Сортовой прокат,ТРУБЫ ЭЛЕКТРОСВАРНЫЕ КВАДРАТ,15,"Труба профильная квадратная 15x15x0,8 мм","Труба профильная квадратная 15x15x0,8 мм",0,64590,т,1,0,0,https://www.kavstal.ru/public/assets/images/products/SORTOVOI_PROKAT/TRUBY_ELEKTROSVARNYE_KVADRAT/img.webp,балашиха;трубы электросварные квадрат;15;8;труба;профильная;квадратная;15x15x0;мм,15,"0,8",ГОСТ 2591-2006,т
Сортовой прокат,ТРУБЫ ЭЛЕКТРОСВАРНЫЕ КВАДРАТ,15,"Труба профильная квадратная 15x15x1,5 мм","Труба профильная квадратная 15x15x1,5 мм",1,57590,теор.т,1,0,0,https://www.kavstal.ru/public/assets/images/products/SORTOVOI_PROKAT/TRUBY_ELEKTROSVARNYE_KVADRAT/img.webp,балашиха;трубы электросварные квадрат;15;1;5;труба;профильная;квадратная;15x15x1;мм,15,"1,5",ГОСТ 2591-2006,теор.т
Сортовой прокат,ТРУБЫ ЭЛЕКТРОСВАРНЫЕ КВАДРАТ,15,"Труба профильная квадратная 15x15x1,5 мм","Труба профильная квадратная 15x15x1,5 мм",1,60590,теор.т,1,0,0,https://www.kavstal.ru/public/assets/images/products/SORTOVOI_PROKAT/TRUBY_ELEKTROSVARNYE_KVADRAT/img.webp,балашиха;трубы электросварные квадрат;15;1;5;труба;профильная;квадратная;15x15x1;мм,15,"1,5",ГОСТ 2591-2006,теор.т
Сортовой прокат,ТРУБЫ ЭЛЕКТРОСВАРНЫЕ КВАДРАТ,15 некондиция,Труба профильная квадратная 15x15x2 мм некондиция,Труба профильная квадратная 15x15x2 мм некондиция,2,28590,т,1,0,0,https://www.kavstal.ru/public/assets/images/products/SORTOVOI_PROKAT/TRUBY_ELEKTROSVARNYE_KVADRAT/img.webp,балашиха;трубы электросварные квадрат;15 некондиция;2;труба;профильная;квадратная;15x15x2;мм;некондиция,15 некондиция,2,ГОСТ 2591-2006,т
Сортовой прокат,ТРУБЫ ЭЛЕКТРОСВАРНЫЕ КВАДРАТ,15 х/к,Труба профильная квадратная 15x15x1 мм х/к,Труба профильная квадратная 15x15x1 мм х/к,1,60590,теор.т,1,0,0,https://www.kavstal.ru/public/assets/images/products/SORTOVOI_PROKAT/TRUBY_ELEKTROSVARNYE_KVADRAT/img.webp,балашиха;трубы электросварные квадрат;15 х/к;1;труба;профильная;квадратная;15x15x1;мм;х/к,15 х/к,1,ГОСТ 2591-2006,теор.т
Сортовой прокат,ТРУБЫ ЭЛЕКТРОСВАРНЫЕ КВАДРАТ,15 х/к,Труба профильная квадратная 15x15x1 мм х/к,Труба профильная квадратная 15x15x1 мм х/к,1,64590,теор.т,1,0,0,https://www.kavstal.ru/public/assets/images/products/SORTOVOI_PROKAT/TRUBY_ELEKTROSVARNYE_KVADRAT/img.webp,балашиха;трубы электросварные квадрат;15 х/к;1;2;труба;профильная;квадратная;15x15x1;мм;х/к,15 х/к,"1 ; 1,2",ГОСТ 2591-2006,теор.т
Сортовой прокат,ТРУБЫ ЭЛЕКТРОСВАРНЫЕ КВАДРАТ,15 х/к некондиция,Труба профильная квадратная 15x15x1 мм х/к некондиция,Труба профильная квадратная 15x15x1 мм х/к некондиция,1,28590,т,1,0,0,https://www.kavstal.ru/public/assets/images/products/SORTOVOI_PROKAT/TRUBY_ELEKTROSVARNYE_KVADRAT/img.webp,балашиха;трубы электросварные квадрат;15 х/к некондиция;1;труба;профильная;квадратная;15x15x1;мм;х/к;некондиция,15 х/к некондиция,1,ГОСТ 2591-2006,т
Сортовой прокат,ТРУБЫ ЭЛЕКТРОСВАРНЫЕ КВАДРАТ,20,"Труба профильная квадратная 20x20x0,8 мм","Труба профильная квадратная 20x20x0,8 мм",0,64590,теор.т,1,0,0,https://www.kavstal.ru/public/assets/images/products/SORTOVOI_PROKAT/TRUBY_ELEKTROSVARNYE_KVADRAT/img.webp,балашиха;трубы электросварные квадрат;20;8;труба;профильная;квадратная;20x20x0;мм,20,"0,8",ГОСТ 2591-2006,теор.т
Сортовой прокат,ТРУБЫ ЭЛЕКТРОСВАРНЫЕ КВАДРАТ,20,"Труба профильная квадратная 20x20x1,5 мм","Труба профильная квадратная 20x20x1,5 мм",1,57590,теор.т,1,0,0,https://www.kavstal.ru/public/assets/images/products/SORTOVOI_PROKAT/TRUBY_ELEKTROSVARNYE_KVADRAT/img.webp,балашиха;трубы электросварные квадрат;20;1;5;труба;профильная;квадратная;20x20x1;мм,20,"1,5",ГОСТ 2591-2006,теор.т
Сортовой прокат,ТРУБЫ ЭЛЕКТРОСВАРНЫЕ КВАДРАТ,20,"Труба профильная квадратная 20x20x1,5 мм","Труба профильная квадратная 20x20x1,5 мм",1,60590,теор.т,1,0,0,https://www.kavstal.ru/public/assets/images/products/SORTOVOI_PROKAT/TRUBY_ELEKTROSVARNYE_KVADRAT/img.webp,балашиха;трубы электросварные квадрат;20;1;5;труба;профильная;квадратная;20x20x1;мм,20,"1,5",ГОСТ 2591-2006,теор.т
Сортовой прокат,ТРУБЫ ЭЛЕКТРОСВАРНЫЕ КВАДРАТ,20,Труба профильная квадратная 20x20x2 мм,Труба профильная квадратная 20x20x2 мм,2,53590,т,1,0,0,https://www.kavstal.ru/public/assets/images/products/SORTOVOI_PROKAT/TRUBY_ELEKTROSVARNYE_KVADRAT/img.webp,балашиха;трубы электросварные квадрат;20;2;труба;профильная;квадратная;20x20x2;мм,20,2,ГОСТ 2591-2006,т
Сортовой прокат,ТРУБЫ ЭЛЕКТРОСВАРНЫЕ КВАДРАТ,20,Труба профильная квадратная 20x20x2 мм,Труба профильная квадратная 20x20x2 мм,2,56590,теор.т,1,0,0,https://www.kavstal.ru/public/assets/images/products/SORTOVOI_PROKAT/TRUBY_ELEKTROSVARNYE_KVADRAT/img.webp,балашиха;трубы электросварные квадрат;20;2;труба;профильная;квадратная;20x20x2;мм,20,2,ГОСТ 2591-2006,теор.т
Сортовой прокат,ТРУБЫ ЭЛЕКТРОСВАРНЫЕ КВАДРАТ,20 НЕКОНДИЦИЯ,"Труба профильная квадратная 20x20x0,8 мм НЕКОНДИЦИЯ","Труба профильная квадратная 20x20x0,8 мм НЕКОНДИЦИЯ",0,28590,т,1,0,0,https://www.kavstal.ru/public/assets/images/products/SORTOVOI_PROKAT/TRUBY_ELEKTROSVARNYE_KVADRAT/img.webp,балашиха;трубы электросварные квадрат;20 некондиция;8;труба;профильная;квадратная;20x20x0;мм;некондиция,20 НЕКОНДИЦИЯ,"0,8",ГОСТ 2591-2006,т
Сортовой прокат,ТРУБЫ ЭЛЕКТРОСВАРНЫЕ КВАДРАТ,20 некондиция,"Труба профильная квадратная 20x20x1,5 мм некондиция","Труба профильная квадратная 20x20x1,5 мм некондиция",1,28590,т,1,0,0,https://www.kavstal.ru/public/assets/images/products/SORTOVOI_PROKAT/TRUBY_ELEKTROSVARNYE_KVADRAT/img.webp,балашиха;трубы электросварные квадрат;20 некондиция;1;5;3;труба;профильная;квадратная;20x20x1;мм;некондиция,20 некондиция,"1,5 ; 3",ГОСТ 2591-2006,т
Сортовой прокат,ТРУБЫ ЭЛЕКТРОСВАРНЫЕ КВАДРАТ,20 х/к,Труба профильная квадратная 20x20x1 мм х/к,Труба профильная квадратная 20x20x1 мм х/к,1,62590,т,1,0,0,https://www.kavstal.ru/public/assets/images/products/SORTOVOI_PROKAT/TRUBY_ELEKTROSVARNYE_KVADRAT/img.webp,балашиха;трубы электросварные квадрат;20 х/к;1;труба;профильная;квадратная;20x20x1;мм;х/к,20 х/к,1,ГОСТ 2591-2006,т
Сортовой прокат,ТРУБЫ ЭЛЕКТРОСВАРНЫЕ КВАДРАТ,20 х/к,Труба профильная квадратная 20x20x1 мм х/к,Труба профильная квадратная 20x20x1 мм х/к,1,60590,теор.т,1,0,0,https://www.kavstal.ru/public/assets/images/products/SORTOVOI_PROKAT/TRUBY_ELEKTROSVARNYE_KVADRAT/img.webp,балашиха;трубы электросварные квадрат;20 х/к;1;труба;профильная;квадратная;20x20x1;мм;х/к,20 х/к,1,ГОСТ 2591-2006,теор.т
Сортовой прокат,ТРУБЫ ЭЛЕКТРОСВАРНЫЕ КВАДРАТ,20 х/к,Труба профильная квадратная 20x20x1 мм х/к,Труба профильная квадратная 20x20x1 мм х/к,1,62590,теор.т,1,0,0,https://www.kavstal.ru/public/assets/images/products/SORTOVOI_PROKAT/TRUBY_ELEKTROSVARNYE_KVADRAT/img.webp,балашиха;трубы электросварные квадрат;20 х/к;1;труба;профильная;квадратная;20x20x1;мм;х/к,20 х/к,1,ГОСТ 2591-2006,теор.т
Сортовой прокат,ТРУБЫ ЭЛЕКТРОСВАРНЫЕ КВАДРАТ,20 х/к,"Труба профильная квадратная 20x20x1,2 мм х/к","Труба профильная квадратная 20x20x1,2 мм х/к",1,58590,теор.т,1,0,0,https://www.kavstal.ru/public/assets/images/products/SORTOVOI_PROKAT/TRUBY_ELEKTROSVARNYE_KVADRAT/img.webp,балашиха;трубы электросварные квадрат;20 х/к;1;2;труба;профильная;квадратная;20x20x1;мм;х/к,20 х/к,"1,2",ГОСТ 2591-2006,теор.т
Сортовой прокат,ТРУБЫ ЭЛЕКТРОСВАРНЫЕ КВАДРАТ,20 х/к,"Труба профильная квадратная 20x20x1,2 мм х/к","Труба профильная квадратная 20x20x1,2 мм х/к",1,62590,теор.т,1,0,0,https://www.kavstal.ru/public/assets/images/products/SORTOVOI_PROKAT/TRUBY_ELEKTROSVARNYE_KVADRAT/img.webp,балашиха;трубы электросварные квадрат;20 х/к;1;2;труба;профильная;квадратная;20x20x1;мм;х/к,20 х/к,"1,2",ГОСТ 2591-2006,теор.т
Сортовой прокат,ТРУБЫ ЭЛЕКТРОСВАРНЫЕ КВАДРАТ,20 х/к некондиция,Труба профильная квадратная 20x20x1 мм х/к некондиция,Труба профильная квадратная 20x20x1 мм х/к некондиция,1,28590,т,1,0,0,https://www.kavstal.ru/public/assets/images/products/SORTOVOI_PROKAT/TRUBY_ELEKTROSVARNYE_KVADRAT/img.webp,балашиха;трубы электросварные квадрат;20 х/к некондиция;1;2;труба;профильная;квадратная;20x20x1;мм;х/к;некондиция,20 х/к некондиция,"1 ; 1,2",ГОСТ 2591-2006,т
Сортовой прокат,ТРУБЫ ЭЛЕКТРОСВАРНЫЕ КВАДРАТ,25,"Труба профильная квадратная 25x25x1,5 мм","Труба профильная квадратная 25x25x1,5 мм",1,60590,теор.т,1,0,0,https://www.kavstal.ru/public/assets/images/products/SORTOVOI_PROKAT/TRUBY_ELEKTROSVARNYE_KVADRAT/img.webp,балашиха;трубы электросварные квадрат;25;1;5;труба;профильная;квадратная;25x25x1;мм,25,"1,5",ГОСТ 2591-2006,теор.т
Сортовой прокат,ТРУБЫ ЭЛЕКТРОСВАРНЫЕ КВАДРАТ,25,Труба профильная квадратная 25x25x2 мм,Труба профильная квадратная 25x25x2 мм,2,53590,теор.т,1,0,0,https://www.kavstal.ru/public/assets/images/products/SORTOVOI_PROKAT/TRUBY_ELEKTROSVARNYE_KVADRAT/img.webp,балашиха;трубы электросварные квадрат;25;2;труба;профильная;квадратная;25x25x2;мм,25,2,ГОСТ 2591-2006,теор.т
Сортовой прокат,ТРУБЫ ЭЛЕКТРОСВАРНЫЕ КВАДРАТ,25,Труба профильная квадратная 25x25x2 мм,Труба профильная квадратная 25x25x2 мм,2,56590,теор.т,1,0,0,https://www.kavstal.ru/public/assets/images/products/SORTOVOI_PROKAT/TRUBY_ELEKTROSVARNYE_KVADRAT/img.webp,балашиха;трубы электросварные квадрат;25;2;труба;профильная;квадратная;25x25x2;мм,25,2,ГОСТ 2591-2006,теор.т
Сортовой прокат,ТРУБЫ ЭЛЕКТРОСВАРНЫЕ КВАДРАТ,25,"Труба профильная квадратная 25x25x2,5 мм","Труба профильная квадратная 25x25x2,5 мм",2,55590,т,1,0,0,https://www.kavstal.ru/public/assets/images/products/SORTOVOI_PROKAT/TRUBY_ELEKTROSVARNYE_KVADRAT/img.webp,балашиха;трубы электросварные квадрат;25;2;5;труба;профильная;квадратная;25x25x2;мм,25,"2,5",ГОСТ 2591-2006,т
Сортовой прокат,ТРУБЫ ЭЛЕКТРОСВАРНЫЕ КВАДРАТ,25,"Труба профильная квадратная 25x25x2,5 мм","Труба профильная квадратная 25x25x2,5 мм",2,53590,теор.т,1,0,0,https://www.kavstal.ru/public/assets/images/products/SORTOVOI_PROKAT/TRUBY_ELEKTROSVARNYE_KVADRAT/img.webp,балашиха;трубы электросварные квадрат;25;2;5;труба;профильная;квадратная;25x25x2;мм,25,"2,5",ГОСТ 2591-2006,теор.т
Сортовой прокат,ТРУБЫ ЭЛЕКТРОСВАРНЫЕ КВАДРАТ,25,Труба профильная квадратная 25x25x3 мм,Труба профильная квадратная 25x25x3 мм,3,52590,теор.т,1,0,0,https://www.kavstal.ru/public/assets/images/products/SORTOVOI_PROKAT/TRUBY_ELEKTROSVARNYE_KVADRAT/img.webp,балашиха;трубы электросварные квадрат;25;3;труба;профильная;квадратная;25x25x3;мм,25,3,ГОСТ 2591-2006,теор.т
Сортовой прокат,ТРУБЫ ЭЛЕКТРОСВАРНЫЕ КВАДРАТ,25,Труба профильная квадратная 25x25x3 мм,Труба профильная квадратная 25x25x3 мм,3,56590,теор.т,1,0,0,https://www.kavstal.ru/public/assets/images/products/SORTOVOI_PROKAT/TRUBY_ELEKTROSVARNYE_KVADRAT/img.webp,балашиха;трубы электросварные квадрат;25;3;труба;профильная;квадратная;25x25x3;мм,25,3,ГОСТ 2591-2006,теор.т
Сортовой прокат,ТРУБЫ ЭЛЕКТРОСВАРНЫЕ КВАДРАТ,25 ГОСТ,Труба профильная квадратная 25x25x3 мм ГОСТ,Труба профильная квадратная 25x25x3 мм ГОСТ,3,56590,теор.т,1,0,0,https://www.kavstal.ru/public/assets/images/products/SORTOVOI_PROKAT/TRUBY_ELEKTROSVARNYE_KVADRAT/img.webp,балашиха;трубы электросварные квадрат;25 гост;3;труба;профильная;квадратная;25x25x3;мм;гост,25 ГОСТ,3,ГОСТ 2591-2006,теор.т
Сортовой прокат,ТРУБЫ ЭЛЕКТРОСВАРНЫЕ КВАДРАТ,25 некондиция,"Труба профильная квадратная 25x25x0,8 мм некондиция","Труба профильная квадратная 25x25x0,8 мм некондиция",0,28590,т,1,0,0,https://www.kavstal.ru/public/assets/images/products/SORTOVOI_PROKAT/TRUBY_ELEKTROSVARNYE_KVADRAT/img.webp,балашиха;трубы электросварные квадрат;25 некондиция;8;1;5;2;3;труба;профильная;квадратная;25x25x0;мм;некондиция,25 некондиция,"0,8 ; 1,5; 2; 2,5; 3",ГОСТ 2591-2006,т
Сортовой прокат,ТРУБЫ ЭЛЕКТРОСВАРНЫЕ КВАДРАТ,25 х/к,"Труба профильная квадратная 25x25x0,8 мм х/к","Труба профильная квадратная 25x25x0,8 мм х/к",0,62590,теор.т,1,0,0,https://www.kavstal.ru/public/assets/images/products/SORTOVOI_PROKAT/TRUBY_ELEKTROSVARNYE_KVADRAT/img.webp,балашиха;трубы электросварные квадрат;25 х/к;8;труба;профильная;квадратная;25x25x0;мм;х/к,25 х/к,"0,8",ГОСТ 2591-2006,теор.т
Сортовой прокат,ТРУБЫ ЭЛЕКТРОСВАРНЫЕ КВАДРАТ,25 х/к,Труба профильная квадратная 25x25x1 мм х/к,Труба профильная квадратная 25x25x1 мм х/к,1,58590,теор.т,1,0,0,https://www.kavstal.ru/public/assets/images/products/SORTOVOI_PROKAT/TRUBY_ELEKTROSVARNYE_KVADRAT/img.webp,балашиха;трубы электросварные квадрат;25 х/к;1;труба;профильная;квадратная;25x25x1;мм;х/к,25 х/к,1,ГОСТ 2591-2006,теор.т
Сортовой прокат,ТРУБЫ ЭЛЕКТРОСВАРНЫЕ КВАДРАТ,25 х/к,Труба профильная квадратная 25x25x1 мм х/к,Труба профильная квадратная 25x25x1 мм х/к,1,62590,теор.т,1,0,0,https://www.kavstal.ru/public/assets/images/products/SORTOVOI_PROKAT/TRUBY_ELEKTROSVARNYE_KVADRAT/img.webp,балашиха;трубы электросварные квадрат;25 х/к;1;2;труба;профильная;квадратная;25x25x1;мм;х/к,25 х/к,"1 ; 1,2; 1,2",ГОСТ 2591-2006,теор.т
Сортовой прокат,ТРУБЫ ЭЛЕКТРОСВАРНЫЕ КВАДРАТ,25 х/к некондиция,Труба профильная квадратная 25x25x1 мм х/к некондиция,Труба профильная квадратная 25x25x1 мм х/к некондиция,1,28590,т,1,0,0,https://www.kavstal.ru/public/assets/images/products/SORTOVOI_PROKAT/TRUBY_ELEKTROSVARNYE_KVADRAT/img.webp,балашиха;трубы электросварные квадрат;25 х/к некондиция;1;2;труба;профильная;квадратная;25x25x1;мм;х/к;некондиция,25 х/к некондиция,"1 ; 1,2",ГОСТ 2591-2006,т
Сортовой прокат,ТРУБЫ ЭЛЕКТРОСВАРНЫЕ КВАДРАТ,30,"Труба профильная квадратная 30x30x1,5 мм","Труба профильная квадратная 30x30x1,5 мм",1,57590,теор.т,1,0,0,https://www.kavstal.ru/public/assets/images/products/SORTOVOI_PROKAT/TRUBY_ELEKTROSVARNYE_KVADRAT/img.webp,балашиха;трубы электросварные квадрат;30;1;5;труба;профильная;квадратная;30x30x1;мм,30,"1,5",ГОСТ 2591-2006,теор.т
Сортовой прокат,ТРУБЫ ЭЛЕКТРОСВАРНЫЕ КВАДРАТ,30,Труба профильная квадратная 30x30x2 мм,Труба профильная квадратная 30x30x2 мм,2,56590,т,1,0,0,https://www.kavstal.ru/public/assets/images/products/SORTOVOI_PROKAT/TRUBY_ELEKTROSVARNYE_KVADRAT/img.webp,балашиха;трубы электросварные квадрат;30;2;труба;профильная;квадратная;30x30x2;мм,30,2,ГОСТ 2591-2006,т
Сортовой прокат,ТРУБЫ ЭЛЕКТРОСВАРНЫЕ КВАДРАТ,30,Труба профильная квадратная 30x30x2 мм,Труба профильная квадратная 30x30x2 мм,2,53590,теор.т,1,0,0,https://www.kavstal.ru/public/assets/images/products/SORTOVOI_PROKAT/TRUBY_ELEKTROSVARNYE_KVADRAT/img.webp,балашиха;трубы электросварные квадрат;30;2;труба;профильная;квадратная;30x30x2;мм,30,2,ГОСТ 2591-2006,теор.т
Сортовой прокат,ТРУБЫ ЭЛЕКТРОСВАРНЫЕ КВАДРАТ,30,Труба профильная квадратная 30x30x2 мм,Труба профильная квадратная 30x30x2 мм,2,56590,теор.т,1,0,0,https://www.kavstal.ru/public/assets/images/products/SORTOVOI_PROKAT/TRUBY_ELEKTROSVARNYE_KVADRAT/img.webp,балашиха;трубы электросварные квадрат;30;2;труба;профильная;квадратная;30x30x2;мм,30,2,ГОСТ 2591-2006,теор.т
Сортовой прокат,ТРУБЫ ЭЛЕКТРОСВАРНЫЕ КВАДРАТ,30 некондиция,"Труба профильная квадратная 30x30x2,5 мм некондиция","Труба профильная квадратная 30x30x2,5 мм некондиция",2,28590,т,1,0,0,https://www.kavstal.ru/public/assets/images/products/SORTOVOI_PROKAT/TRUBY_ELEKTROSVARNYE_KVADRAT/img.webp,балашиха;трубы электросварные квадрат;30 некондиция;2;5;3;4;труба;профильная;квадратная;30x30x2;мм;некондиция,30 некондиция,"2,5 ; 3; 4",ГОСТ 2591-2006,т
Сортовой прокат,ТРУБЫ ЭЛЕКТРОСВАРНЫЕ КВАДРАТ,30 х/к,"Труба профильная квадратная 30x30x1,2 мм х/к","Труба профильная квадратная 30x30x1,2 мм х/к",1,62590,теор.�,1,0,https://www.kavstal.ru/public/assets/images/s/unknown/unknown.png,https://www.kavstal.ru/public/assets/images/products/SORTOVOI_PROKAT/TRUBY_ELEKTROSVARNYE_KVADRAT/img.webp,30 х/к;труба;профильная;квадратная;30x30x1;мм;х/к,"1,2",ГОСТ 2591-2006,теор.�,
Сортовой прокат,ТРУБЫ ЭЛЕКТРОСВАРНЫЕ КВАДРАТ,30 х/к некондиция,"Труба профильная квадратная 30x30x0,8 мм х/к некондиция","Труба профильная квадратная 30x30x0,8 мм х/к некондиция",0,28590,т,1,0,0,https://www.kavstal.ru/public/assets/images/products/SORTOVOI_PROKAT/TRUBY_ELEKTROSVARNYE_KVADRAT/img.webp,балашиха;трубы электросварные квадрат;30 х/к некондиция;8;1;2;труба;профильная;квадратная;30x30x0;мм;х/к;некондиция,30 х/к некондиция,"0,8 ; 1; 1,2",ГОСТ 2591-2006,т
Сортовой прокат,ТРУБЫ ЭЛЕКТРОСВАРНЫЕ КВАДРАТ,40,"Труба профильная квадратная 40x40x1,5 мм","Труба профильная квадратная 40x40x1,5 мм",1,57590,теор.т,1,0,0,https://www.kavstal.ru/public/assets/images/products/SORTOVOI_PROKAT/TRUBY_ELEKTROSVARNYE_KVADRAT/img.webp,балашиха;трубы электросварные квадрат;40;1;5;труба;профильная;квадратная;40x40x1;мм,40,"1,5",ГОСТ 2591-2006,теор.т
Сортовой прокат,ТРУБЫ ЭЛЕКТРОСВАРНЫЕ КВАДРАТ,40,Труба профильная квадратная 40x40x2 мм,Труба профильная квадратная 40x40x2 мм,2,53590,теор.т,1,0,0,https://www.kavstal.ru/public/assets/images/products/SORTOVOI_PROKAT/TRUBY_ELEKTROSVARNYE_KVADRAT/img.webp,балашиха;трубы электросварные квадрат;40;2;труба;профильная;квадратная;40x40x2;мм,40,2,ГОСТ 2591-2006,теор.т
Сортовой прокат,ТРУБЫ ЭЛЕКТРОСВАРНЫЕ КВАДРАТ,40,Труба профильная квадратная 40x40x2 мм,Труба профильная квадратная 40x40x2 мм,2,56590,теор.т,1,0,0,https://www.kavstal.ru/public/assets/images/products/SORTOVOI_PROKAT/TRUBY_ELEKTROSVARNYE_KVADRAT/img.webp,балашиха;трубы электросварные квадрат;40;2;труба;профильная;квадратная;40x40x2;мм,40,2,ГОСТ 2591-2006,теор.т
Сортовой прокат,ТРУБЫ ЭЛЕКТРОСВАРНЫЕ КВАДРАТ,40,"Труба профильная квадратная 40x40x2,5 мм","Труба профильная квадратная 40x40x2,5 мм",2,55590,теор.т,1,0,0,https://www.kavstal.ru/public/assets/images/products/SORTOVOI_PROKAT/TRUBY_ELEKTROSVARNYE_KVADRAT/img.webp,балашиха;трубы электросварные квадрат;40;2;5;труба;профильная;квадратная;40x40x2;мм,40,"2,5",ГОСТ 2591-2006,теор.т
Сортовой прокат,ТРУБЫ ЭЛЕКТРОСВАРНЫЕ КВАДРАТ,40,Труба профильная квадратная 40x40x3 мм,Труба профильная квадратная 40x40x3 мм,3,49590,теор.т,1,0,0,https://www.kavstal.ru/public/assets/images/products/SORTOVOI_PROKAT/TRUBY_ELEKTROSVARNYE_KVADRAT/img.webp,балашиха;трубы электросварные квадрат;40;3;труба;профильная;квадратная;40x40x3;мм,40,3,ГОСТ 2591-2006,теор.т
Сортовой прокат,ТРУБЫ ЭЛЕКТРОСВАРНЫЕ КВАДРАТ,40,Труба профильная квадратная 40x40x3 мм,Труба профильная квадратная 40x40x3 мм,3,52590,теор.т,1,0,0,https://www.kavstal.ru/public/assets/images/products/SORTOVOI_PROKAT/TRUBY_ELEKTROSVARNYE_KVADRAT/img.webp,балашиха;трубы электросварные квадрат;40;3;4;труба;профильная;квадратная;40x40x3;мм,40,3 ; 4,ГОСТ 2591-2006,теор.т
Сортовой прокат,ТРУБЫ ЭЛЕКТРОСВАРНЫЕ КВАДРАТ,40 некондиция,"Труба профильная квадратная 40x40x1,5 мм некондиция","Труба профильная квадратная 40x40x1,5 мм некондиция",1,28590,т,1,0,0,https://www.kavstal.ru/public/assets/images/products/SORTOVOI_PROKAT/TRUBY_ELEKTROSVARNYE_KVADRAT/img.webp,балашиха;трубы электросварные квадрат;40 некондиция;1;5;3;труба;профильная;квадратная;40x40x1;мм;некондиция,40 некондиция,"1,5 ; 3",ГОСТ 2591-2006,т
Сортовой прокат,ТРУБЫ ЭЛЕКТРОСВАРНЫЕ КВАДРАТ,40 х/к,"Труба профильная квадратная 40x40x1,2 мм х/к","Труба профильная квадратная 40x40x1,2 мм х/к",1,62590,т,1,0,0,https://www.kavstal.ru/public/assets/images/products/SORTOVOI_PROKAT/TRUBY_ELEKTROSVARNYE_KVADRAT/img.webp,балашиха;трубы электросварные квадрат;40 х/к;1;2;труба;профильная;квадратная;40x40x1;мм;х/к,40 х/к,"1,2",ГОСТ 2591-2006,т
Сортовой прокат,ТРУБЫ ЭЛЕКТРОСВАРНЫЕ КВАДРАТ,40 х/к некондиция,"Труба профильная квадратная 40x40x1,2 мм х/к некондиция","Труба профильная квадратная 40x40x1,2 мм х/к некондиция",1,28590,т,1,0,0,https://www.kavstal.ru/public/assets/images/products/SORTOVOI_PROKAT/TRUBY_ELEKTROSVARNYE_KVADRAT/img.webp,балашиха;трубы электросварные квадрат;40 х/к некондиция;1;2;труба;профильная;квадратная;40x40x1;мм;х/к;некондиция,40 х/к некондиция,"1,2",ГОСТ 2591-2006,т
Сортовой прокат,ТРУБЫ ЭЛЕКТРОСВАРНЫЕ КВАДРАТ,50,"Труба профильная квадратная 50x50x1,5 мм","Труба профильная квадратная 50x50x1,5 мм",1,60590,теор.т,1,0,0,https://www.kavstal.ru/public/assets/images/products/SORTOVOI_PROKAT/TRUBY_ELEKTROSVARNYE_KVADRAT/img.webp,балашиха;трубы электросварные квадрат;50;1;5;труба;профильная;квадратная;50x50x1;мм,50,"1,5",ГОСТ 2591-2006,теор.т
Сортовой прокат,ТРУБЫ ЭЛЕКТРОСВАРНЫЕ КВАДРАТ,50,Труба профильная квадратная 50x50x2 мм,Труба профильная квадратная 50x50x2 мм,2,53590,теор.т,1,0,0,https://www.kavstal.ru/public/assets/images/products/SORTOVOI_PROKAT/TRUBY_ELEKTROSVARNYE_KVADRAT/img.webp,балашиха;трубы электросварные квадрат;50;2;труба;профильная;квадратная;50x50x2;мм,50,2,ГОСТ 2591-2006,теор.т
Сортовой прокат,ТРУБЫ ЭЛЕКТРОСВАРНЫЕ КВАДРАТ,50,Труба профильная квадратная 50x50x2 мм,Труба профильная квадратная 50x50x2 мм,2,56590,теор.т,1,0,0,https://www.kavstal.ru/public/assets/images/products/SORTOVOI_PROKAT/TRUBY_ELEKTROSVARNYE_KVADRAT/img.webp,балашиха;трубы электросварные квадрат;50;2;труба;профильная;квадратная;50x50x2;мм,50,2,ГОСТ 2591-2006,теор.т
Сортовой прокат,ТРУБЫ ЭЛЕКТРОСВАРНЫЕ КВАДРАТ,50,Труба профильная квадратная 50x50x3 мм,Труба профильная квадратная 50x50x3 мм,3,49590,теор.т,1,0,0,https://www.kavstal.ru/public/assets/images/products/SORTOVOI_PROKAT/TRUBY_ELEKTROSVARNYE_KVADRAT/img.webp,балашиха;трубы электросварные квадрат;50;3;труба;профильная;квадратная;50x50x3;мм,50,3,ГОСТ 2591-2006,теор.т
Сортовой прокат,ТРУБЫ ЭЛЕКТРОСВАРНЫЕ КВАДРАТ,50,Труба профильная квадратная 50x50x3 мм,Труба профильная квадратная 50x50x3 мм,3,52590,теор.т,1,0,0,https://www.kavstal.ru/public/assets/images/products/SORTOVOI_PROKAT/TRUBY_ELEKTROSVARNYE_KVADRAT/img.webp,балашиха;трубы электросварные квадрат;50;3;труба;профильная;квадратная;50x50x3;мм,50,3,ГОСТ 2591-2006,теор.т
Сортовой прокат,ТРУБЫ ЭЛЕКТРОСВАРНЫЕ КВАДРАТ,50,Труба профильная квадратная 50x50x4 мм,Труба профильная квадратная 50x50x4 мм,4,49590,теор.т,1,0,0,https://www.kavstal.ru/public/assets/images/products/SORTOVOI_PROKAT/TRUBY_ELEKTROSVARNYE_KVADRAT/img.webp,балашиха;трубы электросварные квадрат;50;4;труба;профильная;квадратная;50x50x4;мм,50,4,ГОСТ 2591-2006,теор.т
Сортовой прокат,ТРУБЫ ЭЛЕКТРОСВАРНЫЕ КВАДРАТ,50,Труба профильная квадратная 50x50x4 мм,Труба профильная квадратная 50x50x4 мм,4,52590,теор.т,1,0,0,https://www.kavstal.ru/public/assets/images/products/SORTOVOI_PROKAT/TRUBY_ELEKTROSVARNYE_KVADRAT/img.webp,балашиха;трубы электросварные квадрат;50;4;труба;профильная;квадратная;50x50x4;мм,50,4,ГОСТ 2591-2006,теор.т
Сортовой прокат,ТРУБЫ ЭЛЕКТРОСВАРНЫЕ КВАДРАТ,50,Труба профильная квадратная 50x50x5 мм,Труба профильная квадратная 50x50x5 мм,5,88590,теор.т,1,0,0,https://www.kavstal.ru/public/assets/images/products/SORTOVOI_PROKAT/TRUBY_ELEKTROSVARNYE_KVADRAT/img.webp,балашиха;трубы электросварные квадрат;50;5;труба;профильная;квадратная;50x50x5;мм,50,5,ГОСТ 2591-2006,теор.т
Сортовой прокат,ТРУБЫ ЭЛЕКТРОСВАРНЫЕ КВАДРАТ,50 некондиция,"Труба профильная квадратная 50x50x1,5 мм некондиция","Труба профильная квадратная 50x50x1,5 мм некондиция",1,38590,т,1,0,0,https://www.kavstal.ru/public/assets/images/products/SORTOVOI_PROKAT/TRUBY_ELEKTROSVARNYE_KVADRAT/img.webp,балашиха;трубы электросварные квадрат;50 некондиция;1;5;труба;профильная;квадратная;50x50x1;мм;некондиция,50 некондиция,"1,5",ГОСТ 2591-2006,т
Сортовой прокат,ТРУБЫ ЭЛЕКТРОСВАРНЫЕ КВАДРАТ,50 некондиция,Труба профильная квадратная 50x50x4 мм некондиция,Труба профильная квадратная 50x50x4 мм некондиция,4,28590,т,1,0,0,https://www.kavstal.ru/public/assets/images/products/SORTOVOI_PROKAT/TRUBY_ELEKTROSVARNYE_KVADRAT/img.webp,балашиха;трубы электросварные квадрат;50 некондиция;4;5;труба;профильная;квадратная;50x50x4;мм;некондиция,50 некондиция,4 ; 5,ГОСТ 2591-2006,т
Сортовой прокат,ТРУБЫ ЭЛЕКТРОСВАРНЫЕ КВАДРАТ,60,"Труба профильная квадратная 60x60x1,5 мм","Труба профильная квадратная 60x60x1,5 мм",1,57590,теор.т,1,0,0,https://www.kavstal.ru/public/assets/images/products/SORTOVOI_PROKAT/TRUBY_ELEKTROSVARNYE_KVADRAT/img.webp,балашиха;трубы электросварные квадрат;60;1;5;труба;профильная;квадратная;60x60x1;мм,60,"1,5",ГОСТ 2591-2006,теор.т
Сортовой прокат,ТРУБЫ ЭЛЕКТРОСВАРНЫЕ КВАДРАТ,60,"Труба профильная квадратная 60x60x1,5 мм","Труба профильная квадратная 60x60x1,5 мм",1,60590,теор.т,1,0,0,https://www.kavstal.ru/public/assets/images/products/SORTOVOI_PROKAT/TRUBY_ELEKTROSVARNYE_KVADRAT/img.webp,балашиха;трубы электросварные квадрат;60;1;5;труба;профильная;квадратная;60x60x1;мм,60,"1,5",ГОСТ 2591-2006,теор.т
Сортовой прокат,ТРУБЫ ЭЛЕКТРОСВАРНЫЕ КВАДРАТ,60,Труба профильная квадратная 60x60x2 мм,Труба профильная квадратная 60x60x2 мм,2,53590,теор.т,1,0,0,https://www.kavstal.ru/public/assets/images/products/SORTOVOI_PROKAT/TRUBY_ELEKTROSVARNYE_KVADRAT/img.webp,балашиха;трубы электросварные квадрат;60;2;труба;профильная;квадратная;60x60x2;мм,60,2,ГОСТ 2591-2006,теор.т
Сортовой прокат,ТРУБЫ ЭЛЕКТРОСВАРНЫЕ КВАДРАТ,60,Труба профильная квадратная 60x60x2 мм,Труба профильная квадратная 60x60x2 мм,2,56590,теор.т,1,0,0,https://www.kavstal.ru/public/assets/images/products/SORTOVOI_PROKAT/TRUBY_ELEKTROSVARNYE_KVADRAT/img.webp,балашиха;трубы электросварные квадрат;60;2;труба;профильная;квадратная;60x60x2;мм,60,2,ГОСТ 2591-2006,теор.т
Сортовой прокат,ТРУБЫ ЭЛЕКТРОСВАРНЫЕ КВАДРАТ,60,"Труба профильная квадратная 60x60x2,5 мм","Труба профильная квадратная 60x60x2,5 мм",2,55590,теор.т,1,0,0,https://www.kavstal.ru/public/assets/images/products/SORTOVOI_PROKAT/TRUBY_ELEKTROSVARNYE_KVADRAT/img.webp,балашиха;трубы электросварные квадрат;60;2;5;труба;профильная;квадратная;60x60x2;мм,60,"2,5",ГОСТ 2591-2006,теор.т
Сортовой прокат,ТРУБЫ ЭЛЕКТРОСВАРНЫЕ КВАДРАТ,60,Труба профильная квадратная 60x60x3 мм,Труба профильная квадратная 60x60x3 мм,3,49590,теор.т,1,0,0,https://www.kavstal.ru/public/assets/images/products/SORTOVOI_PROKAT/TRUBY_ELEKTROSVARNYE_KVADRAT/img.webp,балашиха;трубы электросварные квадрат;60;3;труба;профильная;квадратная;60x60x3;мм,60,3,ГОСТ 2591-2006,теор.т
Сортовой прокат,ТРУБЫ ЭЛЕКТРОСВАРНЫЕ КВАДРАТ,60,Труба профильная квадратная 60x60x3 мм,Труба профильная квадратная 60x60x3 мм,3,52590,теор.т,1,0,0,https://www.kavstal.ru/public/assets/images/products/SORTOVOI_PROKAT/TRUBY_ELEKTROSVARNYE_KVADRAT/img.webp,балашиха;трубы электросварные квадрат;60;3;труба;профильная;квадратная;60x60x3;мм,60,3,ГОСТ 2591-2006,теор.т
Сортовой прокат,ТРУБЫ ЭЛЕКТРОСВАРНЫЕ КВАДРАТ,60,Труба профильная квадратная 60x60x4 мм,Труба профильная квадратная 60x60x4 мм,4,49590,теор.т,1,0,0,https://www.kavstal.ru/public/assets/images/products/SORTOVOI_PROKAT/TRUBY_ELEKTROSVARNYE_KVADRAT/img.webp,балашиха;трубы электросварные квадрат;60;4;труба;профильная;квадратная;60x60x4;мм,60,4,ГОСТ 2591-2006,теор.т
Сортовой прокат,ТРУБЫ ЭЛЕКТРОСВАРНЫЕ КВАДРАТ,60,Труба профильная квадратная 60x60x4 мм,Труба профильная квадратная 60x60x4 мм,4,52590,теор.т,1,0,0,https://www.kavstal.ru/public/assets/images/products/SORTOVOI_PROKAT/TRUBY_ELEKTROSVARNYE_KVADRAT/img.webp,балашиха;трубы электросварные квадрат;60;4;труба;профильная;квадратная;60x60x4;мм,60,4,ГОСТ 2591-2006,теор.т
Сортовой прокат,ТРУБЫ ЭЛЕКТРОСВАРНЫЕ КВАДРАТ,60,Труба профильная квадратная 60x60x5 мм,Труба профильная квадратная 60x60x5 мм,5,56590,теор.т,1,0,0,https://www.kavstal.ru/public/assets/images/products/SORTOVOI_PROKAT/TRUBY_ELEKTROSVARNYE_KVADRAT/img.webp,балашиха;трубы электросварные квадрат;60;5;труба;профильная;квадратная;60x60x5;мм,60,5,ГОСТ 2591-2006,теор.т
Сортовой прокат,ТРУБЫ ЭЛЕКТРОСВАРНЫЕ КВАДРАТ,60,Труба профильная квадратная 60x60x6 мм,Труба профильная квадратная 60x60x6 мм,6,78590,теор.т,1,0,0,https://www.kavstal.ru/public/assets/images/products/SORTOVOI_PROKAT/TRUBY_ELEKTROSVARNYE_KVADRAT/img.webp,балашиха;трубы электросварные квадрат;60;6;труба;профильная;квадратная;60x60x6;мм,60,6,ГОСТ 2591-2006,теор.т
Сортовой прокат,ТРУБЫ ЭЛЕКТРОСВАРНЫЕ КВАДРАТ,60 некондиция,Труба профильная квадратная 60x60x4 мм некондиция,Труба профильная квадратная 60x60x4 мм некондиция,4,28590,т,1,0,0,https://www.kavstal.ru/public/assets/images/products/SORTOVOI_PROKAT/TRUBY_ELEKTROSVARNYE_KVADRAT/img.webp,балашиха;трубы электросварные квадрат;60 некондиция;4;5;6;труба;профильная;квадратная;60x60x4;мм;некондиция,60 некондиция,4 ; 5; 6,ГОСТ 2591-2006,т
Сортовой прокат,ТРУБЫ ЭЛЕКТРОСВАРНЫЕ КВАДРАТ,70,Труба профильная квадратная 70x70x3 мм,Труба профильная квадратная 70x70x3 мм,3,62590,теор.т,1,0,0,https://www.kavstal.ru/public/assets/images/products/SORTOVOI_PROKAT/TRUBY_ELEKTROSVARNYE_KVADRAT/img.webp,балашиха;трубы электросварные квадрат;70;3;4;труба;профильная;квадратная;70x70x3;мм,70,3 ; 4,ГОСТ 2591-2006,теор.т
Сортовой прокат,ТРУБЫ ЭЛЕКТРОСВАРНЫЕ КВАДРАТ,70,Труба профильная квадратная 70x70x5 мм,Труба профильная квадратная 70x70x5 мм,5,58590,теор.т,1,0,0,https://www.kavstal.ru/public/assets/images/products/SORTOVOI_PROKAT/TRUBY_ELEKTROSVARNYE_KVADRAT/img.webp,балашиха;трубы электросварные квадрат;70;5;труба;профильная;квадратная;70x70x5;мм,70,5,ГОСТ 2591-2006,теор.т
Сортовой прокат,ТРУБЫ ЭЛЕКТРОСВАРНЫЕ КВАДРАТ,70,Труба профильная квадратная 70x70x5 мм,Труба профильная квадратная 70x70x5 мм,5,62590,теор.т,1,0,0,https://www.kavstal.ru/public/assets/images/products/SORTOVOI_PROKAT/TRUBY_ELEKTROSVARNYE_KVADRAT/img.webp,балашиха;трубы электросварные квадрат;70;5;труба;профильная;квадратная;70x70x5;мм,70,5,ГОСТ 2591-2006,теор.т
Сортовой прокат,ТРУБЫ ЭЛЕКТРОСВАРНЫЕ КВАДРАТ,70,Труба профильная квадратная 70x70x6 мм,Труба профильная квадратная 70x70x6 мм,6,68590,теор.т,1,0,0,https://www.kavstal.ru/public/assets/images/products/SORTOVOI_PROKAT/TRUBY_ELEKTROSVARNYE_KVADRAT/img.webp,балашиха;трубы электросварные квадрат;70;6;труба;профильная;квадратная;70x70x6;мм,70,6,ГОСТ 2591-2006,теор.т
Сортовой прокат,ТРУБЫ ЭЛЕКТРОСВАРНЫЕ КВАДРАТ,70 некондиция,Труба профильная квадратная 70x70x5 мм некондиция,Труба профильная квадратная 70x70x5 мм некондиция,5,28590,т,1,0,0,https://www.kavstal.ru/public/assets/images/products/SORTOVOI_PROKAT/TRUBY_ELEKTROSVARNYE_KVADRAT/img.webp,балашиха;трубы электросварные квадрат;70 некондиция;5;6;труба;профильная;квадратная;70x70x5;мм;некондиция,70 некондиция,5 ; 6,ГОСТ 2591-2006,т
Сортовой прокат,ТРУБЫ ЭЛЕКТРОСВАРНЫЕ КВАДРАТ,80,Труба профильная квадратная 80x80x2 мм,Труба профильная квадратная 80x80x2 мм,2,59590,теор.т,1,0,0,https://www.kavstal.ru/public/assets/images/products/SORTOVOI_PROKAT/TRUBY_ELEKTROSVARNYE_KVADRAT/img.webp,балашиха;трубы электросварные квадрат;80;2;труба;профильная;квадратная;80x80x2;мм,80,2,ГОСТ 2591-2006,теор.т
Сортовой прокат,ТРУБЫ ЭЛЕКТРОСВАРНЫЕ КВАДРАТ,80,Труба профильная квадратная 80x80x3 мм,Труба профильная квадратная 80x80x3 мм,3,49590,теор.т,1,0,0,https://www.kavstal.ru/public/assets/images/products/SORTOVOI_PROKAT/TRUBY_ELEKTROSVARNYE_KVADRAT/img.webp,балашиха;трубы электросварные квадрат;80;3;труба;профильная;квадратная;80x80x3;мм,80,3,ГОСТ 2591-2006,теор.т
Сортовой прокат,ТРУБЫ ЭЛЕКТРОСВАРНЫЕ КВАДРАТ,80,Труба профильная квадратная 80x80x3 мм,Труба профильная квадратная 80x80x3 мм,3,52590,теор.т,1,0,0,https://www.kavstal.ru/public/assets/images/products/SORTOVOI_PROKAT/TRUBY_ELEKTROSVARNYE_KVADRAT/img.webp,балашиха;трубы электросварные квадрат;80;3;труба;профильная;квадратная;80x80x3;мм,80,3,ГОСТ 2591-2006,теор.т
Сортовой прокат,ТРУБЫ ЭЛЕКТРОСВАРНЫЕ КВАДРАТ,80,Труба профильная квадратная 80x80x3 мм,Труба профильная квадратная 80x80x3 мм,3,56590,теор.т,1,0,0,https://www.kavstal.ru/public/assets/images/products/SORTOVOI_PROKAT/TRUBY_ELEKTROSVARNYE_KVADRAT/img.webp,балашиха;трубы электросварные квадрат;80;3;труба;профильная;квадратная;80x80x3;мм,80,3,ГОСТ 2591-2006,теор.т
Сортовой прокат,ТРУБЫ ЭЛЕКТРОСВАРНЫЕ КВАДРАТ,80,Труба профильная квадратная 80x80x4 мм,Труба профильная квадратная 80x80x4 мм,4,49590,теор.т,1,0,0,https://www.kavstal.ru/public/assets/images/products/SORTOVOI_PROKAT/TRUBY_ELEKTROSVARNYE_KVADRAT/img.webp,балашиха;трубы электросварные квадрат;80;4;труба;профильная;квадратная;80x80x4;мм,80,4,ГОСТ 2591-2006,теор.т
Сортовой прокат,ТРУБЫ ЭЛЕКТРОСВАРНЫЕ КВАДРАТ,80,Труба профильная квадратная 80x80x4 мм,Труба профильная квадратная 80x80x4 мм,4,52590,теор.т,1,0,0,https://www.kavstal.ru/public/assets/images/products/SORTOVOI_PROKAT/TRUBY_ELEKTROSVARNYE_KVADRAT/img.webp,балашиха;трубы электросварные квадрат;80;4;труба;профильная;квадратная;80x80x4;мм,80,4,ГОСТ 2591-2006,теор.т
Сортовой прокат,ТРУБЫ ЭЛЕКТРОСВАРНЫЕ КВАДРАТ,80,Труба профильная квадратная 80x80x4 мм,Труба профильная квадратная 80x80x4 мм,4,53590,теор.т,1,0,0,https://www.kavstal.ru/public/assets/images/products/SORTOVOI_PROKAT/TRUBY_ELEKTROSVARNYE_KVADRAT/img.webp,балашиха;трубы электросварные квадрат;80;4;труба;профильная;квадратная;80x80x4;мм,80,4,ГОСТ 2591-2006,теор.т
Сортовой прокат,ТРУБЫ ЭЛЕКТРОСВАРНЫЕ КВАДРАТ,80,"Труба профильная квадратная 80x80x4,5 мм","Труба профильная квадратная 80x80x4,5 мм",4,49590,теор.т,1,0,0,https://www.kavstal.ru/public/assets/images/products/SORTOVOI_PROKAT/TRUBY_ELEKTROSVARNYE_KVADRAT/img.webp,балашиха;трубы электросварные квадрат;80;4;5;труба;профильная;квадратная;80x80x4;мм,80,"4,5 ; 5",ГОСТ 2591-2006,теор.т
Сортовой прокат,ТРУБЫ ЭЛЕКТРОСВАРНЫЕ КВАДРАТ,80,Труба профильная квадратная 80x80x5 мм,Труба профильная квадратная 80x80x5 мм,5,52590,теор.т,1,0,0,https://www.kavstal.ru/public/assets/images/products/SORTOVOI_PROKAT/TRUBY_ELEKTROSVARNYE_KVADRAT/img.webp,балашиха;трубы электросварные квадрат;80;5;труба;профильная;квадратная;80x80x5;мм,80,5,ГОСТ 2591-2006,теор.т
Сортовой прокат,ТРУБЫ ЭЛЕКТРОСВАРНЫЕ КВАДРАТ,80,Труба профильная квадратная 80x80x6 мм,Труба профильная квадратная 80x80x6 мм,6,56590,теор.т,1,0,0,https://www.kavstal.ru/public/assets/images/products/SORTOVOI_PROKAT/TRUBY_ELEKTROSVARNYE_KVADRAT/img.webp,балашиха;трубы электросварные квадрат;80;6;труба;профильная;квадратная;80x80x6;мм,80,6,ГОСТ 2591-2006,теор.т
Сортовой прокат,ТРУБЫ ЭЛЕКТРОСВАРНЫЕ КВАДРАТ,80,Труба профильная квадратная 80x80x8 мм,Труба профильная квадратная 80x80x8 мм,8,88590,т,1,0,0,https://www.kavstal.ru/public/assets/images/products/SORTOVOI_PROKAT/TRUBY_ELEKTROSVARNYE_KVADRAT/img.webp,балашиха;трубы электросварные квадрат;80;8;труба;профильная;квадратная;80x80x8;мм,80,8,ГОСТ 2591-2006,т
Сортовой прокат,ТРУБЫ ЭЛЕКТРОСВАРНЫЕ КВАДРАТ,80 6м,Труба профильная квадратная 80x80x4 мм 6м,Труба профильная квадратная 80x80x4 мм 6м,4,56590,теор.т,1,0,0,https://www.kavstal.ru/public/assets/images/products/SORTOVOI_PROKAT/TRUBY_ELEKTROSVARNYE_KVADRAT/img.webp,балашиха;трубы электросварные квадрат;80 6м;4;6;труба;профильная;квадратная;80x80x4;мм;6м,80 6м,4 ; 6,ГОСТ 2591-2006,теор.т
Сортовой прокат,ТРУБЫ ЭЛЕКТРОСВАРНЫЕ КВАДРАТ,80 некондиция,Труба профильная квадратная 80x80x4 мм некондиция,Труба профильная квадратная 80x80x4 мм некондиция,4,38590,т,1,0,0,https://www.kavstal.ru/public/assets/images/products/SORTOVOI_PROKAT/TRUBY_ELEKTROSVARNYE_KVADRAT/img.webp,балашиха;трубы электросварные квадрат;80 некондиция;4;труба;профильная;квадратная;80x80x4;мм;некондиция,80 некондиция,4,ГОСТ 2591-2006,т
Сортовой прокат,ТРУБЫ ЭЛЕКТРОСВАРНЫЕ КВАДРАТ,80 некондиция,Труба профильная квадратная 80x80x5 мм некондиция,Труба профильная квадратная 80x80x5 мм некондиция,5,28590,т,1,0,0,https://www.kavstal.ru/public/assets/images/products/SORTOVOI_PROKAT/TRUBY_ELEKTROSVARNYE_KVADRAT/img.webp,балашиха;трубы электросварные квадрат;80 некондиция;5;6;8;труба;профильная;квадратная;80x80x5;мм;некондиция,80 некондиция,5 ; 6; 8,ГОСТ 2591-2006,т
Сортовой прокат,ТРУБЫ ЭЛЕКТРОСВАРНЫЕ КВАДРАТ,90,Труба профильная квадратная 90x90x3 мм,Труба профильная квадратная 90x90x3 мм,3,62590,теор.т,1,0,0,https://www.kavstal.ru/public/assets/images/products/SORTOVOI_PROKAT/TRUBY_ELEKTROSVARNYE_KVADRAT/img.webp,балашиха;трубы электросварные квадрат;90;3;4;труба;профильная;квадратная;90x90x3;мм,90,3 ; 4,ГОСТ 2591-2006,теор.т
Сортовой прокат,ТРУБЫ ЭЛЕКТРОСВАРНЫЕ КВАДРАТ,100,Труба профильная квадратная 100x100x3 мм,Труба профильная квадратная 100x100x3 мм,3,49590,теор.т,1,0,0,https://www.kavstal.ru/public/assets/images/products/SORTOVOI_PROKAT/TRUBY_ELEKTROSVARNYE_KVADRAT/img.webp,балашиха;трубы электросварные квадрат;100;3;труба;профильная;квадратная;100x100x3;мм,100,3,ГОСТ 2591-2006,теор.т
Сортовой прокат,ТРУБЫ ЭЛЕКТРОСВАРНЫЕ КВАДРАТ,100,Труба профильная квадратная 100x100x3 мм,Труба профильная квадратная 100x100x3 мм,3,52590,теор.т,1,0,0,https://www.kavstal.ru/public/assets/images/products/SORTOVOI_PROKAT/TRUBY_ELEKTROSVARNYE_KVADRAT/img.webp,балашиха;трубы электросварные квадрат;100;3;труба;профильная;квадратная;100x100x3;мм,100,3,ГОСТ 2591-2006,теор.т
Сортовой прокат,ТРУБЫ ЭЛЕКТРОСВАРНЫЕ КВАДРАТ,100,"Труба профильная квадратная 100x100x3,5 мм","Труба профильная квадратная 100x100x3,5 мм",3,49590,теор.т,1,0,0,https://www.kavstal.ru/public/assets/images/products/SORTOVOI_PROKAT/TRUBY_ELEKTROSVARNYE_KVADRAT/img.webp,балашиха;трубы электросварные квадрат;100;3;5;4;труба;профильная;квадратная;100x100x3;мм,100,"3,5 ; 4",ГОСТ 2591-2006,теор.т
Сортовой прокат,ТРУБЫ ЭЛЕКТРОСВАРНЫЕ КВАДРАТ,100,Труба профильная квадратная 100x100x4 мм,Труба профильная квадратная 100x100x4 мм,4,52590,теор.т,1,0,0,https://www.kavstal.ru/public/assets/images/products/SORTOVOI_PROKAT/TRUBY_ELEKTROSVARNYE_KVADRAT/img.webp,балашиха;трубы электросварные квадрат;100;4;труба;профильная;квадратная;100x100x4;мм,100,4,ГОСТ 2591-2006,теор.т
Сортовой прокат,ТРУБЫ ЭЛЕКТРОСВАРНЫЕ КВАДРАТ,100,Труба профильная квадратная 100x100x5 мм,Труба профильная квадратная 100x100x5 мм,5,49590,теор.т,1,0,0,https://www.kavstal.ru/public/assets/images/products/SORTOVOI_PROKAT/TRUBY_ELEKTROSVARNYE_KVADRAT/img.webp,балашиха;трубы электросварные квадрат;100;5;труба;профильная;квадратная;100x100x5;мм,100,5,ГОСТ 2591-2006,теор.т
Сортовой прокат,ТРУБЫ ЭЛЕКТРОСВАРНЫЕ КВАДРАТ,100,Труба профильная квадратная 100x100x5 мм,Труба профильная квадратная 100x100x5 мм,5,52590,теор.т,1,0,0,https://www.kavstal.ru/public/assets/images/products/SORTOVOI_PROKAT/TRUBY_ELEKTROSVARNYE_KVADRAT/img.webp,балашиха;трубы электросварные квадрат;100;5;труба;профильная;квадратная;100x100x5;мм,100,5,ГОСТ 2591-2006,теор.т
Сортовой прокат,ТРУБЫ ЭЛЕКТРОСВАРНЫЕ КВАДРАТ,100,Труба профильная квадратная 100x100x6 мм,Труба профильная квадратная 100x100x6 мм,6,56590,теор.т,1,0,0,https://www.kavstal.ru/public/assets/images/products/SORTOVOI_PROKAT/TRUBY_ELEKTROSVARNYE_KVADRAT/img.webp,балашиха;трубы электросварные квадрат;100;6;7;8;труба;профильная;квадратная;100x100x6;мм,100,6 ; 7; 8,ГОСТ 2591-2006,теор.т
Сортовой прокат,ТРУБЫ ЭЛЕКТРОСВАРНЫЕ КВАДРАТ,100,Труба профильная квадратная 100x100x10 мм,Труба профильная квадратная 100x100x10 мм,10,58590,теор.т,1,0,0,https://www.kavstal.ru/public/assets/images/products/SORTOVOI_PROKAT/TRUBY_ELEKTROSVARNYE_KVADRAT/img.webp,балашиха;трубы электросварные квадрат;100;10;труба;профильная;квадратная;100x100x10;мм,100,10,ГОСТ 2591-2006,теор.т
Сортовой прокат,ТРУБЫ ЭЛЕКТРОСВАРНЫЕ КВАДРАТ,100 6м,Труба профильная квадратная 100x100x5 мм 6м,Труба профильная квадратная 100x100x5 мм 6м,5,52590,теор.т,1,0,0,https://www.kavstal.ru/public/assets/images/products/SORTOVOI_PROKAT/TRUBY_ELEKTROSVARNYE_KVADRAT/img.webp,балашиха;трубы электросварные квадрат;100 6м;5;труба;профильная;квадратная;100x100x5;мм;6м,100 6м,5,ГОСТ 2591-2006,теор.т
Сортовой прокат,ТРУБЫ ЭЛЕКТРОСВАРНЫЕ КВАДРАТ,100 некондиция,Труба профильная квадратная 100x100x5 мм некондиция,Труба профильная квадратная 100x100x5 мм некондиция,5,28590,т,1,0,0,https://www.kavstal.ru/public/assets/images/products/SORTOVOI_PROKAT/TRUBY_ELEKTROSVARNYE_KVADRAT/img.webp,балашиха;трубы электросварные квадрат;100 некондиция;5;6;7;8;10;труба;профильная;квадратная;100x100x5;мм;некондиция,100 некондиция,5 ; 6; 7; 8; 10,ГОСТ 2591-2006,т
Сортовой прокат,ТРУБЫ ЭЛЕКТРОСВАРНЫЕ КВАДРАТ,120,Труба профильная квадратная 120x120x3 мм,Труба профильная квадратная 120x120x3 мм,3,49590,теор.т,1,0,0,https://www.kavstal.ru/public/assets/images/products/SORTOVOI_PROKAT/TRUBY_ELEKTROSVARNYE_KVADRAT/img.webp,балашиха;трубы электросварные квадрат;120;3;труба;профильная;квадратная;120x120x3;мм,120,3,ГОСТ 2591-2006,теор.т
Сортовой прокат,ТРУБЫ ЭЛЕКТРОСВАРНЫЕ КВАДРАТ,120,Труба профильная квадратная 120x120x3 мм,Труба профильная квадратная 120x120x3 мм,3,52590,теор.т,1,0,0,https://www.kavstal.ru/public/assets/images/products/SORTOVOI_PROKAT/TRUBY_ELEKTROSVARNYE_KVADRAT/img.webp,балашиха;трубы электросварные квадрат;120;3;труба;профильная;квадратная;120x120x3;мм,120,3,ГОСТ 2591-2006,теор.т
Сортовой прокат,ТРУБЫ ЭЛЕКТРОСВАРНЫЕ КВАДРАТ,120,Труба профильная квадратная 120x120x4 мм,Труба профильная квадратная 120x120x4 мм,4,49590,теор.т,1,0,0,https://www.kavstal.ru/public/assets/images/products/SORTOVOI_PROKAT/TRUBY_ELEKTROSVARNYE_KVADRAT/img.webp,балашиха;трубы электросварные квадрат;120;4;труба;профильная;квадратная;120x120x4;мм,120,4,ГОСТ 2591-2006,теор.т
Сортовой прокат,ТРУБЫ ЭЛЕКТРОСВАРНЫЕ КВАДРАТ,120,Труба профильная квадратная 120x120x4 мм,Труба профильная квадратная 120x120x4 мм,4,52590,теор.т,1,0,0,https://www.kavstal.ru/public/assets/images/products/SORTOVOI_PROKAT/TRUBY_ELEKTROSVARNYE_KVADRAT/img.webp,балашиха;трубы электросварные квадрат;120;4;труба;профильная;квадратная;120x120x4;мм,120,4,ГОСТ 2591-2006,теор.т
Сортовой прокат,ТРУБЫ ЭЛЕКТРОСВАРНЫЕ КВАДРАТ,120,Труба профильная квадратная 120x120x5 мм,Труба профильная квадратная 120x120x5 мм,5,49590,теор.т,1,0,0,https://www.kavstal.ru/public/assets/images/products/SORTOVOI_PROKAT/TRUBY_ELEKTROSVARNYE_KVADRAT/img.webp,балашиха;трубы электросварные квадрат;120;5;труба;профильная;квадратная;120x120x5;мм,120,5,ГОСТ 2591-2006,теор.т
Сортовой прокат,ТРУБЫ ЭЛЕКТРОСВАРНЫЕ КВАДРАТ,120,Труба профильная квадратная 120x120x5 мм,Труба профильная квадратная 120x120x5 мм,5,52590,теор.т,1,0,0,https://www.kavstal.ru/public/assets/images/products/SORTOVOI_PROKAT/TRUBY_ELEKTROSVARNYE_KVADRAT/img.webp,балашиха;трубы электросварные квадрат;120;5;труба;профильная;квадратная;120x120x5;мм,120,5,ГОСТ 2591-2006,теор.т
Сортовой прокат,ТРУБЫ ЭЛЕКТРОСВАРНЫЕ КВАДРАТ,120,Труба профильная квадратная 120x120x6 мм,Труба профильная квадратная 120x120x6 мм,6,56590,т,1,0,0,https://www.kavstal.ru/public/assets/images/products/SORTOVOI_PROKAT/TRUBY_ELEKTROSVARNYE_KVADRAT/img.webp,балашиха;трубы электросварные квадрат;120;6;труба;профильная;квадратная;120x120x6;мм,120,6,ГОСТ 2591-2006,т
Сортовой прокат,ТРУБЫ ЭЛЕКТРОСВАРНЫЕ КВАДРАТ,120,Труба профильная квадратная 120x120x6 мм,Труба профильная квадратная 120x120x6 мм,6,52590,теор.т,1,0,0,https://www.kavstal.ru/public/assets/images/products/SORTOVOI_PROKAT/TRUBY_ELEKTROSVARNYE_KVADRAT/img.webp,балашиха;трубы электросварные квадрат;120;6;труба;профильная;квадратная;120x120x6;мм,120,6,ГОСТ 2591-2006,теор.т
Сортовой прокат,ТРУБЫ ЭЛЕКТРОСВАРНЫЕ КВАДРАТ,120,Труба профильная квадратная 120x120x6 мм,Труба профильная квадратная 120x120x6 мм,6,56590,теор.т,1,0,0,https://www.kavstal.ru/public/assets/images/products/SORTOVOI_PROKAT/TRUBY_ELEKTROSVARNYE_KVADRAT/img.webp,балашиха;трубы электросварные квадрат;120;6;7;8;10;труба;профильная;квадратная;120x120x6;мм,120,6 ; 7; 7; 8; 10,ГОСТ 2591-2006,теор.т
Сортовой прокат,ТРУБЫ ЭЛЕКТРОСВАРНЫЕ КВАДРАТ,120 ГОСТ,Труба профильная квадратная 120x120x5 мм ГОСТ,Труба профильная квадратная 120x120x5 мм ГОСТ,5,52590,теор.т,1,0,0,https://www.kavstal.ru/public/assets/images/products/SORTOVOI_PROKAT/TRUBY_ELEKTROSVARNYE_KVADRAT/img.webp,балашиха;трубы электросварные квадрат;120 гост;5;труба;профильная;квадратная;120x120x5;мм;гост,120 ГОСТ,5,ГОСТ 2591-2006,теор.т
Сортовой прокат,ТРУБЫ ЭЛЕКТРОСВАРНЫЕ КВАДРАТ,120 ГОСТ,Труба профильная квадратная 120x120x10 мм ГОСТ,Труба профильная квадратная 120x120x10 мм ГОСТ,10,56590,теор.т,1,0,0,https://www.kavstal.ru/public/assets/images/products/SORTOVOI_PROKAT/TRUBY_ELEKTROSVARNYE_KVADRAT/img.webp,балашиха;трубы электросварные квадрат;120 гост;10;труба;профильная;квадратная;120x120x10;мм;гост,120 ГОСТ,10,ГОСТ 2591-2006,теор.т
Сортовой прокат,ТРУБЫ ЭЛЕКТРОСВАРНЫЕ КВАДРАТ,120 неконд,Труба профильная квадратная 120x120x8 мм неконд,Труба профильная квадратная 120x120x8 мм неконд,8,28590,т,1,0,0,https://www.kavstal.ru/public/assets/images/products/SORTOVOI_PROKAT/TRUBY_ELEKTROSVARNYE_KVADRAT/img.webp,балашиха;трубы электросварные квадрат;120 неконд;8;труба;профильная;квадратная;120x120x8;мм;неконд,120 неконд,8,ГОСТ 2591-2006,т
Сортовой прокат,ТРУБЫ ЭЛЕКТРОСВАРНЫЕ КВАДРАТ,120 некондиция,Труба профильная квадратная 120x120x3 мм некондиция,Труба профильная квадратная 120x120x3 мм некондиция,3,28590,т,1,0,0,https://www.kavstal.ru/public/assets/images/products/SORTOVOI_PROKAT/TRUBY_ELEKTROSVARNYE_KVADRAT/img.webp,балашиха;трубы электросварные квадрат;120 некондиция;3;4;5;6;7;10;труба;профильная;квадратная;120x120x3;мм;некондиция,120 некондиция,3 ; 4; 5; 6; 7; 10,ГОСТ 2591-2006,т
Сортовой прокат,ТРУБЫ ЭЛЕКТРОСВАРНЫЕ КВАДРАТ,140,Труба профильная квадратная 140x140x4 мм,Труба профильная квадратная 140x140x4 мм,4,52590,т,1,0,0,https://www.kavstal.ru/public/assets/images/products/SORTOVOI_PROKAT/TRUBY_ELEKTROSVARNYE_KVADRAT/img.webp,балашиха;трубы электросварные квадрат;140;4;5;6;труба;профильная;квадратная;140x140x4;мм,140,4 ; 5; 6,ГОСТ 2591-2006,т
Сортовой прокат,ТРУБЫ ЭЛЕКТРОСВАРНЫЕ КВАДРАТ,140,Труба профильная квадратная 140x140x7 мм,Труба профильная квадратная 140x140x7 мм,7,56590,теор.т,1,0,0,https://www.kavstal.ru/public/assets/images/products/SORTOVOI_PROKAT/TRUBY_ELEKTROSVARNYE_KVADRAT/img.webp,балашиха;трубы электросварные квадрат;140;7;8;труба;профильная;квадратная;140x140x7;мм,140,7 ; 8,ГОСТ 2591-2006,теор.т
Сортовой прокат,ТРУБЫ ЭЛЕКТРОСВАРНЫЕ КВАДРАТ,140,Труба профильная квадратная 140x140x10 мм,Труба профильная квадратная 140x140x10 мм,10,58590,теор.т,1,0,0,https://www.kavstal.ru/public/assets/images/products/SORTOVOI_PROKAT/TRUBY_ELEKTROSVARNYE_KVADRAT/img.webp,балашиха;трубы электросварные квадрат;140;10;труба;профильная;квадратная;140x140x10;мм,140,10,ГОСТ 2591-2006,теор.т
Сортовой прокат,ТРУБЫ ЭЛЕКТРОСВАРНЫЕ КВАДРАТ,140 н/д,Труба профильная квадратная 140x140x8 мм н/д,Труба профильная квадратная 140x140x8 мм н/д,8,28590,т,1,0,0,https://www.kavstal.ru/public/assets/images/products/SORTOVOI_PROKAT/TRUBY_ELEKTROSVARNYE_KVADRAT/img.webp,балашиха;трубы электросварные квадрат;140 н/д;8;труба;профильная;квадратная;140x140x8;мм;н/д,140 н/д,8,ГОСТ 2591-2006,т
Сортовой прокат,ТРУБЫ ЭЛЕКТРОСВАРНЫЕ КВАДРАТ,140 некондиция,Труба профильная квадратная 140x140x4 мм некондиция,Труба профильная квадратная 140x140x4 мм некондиция,4,28590,т,1,0,0,https://www.kavstal.ru/public/assets/images/products/SORTOVOI_PROKAT/TRUBY_ELEKTROSVARNYE_KVADRAT/img.webp,балашиха;трубы электросварные квадрат;140 некондиция;4;5;6;7;труба;профильная;квадратная;140x140x4;мм;некондиция,140 некондиция,4 ; 5; 6; 7,ГОСТ 2591-2006,т
Сортовой прокат,ТРУБЫ ЭЛЕКТРОСВАРНЫЕ КВАДРАТ,150,Труба профильная квадратная 150x150x4 мм,Труба профильная квадратная 150x150x4 мм,4,58590,теор.т,1,0,0,https://www.kavstal.ru/public/assets/images/products/SORTOVOI_PROKAT/TRUBY_ELEKTROSVARNYE_KVADRAT/img.webp,балашиха;трубы электросварные квадрат;150;4;5;труба;профильная;квадратная;150x150x4;мм,150,4 ; 5,ГОСТ 2591-2006,теор.т
Сортовой прокат,ТРУБЫ ЭЛЕКТРОСВАРНЫЕ КВАДРАТ,150,Труба профильная квадратная 150x150x6 мм,Труба профильная квадратная 150x150x6 мм,6,52590,теор.т,1,0,0,https://www.kavstal.ru/public/assets/images/products/SORTOVOI_PROKAT/TRUBY_ELEKTROSVARNYE_KVADRAT/img.webp,балашиха;трубы электросварные квадрат;150;6;труба;профильная;квадратная;150x150x6;мм,150,6,ГОСТ 2591-2006,теор.т
Сортовой прокат,ТРУБЫ ЭЛЕКТРОСВАРНЫЕ КВАДРАТ,150,Труба профильная квадратная 150x150x7 мм,Труба профильная квадратная 150x150x7 мм,7,56590,теор.т,1,0,0,https://www.kavstal.ru/public/assets/images/products/SORTOVOI_PROKAT/TRUBY_ELEKTROSVARNYE_KVADRAT/img.webp,балашиха;трубы электросварные квадрат;150;7;8;труба;профильная;квадратная;150x150x7;мм,150,7 ; 8,ГОСТ 2591-2006,теор.т
Сортовой прокат,ТРУБЫ ЭЛЕКТРОСВАРНЫЕ КВАДРАТ,150,Труба профильная квадратная 150x150x10 мм,Труба профильная квадратная 150x150x10 мм,10,58590,теор.т,1,0,0,https://www.kavstal.ru/public/assets/images/products/SORTOVOI_PROKAT/TRUBY_ELEKTROSVARNYE_KVADRAT/img.webp,балашиха;трубы электросварные квадрат;150;10;труба;профильная;квадратная;150x150x10;мм,150,10,ГОСТ 2591-2006,теор.т
Сортовой прокат,ТРУБЫ ЭЛЕКТРОСВАРНЫЕ КВАДРАТ,150 некондиция,Труба профильная квадратная 150x150x4 мм некондиция,Труба профильная квадратная 150x150x4 мм некондиция,4,28590,т,1,0,0,https://www.kavstal.ru/public/assets/images/products/SORTOVOI_PROKAT/TRUBY_ELEKTROSVARNYE_KVADRAT/img.webp,балашиха;трубы электросварные квадрат;150 некондиция;4;5;6;7;8;10;труба;профильная;квадратная;150x150x4;мм;некондиция,150 некондиция,4 ; 5; 6; 7; 8; 10,ГОСТ 2591-2006,т
Сортовой прокат,ТРУБЫ ЭЛЕКТРОСВАРНЫЕ КВАДРАТ,160,Труба профильная квадратная 160x160x4 мм,Труба профильная квадратная 160x160x4 мм,4,52590,теор.т,1,0,0,https://www.kavstal.ru/public/assets/images/products/SORTOVOI_PROKAT/TRUBY_ELEKTROSVARNYE_KVADRAT/img.webp,балашиха;трубы электросварные квадрат;160;4;5;6;труба;профильная;квадратная;160x160x4;мм,160,4 ; 5; 6,ГОСТ 2591-2006,теор.т
Сортовой прокат,ТРУБЫ ЭЛЕКТРОСВАРНЫЕ КВАДРАТ,160,Труба профильная квадратная 160x160x7 мм,Труба профильная квадратная 160x160x7 мм,7,56590,теор.т,1,0,0,https://www.kavstal.ru/public/assets/images/products/SORTOVOI_PROKAT/TRUBY_ELEKTROSVARNYE_KVADRAT/img.webp,балашиха;трубы электросварные квадрат;160;7;8;труба;профильная;квадратная;160x160x7;мм,160,7 ; 8,ГОСТ 2591-2006,теор.т
Сортовой прокат,ТРУБЫ ЭЛЕКТРОСВАРНЫЕ КВАДРАТ,160,Труба профильная квадратная 160x160x10 мм,Труба профильная квадратная 160x160x10 мм,10,58590,теор.т,1,0,0,https://www.kavstal.ru/public/assets/images/products/SORTOVOI_PROKAT/TRUBY_ELEKTROSVARNYE_KVADRAT/img.webp,балашиха;трубы электросварные квадрат;160;10;труба;профильная;квадратная;160x160x10;мм,160,10,ГОСТ 2591-2006,теор.т
Сортовой прокат,ТРУБЫ ЭЛЕКТРОСВАРНЫЕ КВАДРАТ,160 неконд,Труба профильная квадратная 160x160x6 мм неконд,Труба профильная квадратная 160x160x6 мм неконд,6,28590,т,1,0,0,https://www.kavstal.ru/public/assets/images/products/SORTOVOI_PROKAT/TRUBY_ELEKTROSVARNYE_KVADRAT/img.webp,балашиха;трубы электросварные квадрат;160 неконд;6;труба;профильная;квадратная;160x160x6;мм;неконд,160 неконд,6,ГОСТ 2591-2006,т
Сортовой прокат,ТРУБЫ ЭЛЕКТРОСВАРНЫЕ КВАДРАТ,160 некондиция,Труба профильная квадратная 160x160x4 мм некондиция,Труба профильная квадратная 160x160x4 мм некондиция,4,28590,т,1,0,0,https://www.kavstal.ru/public/assets/images/products/SORTOVOI_PROKAT/TRUBY_ELEKTROSVARNYE_KVADRAT/img.webp,балашиха;трубы электросварные квадрат;160 некондиция;4;5;6;7;8;труба;профильная;квадратная;160x160x4;мм;некондиция,160 некондиция,4 ; 5; 6; 7; 8,ГОСТ 2591-2006,т
Сортовой прокат,ТРУБЫ ЭЛЕКТРОСВАРНЫЕ КВАДРАТ,180,Труба профильная квадратная 180x180x4 мм,Труба профильная квадратная 180x180x4 мм,4,56590,теор.т,1,0,0,https://www.kavstal.ru/public/assets/images/products/SORTOVOI_PROKAT/TRUBY_ELEKTROSVARNYE_KVADRAT/img.webp,балашиха;трубы электросварные квадрат;180;4;труба;профильная;квадратная;180x180x4;мм,180,4,ГОСТ 2591-2006,теор.т
Сортовой прокат,ТРУБЫ ЭЛЕКТРОСВАРНЫЕ КВАДРАТ,180,Труба профильная квадратная 180x180x5 мм,Труба профильная квадратная 180x180x5 мм,5,52590,теор.т,1,0,0,https://www.kavstal.ru/public/assets/images/products/SORTOVOI_PROKAT/TRUBY_ELEKTROSVARNYE_KVADRAT/img.webp,балашиха;трубы электросварные квадрат;180;5;6;труба;профильная;квадратная;180x180x5;мм,180,5 ; 6,ГОСТ 2591-2006,теор.т
Сортовой прокат,ТРУБЫ ЭЛЕКТРОСВАРНЫЕ КВАДРАТ,180,Труба профильная квадратная 180x180x7 мм,Труба профильная квадратная 180x180x7 мм,7,56590,теор.т,1,0,0,https://www.kavstal.ru/public/assets/images/products/SORTOVOI_PROKAT/TRUBY_ELEKTROSVARNYE_KVADRAT/img.webp,балашиха;трубы электросварные квадрат;180;7;8;труба;профильная;квадратная;180x180x7;мм,180,7 ; 8,ГОСТ 2591-2006,теор.т
Сортовой прокат,ТРУБЫ ЭЛЕКТРОСВАРНЫЕ КВАДРАТ,180,Труба профильная квадратная 180x180x10 мм,Труба профильная квадратная 180x180x10 мм,10,58590,теор.т,1,0,0,https://www.kavstal.ru/public/assets/images/products/SORTOVOI_PROKAT/TRUBY_ELEKTROSVARNYE_KVADRAT/img.webp,балашиха;трубы электросварные квадрат;180;10;труба;профильная;квадратная;180x180x10;мм,180,10,ГОСТ 2591-2006,теор.т
Сортовой прокат,ТРУБЫ ЭЛЕКТРОСВАРНЫЕ КВАДРАТ,180 некондиция,Труба профильная квадратная 180x180x5 мм некондиция,Труба профильная квадратная 180x180x5 мм некондиция,5,28590,т,1,0,0,https://www.kavstal.ru/public/assets/images/products/SORTOVOI_PROKAT/TRUBY_ELEKTROSVARNYE_KVADRAT/img.webp,балашиха;трубы электросварные квадрат;180 некондиция;5;6;7;8;10;труба;профильная;квадратная;180x180x5;мм;некондиция,180 некондиция,5 ; 6; 7; 8; 10,ГОСТ 2591-2006,т
Сортовой прокат,ТРУБЫ ЭЛЕКТРОСВАРНЫЕ КВАДРАТ,200,Труба профильная квадратная 200x200x5 мм,Труба профильная квадратная 200x200x5 мм,5,56590,теор.т,1,0,0,https://www.kavstal.ru/public/assets/images/products/SORTOVOI_PROKAT/TRUBY_ELEKTROSVARNYE_KVADRAT/img.webp,балашиха;трубы электросварные квадрат;200;5;6;7;8;труба;профильная;квадратная;200x200x5;мм,200,5 ; 6; 7; 8,ГОСТ 2591-2006,теор.т
Сортовой прокат,ТРУБЫ ЭЛЕКТРОСВАРНЫЕ КВАДРАТ,200,Труба профильная квадратная 200x200x10 мм,Труба профильная квадратная 200x200x10 мм,10,58590,теор.т,1,0,0,https://www.kavstal.ru/public/assets/images/products/SORTOVOI_PROKAT/TRUBY_ELEKTROSVARNYE_KVADRAT/img.webp,балашиха;трубы электросварные квадрат;200;10;труба;профильная;квадратная;200x200x10;мм,200,10,ГОСТ 2591-2006,теор.т
Сортовой прокат,ТРУБЫ ЭЛЕКТРОСВАРНЫЕ КВАДРАТ,200 ГОСТ,Труба профильная квадратная 200x200x7 мм ГОСТ,Труба профильная квадратная 200x200x7 мм ГОСТ,7,56590,теор.т,1,0,0,https://www.kavstal.ru/public/assets/images/products/SORTOVOI_PROKAT/TRUBY_ELEKTROSVARNYE_KVADRAT/img.webp,балашиха;трубы электросварные квадрат;200 гост;7;8;труба;профильная;квадратная;200x200x7;мм;гост,200 ГОСТ,7 ; 8,ГОСТ 2591-2006,теор.т
Сортовой прокат,ТРУБЫ ЭЛЕКТРОСВАРНЫЕ КВАДРАТ,250,Труба профильная квадратная 250x250x8 мм,Труба профильная квадратная 250x250x8 мм,8,64590,теор.т,1,0,0,https://www.kavstal.ru/public/assets/images/products/SORTOVOI_PROKAT/TRUBY_ELEKTROSVARNYE_KVADRAT/img.webp,балашиха;трубы электросварные квадрат;250;8;10;труба;профильная;квадратная;250x250x8;мм,250,8 ; 10,ГОСТ 2591-2006,теор.т
Сортовой прокат,ТРУБЫ ЭЛЕКТРОСВАРНЫЕ КВАДРАТ,300,Труба профильная квадратная 300x300x6 мм,Труба профильная квадратная 300x300x6 мм,6,64590,теор.т,1,0,0,https://www.kavstal.ru/public/assets/images/products/SORTOVOI_PROKAT/TRUBY_ELEKTROSVARNYE_KVADRAT/img.webp,балашиха;трубы электросварные квадрат;300;6;10;12;труба;профильная;квадратная;300x300x6;мм,300,6 ; 10; 12,ГОСТ 2591-2006,теор.т
Сортовой прокат,ТРУБЫ ЭЛЕКТРОСВАРНЫЕ КВАДРАТ,20 х/к некондиция,"Труба профильная квадратная 20x20x0,7 мм х/к некондиция","Труба профильная квадратная 20x20x0,7 мм х/к некондиция",0,28590,т,1,0,0,https://www.kavstal.ru/public/assets/images/products/SORTOVOI_PROKAT/TRUBY_ELEKTROSVARNYE_KVADRAT/img.webp,балашиха;трубы электросварные квадрат;20 х/к некондиция;7;труба;профильная;квадратная;20x20x0;мм;х/к;некондиция,20 х/к некондиция,"0,7",ГОСТ 2591-2006,т
Сортовой прокат,ТРУБЫ ЭЛЕКТРОСВАРНЫЕ КВАДРАТ,15,"Труба профильная квадратная 15x15x1,5 мм","Труба профильная квадратная 15x15x1,5 мм",1,68590,т,1,0,0,https://www.kavstal.ru/public/assets/images/products/SORTOVOI_PROKAT/TRUBY_ELEKTROSVARNYE_KVADRAT/img.webp,балашиха;трубы электросварные квадрат;15;1;5;труба;профильная;квадратная;15x15x1;мм,15,"1,5",ГОСТ 2591-2006,т
Сортовой прокат,ТРУБЫ ЭЛЕКТРОСВАРНЫЕ КВАДРАТ,25 некондиция,"Труба профильная квадратная 25x25x1,5 мм некондиция","Труба профильная квадратная 25x25x1,5 мм некондиция",1,28590,т,1,0,0,https://www.kavstal.ru/public/assets/images/products/SORTOVOI_PROKAT/TRUBY_ELEKTROSVARNYE_KVADRAT/img.webp,балашиха;трубы электросварные квадрат;25 некондиция;1;5;труба;профильная;квадратная;25x25x1;мм;некондиция,25 некондиция,"1,5",ГОСТ 2591-2006,т
Сортовой прокат,ТРУБЫ ЭЛЕКТРОСВАРНЫЕ КВАДРАТ,30 некондиция,Труба профильная квадратная 30x30x3 мм некондиция,Труба профильная квадратная 30x30x3 мм некондиция,3,28590,т,1,0,0,https://www.kavstal.ru/public/assets/images/products/SORTOVOI_PROKAT/TRUBY_ELEKTROSVARNYE_KVADRAT/img.webp,балашиха;трубы электросварные квадрат;30 некондиция;3;труба;профильная;квадратная;30x30x3;мм;некондиция,30 некондиция,3,ГОСТ 2591-2006,т
Сортовой прокат,ТРУБЫ ЭЛЕКТРОСВАРНЫЕ КВАДРАТ,50,Труба профильная квадратная 50x50x4 мм,Труба профильная квадратная 50x50x4 мм,4,62590,теор.т,1,0,0,https://www.kavstal.ru/public/assets/images/products/SORTOVOI_PROKAT/TRUBY_ELEKTROSVARNYE_KVADRAT/img.webp,балашиха;трубы электросварные квадрат;50;4;труба;профильная;квадратная;50x50x4;мм,50,4,ГОСТ 2591-2006,теор.т
Сортовой прокат,ТРУБЫ ЭЛЕКТРОСВАРНЫЕ КВАДРАТ,50,Труба профильная квадратная 50x50x5 мм,Труба профильная квадратная 50x50x5 мм,5,97590,теор.т,1,0,0,https://www.kavstal.ru/public/assets/images/products/SORTOVOI_PROKAT/TRUBY_ELEKTROSVARNYE_KVADRAT/img.webp,балашиха;трубы электросварные квадрат;50;5;труба;профильная;квадратная;50x50x5;мм,50,5,ГОСТ 2591-2006,теор.т
Сортовой прокат,ТРУБЫ ЭЛЕКТРОСВАРНЫЕ КВАДРАТ,50 некондиция,Труба профильная квадратная 50x50x4 мм некондиция,Труба профильная квадратная 50x50x4 мм некондиция,4,28590,т,1,0,0,https://www.kavstal.ru/public/assets/images/products/SORTOVOI_PROKAT/TRUBY_ELEKTROSVARNYE_KVADRAT/img.webp,балашиха;трубы электросварные квадрат;50 некондиция;4;5;труба;профильная;квадратная;50x50x4;мм;некондиция,50 некондиция,4 ; 5,ГОСТ 2591-2006,т
Сортовой прокат,ТРУБЫ ЭЛЕКТРОСВАРНЫЕ КВАДРАТ,60,Труба профильная квадратная 60x60x3 мм,Труба профильная квадратная 60x60x3 мм,3,62590,теор.т,1,0,0,https://www.kavstal.ru/public/assets/images/products/SORTOVOI_PROKAT/TRUBY_ELEKTROSVARNYE_KVADRAT/img.webp,балашиха;трубы электросварные квадрат;60;3;4;труба;профильная;квадратная;60x60x3;мм,60,3 ; 4,ГОСТ 2591-2006,теор.т
Сортовой прокат,ТРУБЫ ЭЛЕКТРОСВАРНЫЕ КВАДРАТ,60,Труба профильная квадратная 60x60x5 мм,Труба профильная квадратная 60x60x5 мм,5,78590,теор.т,1,0,0,https://www.kavstal.ru/public/assets/images/products/SORTOVOI_PROKAT/TRUBY_ELEKTROSVARNYE_KVADRAT/img.webp,балашиха;трубы электросварные квадрат;60;5;труба;профильная;квадратная;60x60x5;мм,60,5,ГОСТ 2591-2006,теор.т
Сортовой прокат,ТРУБЫ ЭЛЕКТРОСВАРНЫЕ КВАДРАТ,60,Труба профильная квадратная 60x60x6 мм,Труба профильная квадратная 60x60x6 мм,6,88490,теор.т,1,0,0,https://www.kavstal.ru/public/assets/images/products/SORTOVOI_PROKAT/TRUBY_ELEKTROSVARNYE_KVADRAT/img.webp,балашиха;трубы электросварные квадрат;60;6;труба;профильная;квадратная;60x60x6;мм,60,6,ГОСТ 2591-2006,теор.т
Сортовой прокат,ТРУБЫ ЭЛЕКТРОСВАРНЫЕ КВАДРАТ,70 некондиция,Труба профильная квадратная 70x70x5 мм некондиция,Труба профильная квадратная 70x70x5 мм некондиция,5,28590,т,1,0,0,https://www.kavstal.ru/public/assets/images/products/SORTOVOI_PROKAT/TRUBY_ELEKTROSVARNYE_KVADRAT/img.webp,балашиха;трубы электросварные квадрат;70 некондиция;5;труба;профильная;квадратная;70x70x5;мм;некондиция,70 некондиция,5,ГОСТ 2591-2006,т
Сортовой прокат,ТРУБЫ ЭЛЕКТРОСВАРНЫЕ КВАДРАТ,80,Труба профильная квадратная 80x80x4 мм,Труба профильная квадратная 80x80x4 мм,4,62590,теор.т,1,0,0,https://www.kavstal.ru/public/assets/images/products/SORTOVOI_PROKAT/TRUBY_ELEKTROSVARNYE_KVADRAT/img.webp,балашиха;трубы электросварные квадрат;80;4;труба;профильная;квадратная;80x80x4;мм,80,4,ГОСТ 2591-2006,теор.т
Сортовой прокат,ТРУБЫ ЭЛЕКТРОСВАРНЫЕ КВАДРАТ,80,Труба профильная квадратная 80x80x5 мм,Труба профильная квадратная 80x80x5 мм,5,60590,теор.т,1,0,0,https://www.kavstal.ru/public/assets/images/products/SORTOVOI_PROKAT/TRUBY_ELEKTROSVARNYE_KVADRAT/img.webp,балашиха;трубы электросварные квадрат;80;5;труба;профильная;квадратная;80x80x5;мм,80,5,ГОСТ 2591-2006,теор.т
Сортовой прокат,ТРУБЫ ЭЛЕКТРОСВАРНЫЕ КВАДРАТ,80,Труба профильная квадратная 80x80x5 мм,Труба профильная квадратная 80x80x5 мм,5,62590,теор.т,1,0,0,https://www.kavstal.ru/public/assets/images/products/SORTOVOI_PROKAT/TRUBY_ELEKTROSVARNYE_KVADRAT/img.webp,балашиха;трубы электросварные квадрат;80;5;труба;профильная;квадратная;80x80x5;мм,80,5,ГОСТ 2591-2006,теор.т
Сортовой прокат,ТРУБЫ ЭЛЕКТРОСВАРНЫЕ КВАДРАТ,80,Труба профильная квадратная 80x80x6 мм,Труба профильная квадратная 80x80x6 мм,6,68590,теор.т,1,0,0,https://www.kavstal.ru/public/assets/images/products/SORTOVOI_PROKAT/TRUBY_ELEKTROSVARNYE_KVADRAT/img.webp,балашиха;трубы электросварные квадрат;80;6;труба;профильная;квадратная;80x80x6;мм,80,6,ГОСТ 2591-2006,теор.т
Сортовой прокат,ТРУБЫ ЭЛЕКТРОСВАРНЫЕ КВАДРАТ,80 некондиция,Труба профильная квадратная 80x80x6 мм некондиция,Труба профильная квадратная 80x80x6 мм некондиция,6,28590,т,1,0,0,https://www.kavstal.ru/public/assets/images/products/SORTOVOI_PROKAT/TRUBY_ELEKTROSVARNYE_KVADRAT/img.webp,балашиха;трубы электросварные квадрат;80 некондиция;6;7;труба;профильная;квадратная;80x80x6;мм;некондиция,80 некондиция,6 ; 7,ГОСТ 2591-2006,т
Сортовой прокат,ТРУБЫ ЭЛЕКТРОСВАРНЫЕ КВАДРАТ,100,Труба профильная квадратная 100x100x3 мм,Труба профильная квадратная 100x100x3 мм,3,60590,теор.т,1,0,0,https://www.kavstal.ru/public/assets/images/products/SORTOVOI_PROKAT/TRUBY_ELEKTROSVARNYE_KVADRAT/img.webp,балашиха;трубы электросварные квадрат;100;3;4;труба;профильная;квадратная;100x100x3;мм,100,3 ; 4,ГОСТ 2591-2006,теор.т
Сортовой прокат,ТРУБЫ ЭЛЕКТРОСВАРНЫЕ КВАДРАТ,100,Труба профильная квадратная 100x100x5 мм,Труба профильная квадратная 100x100x5 мм,5,62590,т,1,0,0,https://www.kavstal.ru/public/assets/images/products/SORTOVOI_PROKAT/TRUBY_ELEKTROSVARNYE_KVADRAT/img.webp,балашиха;трубы электросварные квадрат;100;5;труба;профильная;квадратная;100x100x5;мм,100,5,ГОСТ 2591-2006,т
Сортовой прокат,ТРУБЫ ЭЛЕКТРОСВАРНЫЕ КВАДРАТ,100,Труба профильная квадратная 100x100x6 мм,Труба профильная квадратная 100x100x6 мм,6,60590,теор.т,1,0,0,https://www.kavstal.ru/public/assets/images/products/SORTOVOI_PROKAT/TRUBY_ELEKTROSVARNYE_KVADRAT/img.webp,балашиха;трубы электросварные квадрат;100;6;труба;профильная;квадратная;100x100x6;мм,100,6,ГОСТ 2591-2006,теор.т
Сортовой прокат,ТРУБЫ ЭЛЕКТРОСВАРНЫЕ КВАДРАТ,100,Труба профильная квадратная 100x100x7 мм,Труба профильная квадратная 100x100x7 мм,7,62590,т,1,0,0,https://www.kavstal.ru/public/assets/images/products/SORTOVOI_PROKAT/TRUBY_ELEKTROSVARNYE_KVADRAT/img.webp,балашиха;трубы электросварные квадрат;100;7;8;труба;профильная;квадратная;100x100x7;мм,100,7 ; 8,ГОСТ 2591-2006,т
Сортовой прокат,ТРУБЫ ЭЛЕКТРОСВАРНЫЕ КВАДРАТ,100 некондиция,Труба профильная квадратная 100x100x4 мм некондиция,Труба профильная квадратная 100x100x4 мм некондиция,4,38590,т,1,0,0,https://www.kavstal.ru/public/assets/images/products/SORTOVOI_PROKAT/TRUBY_ELEKTROSVARNYE_KVADRAT/img.webp,балашиха;трубы электросварные квадрат;100 некондиция;4;труба;профильная;квадратная;100x100x4;мм;некондиция,100 некондиция,4,ГОСТ 2591-2006,т
Сортовой прокат,ТРУБЫ ЭЛЕКТРОСВАРНЫЕ КВАДРАТ,100 некондиция,Труба профильная квадратная 100x100x5 мм некондиция,Труба профильная квадратная 100x100x5 мм некондиция,5,28590,т,1,0,0,https://www.kavstal.ru/public/assets/images/products/SORTOVOI_PROKAT/TRUBY_ELEKTROSVARNYE_KVADRAT/img.webp,балашиха;трубы электросварные квадрат;100 некондиция;5;6;7;8;10;труба;профильная;квадратная;100x100x5;мм;некондиция,100 некондиция,5 ; 6; 7; 8; 10,ГОСТ 2591-2006,т
Сортовой прокат,ТРУБЫ ЭЛЕКТРОСВАРНЫЕ КВАДРАТ,100 уценка,Труба профильная квадратная 100x100x8 мм уценка,Труба профильная квадратная 100x100x8 мм уценка,8,38590,теор.т,1,0,0,https://www.kavstal.ru/public/assets/images/products/SORTOVOI_PROKAT/TRUBY_ELEKTROSVARNYE_KVADRAT/img.webp,балашиха;трубы электросварные квадрат;100 уценка;8;труба;профильная;квадратная;100x100x8;мм;уценка,100 уценка,8,ГОСТ 2591-2006,теор.т
Сортовой прокат,ТРУБЫ ЭЛЕКТРОСВАРНЫЕ КВАДРАТ,120,Труба профильная квадратная 120x120x4 мм,Труба профильная квадратная 120x120x4 мм,4,60590,теор.т,1,0,0,https://www.kavstal.ru/public/assets/images/products/SORTOVOI_PROKAT/TRUBY_ELEKTROSVARNYE_KVADRAT/img.webp,балашиха;трубы электросварные квадрат;120;4;труба;профильная;квадратная;120x120x4;мм,120,4,ГОСТ 2591-2006,теор.т
Сортовой прокат,ТРУБЫ ЭЛЕКТРОСВАРНЫЕ КВАДРАТ,120,Труба профильная квадратная 120x120x5 мм,Труба профильная квадратная 120x120x5 мм,5,62590,теор.т,1,0,0,https://www.kavstal.ru/public/assets/images/products/SORTOVOI_PROKAT/TRUBY_ELEKTROSVARNYE_KVADRAT/img.webp,балашиха;трубы электросварные квадрат;120;5;6;8;10;труба;профильная;квадратная;120x120x5;мм,120,5 ; 6; 6; 8; 10,ГОСТ 2591-2006,теор.т
Сортовой прокат,ТРУБЫ ЭЛЕКТРОСВАРНЫЕ КВАДРАТ,120 некондиция,Труба профильная квадратная 120x120x5 мм некондиция,Труба профильная квадратная 120x120x5 мм некондиция,5,28590,т,1,0,0,https://www.kavstal.ru/public/assets/images/products/SORTOVOI_PROKAT/TRUBY_ELEKTROSVARNYE_KVADRAT/img.webp,балашиха;трубы электросварные квадрат;120 некондиция;5;6;7;8;10;труба;профильная;квадратная;120x120x5;мм;некондиция,120 некондиция,5 ; 6; 7; 8; 10,ГОСТ 2591-2006,т
Сортовой прокат,ТРУБЫ ЭЛЕКТРОСВАРНЫЕ КВАДРАТ,140,Труба профильная квадратная 140x140x4 мм,Труба профильная квадратная 140x140x4 мм,4,60590,теор.т,1,0,0,https://www.kavstal.ru/public/assets/images/products/SORTOVOI_PROKAT/TRUBY_ELEKTROSVARNYE_KVADRAT/img.webp,балашиха;трубы электросварные квадрат;140;4;5;труба;профильная;квадратная;140x140x4;мм,140,4 ; 5,ГОСТ 2591-2006,теор.т
Сортовой прокат,ТРУБЫ ЭЛЕКТРОСВАРНЫЕ КВАДРАТ,140,Труба профильная квадратная 140x140x6 мм,Труба профильная квадратная 140x140x6 мм,6,62590,теор.т,1,0,0,https://www.kavstal.ru/public/assets/images/products/SORTOVOI_PROKAT/TRUBY_ELEKTROSVARNYE_KVADRAT/img.webp,балашиха;трубы электросварные квадрат;140;6;7;8;10;труба;профильная;квадратная;140x140x6;мм,140,6 ; 7; 8; 10,ГОСТ 2591-2006,теор.т
Сортовой прокат,ТРУБЫ ЭЛЕКТРОСВАРНЫЕ КВАДРАТ,140 некондиция,Труба профильная квадратная 140x140x6 мм некондиция,Труба профильная квадратная 140x140x6 мм некондиция,6,28590,т,1,0,0,https://www.kavstal.ru/public/assets/images/products/SORTOVOI_PROKAT/TRUBY_ELEKTROSVARNYE_KVADRAT/img.webp,балашиха;трубы электросварные квадрат;140 некондиция;6;8;10;труба;профильная;квадратная;140x140x6;мм;некондиция,140 некондиция,6 ; 8; 10,ГОСТ 2591-2006,т
Сортовой прокат,ТРУБЫ ЭЛЕКТРОСВАРНЫЕ КВАДРАТ,150,Труба профильная квадратная 150x150x4 мм,Труба профильная квадратная 150x150x4 мм,4,60590,теор.т,1,0,0,https://www.kavstal.ru/public/assets/images/products/SORTOVOI_PROKAT/TRUBY_ELEKTROSVARNYE_KVADRAT/img.webp,балашиха;трубы электросварные квадрат;150;4;5;6;труба;профильная;квадратная;150x150x4;мм,150,4 ; 5; 6,ГОСТ 2591-2006,теор.т
Сортовой прокат,ТРУБЫ ЭЛЕКТРОСВАРНЫЕ КВАДРАТ,150,Труба профильная квадратная 150x150x8 мм,Труба профильная квадратная 150x150x8 мм,8,62590,теор.т,1,0,0,https://www.kavstal.ru/public/assets/images/products/SORTOVOI_PROKAT/TRUBY_ELEKTROSVARNYE_KVADRAT/img.webp,балашиха;трубы электросварные квадрат;150;8;10;труба;профильная;квадратная;150x150x8;мм,150,8 ; 10,ГОСТ 2591-2006,теор.т
Сортовой прокат,ТРУБЫ ЭЛЕКТРОСВАРНЫЕ КВАДРАТ,150 некондиция,Труба профильная квадратная 150x150x4 мм некондиция,Труба профильная квадратная 150x150x4 мм некондиция,4,28590,т,1,0,0,https://www.kavstal.ru/public/assets/images/products/SORTOVOI_PROKAT/TRUBY_ELEKTROSVARNYE_KVADRAT/img.webp,балашиха;трубы электросварные квадрат;150 некондиция;4;6;7;8;10;труба;профильная;квадратная;150x150x4;мм;некондиция,150 некондиция,4 ; 6; 7; 8; 10,ГОСТ 2591-2006,т
Сортовой прокат,ТРУБЫ ЭЛЕКТРОСВАРНЫЕ КВАДРАТ,160,Труба профильная квадратная 160x160x4 мм,Труба профильная квадратная 160x160x4 мм,4,60590,теор.т,1,0,0,https://www.kavstal.ru/public/assets/images/products/SORTOVOI_PROKAT/TRUBY_ELEKTROSVARNYE_KVADRAT/img.webp,балашиха;трубы электросварные квадрат;160;4;5;6;труба;профильная;квадратная;160x160x4;мм,160,4 ; 5; 6,ГОСТ 2591-2006,теор.т
Сортовой прокат,ТРУБЫ ЭЛЕКТРОСВАРНЫЕ КВАДРАТ,160,Труба профильная квадратная 160x160x8 мм,Труба профильная квадратная 160x160x8 мм,8,62590,теор.т,1,0,0,https://www.kavstal.ru/public/assets/images/products/SORTOVOI_PROKAT/TRUBY_ELEKTROSVARNYE_KVADRAT/img.webp,балашиха;трубы электросварные квадрат;160;8;10;труба;профильная;квадратная;160x160x8;мм,160,8 ; 10,ГОСТ 2591-2006,теор.т
Сортовой прокат,ТРУБЫ ЭЛЕКТРОСВАРНЫЕ КВАДРАТ,160 некондиция,Труба профильная квадратная 160x160x4 мм некондиция,Труба профильная квадратная 160x160x4 мм некондиция,4,28590,т,1,0,0,https://www.kavstal.ru/public/assets/images/products/SORTOVOI_PROKAT/TRUBY_ELEKTROSVARNYE_KVADRAT/img.webp,балашиха;трубы электросварные квадрат;160 некондиция;4;5;6;8;труба;профильная;квадратная;160x160x4;мм;некондиция,160 некондиция,4 ; 5; 6; 8,ГОСТ 2591-2006,т
Сортовой прокат,ТРУБЫ ЭЛЕКТРОСВАРНЫЕ КВАДРАТ,180,Труба профильная квадратная 180x180x5 мм,Труба профильная квадратная 180x180x5 мм,5,62590,теор.т,1,0,0,https://www.kavstal.ru/public/assets/images/products/SORTOVOI_PROKAT/TRUBY_ELEKTROSVARNYE_KVADRAT/img.webp,балашиха;трубы электросварные квадрат;180;5;труба;профильная;квадратная;180x180x5;мм,180,5,ГОСТ 2591-2006,теор.т
Сортовой прокат,ТРУБЫ ЭЛЕКТРОСВАРНЫЕ КВАДРАТ,180,Труба профильная квадратная 180x180x6 мм,Труба профильная квадратная 180x180x6 мм,6,60590,т,1,0,0,https://www.kavstal.ru/public/assets/images/products/SORTOVOI_PROKAT/TRUBY_ELEKTROSVARNYE_KVADRAT/img.webp,балашиха;трубы электросварные квадрат;180;6;труба;профильная;квадратная;180x180x6;мм,180,6,ГОСТ 2591-2006,т
Сортовой прокат,ТРУБЫ ЭЛЕКТРОСВАРНЫЕ КВАДРАТ,180,Труба профильная квадратная 180x180x7 мм,Труба профильная квадратная 180x180x7 мм,7,62590,теор.т,1,0,0,https://www.kavstal.ru/public/assets/images/products/SORTOVOI_PROKAT/TRUBY_ELEKTROSVARNYE_KVADRAT/img.webp,балашиха;трубы электросварные квадрат;180;7;8;труба;профильная;квадратная;180x180x7;мм,180,7 ; 8,ГОСТ 2591-2006,теор.т
Сортовой прокат,ТРУБЫ ЭЛЕКТРОСВАРНЫЕ КВАДРАТ,180 некондиция,Труба профильная квадратная 180x180x5 мм некондиция,Труба профильная квадратная 180x180x5 мм некондиция,5,28590,т,1,0,0,https://www.kavstal.ru/public/assets/images/products/SORTOVOI_PROKAT/TRUBY_ELEKTROSVARNYE_KVADRAT/img.webp,балашиха;трубы электросварные квадрат;180 некондиция;5;6;7;8;10;труба;профильная;квадратная;180x180x5;мм;некондиция,180 некондиция,5 ; 6; 7; 8; 10,ГОСТ 2591-2006,т
Сортовой прокат,ТРУБЫ ЭЛЕКТРОСВАРНЫЕ КВАДРАТ,250,Труба профильная квадратная 250x250x6 мм,Труба профильная квадратная 250x250x6 мм,6,68590,теор.т,1,0,0,https://www.kavstal.ru/public/assets/images/products/SORTOVOI_PROKAT/TRUBY_ELEKTROSVARNYE_KVADRAT/img.webp,балашиха;трубы электросварные квадрат;250;6;8;10;труба;профильная;квадратная;250x250x6;мм,250,6 ; 8; 10,ГОСТ 2591-2006,теор.т
Сортовой прокат,ТРУБЫ ЭЛЕКТРОСВАРНЫЕ КВАДРАТ,300,Труба профильная квадратная 300x300x8 мм,Труба профильная квадратная 300x300x8 мм,8,72590,теор.т,1,0,0,https://www.kavstal.ru/public/assets/images/products/SORTOVOI_PROKAT/TRUBY_ELEKTROSVARNYE_KVADRAT/img.webp,балашиха;трубы электросварные квадрат;300;8;труба;профильная;квадратная;300x300x8;мм,300,8,ГОСТ 2591-2006,теор.т
Сортовой прокат,ТРУБЫ ЭЛЕКТРОСВАРНЫЕ КВАДРАТ,20 без оцинкования шва,"Труба профильная квадратная 20x20x0,8 мм без оцинкования шва","Труба профильная квадратная 20x20x0,8 мм без оцинкования шва",0,86590,т,1,0,0,https://www.kavstal.ru/public/assets/images/products/SORTOVOI_PROKAT/TRUBY_ELEKTROSVARNYE_KVADRAT/img.webp,балашиха;трубы электросварные квадрат;20 без оцинкования шва;8;труба;профильная;квадратная;20x20x0;мм;без;оцинкования;шва,20 без оцинкования шва,"0,8",ГОСТ 2591-2006,т
Сортовой прокат,ТРУБЫ ЭЛЕКТРОСВАРНЫЕ КВАДРАТ,25 оцинк без оцинкован.шва,"Труба профильная квадратная 25x25x0,8 мм оцинк без оцинкован.шва","Труба профильная квадратная 25x25x0,8 мм оцинк без оцинкован.шва",0,86590,т,1,0,0,https://www.kavstal.ru/public/assets/images/products/SORTOVOI_PROKAT/TRUBY_ELEKTROSVARNYE_KVADRAT/img.webp,балашиха;трубы электросварные квадрат;25 оцинк без оцинкован.шва;8;1;труба;профильная;квадратная;25x25x0;мм;оцинк;без;оцинкован.шва,25 оцинк без оцинкован.шва,"0,8 ; 1",ГОСТ 2591-2006,т
Сортовой прокат,ТРУБЫ ЭЛЕКТРОСВАРНЫЕ КВАДРАТ,25 оцинк с оцинкован.швом,Труба профильная квадратная 25x25x1 мм оцинк с оцинкован.швом,Труба профильная квадратная 25x25x1 мм оцинк с оцинкован.швом,1,88590,т,1,0,0,https://www.kavstal.ru/public/assets/images/products/SORTOVOI_PROKAT/TRUBY_ELEKTROSVARNYE_KVADRAT/img.webp,балашиха;трубы электросварные квадрат;25 оцинк с оцинкован.швом;1;труба;профильная;квадратная;25x25x1;мм;оцинк;оцинкован.швом,25 оцинк с оцинкован.швом,1,ГОСТ 2591-2006,т
Сортовой прокат,ТРУБЫ ЭЛЕКТРОСВАРНЫЕ КВАДРАТ,100 оцинк,Труба профильная квадратная 100x100x3 мм оцинк,Труба профильная квадратная 100x100x3 мм оцинк,3,108590,теор.т,1,0,0,https://www.kavstal.ru/public/assets/images/products/SORTOVOI_PROKAT/TRUBY_ELEKTROSVARNYE_KVADRAT/img.webp,балашиха;трубы электросварные квадрат;100 оцинк;3;труба;профильная;квадратная;100x100x3;мм;оцинк,100 оцинк,3,ГОСТ 2591-2006,теор.т
Трубы,ТРУБЫ ЭЛЕКТРОСВАРНЫЕ ПРЯМОУГ,40x25,Труба профильная прямоугольная 40x25x2 мм,Труба профильная прямоугольная 40x25x2 мм,2,78590,т,1,0,0,https://www.kavstal.ru/public/assets/images/products/TRUBY/TRUBY_ELEKTROSVARNYE_PRYAMOUG/img.jpg,балашиха;трубы электросварные прямоуг;40x25;2;труба;профильная;прямоугольная;40x25x2;мм,40x25,2,,т
Трубы,ТРУБЫ ЭЛЕКТРОСВАРНЫЕ ПРЯМОУГ,50x25 некондиция,Труба профильная прямоугольная 50x25x3 мм некондиция,Труба профильная прямоугольная 50x25x3 мм некондиция,3,28590,т,1,0,0,https://www.kavstal.ru/public/assets/images/products/TRUBY/TRUBY_ELEKTROSVARNYE_PRYAMOUG/img.jpg,балашиха;трубы электросварные прямоуг;50x25 некондиция;3;труба;профильная;прямоугольная;50x25x3;мм;некондиция,50x25 некондиция,3,,т
Трубы,ТРУБЫ ЭЛЕКТРОСВАРНЫЕ ПРЯМОУГ,60x30,Труба профильная прямоугольная 60x30x3 мм,Труба профильная прямоугольная 60x30x3 мм,3,62590,теор.т,1,0,0,https://www.kavstal.ru/public/assets/images/products/TRUBY/TRUBY_ELEKTROSVARNYE_PRYAMOUG/img.jpg,балашиха;трубы электросварные прямоуг;60x30;3;труба;профильная;прямоугольная;60x30x3;мм,60x30,3,,теор.т
Трубы,ТРУБЫ ЭЛЕКТРОСВАРНЫЕ ПРЯМОУГ,60x30,Труба профильная прямоугольная 60x30x4 мм,Труба профильная прямоугольная 60x30x4 мм,4,60590,теор.т,1,0,0,https://www.kavstal.ru/public/assets/images/products/TRUBY/TRUBY_ELEKTROSVARNYE_PRYAMOUG/img.jpg,балашиха;трубы электросварные прямоуг;60x30;4;труба;профильная;прямоугольная;60x30x4;мм,60x30,4,,теор.т
Трубы,ТРУБЫ ЭЛЕКТРОСВАРНЫЕ ПРЯМОУГ,60x40,Труба профильная прямоугольная 60x40x4 мм,Труба профильная прямоугольная 60x40x4 мм,4,60590,теор.т,1,0,0,https://www.kavstal.ru/public/assets/images/products/TRUBY/TRUBY_ELEKTROSVARNYE_PRYAMOUG/img.jpg,балашиха;трубы электросварные прямоуг;60x40;4;труба;профильная;прямоугольная;60x40x4;мм,60x40,4,,теор.т
Трубы,ТРУБЫ ЭЛЕКТРОСВАРНЫЕ ПРЯМОУГ,80x40,Труба профильная прямоугольная 80x40x3 мм,Труба профильная прямоугольная 80x40x3 мм,3,62590,теор.т,1,0,0,https://www.kavstal.ru/public/assets/images/products/TRUBY/TRUBY_ELEKTROSVARNYE_PRYAMOUG/img.jpg,балашиха;трубы электросварные прямоуг;80x40;3;труба;профильная;прямоугольная;80x40x3;мм,80x40,3,,теор.т
Трубы,ТРУБЫ ЭЛЕКТРОСВАРНЫЕ ПРЯМОУГ,80x40,Труба профильная прямоугольная 80x40x4 мм,Труба профильная прямоугольная 80x40x4 мм,4,60590,теор.т,1,0,0,https://www.kavstal.ru/public/assets/images/products/TRUBY/TRUBY_ELEKTROSVARNYE_PRYAMOUG/img.jpg,балашиха;трубы электросварные прямоуг;80x40;4;труба;профильная;прямоугольная;80x40x4;мм,80x40,4,,теор.т
Трубы,ТРУБЫ ЭЛЕКТРОСВАРНЫЕ ПРЯМОУГ,80x40 некондиция,Труба профильная прямоугольная 80x40x4 мм некондиция,Труба профильная прямоугольная 80x40x4 мм некондиция,4,28590,т,1,0,0,https://www.kavstal.ru/public/assets/images/products/TRUBY/TRUBY_ELEKTROSVARNYE_PRYAMOUG/img.jpg,балашиха;трубы электросварные прямоуг;80x40 некондиция;4;труба;профильная;прямоугольная;80x40x4;мм;некондиция,80x40 некондиция,4,,т
Трубы,ТРУБЫ ЭЛЕКТРОСВАРНЫЕ ПРЯМОУГ,80x60,Труба профильная прямоугольная 80x60x3 мм,Труба профильная прямоугольная 80x60x3 мм,3,60590,теор.т,1,0,0,https://www.kavstal.ru/public/assets/images/products/TRUBY/TRUBY_ELEKTROSVARNYE_PRYAMOUG/img.jpg,балашиха;трубы электросварные прямоуг;80x60;3;труба;профильная;прямоугольная;80x60x3;мм,80x60,3,,теор.т
Трубы,ТРУБЫ ЭЛЕКТРОСВАРНЫЕ ПРЯМОУГ,80x60,Труба профильная прямоугольная 80x60x5 мм,Труба профильная прямоугольная 80x60x5 мм,5,68590,теор.т,1,0,0,https://www.kavstal.ru/public/assets/images/products/TRUBY/TRUBY_ELEKTROSVARNYE_PRYAMOUG/img.jpg,балашиха;трубы электросварные прямоуг;80x60;5;труба;профильная;прямоугольная;80x60x5;мм,80x60,5,,теор.т
Трубы,ТРУБЫ ЭЛЕКТРОСВАРНЫЕ ПРЯМОУГ,80x60 некондиция,Труба профильная прямоугольная 80x60x5 мм некондиция,Труба профильная прямоугольная 80x60x5 мм некондиция,5,28590,т,1,0,0,https://www.kavstal.ru/public/assets/images/products/TRUBY/TRUBY_ELEKTROSVARNYE_PRYAMOUG/img.jpg,балашиха;трубы электросварные прямоуг;80x60 некондиция;5;труба;профильная;прямоугольная;80x60x5;мм;некондиция,80x60 некондиция,5,,т
Трубы,ТРУБЫ ЭЛЕКТРОСВАРНЫЕ ПРЯМОУГ,100x50,Труба профильная прямоугольная 100x50x4 мм,Труба профильная прямоугольная 100x50x4 мм,4,68590,теор.т,1,0,0,https://www.kavstal.ru/public/assets/images/products/TRUBY/TRUBY_ELEKTROSVARNYE_PRYAMOUG/img.jpg,балашиха;трубы электросварные прямоуг;100x50;4;5;труба;профильная;прямоугольная;100x50x4;мм,100x50,4 ; 5,,теор.т
Трубы,ТРУБЫ ЭЛЕКТРОСВАРНЫЕ ПРЯМОУГ,100x50 некондиция,Труба профильная прямоугольная 100x50x4 мм некондиция,Труба профильная прямоугольная 100x50x4 мм некондиция,4,28590,т,1,0,0,https://www.kavstal.ru/public/assets/images/products/TRUBY/TRUBY_ELEKTROSVARNYE_PRYAMOUG/img.jpg,балашиха;трубы электросварные прямоуг;100x50 некондиция;4;5;труба;профильная;прямоугольная;100x50x4;мм;некондиция,100x50 некондиция,4 ; 5,,т
Трубы,ТРУБЫ ЭЛЕКТРОСВАРНЫЕ ПРЯМОУГ,120x60,Труба профильная прямоугольная 120x60x4 мм,Труба профильная прямоугольная 120x60x4 мм,4,68590,теор.т,1,0,0,https://www.kavstal.ru/public/assets/images/products/TRUBY/TRUBY_ELEKTROSVARNYE_PRYAMOUG/img.jpg,балашиха;трубы электросварные прямоуг;120x60;4;труба;профильная;прямоугольная;120x60x4;мм,120x60,4,,теор.т
Трубы,ТРУБЫ ЭЛЕКТРОСВАРНЫЕ ПРЯМОУГ,120x60,Труба профильная прямоугольная 120x60x5 мм,Труба профильная прямоугольная 120x60x5 мм,5,74590,теор.т,1,0,0,https://www.kavstal.ru/public/assets/images/products/TRUBY/TRUBY_ELEKTROSVARNYE_PRYAMOUG/img.jpg,балашиха;трубы электросварные прямоуг;120x60;5;труба;профильная;прямоугольная;120x60x5;мм,120x60,5,,теор.т
Трубы,ТРУБЫ ЭЛЕКТРОСВАРНЫЕ ПРЯМОУГ,120x60 некондиция,Труба профильная прямоугольная 120x60x5 мм некондиция,Труба профильная прямоугольная 120x60x5 мм некондиция,5,28590,т,1,0,0,https://www.kavstal.ru/public/assets/images/products/TRUBY/TRUBY_ELEKTROSVARNYE_PRYAMOUG/img.jpg,балашиха;трубы электросварные прямоуг;120x60 некондиция;5;6;труба;профильная;прямоугольная;120x60x5;мм;некондиция,120x60 некондиция,5 ; 6,,т
Трубы,ТРУБЫ ЭЛЕКТРОСВАРНЫЕ ПРЯМОУГ,120x80,Труба профильная прямоугольная 120x80x3 мм,Труба профильная прямоугольная 120x80x3 мм,3,60590,теор.т,1,0,0,https://www.kavstal.ru/public/assets/images/products/TRUBY/TRUBY_ELEKTROSVARNYE_PRYAMOUG/img.jpg,балашиха;трубы электросварные прямоуг;120x80;3;труба;профильная;прямоугольная;120x80x3;мм,120x80,3,,теор.т
Трубы,ТРУБЫ ЭЛЕКТРОСВАРНЫЕ ПРЯМОУГ,120x80,Труба профильная прямоугольная 120x80x3 мм,Труба профильная прямоугольная 120x80x3 мм,3,62590,теор.т,1,0,0,https://www.kavstal.ru/public/assets/images/products/TRUBY/TRUBY_ELEKTROSVARNYE_PRYAMOUG/img.jpg,балашиха;трубы электросварные прямоуг;120x80;3;5;труба;профильная;прямоугольная;120x80x3;мм,120x80,3 ; 5,,теор.т
Трубы,ТРУБЫ ЭЛЕКТРОСВАРНЫЕ ПРЯМОУГ,120x80,Труба профильная прямоугольная 120x80x6 мм,Труба профильная прямоугольная 120x80x6 мм,6,78590,теор.т,1,0,0,https://www.kavstal.ru/public/assets/images/products/TRUBY/TRUBY_ELEKTROSVARNYE_PRYAMOUG/img.jpg,балашиха;трубы электросварные прямоуг;120x80;6;труба;профильная;прямоугольная;120x80x6;мм,120x80,6,,теор.т
Трубы,ТРУБЫ ЭЛЕКТРОСВАРНЫЕ ПРЯМОУГ,120x80 некондиция,Труба профильная прямоугольная 120x80x3 мм некондиция,Труба профильная прямоугольная 120x80x3 мм некондиция,3,28590,т,1,0,0,https://www.kavstal.ru/public/assets/images/products/TRUBY/TRUBY_ELEKTROSVARNYE_PRYAMOUG/img.jpg,балашиха;трубы электросварные прямоуг;120x80 некондиция;3;5;6;труба;профильная;прямоугольная;120x80x3;мм;некондиция,120x80 некондиция,3 ; 5; 6,,т
Трубы,ТРУБЫ ЭЛЕКТРОСВАРНЫЕ ПРЯМОУГ,140x100,Труба профильная прямоугольная 140x100x5 мм,Труба профильная прямоугольная 140x100x5 мм,5,60590,теор.т,1,0,0,https://www.kavstal.ru/public/assets/images/products/TRUBY/TRUBY_ELEKTROSVARNYE_PRYAMOUG/img.jpg,балашиха;трубы электросварные прямоуг;140x100;5;6;труба;профильная;прямоугольная;140x100x5;мм,140x100,5 ; 6,,теор.т
Трубы,ТРУБЫ ЭЛЕКТРОСВАРНЫЕ ПРЯМОУГ,140x100,Труба профильная прямоугольная 140x100x7 мм,Труба профильная прямоугольная 140x100x7 мм,7,62590,теор.т,1,0,0,https://www.kavstal.ru/public/assets/images/products/TRUBY/TRUBY_ELEKTROSVARNYE_PRYAMOUG/img.jpg,балашиха;трубы электросварные прямоуг;140x100;7;труба;профильная;прямоугольная;140x100x7;мм,140x100,7,,теор.т
Трубы,ТРУБЫ ЭЛЕКТРОСВАРНЫЕ ПРЯМОУГ,140x100 некондиция,Труба профильная прямоугольная 140x100x4 мм некондиция,Труба профильная прямоугольная 140x100x4 мм некондиция,4,28590,т,1,0,0,https://www.kavstal.ru/public/assets/images/products/TRUBY/TRUBY_ELEKTROSVARNYE_PRYAMOUG/img.jpg,балашиха;трубы электросварные прямоуг;140x100 некондиция;4;5;8;10;труба;профильная;прямоугольная;140x100x4;мм;некондиция,140x100 некондиция,4 ; 5; 8; 10,,т
Трубы,ТРУБЫ ЭЛЕКТРОСВАРНЫЕ ПРЯМОУГ,140x120,Труба профильная прямоугольная 140x120x6 мм,Труба профильная прямоугольная 140x120x6 мм,6,62590,теор.т,1,0,0,https://www.kavstal.ru/public/assets/images/products/TRUBY/TRUBY_ELEKTROSVARNYE_PRYAMOUG/img.jpg,балашиха;трубы электросварные прямоуг;140x120;6;труба;профильная;прямоугольная;140x120x6;мм,140x120,6,,теор.т
Трубы,ТРУБЫ ЭЛЕКТРОСВАРНЫЕ ПРЯМОУГ,140x60 некондиция,Труба профильная прямоугольная 140x60x5 мм некондиция,Труба профильная прямоугольная 140x60x5 мм некондиция,5,28590,т,1,0,0,https://www.kavstal.ru/public/assets/images/products/TRUBY/TRUBY_ELEKTROSVARNYE_PRYAMOUG/img.jpg,балашиха;трубы электросварные прямоуг;140x60 некондиция;5;6;труба;профильная;прямоугольная;140x60x5;мм;некондиция,140x60 некондиция,5 ; 6,,т
Трубы,ТРУБЫ ЭЛЕКТРОСВАРНЫЕ ПРЯМОУГ,150x100,Труба профильная прямоугольная 150x100x5 мм,Труба профильная прямоугольная 150x100x5 мм,5,62590,теор.т,1,0,0,https://www.kavstal.ru/public/assets/images/products/TRUBY/TRUBY_ELEKTROSVARNYE_PRYAMOUG/img.jpg,балашиха;трубы электросварные прямоуг;150x100;5;труба;профильная;прямоугольная;150x100x5;мм,150x100,5,,теор.т
Трубы,ТРУБЫ ЭЛЕКТРОСВАРНЫЕ ПРЯМОУГ,150x100,Труба профильная прямоугольная 150x100x8 мм,Труба профильная прямоугольная 150x100x8 мм,8,70590,теор.т,1,0,0,https://www.kavstal.ru/public/assets/images/products/TRUBY/TRUBY_ELEKTROSVARNYE_PRYAMOUG/img.jpg,балашиха;трубы электросварные прямоуг;150x100;8;труба;профильная;прямоугольная;150x100x8;мм,150x100,8,,теор.т
Трубы,ТРУБЫ ЭЛЕКТРОСВАРНЫЕ ПРЯМОУГ,150x100 некондиция,Труба профильная прямоугольная 150x100x6 мм некондиция,Труба профильная прямоугольная 150x100x6 мм некондиция,6,28590,т,1,0,0,https://www.kavstal.ru/public/assets/images/products/TRUBY/TRUBY_ELEKTROSVARNYE_PRYAMOUG/img.jpg,балашиха;трубы электросварные прямоуг;150x100 некондиция;6;труба;профильная;прямоугольная;150x100x6;мм;некондиция,150x100 некондиция,6,,т
Трубы,ТРУБЫ ЭЛЕКТРОСВАРНЫЕ ПРЯМОУГ,160x100 некондиция,Труба профильная прямоугольная 160x100x6 мм некондиция,Труба профильная прямоугольная 160x100x6 мм некондиция,6,28590,т,1,0,0,https://www.kavstal.ru/public/assets/images/products/TRUBY/TRUBY_ELEKTROSVARNYE_PRYAMOUG/img.jpg,балашиха;трубы электросварные прямоуг;160x100 некондиция;6;труба;профильная;прямоугольная;160x100x6;мм;некондиция,160x100 некондиция,6,,т
Трубы,ТРУБЫ ЭЛЕКТРОСВАРНЫЕ ПРЯМОУГ,160x120,Труба профильная прямоугольная 160x120x4 мм,Труба профильная прямоугольная 160x120x4 мм,4,62590,теор.т,1,0,0,https://www.kavstal.ru/public/assets/images/products/TRUBY/TRUBY_ELEKTROSVARNYE_PRYAMOUG/img.jpg,балашиха;трубы электросварные прямоуг;160x120;4;5;6;труба;профильная;прямоугольная;160x120x4;мм,160x120,4 ; 5; 6,,теор.т
Трубы,ТРУБЫ ЭЛЕКТРОСВАРНЫЕ ПРЯМОУГ,160x120 некондиция,Труба профильная прямоугольная 160x120x4 мм некондиция,Труба профильная прямоугольная 160x120x4 мм некондиция,4,28590,т,1,0,0,https://www.kavstal.ru/public/assets/images/products/TRUBY/TRUBY_ELEKTROSVARNYE_PRYAMOUG/img.jpg,балашиха;трубы электросварные прямоуг;160x120 некондиция;4;8;труба;профильная;прямоугольная;160x120x4;мм;некондиция,160x120 некондиция,4 ; 8,,т
Трубы,ТРУБЫ ЭЛЕКТРОСВАРНЫЕ ПРЯМОУГ,160x120 некондиция,Труба профильная прямоугольная 160x120x10 мм некондиция,Труба профильная прямоугольная 160x120x10 мм некондиция,10,38590,т,1,0,0,https://www.kavstal.ru/public/assets/images/products/TRUBY/TRUBY_ELEKTROSVARNYE_PRYAMOUG/img.jpg,балашиха;трубы электросварные прямоуг;160x120 некондиция;10;труба;профильная;прямоугольная;160x120x10;мм;некондиция,160x120 некондиция,10,,т
Трубы,ТРУБЫ ЭЛЕКТРОСВАРНЫЕ ПРЯМОУГ,160x140,Труба профильная прямоугольная 160x140x5 мм,Труба профильная прямоугольная 160x140x5 мм,5,62590,теор.т,1,0,0,https://www.kavstal.ru/public/assets/images/products/TRUBY/TRUBY_ELEKTROSVARNYE_PRYAMOUG/img.jpg,балашиха;трубы электросварные прямоуг;160x140;5;8;10;труба;профильная;прямоугольная;160x140x5;мм,160x140,5 ; 8; 10,,теор.т
Трубы,ТРУБЫ ЭЛЕКТРОСВАРНЫЕ ПРЯМОУГ,160x140 некондиция,Труба профильная прямоугольная 160x140x5 мм некондиция,Труба профильная прямоугольная 160x140x5 мм некондиция,5,28590,т,1,0,0,https://www.kavstal.ru/public/assets/images/products/TRUBY/TRUBY_ELEKTROSVARNYE_PRYAMOUG/img.jpg,балашиха;трубы электросварные прямоуг;160x140 некондиция;5;6;8;труба;профильная;прямоугольная;160x140x5;мм;некондиция,160x140 некондиция,5 ; 6; 8,,т
Трубы,ТРУБЫ ЭЛЕКТРОСВАРНЫЕ ПРЯМОУГ,160x80,Труба профильная прямоугольная 160x80x5 мм,Труба профильная прямоугольная 160x80x5 мм,5,62590,теор.т,1,0,0,https://www.kavstal.ru/public/assets/images/products/TRUBY/TRUBY_ELEKTROSVARNYE_PRYAMOUG/img.jpg,балашиха;трубы электросварные прямоуг;160x80;5;труба;профильная;прямоугольная;160x80x5;мм,160x80,5,,теор.т
Трубы,ТРУБЫ ЭЛЕКТРОСВАРНЫЕ ПРЯМОУГ,160x80 некондиция,Труба профильная прямоугольная 160x80x5 мм некондиция,Труба профильная прямоугольная 160x80x5 мм некондиция,5,28590,т,1,0,0,https://www.kavstal.ru/public/assets/images/products/TRUBY/TRUBY_ELEKTROSVARNYE_PRYAMOUG/img.jpg,балашиха;трубы электросварные прямоуг;160x80 некондиция;5;6;7;8;труба;профильная;прямоугольная;160x80x5;мм;некондиция,160x80 некондиция,5 ; 6; 7; 8,,т
Трубы,ТРУБЫ ЭЛЕКТРОСВАРНЫЕ ПРЯМОУГ,180x100,Труба профильная прямоугольная 180x100x5 мм,Труба профильная прямоугольная 180x100x5 мм,5,62590,теор.т,1,0,0,https://www.kavstal.ru/public/assets/images/products/TRUBY/TRUBY_ELEKTROSVARNYE_PRYAMOUG/img.jpg,балашиха;трубы электросварные прямоуг;180x100;5;6;труба;профильная;прямоугольная;180x100x5;мм,180x100,5 ; 6,,теор.т
Трубы,ТРУБЫ ЭЛЕКТРОСВАРНЫЕ ПРЯМОУГ,180x100 некондиция,Труба профильная прямоугольная 180x100x5 мм некондиция,Труба профильная прямоугольная 180x100x5 мм некондиция,5,28590,т,1,0,0,https://www.kavstal.ru/public/assets/images/products/TRUBY/TRUBY_ELEKTROSVARNYE_PRYAMOUG/img.jpg,балашиха;трубы электросварные прямоуг;180x100 некондиция;5;6;8;10;труба;профильная;прямоугольная;180x100x5;мм;некондиция,180x100 некондиция,5 ; 6; 8; 10,,т
Трубы,ТРУБЫ ЭЛЕКТРОСВАРНЫЕ ПРЯМОУГ,180x140,Труба профильная прямоугольная 180x140x5 мм,Труба профильная прямоугольная 180x140x5 мм,5,62590,теор.т,1,0,0,https://www.kavstal.ru/public/assets/images/products/TRUBY/TRUBY_ELEKTROSVARNYE_PRYAMOUG/img.jpg,балашиха;трубы электросварные прямоуг;180x140;5;труба;профильная;прямоугольная;180x140x5;мм,180x140,5,,теор.т
Трубы,ТРУБЫ ЭЛЕКТРОСВАРНЫЕ ПРЯМОУГ,180x140,Труба профильная прямоугольная 180x140x6 мм,Труба профильная прямоугольная 180x140x6 мм,6,68590,теор.т,1,0,0,https://www.kavstal.ru/public/assets/images/products/TRUBY/TRUBY_ELEKTROSVARNYE_PRYAMOUG/img.jpg,балашиха;трубы электросварные прямоуг;180x140;6;труба;профильная;прямоугольная;180x140x6;мм,180x140,6,,теор.т
Трубы,ТРУБЫ ЭЛЕКТРОСВАРНЫЕ ПРЯМОУГ,180x140,Труба профильная прямоугольная 180x140x8 мм,Труба профильная прямоугольная 180x140x8 мм,8,62590,теор.т,1,0,0,https://www.kavstal.ru/public/assets/images/products/TRUBY/TRUBY_ELEKTROSVARNYE_PRYAMOUG/img.jpg,балашиха;трубы электросварные прямоуг;180x140;8;труба;профильная;прямоугольная;180x140x8;мм,180x140,8,,теор.т
Трубы,ТРУБЫ ЭЛЕКТРОСВАРНЫЕ ПРЯМОУГ,180x140 некондиция,Труба профильная прямоугольная 180x140x5 мм некондиция,Труба профильная прямоугольная 180x140x5 мм некондиция,5,28590,т,1,0,0,https://www.kavstal.ru/public/assets/images/products/TRUBY/TRUBY_ELEKTROSVARNYE_PRYAMOUG/img.jpg,балашиха;трубы электросварные прямоуг;180x140 некондиция;5;7;8;труба;профильная;прямоугольная;180x140x5;мм;некондиция,180x140 некондиция,5 ; 7; 8,,т
Трубы,ТРУБЫ ЭЛЕКТРОСВАРНЫЕ ПРЯМОУГ,200x100,Труба профильная прямоугольная 200x100x4 мм,Труба профильная прямоугольная 200x100x4 мм,4,70590,теор.т,1,0,0,https://www.kavstal.ru/public/assets/images/products/TRUBY/TRUBY_ELEKTROSVARNYE_PRYAMOUG/img.jpg,балашиха;трубы электросварные прямоуг;200x100;4;труба;профильная;прямоугольная;200x100x4;мм,200x100,4,,теор.т
Трубы,ТРУБЫ ЭЛЕКТРОСВАРНЫЕ ПРЯМОУГ,200x100,Труба профильная прямоугольная 200x100x5 мм,Труба профильная прямоугольная 200x100x5 мм,5,68590,теор.т,1,0,0,https://www.kavstal.ru/public/assets/images/products/TRUBY/TRUBY_ELEKTROSVARNYE_PRYAMOUG/img.jpg,балашиха;трубы электросварные прямоуг;200x100;5;труба;профильная;прямоугольная;200x100x5;мм,200x100,5,,теор.т
Трубы,ТРУБЫ ЭЛЕКТРОСВАРНЫЕ ПРЯМОУГ,200x120,Труба профильная прямоугольная 200x120x4 мм,Труба профильная прямоугольная 200x120x4 мм,4,68590,теор.т,1,0,0,https://www.kavstal.ru/public/assets/images/products/TRUBY/TRUBY_ELEKTROSVARNYE_PRYAMOUG/img.jpg,балашиха;трубы электросварные прямоуг;200x120;4;7;труба;профильная;прямоугольная;200x120x4;мм,200x120,4 ; 7,,теор.т
Трубы,ТРУБЫ ЭЛЕКТРОСВАРНЫЕ ПРЯМОУГ,200x120,Труба профильная прямоугольная 200x120x8 мм,Труба профильная прямоугольная 200x120x8 мм,8,74590,теор.т,1,0,0,https://www.kavstal.ru/public/assets/images/products/TRUBY/TRUBY_ELEKTROSVARNYE_PRYAMOUG/img.jpg,балашиха;трубы электросварные прямоуг;200x120;8;труба;профильная;прямоугольная;200x120x8;мм,200x120,8,,теор.т
Трубы,ТРУБЫ ЭЛЕКТРОСВАРНЫЕ ПРЯМОУГ,200x160,Труба профильная прямоугольная 200x160x5 мм,Труба профильная прямоугольная 200x160x5 мм,5,70590,теор.т,1,0,0,https://www.kavstal.ru/public/assets/images/products/TRUBY/TRUBY_ELEKTROSVARNYE_PRYAMOUG/img.jpg,балашиха;трубы электросварные прямоуг;200x160;5;труба;профильная;прямоугольная;200x160x5;мм,200x160,5,,теор.т
Трубы,ТРУБЫ ЭЛЕКТРОСВАРНЫЕ ПРЯМОУГ,200x160,Труба профильная прямоугольная 200x160x6 мм,Труба профильная прямоугольная 200x160x6 мм,6,68590,теор.т,1,0,0,https://www.kavstal.ru/public/assets/images/products/TRUBY/TRUBY_ELEKTROSVARNYE_PRYAMOUG/img.jpg,балашиха;трубы электросварные прямоуг;200x160;6;труба;профильная;прямоугольная;200x160x6;мм,200x160,6,,теор.т
Трубы,ТРУБЫ ЭЛЕКТРОСВАРНЫЕ ПРЯМОУГ,40x20,Труба профильная прямоугольная 40x20x1 мм,Труба профильная прямоугольная 40x20x1 мм,1,88590,теор.т,1,0,0,https://www.kavstal.ru/public/assets/images/products/TRUBY/TRUBY_ELEKTROSVARNYE_PRYAMOUG/img.jpg,балашиха;трубы электросварные прямоуг;40x20;1;труба;профильная;прямоугольная;40x20x1;мм,40x20,1,,теор.т
Трубы,ТРУБЫ ЭЛЕКТРОСВАРНЫЕ ПРЯМОУГ,80x60 оцинк,Труба профильная прямоугольная 80x60x2 мм оцинк,Труба профильная прямоугольная 80x60x2 мм оцинк,2,78590,теор.т,1,0,0,https://www.kavstal.ru/public/assets/images/products/TRUBY/TRUBY_ELEKTROSVARNYE_PRYAMOUG/img.jpg,балашиха;трубы электросварные прямоуг;80x60 оцинк;2;труба;профильная;прямоугольная;80x60x2;мм;оцинк,80x60 оцинк,2,,теор.т
Трубы,ТРУБЫ ЭЛЕКТРОСВАРНЫЕ ПРЯМОУГ,140x60 оцинк,Труба профильная прямоугольная 140x60x3 мм оцинк,Труба профильная прямоугольная 140x60x3 мм оцинк,3,78590,теор.т,1,0,0,https://www.kavstal.ru/public/assets/images/products/TRUBY/TRUBY_ELEKTROSVARNYE_PRYAMOUG/img.jpg,балашиха;трубы электросварные прямоуг;140x60 оцинк;3;4;труба;профильная;прямоугольная;140x60x3;мм;оцинк,140x60 оцинк,3 ; 4,,теор.т
Трубы,ТРУБЫ ЭЛЕКТРОСВАРНЫЕ ПРЯМОУГ,20x10,"Труба профильная прямоугольная 20x10x1,5 мм","Труба профильная прямоугольная 20x10x1,5 мм",1,60590,теор.т,1,0,0,https://www.kavstal.ru/public/assets/images/products/TRUBY/TRUBY_ELEKTROSVARNYE_PRYAMOUG/img.jpg,балашиха;трубы электросварные прямоуг;20x10;1;5;труба;профильная;прямоугольная;20x10x1;мм,20x10,"1,5",,теор.т
Трубы,ТРУБЫ ЭЛЕКТРОСВАРНЫЕ ПРЯМОУГ,20x10 некондиция,Труба профильная прямоугольная 20x10x1 мм некондиция,Труба профильная прямоугольная 20x10x1 мм некондиция,1,28590,т,1,0,0,https://www.kavstal.ru/public/assets/images/products/TRUBY/TRUBY_ELEKTROSVARNYE_PRYAMOUG/img.jpg,балашиха;трубы электросварные прямоуг;20x10 некондиция;1;5;труба;профильная;прямоугольная;20x10x1;мм;некондиция,20x10 некондиция,"1 ; 1,5",,т
Трубы,ТРУБЫ ЭЛЕКТРОСВАРНЫЕ ПРЯМОУГ,30x15,"Труба профильная прямоугольная 30x15x1,5 мм","Труба профильная прямоугольная 30x15x1,5 мм",1,57590,теор.т,1,0,0,https://www.kavstal.ru/public/assets/images/products/TRUBY/TRUBY_ELEKTROSVARNYE_PRYAMOUG/img.jpg,балашиха;трубы электросварные прямоуг;30x15;1;5;труба;профильная;прямоугольная;30x15x1;мм,30x15,"1,5",,теор.т
Трубы,ТРУБЫ ЭЛЕКТРОСВАРНЫЕ ПРЯМОУГ,30x20,"Труба профильная прямоугольная 30x20x0,8 мм","Труба профильная прямоугольная 30x20x0,8 мм",0,62590,теор.т,1,0,0,https://www.kavstal.ru/public/assets/images/products/TRUBY/TRUBY_ELEKTROSVARNYE_PRYAMOUG/img.jpg,балашиха;трубы электросварные прямоуг;30x20;8;труба;профильная;прямоугольная;30x20x0;мм,30x20,"0,8",,теор.т
Трубы,ТРУБЫ ЭЛЕКТРОСВАРНЫЕ ПРЯМОУГ,30x20,"Труба профильная прямоугольная 30x20x1,5 мм","Труба профильная прямоугольная 30x20x1,5 мм",1,57590,теор.т,1,0,0,https://www.kavstal.ru/public/assets/images/products/TRUBY/TRUBY_ELEKTROSVARNYE_PRYAMOUG/img.jpg,балашиха;трубы электросварные прямоуг;30x20;1;5;труба;профильная;прямоугольная;30x20x1;мм,30x20,"1,5",,теор.т
Трубы,ТРУБЫ ЭЛЕКТРОСВАРНЫЕ ПРЯМОУГ,30x20,"Труба профильная прямоугольная 30x20x1,5 мм","Труба профильная прямоугольная 30x20x1,5 мм",1,60590,теор.т,1,0,0,https://www.kavstal.ru/public/assets/images/products/TRUBY/TRUBY_ELEKTROSVARNYE_PRYAMOUG/img.jpg,балашиха;трубы электросварные прямоуг;30x20;1;5;труба;профильная;прямоугольная;30x20x1;мм,30x20,"1,5",,теор.т
Трубы,ТРУБЫ ЭЛЕКТРОСВАРНЫЕ ПРЯМОУГ,30x20,Труба профильная прямоугольная 30x20x2 мм,Труба профильная прямоугольная 30x20x2 мм,2,53590,теор.т,1,0,0,https://www.kavstal.ru/public/assets/images/products/TRUBY/TRUBY_ELEKTROSVARNYE_PRYAMOUG/img.jpg,балашиха;трубы электросварные прямоуг;30x20;2;труба;профильная;прямоугольная;30x20x2;мм,30x20,2,,теор.т
Трубы,ТРУБЫ ЭЛЕКТРОСВАРНЫЕ ПРЯМОУГ,30x20,Труба профильная прямоугольная 30x20x2 мм,Труба профильная прямоугольная 30x20x2 мм,2,56590,теор.т,1,0,0,https://www.kavstal.ru/public/assets/images/products/TRUBY/TRUBY_ELEKTROSVARNYE_PRYAMOUG/img.jpg,балашиха;трубы электросварные прямоуг;30x20;2;труба;профильная;прямоугольная;30x20x2;мм,30x20,2,,теор.т
Трубы,ТРУБЫ ЭЛЕКТРОСВАРНЫЕ ПРЯМОУГ,30x20 некондиция,"Труба профильная прямоугольная 30x20x0,8 мм некондиция","Труба профильная прямоугольная 30x20x0,8 мм некондиция",0,28590,т,1,0,0,https://www.kavstal.ru/public/assets/images/products/TRUBY/TRUBY_ELEKTROSVARNYE_PRYAMOUG/img.jpg,балашиха;трубы электросварные прямоуг;30x20 некондиция;8;1;3;труба;профильная;прямоугольная;30x20x0;мм;некондиция,30x20 некондиция,"0,8 ; 1; 3",,т
Трубы,ТРУБЫ ЭЛЕКТРОСВАРНЫЕ ПРЯМОУГ,30x20 х/к,"Труба профильная прямоугольная 30x20x1,2 мм х/к","Труба профильная прямоугольная 30x20x1,2 мм х/к",1,62590,т,1,0,0,https://www.kavstal.ru/public/assets/images/products/TRUBY/TRUBY_ELEKTROSVARNYE_PRYAMOUG/img.jpg,балашиха;трубы электросварные прямоуг;30x20 х/к;1;2;труба;профильная;прямоугольная;30x20x1;мм;х/к,30x20 х/к,"1,2",,т
Трубы,ТРУБЫ ЭЛЕКТРОСВАРНЫЕ ПРЯМОУГ,30x20 х/к некондиция,"Труба профильная прямоугольная 30x20x1,2 мм х/к некондиция","Труба профильная прямоугольная 30x20x1,2 мм х/к некондиция",1,28590,т,1,0,0,https://www.kavstal.ru/public/assets/images/products/TRUBY/TRUBY_ELEKTROSVARNYE_PRYAMOUG/img.jpg,балашиха;трубы электросварные прямоуг;30x20 х/к некондиция;1;2;труба;профильная;прямоугольная;30x20x1;мм;х/к;некондиция,30x20 х/к некондиция,"1,2",,т
Трубы,ТРУБЫ ЭЛЕКТРОСВАРНЫЕ ПРЯМОУГ,40x20,"Труба профильная прямоугольная 40x20x0,8 мм","Труба профильная прямоугольная 40x20x0,8 мм",0,62590,теор.т,1,0,0,https://www.kavstal.ru/public/assets/images/products/TRUBY/TRUBY_ELEKTROSVARNYE_PRYAMOUG/img.jpg,балашиха;трубы электросварные прямоуг;40x20;8;труба;профильная;прямоугольная;40x20x0;мм,40x20,"0,8",,теор.т
Трубы,ТРУБЫ ЭЛЕКТРОСВАРНЫЕ ПРЯМОУГ,40x20,"Труба профильная прямоугольная 40x20x1,5 мм","Труба профильная прямоугольная 40x20x1,5 мм",1,57590,теор.т,1,0,0,https://www.kavstal.ru/public/assets/images/products/TRUBY/TRUBY_ELEKTROSVARNYE_PRYAMOUG/img.jpg,балашиха;трубы электросварные прямоуг;40x20;1;5;труба;профильная;прямоугольная;40x20x1;мм,40x20,"1,5",,теор.т
Трубы,ТРУБЫ ЭЛЕКТРОСВАРНЫЕ ПРЯМОУГ,40x20,"Труба профильная прямоугольная 40x20x1,5 мм","Труба профильная прямоугольная 40x20x1,5 мм",1,60590,теор.т,1,0,0,https://www.kavstal.ru/public/assets/images/products/TRUBY/TRUBY_ELEKTROSVARNYE_PRYAMOUG/img.jpg,балашиха;трубы электросварные прямоуг;40x20;1;5;труба;профильная;прямоугольная;40x20x1;мм,40x20,"1,5",,теор.т
Трубы,ТРУБЫ ЭЛЕКТРОСВАРНЫЕ ПРЯМОУГ,40x20,Труба профильная прямоугольная 40x20x2 мм,Труба профильная прямоугольная 40x20x2 мм,2,53590,теор.т,1,0,0,https://www.kavstal.ru/public/assets/images/products/TRUBY/TRUBY_ELEKTROSVARNYE_PRYAMOUG/img.jpg,балашиха;трубы электросварные прямоуг;40x20;2;труба;профильная;прямоугольная;40x20x2;мм,40x20,2,,теор.т
Трубы,ТРУБЫ ЭЛЕКТРОСВАРНЫЕ ПРЯМОУГ,40x20,Труба профильная прямоугольная 40x20x2 мм,Труба профильная прямоугольная 40x20x2 мм,2,56590,теор.т,1,0,0,https://www.kavstal.ru/public/assets/images/products/TRUBY/TRUBY_ELEKTROSVARNYE_PRYAMOUG/img.jpg,балашиха;трубы электросварные прямоуг;40x20;2;труба;профильная;прямоугольная;40x20x2;мм,40x20,2,,теор.т
Трубы,ТРУБЫ ЭЛЕКТРОСВАРНЫЕ ПРЯМОУГ,40x20,"Труба профильная прямоугольная 40x20x2,5 мм","Труба профильная прямоугольная 40x20x2,5 мм",2,53590,теор.т,1,0,0,https://www.kavstal.ru/public/assets/images/products/TRUBY/TRUBY_ELEKTROSVARNYE_PRYAMOUG/img.jpg,балашиха;трубы электросварные прямоуг;40x20;2;5;труба;профильная;прямоугольная;40x20x2;мм,40x20,"2,5",,теор.т
Трубы,ТРУБЫ ЭЛЕКТРОСВАРНЫЕ ПРЯМОУГ,40x20,"Труба профильная прямоугольная 40x20x2,5 мм","Труба профильная прямоугольная 40x20x2,5 мм",2,55590,теор.т,1,0,0,https://www.kavstal.ru/public/assets/images/products/TRUBY/TRUBY_ELEKTROSVARNYE_PRYAMOUG/img.jpg,балашиха;трубы электросварные прямоуг;40x20;2;5;труба;профильная;прямоугольная;40x20x2;мм,40x20,"2,5",,теор.т
Трубы,ТРУБЫ ЭЛЕКТРОСВАРНЫЕ ПРЯМОУГ,40x20,Труба профильная прямоугольная 40x20x3 мм,Труба профильная прямоугольная 40x20x3 мм,3,49590,теор.т,1,0,0,https://www.kavstal.ru/public/assets/images/products/TRUBY/TRUBY_ELEKTROSVARNYE_PRYAMOUG/img.jpg,балашиха;трубы электросварные прямоуг;40x20;3;труба;профильная;прямоугольная;40x20x3;мм,40x20,3,,теор.т
Трубы,ТРУБЫ ЭЛЕКТРОСВАРНЫЕ ПРЯМОУГ,40x20,Труба профильная прямоугольная 40x20x3 мм,Труба профильная прямоугольная 40x20x3 мм,3,52590,теор.т,1,0,0,https://www.kavstal.ru/public/assets/images/products/TRUBY/TRUBY_ELEKTROSVARNYE_PRYAMOUG/img.jpg,балашиха;трубы электросварные прямоуг;40x20;3;труба;профильная;прямоугольная;40x20x3;мм,40x20,3,,теор.т
Трубы,ТРУБЫ ЭЛЕКТРОСВАРНЫЕ ПРЯМОУГ,40x20 некондиция,Труба профильная прямоугольная 40x20x4 мм некондиция,Труба профильная прямоугольная 40x20x4 мм некондиция,4,28590,т,1,0,0,https://www.kavstal.ru/public/assets/images/products/TRUBY/TRUBY_ELEKTROSVARNYE_PRYAMOUG/img.jpg,балашиха;трубы электросварные прямоуг;40x20 некондиция;4;труба;профильная;прямоугольная;40x20x4;мм;некондиция,40x20 некондиция,4,,т
Трубы,ТРУБЫ ЭЛЕКТРОСВАРНЫЕ ПРЯМОУГ,40x20 х/к,Труба профильная прямоугольная 40x20x1 мм х/к,Труба профильная прямоугольная 40x20x1 мм х/к,1,62590,теор.т,1,0,0,https://www.kavstal.ru/public/assets/images/products/TRUBY/TRUBY_ELEKTROSVARNYE_PRYAMOUG/img.jpg,балашиха;трубы электросварные прямоуг;40x20 х/к;1;2;труба;профильная;прямоугольная;40x20x1;мм;х/к,40x20 х/к,"1 ; 1,2",,теор.т
Трубы,ТРУБЫ ЭЛЕКТРОСВАРНЫЕ ПРЯМОУГ,40x20 х/к некондиция,"Труба профильная прямоугольная 40x20x1,2 мм х/к некондиция","Труба профильная прямоугольная 40x20x1,2 мм х/к некондиция",1,28590,т,1,0,0,https://www.kavstal.ru/public/assets/images/products/TRUBY/TRUBY_ELEKTROSVARNYE_PRYAMOUG/img.jpg,балашиха;трубы электросварные прямоуг;40x20 х/к некондиция;1;2;труба;профильная;прямоугольная;40x20x1;мм;х/к;некондиция,40x20 х/к некондиция,"1,2",,т
Трубы,ТРУБЫ ЭЛЕКТРОСВАРНЫЕ ПРЯМОУГ,40x25,"Труба профильная прямоугольная 40x25x1,5 мм","Труба профильная прямоугольная 40x25x1,5 мм",1,57590,теор.т,1,0,0,https://www.kavstal.ru/public/assets/images/products/TRUBY/TRUBY_ELEKTROSVARNYE_PRYAMOUG/img.jpg,балашиха;трубы электросварные прямоуг;40x25;1;5;труба;профильная;прямоугольная;40x25x1;мм,40x25,"1,5",,теор.т
Трубы,ТРУБЫ ЭЛЕКТРОСВАРНЫЕ ПРЯМОУГ,40x25,"Труба профильная прямоугольная 40x25x1,5 мм","Труба профильная прямоугольная 40x25x1,5 мм",1,60590,теор.т,1,0,0,https://www.kavstal.ru/public/assets/images/products/TRUBY/TRUBY_ELEKTROSVARNYE_PRYAMOUG/img.jpg,балашиха;трубы электросварные прямоуг;40x25;1;5;труба;профильная;прямоугольная;40x25x1;мм,40x25,"1,5",,теор.т
Трубы,ТРУБЫ ЭЛЕКТРОСВАРНЫЕ ПРЯМОУГ,40x25,Труба профильная прямоугольная 40x25x2 мм,Труба профильная прямоугольная 40x25x2 мм,2,53590,теор.т,1,0,0,https://www.kavstal.ru/public/assets/images/products/TRUBY/TRUBY_ELEKTROSVARNYE_PRYAMOUG/img.jpg,балашиха;трубы электросварные прямоуг;40x25;2;труба;профильная;прямоугольная;40x25x2;мм,40x25,2,,теор.т
Трубы,ТРУБЫ ЭЛЕКТРОСВАРНЫЕ ПРЯМОУГ,40x25,Труба профильная прямоугольная 40x25x2 мм,Труба профильная прямоугольная 40x25x2 мм,2,56590,теор.т,1,0,0,https://www.kavstal.ru/public/assets/images/products/TRUBY/TRUBY_ELEKTROSVARNYE_PRYAMOUG/img.jpg,балашиха;трубы электросварные прямоуг;40x25;2;труба;профильная;прямоугольная;40x25x2;мм,40x25,2,,теор.т
Трубы,ТРУБЫ ЭЛЕКТРОСВАРНЫЕ ПРЯМОУГ,40x25,"Труба профильная прямоугольная 40x25x2,5 мм","Труба профильная прямоугольная 40x25x2,5 мм",2,55590,теор.т,1,0,0,https://www.kavstal.ru/public/assets/images/products/TRUBY/TRUBY_ELEKTROSVARNYE_PRYAMOUG/img.jpg,балашиха;трубы электросварные прямоуг;40x25;2;5;труба;профильная;прямоугольная;40x25x2;мм,40x25,"2,5",,теор.т
Трубы,ТРУБЫ ЭЛЕКТРОСВАРНЫЕ ПРЯМОУГ,40x25,Труба профильная прямоугольная 40x25x3 мм,Труба профильная прямоугольная 40x25x3 мм,3,49590,теор.т,1,0,0,https://www.kavstal.ru/public/assets/images/products/TRUBY/TRUBY_ELEKTROSVARNYE_PRYAMOUG/img.jpg,балашиха;трубы электросварные прямоуг;40x25;3;труба;профильная;прямоугольная;40x25x3;мм,40x25,3,,теор.т
Трубы,ТРУБЫ ЭЛЕКТРОСВАРНЫЕ ПРЯМОУГ,40x25,Труба профильная прямоугольная 40x25x3 мм,Труба профильная прямоугольная 40x25x3 мм,3,52590,теор.т,1,0,0,https://www.kavstal.ru/public/assets/images/products/TRUBY/TRUBY_ELEKTROSVARNYE_PRYAMOUG/img.jpg,балашиха;трубы электросварные прямоуг;40x25;3;труба;профильная;прямоугольная;40x25x3;мм,40x25,3,,теор.т
Трубы,ТРУБЫ ЭЛЕКТРОСВАРНЫЕ ПРЯМОУГ,40x25 некондиция,Труба профильная прямоугольная 40x25x2 мм некондиция,Труба профильная прямоугольная 40x25x2 мм некондиция,2,28590,т,1,0,0,https://www.kavstal.ru/public/assets/images/products/TRUBY/TRUBY_ELEKTROSVARNYE_PRYAMOUG/img.jpg,балашиха;трубы электросварные прямоуг;40x25 некондиция;2;4;труба;профильная;прямоугольная;40x25x2;мм;некондиция,40x25 некондиция,2 ; 4,,т
Трубы,ТРУБЫ ЭЛЕКТРОСВАРНЫЕ ПРЯМОУГ,50x25,"Труба профильная прямоугольная 50x25x1,5 мм","Труба профильная прямоугольная 50x25x1,5 мм",1,57590,теор.т,1,0,0,https://www.kavstal.ru/public/assets/images/products/TRUBY/TRUBY_ELEKTROSVARNYE_PRYAMOUG/img.jpg,балашиха;трубы электросварные прямоуг;50x25;1;5;труба;профильная;прямоугольная;50x25x1;мм,50x25,"1,5",,теор.т
Трубы,ТРУБЫ ЭЛЕКТРОСВАРНЫЕ ПРЯМОУГ,50x25,"Труба профильная прямоугольная 50x25x1,5 мм","Труба профильная прямоугольная 50x25x1,5 мм",1,60590,теор.т,1,0,0,https://www.kavstal.ru/public/assets/images/products/TRUBY/TRUBY_ELEKTROSVARNYE_PRYAMOUG/img.jpg,балашиха;трубы электросварные прямоуг;50x25;1;5;труба;профильная;прямоугольная;50x25x1;мм,50x25,"1,5",,теор.т
Трубы,ТРУБЫ ЭЛЕКТРОСВАРНЫЕ ПРЯМОУГ,50x25,Труба профильная прямоугольная 50x25x2 мм,Труба профильная прямоугольная 50x25x2 мм,2,53590,теор.т,1,0,0,https://www.kavstal.ru/public/assets/images/products/TRUBY/TRUBY_ELEKTROSVARNYE_PRYAMOUG/img.jpg,балашиха;трубы электросварные прямоуг;50x25;2;труба;профильная;прямоугольная;50x25x2;мм,50x25,2,,теор.т
Трубы,ТРУБЫ ЭЛЕКТРОСВАРНЫЕ ПРЯМОУГ,50x25,Труба профильная прямоугольная 50x25x2 мм,Труба профильная прямоугольная 50x25x2 мм,2,56590,теор.т,1,0,0,https://www.kavstal.ru/public/assets/images/products/TRUBY/TRUBY_ELEKTROSVARNYE_PRYAMOUG/img.jpg,балашиха;трубы электросварные прямоуг;50x25;2;труба;профильная;прямоугольная;50x25x2;мм,50x25,2,,теор.т
Трубы,ТРУБЫ ЭЛЕКТРОСВАРНЫЕ ПРЯМОУГ,50x25,Труба профильная прямоугольная 50x25x3 мм,Труба профильная прямоугольная 50x25x3 мм,3,49590,теор.т,1,0,0,https://www.kavstal.ru/public/assets/images/products/TRUBY/TRUBY_ELEKTROSVARNYE_PRYAMOUG/img.jpg,балашиха;трубы электросварные прямоуг;50x25;3;труба;профильная;прямоугольная;50x25x3;мм,50x25,3,,теор.т
Трубы,ТРУБЫ ЭЛЕКТРОСВАРНЫЕ ПРЯМОУГ,50x25,Труба профильная прямоугольная 50x25x3 мм,Труба профильная прямоугольная 50x25x3 мм,3,52590,теор.т,1,0,0,https://www.kavstal.ru/public/assets/images/products/TRUBY/TRUBY_ELEKTROSVARNYE_PRYAMOUG/img.jpg,балашиха;трубы электросварные прямоуг;50x25;3;труба;профильная;прямоугольная;50x25x3;мм,50x25,3,,теор.т
Трубы,ТРУБЫ ЭЛЕКТРОСВАРНЫЕ ПРЯМОУГ,50x25 Г/К,"Труба профильная прямоугольная 50x25x1,5 мм Г/К","Труба профильная прямоугольная 50x25x1,5 мм Г/К",1,57590,теор.т,1,0,0,https://www.kavstal.ru/public/assets/images/products/TRUBY/TRUBY_ELEKTROSVARNYE_PRYAMOUG/img.jpg,балашиха;трубы электросварные прямоуг;50x25 г/к;1;5;труба;профильная;прямоугольная;50x25x1;мм;г/к,50x25 Г/К,"1,5",,теор.т
Трубы,ТРУБЫ ЭЛЕКТРОСВАРНЫЕ ПРЯМОУГ,50x25 некондиция,"Труба профильная прямоугольная 50x25x1,2 мм некондиция","Труба профильная прямоугольная 50x25x1,2 мм некондиция",1,28590,т,1,0,0,https://www.kavstal.ru/public/assets/images/products/TRUBY/TRUBY_ELEKTROSVARNYE_PRYAMOUG/img.jpg,балашиха;трубы электросварные прямоуг;50x25 некондиция;1;2;5;труба;профильная;прямоугольная;50x25x1;мм;некондиция,50x25 некондиция,"1,2 ; 1,5",,т
Трубы,ТРУБЫ ЭЛЕКТРОСВАРНЫЕ ПРЯМОУГ,50x30,"Труба профильная прямоугольная 50x30x1,5 мм","Труба профильная прямоугольная 50x30x1,5 мм",1,60590,теор.т,1,0,0,https://www.kavstal.ru/public/assets/images/products/TRUBY/TRUBY_ELEKTROSVARNYE_PRYAMOUG/img.jpg,балашиха;трубы электросварные прямоуг;50x30;1;5;труба;профильная;прямоугольная;50x30x1;мм,50x30,"1,5",,теор.т
Трубы,ТРУБЫ ЭЛЕКТРОСВАРНЫЕ ПРЯМОУГ,50x30,Труба профильная прямоугольная 50x30x2 мм,Труба профильная прямоугольная 50x30x2 мм,2,53590,теор.т,1,0,0,https://www.kavstal.ru/public/assets/images/products/TRUBY/TRUBY_ELEKTROSVARNYE_PRYAMOUG/img.jpg,балашиха;трубы электросварные прямоуг;50x30;2;труба;профильная;прямоугольная;50x30x2;мм,50x30,2,,теор.т
Трубы,ТРУБЫ ЭЛЕКТРОСВАРНЫЕ ПРЯМОУГ,50x30,Труба профильная прямоугольная 50x30x2 мм,Труба профильная прямоугольная 50x30x2 мм,2,56590,теор.т,1,0,0,https://www.kavstal.ru/public/assets/images/products/TRUBY/TRUBY_ELEKTROSVARNYE_PRYAMOUG/img.jpg,балашиха;трубы электросварные прямоуг;50x30;2;труба;профильная;прямоугольная;50x30x2;мм,50x30,2,,теор.т
Трубы,ТРУБЫ ЭЛЕКТРОСВАРНЫЕ ПРЯМОУГ,50x30,Труба профильная прямоугольная 50x30x3 мм,Труба профильная прямоугольная 50x30x3 мм,3,52590,теор.т,1,0,0,https://www.kavstal.ru/public/assets/images/products/TRUBY/TRUBY_ELEKTROSVARNYE_PRYAMOUG/img.jpg,балашиха;трубы электросварные прямоуг;50x30;3;4;труба;профильная;прямоугольная;50x30x3;мм,50x30,3 ; 4,,теор.т
Трубы,ТРУБЫ ЭЛЕКТРОСВАРНЫЕ ПРЯМОУГ,50x30 г/к,"Труба профильная прямоугольная 50x30x1,5 мм г/к","Труба профильная прямоугольная 50x30x1,5 мм г/к",1,57590,теор.т,1,0,0,https://www.kavstal.ru/public/assets/images/products/TRUBY/TRUBY_ELEKTROSVARNYE_PRYAMOUG/img.jpg,балашиха;трубы электросварные прямоуг;50x30 г/к;1;5;труба;профильная;прямоугольная;50x30x1;мм;г/к,50x30 г/к,"1,5",,теор.т
Трубы,ТРУБЫ ЭЛЕКТРОСВАРНЫЕ ПРЯМОУГ,50x30 некондиция,"Труба профильная прямоугольная 50x30x1,5 мм некондиция","Труба профильная прямоугольная 50x30x1,5 мм некондиция",1,38590,т,1,0,0,https://www.kavstal.ru/public/assets/images/products/TRUBY/TRUBY_ELEKTROSVARNYE_PRYAMOUG/img.jpg,балашиха;трубы электросварные прямоуг;50x30 некондиция;1;5;труба;профильная;прямоугольная;50x30x1;мм;некондиция,50x30 некондиция,"1,5",,т
Трубы,ТРУБЫ ЭЛЕКТРОСВАРНЫЕ ПРЯМОУГ,50x30 некондиция,Труба профильная прямоугольная 50x30x3 мм некондиция,Труба профильная прямоугольная 50x30x3 мм некондиция,3,28590,т,1,0,0,https://www.kavstal.ru/public/assets/images/products/TRUBY/TRUBY_ELEKTROSVARNYE_PRYAMOUG/img.jpg,балашиха;трубы электросварные прямоуг;50x30 некондиция;3;4;труба;профильная;прямоугольная;50x30x3;мм;некондиция,50x30 некондиция,3 ; 4,,т
Трубы,ТРУБЫ ЭЛЕКТРОСВАРНЫЕ ПРЯМОУГ,50x40,Труба профильная прямоугольная 50x40x2 мм,Труба профильная прямоугольная 50x40x2 мм,2,53590,теор.т,1,0,0,https://www.kavstal.ru/public/assets/images/products/TRUBY/TRUBY_ELEKTROSVARNYE_PRYAMOUG/img.jpg,балашиха;трубы электросварные прямоуг;50x40;2;труба;профильная;прямоугольная;50x40x2;мм,50x40,2,,теор.т
Трубы,ТРУБЫ ЭЛЕКТРОСВАРНЫЕ ПРЯМОУГ,50x40,Труба профильная прямоугольная 50x40x2 мм,Труба профильная прямоугольная 50x40x2 мм,2,56590,теор.т,1,0,0,https://www.kavstal.ru/public/assets/images/products/TRUBY/TRUBY_ELEKTROSVARNYE_PRYAMOUG/img.jpg,балашиха;трубы электросварные прямоуг;50x40;2;труба;профильная;прямоугольная;50x40x2;мм,50x40,2,,теор.т
Трубы,ТРУБЫ ЭЛЕКТРОСВАРНЫЕ ПРЯМОУГ,50x40,Труба профильная прямоугольная 50x40x3 мм,Труба профильная прямоугольная 50x40x3 мм,3,52590,теор.т,1,0,0,https://www.kavstal.ru/public/assets/images/products/TRUBY/TRUBY_ELEKTROSVARNYE_PRYAMOUG/img.jpg,балашиха;трубы электросварные прямоуг;50x40;3;труба;профильная;прямоугольная;50x40x3;мм,50x40,3,,теор.т
Трубы,ТРУБЫ ЭЛЕКТРОСВАРНЫЕ ПРЯМОУГ,50x40,Труба профильная прямоугольная 50x40x4 мм,Труба профильная прямоугольная 50x40x4 мм,4,49590,теор.т,1,0,0,https://www.kavstal.ru/public/assets/images/products/TRUBY/TRUBY_ELEKTROSVARNYE_PRYAMOUG/img.jpg,балашиха;трубы электросварные прямоуг;50x40;4;труба;профильная;прямоугольная;50x40x4;мм,50x40,4,,теор.т
Трубы,ТРУБЫ ЭЛЕКТРОСВАРНЫЕ ПРЯМОУГ,50x40,Труба профильная прямоугольная 50x40x4 мм,Труба профильная прямоугольная 50x40x4 мм,4,52590,теор.т,1,0,0,https://www.kavstal.ru/public/assets/images/products/TRUBY/TRUBY_ELEKTROSVARNYE_PRYAMOUG/img.jpg,балашиха;трубы электросварные прямоуг;50x40;4;труба;профильная;прямоугольная;50x40x4;мм,50x40,4,,теор.т
Трубы,ТРУБЫ ЭЛЕКТРОСВАРНЫЕ ПРЯМОУГ,50x40 некондиция,Труба профильная прямоугольная 50x40x3 мм некондиция,Труба профильная прямоугольная 50x40x3 мм некондиция,3,28590,т,1,0,0,https://www.kavstal.ru/public/assets/images/products/TRUBY/TRUBY_ELEKTROSVARNYE_PRYAMOUG/img.jpg,балашиха;трубы электросварные прямоуг;50x40 некондиция;3;4;труба;профильная;прямоугольная;50x40x3;мм;некондиция,50x40 некондиция,3 ; 4,,т
Трубы,ТРУБЫ ЭЛЕКТРОСВАРНЫЕ ПРЯМОУГ,60x30,"Труба профильная прямоугольная 60x30x1,5 мм","Труба профильная прямоугольная 60x30x1,5 мм",1,57590,теор.т,1,0,0,https://www.kavstal.ru/public/assets/images/products/TRUBY/TRUBY_ELEKTROSVARNYE_PRYAMOUG/img.jpg,балашиха;трубы электросварные прямоуг;60x30;1;5;труба;профильная;прямоугольная;60x30x1;мм,60x30,"1,5",,теор.т
Трубы,ТРУБЫ ЭЛЕКТРОСВАРНЫЕ ПРЯМОУГ,60x30,"Труба профильная прямоугольная 60x30x1,5 мм","Труба профильная прямоугольная 60x30x1,5 мм",1,60590,теор.т,1,0,0,https://www.kavstal.ru/public/assets/images/products/TRUBY/TRUBY_ELEKTROSVARNYE_PRYAMOUG/img.jpg,балашиха;трубы электросварные прямоуг;60x30;1;5;труба;профильная;прямоугольная;60x30x1;мм,60x30,"1,5",,теор.т
Трубы,ТРУБЫ ЭЛЕКТРОСВАРНЫЕ ПРЯМОУГ,60x30,Труба профильная прямоугольная 60x30x2 мм,Труба профильная прямоугольная 60x30x2 мм,2,53590,теор.т,1,0,0,https://www.kavstal.ru/public/assets/images/products/TRUBY/TRUBY_ELEKTROSVARNYE_PRYAMOUG/img.jpg,балашиха;трубы электросварные прямоуг;60x30;2;труба;профильная;прямоугольная;60x30x2;мм,60x30,2,,теор.т
Трубы,ТРУБЫ ЭЛЕКТРОСВАРНЫЕ ПРЯМОУГ,60x30,Труба профильная прямоугольная 60x30x2 мм,Труба профильная прямоугольная 60x30x2 мм,2,56590,теор.т,1,0,0,https://www.kavstal.ru/public/assets/images/products/TRUBY/TRUBY_ELEKTROSVARNYE_PRYAMOUG/img.jpg,балашиха;трубы электросварные прямоуг;60x30;2;труба;профильная;прямоугольная;60x30x2;мм,60x30,2,,теор.т
Трубы,ТРУБЫ ЭЛЕКТРОСВАРНЫЕ ПРЯМОУГ,60x30,"Труба профильная прямоугольная 60x30x2,5 мм","Труба профильная прямоугольная 60x30x2,5 мм",2,55590,теор.т,1,0,0,https://www.kavstal.ru/public/assets/images/products/TRUBY/TRUBY_ELEKTROSVARNYE_PRYAMOUG/img.jpg,балашиха;трубы электросварные прямоуг;60x30;2;5;труба;профильная;прямоугольная;60x30x2;мм,60x30,"2,5",,теор.т
Трубы,ТРУБЫ ЭЛЕКТРОСВАРНЫЕ ПРЯМОУГ,60x30,Труба профильная прямоугольная 60x30x3 мм,Труба профильная прямоугольная 60x30x3 мм,3,49590,теор.т,1,0,0,https://www.kavstal.ru/public/assets/images/products/TRUBY/TRUBY_ELEKTROSVARNYE_PRYAMOUG/img.jpg,балашиха;трубы электросварные прямоуг;60x30;3;труба;профильная;прямоугольная;60x30x3;мм,60x30,3,,теор.т
Трубы,ТРУБЫ ЭЛЕКТРОСВАРНЫЕ ПРЯМОУГ,60x30,Труба профильная прямоугольная 60x30x3 мм,Труба профильная прямоугольная 60x30x3 мм,3,52590,теор.т,1,0,0,https://www.kavstal.ru/public/assets/images/products/TRUBY/TRUBY_ELEKTROSVARNYE_PRYAMOUG/img.jpg,балашиха;трубы электросварные прямоуг;60x30;3;труба;профильная;прямоугольная;60x30x3;мм,60x30,3,,теор.т
Трубы,ТРУБЫ ЭЛЕКТРОСВАРНЫЕ ПРЯМОУГ,60x30,Труба профильная прямоугольная 60x30x4 мм,Труба профильная прямоугольная 60x30x4 мм,4,56590,теор.т,1,0,0,https://www.kavstal.ru/public/assets/images/products/TRUBY/TRUBY_ELEKTROSVARNYE_PRYAMOUG/img.jpg,балашиха;трубы электросварные прямоуг;60x30;4;труба;профильная;прямоугольная;60x30x4;мм,60x30,4,,теор.т
Трубы,ТРУБЫ ЭЛЕКТРОСВАРНЫЕ ПРЯМОУГ,60x30 некондиция,Труба профильная прямоугольная 60x30x4 мм некондиция,Труба профильная прямоугольная 60x30x4 мм некондиция,4,28590,т,1,0,0,https://www.kavstal.ru/public/assets/images/products/TRUBY/TRUBY_ELEKTROSVARNYE_PRYAMOUG/img.jpg,балашиха;трубы электросварные прямоуг;60x30 некондиция;4;труба;профильная;прямоугольная;60x30x4;мм;некондиция,60x30 некондиция,4,,т
Трубы,ТРУБЫ ЭЛЕКТРОСВАРНЫЕ ПРЯМОУГ,60x40,"Труба профильная прямоугольная 60x40x1,5 мм","Труба профильная прямоугольная 60x40x1,5 мм",1,57590,теор.т,1,0,0,https://www.kavstal.ru/public/assets/images/products/TRUBY/TRUBY_ELEKTROSVARNYE_PRYAMOUG/img.jpg,балашиха;трубы электросварные прямоуг;60x40;1;5;труба;профильная;прямоугольная;60x40x1;мм,60x40,"1,5",,теор.т
Трубы,ТРУБЫ ЭЛЕКТРОСВАРНЫЕ ПРЯМОУГ,60x40,Труба профильная прямоугольная 60x40x2 мм,Труба профильная прямоугольная 60x40x2 мм,2,53590,теор.т,1,0,0,https://www.kavstal.ru/public/assets/images/products/TRUBY/TRUBY_ELEKTROSVARNYE_PRYAMOUG/img.jpg,балашиха;трубы электросварные прямоуг;60x40;2;труба;профильная;прямоугольная;60x40x2;мм,60x40,2,,теор.т
Трубы,ТРУБЫ ЭЛЕКТРОСВАРНЫЕ ПРЯМОУГ,60x40,Труба профильная прямоугольная 60x40x2 мм,Труба профильная прямоугольная 60x40x2 мм,2,56590,теор.т,1,0,0,https://www.kavstal.ru/public/assets/images/products/TRUBY/TRUBY_ELEKTROSVARNYE_PRYAMOUG/img.jpg,балашиха;трубы электросварные прямоуг;60x40;2;труба;профильная;прямоугольная;60x40x2;мм,60x40,2,,теор.т
Трубы,ТРУБЫ ЭЛЕКТРОСВАРНЫЕ ПРЯМОУГ,60x40,"Труба профильная прямоугольная 60x40x2,5 мм","Труба профильная прямоугольная 60x40x2,5 мм",2,55590,теор.т,1,0,0,https://www.kavstal.ru/public/assets/images/products/TRUBY/TRUBY_ELEKTROSVARNYE_PRYAMOUG/img.jpg,балашиха;трубы электросварные прямоуг;60x40;2;5;труба;профильная;прямоугольная;60x40x2;мм,60x40,"2,5",,теор.т
Трубы,ТРУБЫ ЭЛЕКТРОСВАРНЫЕ ПРЯМОУГ,60x40,Труба профильная прямоугольная 60x40x3 мм,Труба профильная прямоугольная 60x40x3 мм,3,49590,теор.т,1,0,0,https://www.kavstal.ru/public/assets/images/products/TRUBY/TRUBY_ELEKTROSVARNYE_PRYAMOUG/img.jpg,балашиха;трубы электросварные прямоуг;60x40;3;труба;профильная;прямоугольная;60x40x3;мм,60x40,3,,теор.т
Трубы,ТРУБЫ ЭЛЕКТРОСВАРНЫЕ ПРЯМОУГ,60x40,Труба профильная прямоугольная 60x40x3 мм,Труба профильная прямоугольная 60x40x3 мм,3,52590,теор.т,1,0,0,https://www.kavstal.ru/public/assets/images/products/TRUBY/TRUBY_ELEKTROSVARNYE_PRYAMOUG/img.jpg,балашиха;трубы электросварные прямоуг;60x40;3;труба;профильная;прямоугольная;60x40x3;мм,60x40,3,,теор.т
Трубы,ТРУБЫ ЭЛЕКТРОСВАРНЫЕ ПРЯМОУГ,60x40,Труба профильная прямоугольная 60x40x4 мм,Труба профильная прямоугольная 60x40x4 мм,4,49590,теор.т,1,0,0,https://www.kavstal.ru/public/assets/images/products/TRUBY/TRUBY_ELEKTROSVARNYE_PRYAMOUG/img.jpg,балашиха;трубы электросварные прямоуг;60x40;4;труба;профильная;прямоугольная;60x40x4;мм,60x40,4,,теор.т
Трубы,ТРУБЫ ЭЛЕКТРОСВАРНЫЕ ПРЯМОУГ,60x40,Труба профильная прямоугольная 60x40x4 мм,Труба профильная прямоугольная 60x40x4 мм,4,52590,теор.т,1,0,0,https://www.kavstal.ru/public/assets/images/products/TRUBY/TRUBY_ELEKTROSVARNYE_PRYAMOUG/img.jpg,балашиха;трубы электросварные прямоуг;60x40;4;труба;профильная;прямоугольная;60x40x4;мм,60x40,4,,теор.т
Трубы,ТРУБЫ ЭЛЕКТРОСВАРНЫЕ ПРЯМОУГ,60x40,Труба профильная прямоугольная 60x40x5 мм,Труба профильная прямоугольная 60x40x5 мм,5,68590,теор.т,1,0,0,https://www.kavstal.ru/public/assets/images/products/TRUBY/TRUBY_ELEKTROSVARNYE_PRYAMOUG/img.jpg,балашиха;трубы электросварные прямоуг;60x40;5;труба;профильная;прямоугольная;60x40x5;мм,60x40,5,,теор.т
Трубы,ТРУБЫ ЭЛЕКТРОСВАРНЫЕ ПРЯМОУГ,60x40 ГОСТ,Труба профильная прямоугольная 60x40x4 мм ГОСТ,Труба профильная прямоугольная 60x40x4 мм ГОСТ,4,52590,теор.т,1,0,0,https://www.kavstal.ru/public/assets/images/products/TRUBY/TRUBY_ELEKTROSVARNYE_PRYAMOUG/img.jpg,балашиха;трубы электросварные прямоуг;60x40 гост;4;труба;профильная;прямоугольная;60x40x4;мм;гост,60x40 ГОСТ,4,,теор.т
Трубы,ТРУБЫ ЭЛЕКТРОСВАРНЫЕ ПРЯМОУГ,60x40 некондиция,Труба профильная прямоугольная 60x40x5 мм некондиция,Труба профильная прямоугольная 60x40x5 мм некондиция,5,28590,т,1,0,0,https://www.kavstal.ru/public/assets/images/products/TRUBY/TRUBY_ELEKTROSVARNYE_PRYAMOUG/img.jpg,балашиха;трубы электросварные прямоуг;60x40 некондиция;5;труба;профильная;прямоугольная;60x40x5;мм;некондиция,60x40 некондиция,5,,т
Трубы,ТРУБЫ ЭЛЕКТРОСВАРНЫЕ ПРЯМОУГ,80x40,Труба профильная прямоугольная 80x40x2 мм,Труба профильная прямоугольная 80x40x2 мм,2,53590,теор.т,1,0,0,https://www.kavstal.ru/public/assets/images/products/TRUBY/TRUBY_ELEKTROSVARNYE_PRYAMOUG/img.jpg,балашиха;трубы электросварные прямоуг;80x40;2;труба;профильная;прямоугольная;80x40x2;мм,80x40,2,,теор.т
Трубы,ТРУБЫ ЭЛЕКТРОСВАРНЫЕ ПРЯМОУГ,80x40,Труба профильная прямоугольная 80x40x2 мм,Труба профильная прямоугольная 80x40x2 мм,2,56590,теор.т,1,0,0,https://www.kavstal.ru/public/assets/images/products/TRUBY/TRUBY_ELEKTROSVARNYE_PRYAMOUG/img.jpg,балашиха;трубы электросварные прямоуг;80x40;2;труба;профильная;прямоугольная;80x40x2;мм,80x40,2,,теор.т
Трубы,ТРУБЫ ЭЛЕКТРОСВАРНЫЕ ПРЯМОУГ,80x40,"Труба профильная прямоугольная 80x40x2,5 мм","Труба профильная прямоугольная 80x40x2,5 мм",2,55590,теор.т,1,0,0,https://www.kavstal.ru/public/assets/images/products/TRUBY/TRUBY_ELEKTROSVARNYE_PRYAMOUG/img.jpg,балашиха;трубы электросварные прямоуг;80x40;2;5;труба;профильная;прямоугольная;80x40x2;мм,80x40,"2,5",,теор.т
Трубы,ТРУБЫ ЭЛЕКТРОСВАРНЫЕ ПРЯМОУГ,80x40,Труба профильная прямоугольная 80x40x3 мм,Труба профильная прямоугольная 80x40x3 мм,3,49590,теор.т,1,0,0,https://www.kavstal.ru/public/assets/images/products/TRUBY/TRUBY_ELEKTROSVARNYE_PRYAMOUG/img.jpg,балашиха;трубы электросварные прямоуг;80x40;3;труба;профильная;прямоугольная;80x40x3;мм,80x40,3,,теор.т
Трубы,ТРУБЫ ЭЛЕКТРОСВАРНЫЕ ПРЯМОУГ,80x40,Труба профильная прямоугольная 80x40x3 мм,Труба профильная прямоугольная 80x40x3 мм,3,52590,теор.т,1,0,0,https://www.kavstal.ru/public/assets/images/products/TRUBY/TRUBY_ELEKTROSVARNYE_PRYAMOUG/img.jpg,балашиха;трубы электросварные прямоуг;80x40;3;труба;профильная;прямоугольная;80x40x3;мм,80x40,3,,теор.т
Трубы,ТРУБЫ ЭЛЕКТРОСВАРНЫЕ ПРЯМОУГ,80x40,"Труба профильная прямоугольная 80x40x3,5 мм","Труба профильная прямоугольная 80x40x3,5 мм",3,49590,теор.т,1,0,0,https://www.kavstal.ru/public/assets/images/products/TRUBY/TRUBY_ELEKTROSVARNYE_PRYAMOUG/img.jpg,балашиха;трубы электросварные прямоуг;80x40;3;5;4;труба;профильная;прямоугольная;80x40x3;мм,80x40,"3,5 ; 4",,теор.т
Трубы,ТРУБЫ ЭЛЕКТРОСВАРНЫЕ ПРЯМОУГ,80x40,Труба профильная прямоугольная 80x40x4 мм,Труба профильная прямоугольная 80x40x4 мм,4,52590,теор.т,1,0,0,https://www.kavstal.ru/public/assets/images/products/TRUBY/TRUBY_ELEKTROSVARNYE_PRYAMOUG/img.jpg,балашиха;трубы электросварные прямоуг;80x40;4;труба;профильная;прямоугольная;80x40x4;мм,80x40,4,,теор.т
Трубы,ТРУБЫ ЭЛЕКТРОСВАРНЫЕ ПРЯМОУГ,80x40,Труба профильная прямоугольная 80x40x5 мм,Труба профильная прямоугольная 80x40x5 мм,5,68590,теор.т,1,0,0,https://www.kavstal.ru/public/assets/images/products/TRUBY/TRUBY_ELEKTROSVARNYE_PRYAMOUG/img.jpg,балашиха;трубы электросварные прямоуг;80x40;5;труба;профильная;прямоугольная;80x40x5;мм,80x40,5,,теор.т
Трубы,ТРУБЫ ЭЛЕКТРОСВАРНЫЕ ПРЯМОУГ,80x40 некондиция,Труба профильная прямоугольная 80x40x3 мм некондиция,Труба профильная прямоугольная 80x40x3 мм некондиция,3,28590,т,1,0,0,https://www.kavstal.ru/public/assets/images/products/TRUBY/TRUBY_ELEKTROSVARNYE_PRYAMOUG/img.jpg,балашиха;трубы электросварные прямоуг;80x40 некондиция;3;труба;профильная;прямоугольная;80x40x3;мм;некондиция,80x40 некондиция,3,,т
Трубы,ТРУБЫ ЭЛЕКТРОСВАРНЫЕ ПРЯМОУГ,80x60,Труба профильная прямоугольная 80x60x3 мм,Труба профильная прямоугольная 80x60x3 мм,3,49590,теор.т,1,0,0,https://www.kavstal.ru/public/assets/images/products/TRUBY/TRUBY_ELEKTROSVARNYE_PRYAMOUG/img.jpg,балашиха;трубы электросварные прямоуг;80x60;3;труба;профильная;прямоугольная;80x60x3;мм,80x60,3,,теор.т
Трубы,ТРУБЫ ЭЛЕКТРОСВАРНЫЕ ПРЯМОУГ,80x60,Труба профильная прямоугольная 80x60x3 мм,Труба профильная прямоугольная 80x60x3 мм,3,52590,теор.т,1,0,0,https://www.kavstal.ru/public/assets/images/products/TRUBY/TRUBY_ELEKTROSVARNYE_PRYAMOUG/img.jpg,балашиха;трубы электросварные прямоуг;80x60;3;труба;профильная;прямоугольная;80x60x3;мм,80x60,3,,теор.т
Трубы,ТРУБЫ ЭЛЕКТРОСВАРНЫЕ ПРЯМОУГ,80x60,"Труба профильная прямоугольная 80x60x3,5 мм","Труба профильная прямоугольная 80x60x3,5 мм",3,49590,теор.т,1,0,0,https://www.kavstal.ru/public/assets/images/products/TRUBY/TRUBY_ELEKTROSVARNYE_PRYAMOUG/img.jpg,балашиха;трубы электросварные прямоуг;80x60;3;5;4;труба;профильная;прямоугольная;80x60x3;мм,80x60,"3,5 ; 4",,теор.т
Трубы,ТРУБЫ ЭЛЕКТРОСВАРНЫЕ ПРЯМОУГ,80x60,Труба профильная прямоугольная 80x60x4 мм,Труба профильная прямоугольная 80x60x4 мм,4,52590,теор.т,1,0,0,https://www.kavstal.ru/public/assets/images/products/TRUBY/TRUBY_ELEKTROSVARNYE_PRYAMOUG/img.jpg,балашиха;трубы электросварные прямоуг;80x60;4;5;труба;профильная;прямоугольная;80x60x4;мм,80x60,4 ; 5,,теор.т
Трубы,ТРУБЫ ЭЛЕКТРОСВАРНЫЕ ПРЯМОУГ,80x60,Труба профильная прямоугольная 80x60x5 мм,Труба профильная прямоугольная 80x60x5 мм,5,56590,теор.т,1,0,0,https://www.kavstal.ru/public/assets/images/products/TRUBY/TRUBY_ELEKTROSVARNYE_PRYAMOUG/img.jpg,балашиха;трубы электросварные прямоуг;80x60;5;труба;профильная;прямоугольная;80x60x5;мм,80x60,5,,теор.т
Трубы,ТРУБЫ ЭЛЕКТРОСВАРНЫЕ ПРЯМОУГ,80x60,Труба профильная прямоугольная 80x60x6 мм,Труба профильная прямоугольная 80x60x6 мм,6,68590,теор.т,1,0,0,https://www.kavstal.ru/public/assets/images/products/TRUBY/TRUBY_ELEKTROSVARNYE_PRYAMOUG/img.jpg,балашиха;трубы электросварные прямоуг;80x60;6;труба;профильная;прямоугольная;80x60x6;мм,80x60,6,,теор.т
Трубы,ТРУБЫ ЭЛЕКТРОСВАРНЫЕ ПРЯМОУГ,80x60 ГОСТ,Труба профильная прямоугольная 80x60x2 мм ГОСТ,Труба профильная прямоугольная 80x60x2 мм ГОСТ,2,66590,теор.т,1,0,0,https://www.kavstal.ru/public/assets/images/products/TRUBY/TRUBY_ELEKTROSVARNYE_PRYAMOUG/img.jpg,балашиха;трубы электросварные прямоуг;80x60 гост;2;труба;профильная;прямоугольная;80x60x2;мм;гост,80x60 ГОСТ,2,,теор.т
Трубы,ТРУБЫ ЭЛЕКТРОСВАРНЫЕ ПРЯМОУГ,80x60 некондиция,Труба профильная прямоугольная 80x60x5 мм некондиция,Труба профильная прямоугольная 80x60x5 мм некондиция,5,28590,т,1,0,0,https://www.kavstal.ru/public/assets/images/products/TRUBY/TRUBY_ELEKTROSVARNYE_PRYAMOUG/img.jpg,балашиха;трубы электросварные прямоуг;80x60 некондиция;5;6;труба;профильная;прямоугольная;80x60x5;мм;некондиция,80x60 некондиция,5 ; 6,,т
Трубы,ТРУБЫ ЭЛЕКТРОСВАРНЫЕ ПРЯМОУГ,100x40,Труба профильная прямоугольная 100x40x3 мм,Труба профильная прямоугольная 100x40x3 мм,3,62590,теор.т,1,0,0,https://www.kavstal.ru/public/assets/images/products/TRUBY/TRUBY_ELEKTROSVARNYE_PRYAMOUG/img.jpg,балашиха;трубы электросварные прямоуг;100x40;3;4;труба;профильная;прямоугольная;100x40x3;мм,100x40,3 ; 4,,теор.т
Трубы,ТРУБЫ ЭЛЕКТРОСВАРНЫЕ ПРЯМОУГ,100x50,Труба профильная прямоугольная 100x50x2 мм,Труба профильная прямоугольная 100x50x2 мм,2,56590,теор.т,1,0,0,https://www.kavstal.ru/public/assets/images/products/TRUBY/TRUBY_ELEKTROSVARNYE_PRYAMOUG/img.jpg,балашиха;трубы электросварные прямоуг;100x50;2;труба;профильная;прямоугольная;100x50x2;мм,100x50,2,,теор.т
Трубы,ТРУБЫ ЭЛЕКТРОСВАРНЫЕ ПРЯМОУГ,100x50,Труба профильная прямоугольная 100x50x3 мм,Труба профильная прямоугольная 100x50x3 мм,3,52590,теор.т,1,0,0,https://www.kavstal.ru/public/assets/images/products/TRUBY/TRUBY_ELEKTROSVARNYE_PRYAMOUG/img.jpg,балашиха;трубы электросварные прямоуг;100x50;3;труба;профильная;прямоугольная;100x50x3;мм,100x50,3,,теор.т
Трубы,ТРУБЫ ЭЛЕКТРОСВАРНЫЕ ПРЯМОУГ,100x50,Труба профильная прямоугольная 100x50x4 мм,Труба профильная прямоугольная 100x50x4 мм,4,49590,теор.т,1,0,0,https://www.kavstal.ru/public/assets/images/products/TRUBY/TRUBY_ELEKTROSVARNYE_PRYAMOUG/img.jpg,балашиха;трубы электросварные прямоуг;100x50;4;труба;профильная;прямоугольная;100x50x4;мм,100x50,4,,теор.т
Трубы,ТРУБЫ ЭЛЕКТРОСВАРНЫЕ ПРЯМОУГ,100x50,Труба профильная прямоугольная 100x50x4 мм,Труба профильная прямоугольная 100x50x4 мм,4,52590,теор.т,1,0,0,https://www.kavstal.ru/public/assets/images/products/TRUBY/TRUBY_ELEKTROSVARNYE_PRYAMOUG/img.jpg,балашиха;трубы электросварные прямоуг;100x50;4;труба;профильная;прямоугольная;100x50x4;мм,100x50,4,,теор.т
Трубы,ТРУБЫ ЭЛЕКТРОСВАРНЫЕ ПРЯМОУГ,100x50,"Труба профильная прямоугольная 100x50x4,5 мм","Труба профильная прямоугольная 100x50x4,5 мм",4,49590,теор.т,1,0,0,https://www.kavstal.ru/public/assets/images/products/TRUBY/TRUBY_ELEKTROSVARNYE_PRYAMOUG/img.jpg,балашиха;трубы электросварные прямоуг;100x50;4;5;труба;профильная;прямоугольная;100x50x4;мм,100x50,"4,5 ; 5",,теор.т
Трубы,ТРУБЫ ЭЛЕКТРОСВАРНЫЕ ПРЯМОУГ,100x50,Труба профильная прямоугольная 100x50x5 мм,Труба профильная прямоугольная 100x50x5 мм,5,52590,теор.т,1,0,0,https://www.kavstal.ru/public/assets/images/products/TRUBY/TRUBY_ELEKTROSVARNYE_PRYAMOUG/img.jpg,балашиха;трубы электросварные прямоуг;100x50;5;труба;профильная;прямоугольная;100x50x5;мм,100x50,5,,теор.т
Трубы,ТРУБЫ ЭЛЕКТРОСВАРНЫЕ ПРЯМОУГ,100x50,Труба профильная прямоугольная 100x50x6 мм,Труба профильная прямоугольная 100x50x6 мм,6,68590,теор.т,1,0,0,https://www.kavstal.ru/public/assets/images/products/TRUBY/TRUBY_ELEKTROSVARNYE_PRYAMOUG/img.jpg,балашиха;трубы электросварные прямоуг;100x50;6;труба;профильная;прямоугольная;100x50x6;мм,100x50,6,,теор.т
Трубы,ТРУБЫ ЭЛЕКТРОСВАРНЫЕ ПРЯМОУГ,100x50 ГОСТ,Труба профильная прямоугольная 100x50x4 мм ГОСТ,Труба профильная прямоугольная 100x50x4 мм ГОСТ,4,52590,теор.т,1,0,0,https://www.kavstal.ru/public/assets/images/products/TRUBY/TRUBY_ELEKTROSVARNYE_PRYAMOUG/img.jpg,балашиха;трубы электросварные прямоуг;100x50 гост;4;5;труба;профильная;прямоугольная;100x50x4;мм;гост,100x50 ГОСТ,4 ; 5,,теор.т
Трубы,ТРУБЫ ЭЛЕКТРОСВАРНЫЕ ПРЯМОУГ,100x50 некондиция,Труба профильная прямоугольная 100x50x4 мм некондиция,Труба профильная прямоугольная 100x50x4 мм некондиция,4,28590,т,1,0,0,https://www.kavstal.ru/public/assets/images/products/TRUBY/TRUBY_ELEKTROSVARNYE_PRYAMOUG/img.jpg,балашиха;трубы электросварные прямоуг;100x50 некондиция;4;5;6;труба;профильная;прямоугольная;100x50x4;мм;некондиция,100x50 некондиция,4 ; 5; 6,,т
Трубы,ТРУБЫ ЭЛЕКТРОСВАРНЫЕ ПРЯМОУГ,100x60,Труба профильная прямоугольная 100x60x3 мм,Труба профильная прямоугольная 100x60x3 мм,3,49590,теор.т,1,0,0,https://www.kavstal.ru/public/assets/images/products/TRUBY/TRUBY_ELEKTROSVARNYE_PRYAMOUG/img.jpg,балашиха;трубы электросварные прямоуг;100x60;3;труба;профильная;прямоугольная;100x60x3;мм,100x60,3,,теор.т
Трубы,ТРУБЫ ЭЛЕКТРОСВАРНЫЕ ПРЯМОУГ,100x60,Труба профильная прямоугольная 100x60x3 мм,Труба профильная прямоугольная 100x60x3 мм,3,56590,теор.т,1,0,0,https://www.kavstal.ru/public/assets/images/products/TRUBY/TRUBY_ELEKTROSVARNYE_PRYAMOUG/img.jpg,балашиха;трубы электросварные прямоуг;100x60;3;труба;профильная;прямоугольная;100x60x3;мм,100x60,3,,теор.т
Трубы,ТРУБЫ ЭЛЕКТРОСВАРНЫЕ ПРЯМОУГ,100x60,Труба профильная прямоугольная 100x60x4 мм,Труба профильная прямоугольная 100x60x4 мм,4,49590,теор.т,1,0,0,https://www.kavstal.ru/public/assets/images/products/TRUBY/TRUBY_ELEKTROSVARNYE_PRYAMOUG/img.jpg,балашиха;трубы электросварные прямоуг;100x60;4;труба;профильная;прямоугольная;100x60x4;мм,100x60,4,,теор.т
Трубы,ТРУБЫ ЭЛЕКТРОСВАРНЫЕ ПРЯМОУГ,100x60,Труба профильная прямоугольная 100x60x4 мм,Труба профильная прямоугольная 100x60x4 мм,4,52590,теор.т,1,0,0,https://www.kavstal.ru/public/assets/images/products/TRUBY/TRUBY_ELEKTROSVARNYE_PRYAMOUG/img.jpg,балашиха;трубы электросварные прямоуг;100x60;4;труба;профильная;прямоугольная;100x60x4;мм,100x60,4,,теор.т
Трубы,ТРУБЫ ЭЛЕКТРОСВАРНЫЕ ПРЯМОУГ,100x60,Труба профильная прямоугольная 100x60x5 мм,Труба профильная прямоугольная 100x60x5 мм,5,56590,теор.т,1,0,0,https://www.kavstal.ru/public/assets/images/products/TRUBY/TRUBY_ELEKTROSVARNYE_PRYAMOUG/img.jpg,балашиха;трубы электросварные прямоуг;100x60;5;труба;профильная;прямоугольная;100x60x5;мм,100x60,5,,теор.т
Трубы,ТРУБЫ ЭЛЕКТРОСВАРНЫЕ ПРЯМОУГ,100x60,Труба профильная прямоугольная 100x60x6 мм,Труба профильная прямоугольная 100x60x6 мм,6,68590,теор.т,1,0,0,https://www.kavstal.ru/public/assets/images/products/TRUBY/TRUBY_ELEKTROSVARNYE_PRYAMOUG/img.jpg,балашиха;трубы электросварные прямоуг;100x60;6;труба;профильная;прямоугольная;100x60x6;мм,100x60,6,,теор.т
Трубы,ТРУБЫ ЭЛЕКТРОСВАРНЫЕ ПРЯМОУГ,100x60 некондиция,Труба профильная прямоугольная 100x60x5 мм некондиция,Труба профильная прямоугольная 100x60x5 мм некондиция,5,28590,т,1,0,0,https://www.kavstal.ru/public/assets/images/products/TRUBY/TRUBY_ELEKTROSVARNYE_PRYAMOUG/img.jpg,балашиха;трубы электросварные прямоуг;100x60 некондиция;5;6;труба;профильная;прямоугольная;100x60x5;мм;некондиция,100x60 некондиция,5 ; 6,,т
Трубы,ТРУБЫ ЭЛЕКТРОСВАРНЫЕ ПРЯМОУГ,100x80,Труба профильная прямоугольная 100x80x3 мм,Труба профильная прямоугольная 100x80x3 мм,3,49590,теор.т,1,0,0,https://www.kavstal.ru/public/assets/images/products/TRUBY/TRUBY_ELEKTROSVARNYE_PRYAMOUG/img.jpg,балашиха;трубы электросварные прямоуг;100x80;3;труба;профильная;прямоугольная;100x80x3;мм,100x80,3,,теор.т
Трубы,ТРУБЫ ЭЛЕКТРОСВАРНЫЕ ПРЯМОУГ,100x80,Труба профильная прямоугольная 100x80x3 мм,Труба профильная прямоугольная 100x80x3 мм,3,52590,теор.т,1,0,0,https://www.kavstal.ru/public/assets/images/products/TRUBY/TRUBY_ELEKTROSVARNYE_PRYAMOUG/img.jpg,балашиха;трубы электросварные прямоуг;100x80;3;4;труба;профильная;прямоугольная;100x80x3;мм,100x80,3 ; 4,,теор.т
Трубы,ТРУБЫ ЭЛЕКТРОСВАРНЫЕ ПРЯМОУГ,100x80,Труба профильная прямоугольная 100x80x5 мм,Труба профильная прямоугольная 100x80x5 мм,5,56590,теор.т,1,0,0,https://www.kavstal.ru/public/assets/images/products/TRUBY/TRUBY_ELEKTROSVARNYE_PRYAMOUG/img.jpg,балашиха;трубы электросварные прямоуг;100x80;5;6;труба;профильная;прямоугольная;100x80x5;мм,100x80,5 ; 6,,теор.т
Трубы,ТРУБЫ ЭЛЕКТРОСВАРНЫЕ ПРЯМОУГ,100x80 некондиция,Труба профильная прямоугольная 100x80x4 мм некондиция,Труба профильная прямоугольная 100x80x4 мм некондиция,4,28590,т,1,0,0,https://www.kavstal.ru/public/assets/images/products/TRUBY/TRUBY_ELEKTROSVARNYE_PRYAMOUG/img.jpg,балашиха;трубы электросварные прямоуг;100x80 некондиция;4;труба;профильная;прямоугольная;100x80x4;мм;некондиция,100x80 некондиция,4,,т
Трубы,ТРУБЫ ЭЛЕКТРОСВАРНЫЕ ПРЯМОУГ,120x40,Труба профильная прямоугольная 120x40x4 мм,Труба профильная прямоугольная 120x40x4 мм,4,68590,теор.т,1,0,0,https://www.kavstal.ru/public/assets/images/products/TRUBY/TRUBY_ELEKTROSVARNYE_PRYAMOUG/img.jpg,балашиха;трубы электросварные прямоуг;120x40;4;труба;профильная;прямоугольная;120x40x4;мм,120x40,4,,теор.т
Трубы,ТРУБЫ ЭЛЕКТРОСВАРНЫЕ ПРЯМОУГ,120x60,Труба профильная прямоугольная 120x60x3 мм,Труба профильная прямоугольная 120x60x3 мм,3,52590,теор.т,1,0,0,https://www.kavstal.ru/public/assets/images/products/TRUBY/TRUBY_ELEKTROSVARNYE_PRYAMOUG/img.jpg,балашиха;трубы электросварные прямоуг;120x60;3;труба;профильная;прямоугольная;120x60x3;мм,120x60,3,,теор.т
Трубы,ТРУБЫ ЭЛЕКТРОСВАРНЫЕ ПРЯМОУГ,120x60,Труба профильная прямоугольная 120x60x4 мм,Труба профильная прямоугольная 120x60x4 мм,4,49590,теор.т,1,0,0,https://www.kavstal.ru/public/assets/images/products/TRUBY/TRUBY_ELEKTROSVARNYE_PRYAMOUG/img.jpg,балашиха;трубы электросварные прямоуг;120x60;4;труба;профильная;прямоугольная;120x60x4;мм,120x60,4,,теор.т
Трубы,ТРУБЫ ЭЛЕКТРОСВАРНЫЕ ПРЯМОУГ,120x60,Труба профильная прямоугольная 120x60x4 мм,Труба профильная прямоугольная 120x60x4 мм,4,52590,теор.т,1,0,0,https://www.kavstal.ru/public/assets/images/products/TRUBY/TRUBY_ELEKTROSVARNYE_PRYAMOUG/img.jpg,балашиха;трубы электросварные прямоуг;120x60;4;5;труба;профильная;прямоугольная;120x60x4;мм,120x60,4 ; 5,,теор.т
Трубы,ТРУБЫ ЭЛЕКТРОСВАРНЫЕ ПРЯМОУГ,120x60,Труба профильная прямоугольная 120x60x5 мм,Труба профильная прямоугольная 120x60x5 мм,5,56590,теор.т,1,0,0,https://www.kavstal.ru/public/assets/images/products/TRUBY/TRUBY_ELEKTROSVARNYE_PRYAMOUG/img.jpg,балашиха;трубы электросварные прямоуг;120x60;5;6;труба;профильная;прямоугольная;120x60x5;мм,120x60,5 ; 6,,теор.т
Трубы,ТРУБЫ ЭЛЕКТРОСВАРНЫЕ ПРЯМОУГ,120x60 некондиция,Труба профильная прямоугольная 120x60x4 мм некондиция,Труба профильная прямоугольная 120x60x4 мм некондиция,4,28590,т,1,0,0,https://www.kavstal.ru/public/assets/images/products/TRUBY/TRUBY_ELEKTROSVARNYE_PRYAMOUG/img.jpg,балашиха;трубы электросварные прямоуг;120x60 некондиция;4;5;6;труба;профильная;прямоугольная;120x60x4;мм;некондиция,120x60 некондиция,4 ; 5; 6,,т
Трубы,ТРУБЫ ЭЛЕКТРОСВАРНЫЕ ПРЯМОУГ,120x80,"Труба профильная прямоугольная 120x80x2,8 мм","Труба профильная прямоугольная 120x80x2,8 мм",2,52590,теор.т,1,0,0,https://www.kavstal.ru/public/assets/images/products/TRUBY/TRUBY_ELEKTROSVARNYE_PRYAMOUG/img.jpg,балашиха;трубы электросварные прямоуг;120x80;2;8;3;труба;профильная;прямоугольная;120x80x2;мм,120x80,"2,8 ; 3",,теор.т
Трубы,ТРУБЫ ЭЛЕКТРОСВАРНЫЕ ПРЯМОУГ,120x80,"Труба профильная прямоугольная 120x80x3,5 мм","Труба профильная прямоугольная 120x80x3,5 мм",3,49590,теор.т,1,0,0,https://www.kavstal.ru/public/assets/images/products/TRUBY/TRUBY_ELEKTROSVARNYE_PRYAMOUG/img.jpg,балашиха;трубы электросварные прямоуг;120x80;3;5;труба;профильная;прямоугольная;120x80x3;мм,120x80,"3,5",,теор.т
Трубы,ТРУБЫ ЭЛЕКТРОСВАРНЫЕ ПРЯМОУГ,120x80,Труба профильная прямоугольная 120x80x4 мм,Труба профильная прямоугольная 120x80x4 мм,4,52590,т,1,0,0,https://www.kavstal.ru/public/assets/images/products/TRUBY/TRUBY_ELEKTROSVARNYE_PRYAMOUG/img.jpg,балашиха;трубы электросварные прямоуг;120x80;4;труба;профильная;прямоугольная;120x80x4;мм,120x80,4,,т
Трубы,ТРУБЫ ЭЛЕКТРОСВАРНЫЕ ПРЯМОУГ,120x80,Труба профильная прямоугольная 120x80x4 мм,Труба профильная прямоугольная 120x80x4 мм,4,49590,теор.т,1,0,0,https://www.kavstal.ru/public/assets/images/products/TRUBY/TRUBY_ELEKTROSVARNYE_PRYAMOUG/img.jpg,балашиха;трубы электросварные прямоуг;120x80;4;труба;профильная;прямоугольная;120x80x4;мм,120x80,4,,теор.т
Трубы,ТРУБЫ ЭЛЕКТРОСВАРНЫЕ ПРЯМОУГ,120x80,Труба профильная прямоугольная 120x80x4 мм,Труба профильная прямоугольная 120x80x4 мм,4,52590,теор.т,1,0,0,https://www.kavstal.ru/public/assets/images/products/TRUBY/TRUBY_ELEKTROSVARNYE_PRYAMOUG/img.jpg,балашиха;трубы электросварные прямоуг;120x80;4;5;труба;профильная;прямоугольная;120x80x4;мм,120x80,4 ; 5,,теор.т
Трубы,ТРУБЫ ЭЛЕКТРОСВАРНЫЕ ПРЯМОУГ,120x80,Труба профильная прямоугольная 120x80x6 мм,Труба профильная прямоугольная 120x80x6 мм,6,56590,теор.т,1,0,0,https://www.kavstal.ru/public/assets/images/products/TRUBY/TRUBY_ELEKTROSVARNYE_PRYAMOUG/img.jpg,балашиха;трубы электросварные прямоуг;120x80;6;труба;профильная;прямоугольная;120x80x6;мм,120x80,6,,теор.т
Трубы,ТРУБЫ ЭЛЕКТРОСВАРНЫЕ ПРЯМОУГ,120x80 некондиция,Труба профильная прямоугольная 120x80x3 мм некондиция,Труба профильная прямоугольная 120x80x3 мм некондиция,3,28590,т,1,0,0,https://www.kavstal.ru/public/assets/images/products/TRUBY/TRUBY_ELEKTROSVARNYE_PRYAMOUG/img.jpg,балашиха;трубы электросварные прямоуг;120x80 некондиция;3;4;5;6;труба;профильная;прямоугольная;120x80x3;мм;некондиция,120x80 некондиция,3 ; 4; 5; 6,,т
Трубы,ТРУБЫ ЭЛЕКТРОСВАРНЫЕ ПРЯМОУГ,140x100,Труба профильная прямоугольная 140x100x4 мм,Труба профильная прямоугольная 140x100x4 мм,4,52590,т,1,0,0,https://www.kavstal.ru/public/assets/images/products/TRUBY/TRUBY_ELEKTROSVARNYE_PRYAMOUG/img.jpg,балашиха;трубы электросварные прямоуг;140x100;4;5;6;труба;профильная;прямоугольная;140x100x4;мм,140x100,4 ; 5; 5; 6,,т
Трубы,ТРУБЫ ЭЛЕКТРОСВАРНЫЕ ПРЯМОУГ,140x100,Труба профильная прямоугольная 140x100x10 мм,Труба профильная прямоугольная 140x100x10 мм,10,58590,т,1,0,0,https://www.kavstal.ru/public/assets/images/products/TRUBY/TRUBY_ELEKTROSVARNYE_PRYAMOUG/img.jpg,балашиха;трубы электросварные прямоуг;140x100;10;труба;профильная;прямоугольная;140x100x10;мм,140x100,10,,т
Трубы,ТРУБЫ ЭЛЕКТРОСВАРНЫЕ ПРЯМОУГ,140x100 некондиция,Труба профильная прямоугольная 140x100x5 мм некондиция,Труба профильная прямоугольная 140x100x5 мм некондиция,5,28590,т,1,0,0,https://www.kavstal.ru/public/assets/images/products/TRUBY/TRUBY_ELEKTROSVARNYE_PRYAMOUG/img.jpg,балашиха;трубы электросварные прямоуг;140x100 некондиция;5;6;8;10;труба;профильная;прямоугольная;140x100x5;мм;некондиция,140x100 некондиция,5 ; 6; 8; 10,,т
Трубы,ТРУБЫ ЭЛЕКТРОСВАРНЫЕ ПРЯМОУГ,140x120,Труба профильная прямоугольная 140x120x4 мм,Труба профильная прямоугольная 140x120x4 мм,4,52590,теор.т,1,0,0,https://www.kavstal.ru/public/assets/images/products/TRUBY/TRUBY_ELEKTROSVARNYE_PRYAMOUG/img.jpg,балашиха;трубы электросварные прямоуг;140x120;4;труба;профильная;прямоугольная;140x120x4;мм,140x120,4,,теор.т
Трубы,ТРУБЫ ЭЛЕКТРОСВАРНЫЕ ПРЯМОУГ,140x120,Труба профильная прямоугольная 140x120x6 мм,Труба профильная прямоугольная 140x120x6 мм,6,58590,т,1,0,0,https://www.kavstal.ru/public/assets/images/products/TRUBY/TRUBY_ELEKTROSVARNYE_PRYAMOUG/img.jpg,балашиха;трубы электросварные прямоуг;140x120;6;труба;профильная;прямоугольная;140x120x6;мм,140x120,6,,т
Трубы,ТРУБЫ ЭЛЕКТРОСВАРНЫЕ ПРЯМОУГ,140x120 некондиция,Труба профильная прямоугольная 140x120x4 мм некондиция,Труба профильная прямоугольная 140x120x4 мм некондиция,4,28590,т,1,0,0,https://www.kavstal.ru/public/assets/images/products/TRUBY/TRUBY_ELEKTROSVARNYE_PRYAMOUG/img.jpg,балашиха;трубы электросварные прямоуг;140x120 некондиция;4;5;6;труба;профильная;прямоугольная;140x120x4;мм;некондиция,140x120 некондиция,4 ; 5; 6,,т
Трубы,ТРУБЫ ЭЛЕКТРОСВАРНЫЕ ПРЯМОУГ,140x60,Труба профильная прямоугольная 140x60x3 мм,Труба профильная прямоугольная 140x60x3 мм,3,62590,теор.т,1,0,0,https://www.kavstal.ru/public/assets/images/products/TRUBY/TRUBY_ELEKTROSVARNYE_PRYAMOUG/img.jpg,балашиха;трубы электросварные прямоуг;140x60;3;4;5;труба;профильная;прямоугольная;140x60x3;мм,140x60,"3 ; 4; 4,5; 5",,теор.т
Трубы,ТРУБЫ ЭЛЕКТРОСВАРНЫЕ ПРЯМОУГ,140x60 некондиция,Труба профильная прямоугольная 140x60x3 мм некондиция,Труба профильная прямоугольная 140x60x3 мм некондиция,3,28590,т,1,0,0,https://www.kavstal.ru/public/assets/images/products/TRUBY/TRUBY_ELEKTROSVARNYE_PRYAMOUG/img.jpg,балашиха;трубы электросварные прямоуг;140x60 некондиция;3;4;5;6;труба;профильная;прямоугольная;140x60x3;мм;некондиция,140x60 некондиция,3 ; 4; 5; 6,,т
Трубы,ТРУБЫ ЭЛЕКТРОСВАРНЫЕ ПРЯМОУГ,150x100,Труба профильная прямоугольная 150x100x4 мм,Труба профильная прямоугольная 150x100x4 мм,4,52590,теор.т,1,0,0,https://www.kavstal.ru/public/assets/images/products/TRUBY/TRUBY_ELEKTROSVARNYE_PRYAMOUG/img.jpg,балашиха;трубы электросварные прямоуг;150x100;4;5;труба;профильная;прямоугольная;150x100x4;мм,150x100,4 ; 5,,теор.т
Трубы,ТРУБЫ ЭЛЕКТРОСВАРНЫЕ ПРЯМОУГ,150x100,Труба профильная прямоугольная 150x100x6 мм,Труба профильная прямоугольная 150x100x6 мм,6,58590,теор.т,1,0,0,https://www.kavstal.ru/public/assets/images/products/TRUBY/TRUBY_ELEKTROSVARNYE_PRYAMOUG/img.jpg,балашиха;трубы электросварные прямоуг;150x100;6;труба;профильная;прямоугольная;150x100x6;мм,150x100,6,,теор.т
Трубы,ТРУБЫ ЭЛЕКТРОСВАРНЫЕ ПРЯМОУГ,150x100,Труба профильная прямоугольная 150x100x8 мм,Труба профильная прямоугольная 150x100x8 мм,8,60590,теор.т,1,0,0,https://www.kavstal.ru/public/assets/images/products/TRUBY/TRUBY_ELEKTROSVARNYE_PRYAMOUG/img.jpg,балашиха;трубы электросварные прямоуг;150x100;8;труба;профильная;прямоугольная;150x100x8;мм,150x100,8,,теор.т
Трубы,ТРУБЫ ЭЛЕКТРОСВАРНЫЕ ПРЯМОУГ,150x100 некондиция,Труба профильная прямоугольная 150x100x8 мм некондиция,Труба профильная прямоугольная 150x100x8 мм некондиция,8,28590,т,1,0,0,https://www.kavstal.ru/public/assets/images/products/TRUBY/TRUBY_ELEKTROSVARNYE_PRYAMOUG/img.jpg,балашиха;трубы электросварные прямоуг;150x100 некондиция;8;10;труба;профильная;прямоугольная;150x100x8;мм;некондиция,150x100 некондиция,8 ; 10,,т
Трубы,ТРУБЫ ЭЛЕКТРОСВАРНЫЕ ПРЯМОУГ,160x100,Труба профильная прямоугольная 160x100x4 мм,Труба профильная прямоугольная 160x100x4 мм,4,52590,теор.т,1,0,0,https://www.kavstal.ru/public/assets/images/products/TRUBY/TRUBY_ELEKTROSVARNYE_PRYAMOUG/img.jpg,балашиха;трубы электросварные прямоуг;160x100;4;5;6;труба;профильная;прямоугольная;160x100x4;мм,160x100,4 ; 5; 6,,теор.т
Трубы,ТРУБЫ ЭЛЕКТРОСВАРНЫЕ ПРЯМОУГ,160x100,Труба профильная прямоугольная 160x100x8 мм,Труба профильная прямоугольная 160x100x8 мм,8,56590,теор.т,1,0,0,https://www.kavstal.ru/public/assets/images/products/TRUBY/TRUBY_ELEKTROSVARNYE_PRYAMOUG/img.jpg,балашиха;трубы электросварные прямоуг;160x100;8;труба;профильная;прямоугольная;160x100x8;мм,160x100,8,,теор.т
Трубы,ТРУБЫ ЭЛЕКТРОСВАРНЫЕ ПРЯМОУГ,160x100 некондиция,Труба профильная прямоугольная 160x100x5 мм некондиция,Труба профильная прямоугольная 160x100x5 мм некондиция,5,28590,т,1,0,0,https://www.kavstal.ru/public/assets/images/products/TRUBY/TRUBY_ELEKTROSVARNYE_PRYAMOUG/img.jpg,балашиха;трубы электросварные прямоуг;160x100 некондиция;5;труба;профильная;прямоугольная;160x100x5;мм;некондиция,160x100 некондиция,5,,т
Трубы,ТРУБЫ ЭЛЕКТРОСВАРНЫЕ ПРЯМОУГ,160x120,Труба профильная прямоугольная 160x120x4 мм,Труба профильная прямоугольная 160x120x4 мм,4,52590,теор.т,1,0,0,https://www.kavstal.ru/public/assets/images/products/TRUBY/TRUBY_ELEKTROSVARNYE_PRYAMOUG/img.jpg,балашиха;трубы электросварные прямоуг;160x120;4;5;6;труба;профильная;прямоугольная;160x120x4;мм,160x120,4 ; 5; 6,,теор.т
Трубы,ТРУБЫ ЭЛЕКТРОСВАРНЫЕ ПРЯМОУГ,160x120,Труба профильная прямоугольная 160x120x8 мм,Труба профильная прямоугольная 160x120x8 мм,8,56590,теор.т,1,0,0,https://www.kavstal.ru/public/assets/images/products/TRUBY/TRUBY_ELEKTROSVARNYE_PRYAMOUG/img.jpg,балашиха;трубы электросварные прямоуг;160x120;8;труба;профильная;прямоугольная;160x120x8;мм,160x120,8,,теор.т
Трубы,ТРУБЫ ЭЛЕКТРОСВАРНЫЕ ПРЯМОУГ,160x120 некондиция,Труба профильная прямоугольная 160x120x6 мм некондиция,Труба профильная прямоугольная 160x120x6 мм некондиция,6,28590,т,1,0,0,https://www.kavstal.ru/public/assets/images/products/TRUBY/TRUBY_ELEKTROSVARNYE_PRYAMOUG/img.jpg,балашиха;трубы электросварные прямоуг;160x120 некондиция;6;8;труба;профильная;прямоугольная;160x120x6;мм;некондиция,160x120 некондиция,6 ; 8,,т
Трубы,ТРУБЫ ЭЛЕКТРОСВАРНЫЕ ПРЯМОУГ,160x140,Труба профильная прямоугольная 160x140x4 мм,Труба профильная прямоугольная 160x140x4 мм,4,52590,теор.т,1,0,0,https://www.kavstal.ru/public/assets/images/products/TRUBY/TRUBY_ELEKTROSVARNYE_PRYAMOUG/img.jpg,балашиха;трубы электросварные прямоуг;160x140;4;5;6;труба;профильная;прямоугольная;160x140x4;мм,160x140,4 ; 5; 6,,теор.т
Трубы,ТРУБЫ ЭЛЕКТРОСВАРНЫЕ ПРЯМОУГ,160x140,Труба профильная прямоугольная 160x140x8 мм,Труба профильная прямоугольная 160x140x8 мм,8,56590,теор.т,1,0,0,https://www.kavstal.ru/public/assets/images/products/TRUBY/TRUBY_ELEKTROSVARNYE_PRYAMOUG/img.jpg,балашиха;трубы электросварные прямоуг;160x140;8;труба;профильная;прямоугольная;160x140x8;мм,160x140,8,,теор.т
Трубы,ТРУБЫ ЭЛЕКТРОСВАРНЫЕ ПРЯМОУГ,160x140 некондиция,Труба профильная прямоугольная 160x140x5 мм некондиция,Труба профильная прямоугольная 160x140x5 мм некондиция,5,28590,т,1,0,0,https://www.kavstal.ru/public/assets/images/products/TRUBY/TRUBY_ELEKTROSVARNYE_PRYAMOUG/img.jpg,балашиха;трубы электросварные прямоуг;160x140 некондиция;5;6;8;10;труба;профильная;прямоугольная;160x140x5;мм;некондиция,160x140 некондиция,5 ; 6; 8; 10,,т
Трубы,ТРУБЫ ЭЛЕКТРОСВАРНЫЕ ПРЯМОУГ,160x80,Труба профильная прямоугольная 160x80x4 мм,Труба профильная прямоугольная 160x80x4 мм,4,52590,теор.т,1,0,0,https://www.kavstal.ru/public/assets/images/products/TRUBY/TRUBY_ELEKTROSVARNYE_PRYAMOUG/img.jpg,балашиха;трубы электросварные прямоуг;160x80;4;5;6;труба;профильная;прямоугольная;160x80x4;мм,160x80,4 ; 5; 6,,теор.т
Трубы,ТРУБЫ ЭЛЕКТРОСВАРНЫЕ ПРЯМОУГ,160x80,Труба профильная прямоугольная 160x80x8 мм,Труба профильная прямоугольная 160x80x8 мм,8,56590,теор.т,1,0,0,https://www.kavstal.ru/public/assets/images/products/TRUBY/TRUBY_ELEKTROSVARNYE_PRYAMOUG/img.jpg,балашиха;трубы электросварные прямоуг;160x80;8;труба;профильная;прямоугольная;160x80x8;мм,160x80,8,,теор.т
Трубы,ТРУБЫ ЭЛЕКТРОСВАРНЫЕ ПРЯМОУГ,160x80 некондиция,Труба профильная прямоугольная 160x80x3 мм некондиция,Труба профильная прямоугольная 160x80x3 мм некондиция,3,28590,т,1,0,0,https://www.kavstal.ru/public/assets/images/products/TRUBY/TRUBY_ELEKTROSVARNYE_PRYAMOUG/img.jpg,балашиха;трубы электросварные прямоуг;160x80 некондиция;3;4;6;7;8;труба;профильная;прямоугольная;160x80x3;мм;некондиция,160x80 некондиция,3 ; 4; 6; 7; 8,,т
Трубы,ТРУБЫ ЭЛЕКТРОСВАРНЫЕ ПРЯМОУГ,180x100,Труба профильная прямоугольная 180x100x4 мм,Труба профильная прямоугольная 180x100x4 мм,4,52590,теор.т,1,0,0,https://www.kavstal.ru/public/assets/images/products/TRUBY/TRUBY_ELEKTROSVARNYE_PRYAMOUG/img.jpg,балашиха;трубы электросварные прямоуг;180x100;4;5;6;труба;профильная;прямоугольная;180x100x4;мм,180x100,4 ; 5; 6,,теор.т
Трубы,ТРУБЫ ЭЛЕКТРОСВАРНЫЕ ПРЯМОУГ,180x100,Труба профильная прямоугольная 180x100x7 мм,Труба профильная прямоугольная 180x100x7 мм,7,56590,теор.т,1,0,0,https://www.kavstal.ru/public/assets/images/products/TRUBY/TRUBY_ELEKTROSVARNYE_PRYAMOUG/img.jpg,балашиха;трубы электросварные прямоуг;180x100;7;8;труба;профильная;прямоугольная;180x100x7;мм,180x100,7 ; 8,,теор.т
Трубы,ТРУБЫ ЭЛЕКТРОСВАРНЫЕ ПРЯМОУГ,180x100 некондиция,Труба профильная прямоугольная 180x100x5 мм некондиция,Труба профильная прямоугольная 180x100x5 мм некондиция,5,28590,т,1,0,0,https://www.kavstal.ru/public/assets/images/products/TRUBY/TRUBY_ELEKTROSVARNYE_PRYAMOUG/img.jpg,балашиха;трубы электросварные прямоуг;180x100 некондиция;5;6;7;8;10;труба;профильная;прямоугольная;180x100x5;мм;некондиция,180x100 некондиция,5 ; 6; 7; 8; 10,,т
Трубы,ТРУБЫ ЭЛЕКТРОСВАРНЫЕ ПРЯМОУГ,180x120,Труба профильная прямоугольная 180x120x4 мм,Труба профильная прямоугольная 180x120x4 мм,4,58590,теор.т,1,0,0,https://www.kavstal.ru/public/assets/images/products/TRUBY/TRUBY_ELEKTROSVARNYE_PRYAMOUG/img.jpg,балашиха;трубы электросварные прямоуг;180x120;4;5;6;труба;профильная;прямоугольная;180x120x4;мм,180x120,4 ; 5; 6,,теор.т
Трубы,ТРУБЫ ЭЛЕКТРОСВАРНЫЕ ПРЯМОУГ,180x120,Труба профильная прямоугольная 180x120x8 мм,Труба профильная прямоугольная 180x120x8 мм,8,54590,теор.т,1,0,0,https://www.kavstal.ru/public/assets/images/products/TRUBY/TRUBY_ELEKTROSVARNYE_PRYAMOUG/img.jpg,балашиха;трубы электросварные прямоуг;180x120;8;труба;профильная;прямоугольная;180x120x8;мм,180x120,8,,теор.т
Трубы,ТРУБЫ ЭЛЕКТРОСВАРНЫЕ ПРЯМОУГ,180x140,Труба профильная прямоугольная 180x140x4 мм,Труба профильная прямоугольная 180x140x4 мм,4,52590,теор.т,1,0,0,https://www.kavstal.ru/public/assets/images/products/TRUBY/TRUBY_ELEKTROSVARNYE_PRYAMOUG/img.jpg,балашиха;трубы электросварные прямоуг;180x140;4;5;6;труба;профильная;прямоугольная;180x140x4;мм,180x140,4 ; 5; 6,,теор.т
Трубы,ТРУБЫ ЭЛЕКТРОСВАРНЫЕ ПРЯМОУГ,180x140,Труба профильная прямоугольная 180x140x7 мм,Труба профильная прямоугольная 180x140x7 мм,7,56590,теор.т,1,0,0,https://www.kavstal.ru/public/assets/images/products/TRUBY/TRUBY_ELEKTROSVARNYE_PRYAMOUG/img.jpg,балашиха;трубы электросварные прямоуг;180x140;7;8;труба;профильная;прямоугольная;180x140x7;мм,180x140,7 ; 8,,теор.т
Трубы,ТРУБЫ ЭЛЕКТРОСВАРНЫЕ ПРЯМОУГ,180x140 некондиция,Труба профильная прямоугольная 180x140x5 мм некондиция,Труба профильная прямоугольная 180x140x5 мм некондиция,5,28590,т,1,0,0,https://www.kavstal.ru/public/assets/images/products/TRUBY/TRUBY_ELEKTROSVARNYE_PRYAMOUG/img.jpg,балашиха;трубы электросварные прямоуг;180x140 некондиция;5;6;7;8;труба;профильная;прямоугольная;180x140x5;мм;некондиция,180x140 некондиция,5 ; 6; 7; 8,,т
Трубы,ТРУБЫ ЭЛЕКТРОСВАРНЫЕ ПРЯМОУГ,180x60,Труба профильная прямоугольная 180x60x5 мм,Труба профильная прямоугольная 180x60x5 мм,5,62590,теор.т,1,0,0,https://www.kavstal.ru/public/assets/images/products/TRUBY/TRUBY_ELEKTROSVARNYE_PRYAMOUG/img.jpg,балашиха;трубы электросварные прямоуг;180x60;5;труба;профильная;прямоугольная;180x60x5;мм,180x60,5,,теор.т
Трубы,ТРУБЫ ЭЛЕКТРОСВАРНЫЕ ПРЯМОУГ,180x60 некондиция,Труба профильная прямоугольная 180x60x4 мм некондиция,Труба профильная прямоугольная 180x60x4 мм некондиция,4,38590,т,1,0,0,https://www.kavstal.ru/public/assets/images/products/TRUBY/TRUBY_ELEKTROSVARNYE_PRYAMOUG/img.jpg,балашиха;трубы электросварные прямоуг;180x60 некондиция;4;5;труба;профильная;прямоугольная;180x60x4;мм;некондиция,180x60 некондиция,4 ; 5,,т
Трубы,ТРУБЫ ЭЛЕКТРОСВАРНЫЕ ПРЯМОУГ,180x80 некондиция,Труба профильная прямоугольная 180x80x4 мм некондиция,Труба профильная прямоугольная 180x80x4 мм некондиция,4,28590,т,1,0,0,https://www.kavstal.ru/public/assets/images/products/TRUBY/TRUBY_ELEKTROSVARNYE_PRYAMOUG/img.jpg,балашиха;трубы электросварные прямоуг;180x80 некондиция;4;5;8;труба;профильная;прямоугольная;180x80x4;мм;некондиция,180x80 некондиция,4 ; 5; 8,,т
Трубы,ТРУБЫ ЭЛЕКТРОСВАРНЫЕ ПРЯМОУГ,200x100,Труба профильная прямоугольная 200x100x4 мм,Труба профильная прямоугольная 200x100x4 мм,4,58590,теор.т,1,0,0,https://www.kavstal.ru/public/assets/images/products/TRUBY/TRUBY_ELEKTROSVARNYE_PRYAMOUG/img.jpg,балашиха;трубы электросварные прямоуг;200x100;4;труба;профильная;прямоугольная;200x100x4;мм,200x100,4,,теор.т
Трубы,ТРУБЫ ЭЛЕКТРОСВАРНЫЕ ПРЯМОУГ,200x100,Труба профильная прямоугольная 200x100x5 мм,Труба профильная прямоугольная 200x100x5 мм,5,60590,теор.т,1,0,0,https://www.kavstal.ru/public/assets/images/products/TRUBY/TRUBY_ELEKTROSVARNYE_PRYAMOUG/img.jpg,балашиха;трубы электросварные прямоуг;200x100;5;труба;профильная;прямоугольная;200x100x5;мм,200x100,5,,теор.т
Трубы,ТРУБЫ ЭЛЕКТРОСВАРНЫЕ ПРЯМОУГ,200x100,Труба профильная прямоугольная 200x100x6 мм,Труба профильная прямоугольная 200x100x6 мм,6,58590,теор.т,1,0,0,https://www.kavstal.ru/public/assets/images/products/TRUBY/TRUBY_ELEKTROSVARNYE_PRYAMOUG/img.jpg,балашиха;трубы электросварные прямоуг;200x100;6;8;труба;профильная;прямоугольная;200x100x6;мм,200x100,6 ; 8,,теор.т
Трубы,ТРУБЫ ЭЛЕКТРОСВАРНЫЕ ПРЯМОУГ,200x120,Труба профильная прямоугольная 200x120x4 мм,Труба профильная прямоугольная 200x120x4 мм,4,62590,теор.т,1,0,0,https://www.kavstal.ru/public/assets/images/products/TRUBY/TRUBY_ELEKTROSVARNYE_PRYAMOUG/img.jpg,балашиха;трубы электросварные прямоуг;200x120;4;5;8;труба;профильная;прямоугольная;200x120x4;мм,200x120,4 ; 5; 8,,теор.т
Трубы,ТРУБЫ ЭЛЕКТРОСВАРНЫЕ ПРЯМОУГ,200x160,Труба профильная прямоугольная 200x160x5 мм,Труба профильная прямоугольная 200x160x5 мм,5,58590,теор.т,1,0,0,https://www.kavstal.ru/public/assets/images/products/TRUBY/TRUBY_ELEKTROSVARNYE_PRYAMOUG/img.jpg,балашиха;трубы электросварные прямоуг;200x160;5;6;труба;профильная;прямоугольная;200x160x5;мм,200x160,5 ; 6,,теор.т
Трубы,ТРУБЫ ЭЛЕКТРОСВАРНЫЕ ПРЯМОУГ,200x160,Труба профильная прямоугольная 200x160x8 мм,Труба профильная прямоугольная 200x160x8 мм,8,60590,теор.т,1,0,0,https://www.kavstal.ru/public/assets/images/products/TRUBY/TRUBY_ELEKTROSVARNYE_PRYAMOUG/img.jpg,балашиха;трубы электросварные прямоуг;200x160;8;труба;профильная;прямоугольная;200x160x8;мм,200x160,8,,теор.т
Трубы,ТРУБЫ ЭЛЕКТРОСВАРНЫЕ ПРЯМОУГ,240x120,Труба профильная прямоугольная 240x120x5 мм,Труба профильная прямоугольная 240x120x5 мм,5,64590,теор.т,1,0,0,https://www.kavstal.ru/public/assets/images/products/TRUBY/TRUBY_ELEKTROSVARNYE_PRYAMOUG/img.jpg,балашиха;трубы электросварные прямоуг;240x120;5;6;8;10;труба;профильная;прямоугольная;240x120x5;мм,240x120,5 ; 6; 8; 10,,теор.т
Трубы,ТРУБЫ ЭЛЕКТРОСВАРНЫЕ ПРЯМОУГ,240x160,Труба профильная прямоугольная 240x160x5 мм,Труба профильная прямоугольная 240x160x5 мм,5,64590,теор.т,1,0,0,https://www.kavstal.ru/public/assets/images/products/TRUBY/TRUBY_ELEKTROSVARNYE_PRYAMOUG/img.jpg,балашиха;трубы электросварные прямоуг;240x160;5;10;труба;профильная;прямоугольная;240x160x5;мм,240x160,5 ; 10; 10,,теор.т
Трубы,ТРУБЫ ЭЛЕКТРОСВАРНЫЕ ПРЯМОУГ,250x150,Труба профильная прямоугольная 250x150x5 мм,Труба профильная прямоугольная 250x150x5 мм,5,64590,т,1,0,0,https://www.kavstal.ru/public/assets/images/products/TRUBY/TRUBY_ELEKTROSVARNYE_PRYAMOUG/img.jpg,балашиха;трубы электросварные прямоуг;250x150;5;труба;профильная;прямоугольная;250x150x5;мм,250x150,5,,т
Трубы,ТРУБЫ ЭЛЕКТРОСВАРНЫЕ ПРЯМОУГ,300x100,Труба профильная прямоугольная 300x100x6 мм,Труба профильная прямоугольная 300x100x6 мм,6,66590,теор.т,1,0,0,https://www.kavstal.ru/public/assets/images/products/TRUBY/TRUBY_ELEKTROSVARNYE_PRYAMOUG/img.jpg,балашиха;трубы электросварные прямоуг;300x100;6;труба;профильная;прямоугольная;300x100x6;мм,300x100,6,,теор.т
Трубы,ТРУБЫ ЭЛЕКТРОСВАРНЫЕ ПРЯМОУГ,300x200,Труба профильная прямоугольная 300x200x6 мм,Труба профильная прямоугольная 300x200x6 мм,6,64590,теор.т,1,0,0,https://www.kavstal.ru/public/assets/images/products/TRUBY/TRUBY_ELEKTROSVARNYE_PRYAMOUG/img.jpg,балашиха;трубы электросварные прямоуг;300x200;6;8;10;труба;профильная;прямоугольная;300x200x6;мм,300x200,6 ; 8; 10,,теор.т
Метизы,СЕТКА СТАЛЬНАЯ ТКАНАЯ,2.00x0.40,Сетка Тканая 1000 2.00x0.40,"СЕТКА СТАЛЬНАЯ ТКАНАЯ марки 2.00x0.40, размер 1000",1000,199,м2,1,0,0,https://www.kavstal.ru/public/assets/images/products/METIZY/SETKA_STALNAYA_TKANAYA/img.webp,балашиха;сетка стальная тканая;2.00x0.40;1000;сетка;тканая,2.00x0.40,1000,,м2
Метизы,СЕТКА СТАЛЬНАЯ ТКАНАЯ,5.00x0.70,Сетка Тканая 1000 5.00x0.70,"СЕТКА СТАЛЬНАЯ ТКАНАЯ марки 5.00x0.70, размер 1000",1000,121,м2,1,0,0,https://www.kavstal.ru/public/assets/images/products/METIZY/SETKA_STALNAYA_TKANAYA/img.webp,балашиха;сетка стальная тканая;5.00x0.70;1000;сетка;тканая,5.00x0.70,1000,,м2
Метизы,СЕТКА СТАЛЬНАЯ ТКАНАЯ,5.00x1.00,Сетка Тканая 1000 5.00x1.00,"СЕТКА СТАЛЬНАЯ ТКАНАЯ марки 5.00x1.00, размер 1000",1000,274,м2,1,0,0,https://www.kavstal.ru/public/assets/images/products/METIZY/SETKA_STALNAYA_TKANAYA/img.webp,балашиха;сетка стальная тканая;5.00x1.00;1000;сетка;тканая,5.00x1.00,1000,,м2
Метизы,СЕТКА СТАЛЬНАЯ ТКАНАЯ,5.00x1.20,Сетка Тканая 1000 5.00x1.20,"СЕТКА СТАЛЬНАЯ ТКАНАЯ марки 5.00x1.20, размер 1000",1000,336,м2,1,0,0,https://www.kavstal.ru/public/assets/images/products/METIZY/SETKA_STALNAYA_TKANAYA/img.webp,балашиха;сетка стальная тканая;5.00x1.20;1000;сетка;тканая,5.00x1.20,1000,,м2
Метизы,СЕТКА СТАЛЬНАЯ ТКАНАЯ,10.00x0.80,Сетка Тканая 1000 10.00x0.80,"СЕТКА СТАЛЬНАЯ ТКАНАЯ марки 10.00x0.80, размер 1000",1000,118,м2,1,0,0,https://www.kavstal.ru/public/assets/images/products/METIZY/SETKA_STALNAYA_TKANAYA/img.webp,балашиха;сетка стальная тканая;10.00x0.80;1000;сетка;тканая,10.00x0.80,1000,,м2
Метизы,СЕТКА СТАЛЬНАЯ ТКАНАЯ,10.00x1.00,Сетка Тканая 1000 10.00x1.00,"СЕТКА СТАЛЬНАЯ ТКАНАЯ марки 10.00x1.00, размер 1000",1000,159,м2,1,0,0,https://www.kavstal.ru/public/assets/images/products/METIZY/SETKA_STALNAYA_TKANAYA/img.webp,балашиха;сетка стальная тканая;10.00x1.00;1000;сетка;тканая,10.00x1.00,1000,,м2
Метизы,СЕТКА СТАЛЬНАЯ ТКАНАЯ,14.00x0.80,Сетка Тканая 1000 14.00x0.80,"СЕТКА СТАЛЬНАЯ ТКАНАЯ марки 14.00x0.80, размер 1000",1000,89,м2,1,0,0,https://www.kavstal.ru/public/assets/images/products/METIZY/SETKA_STALNAYA_TKANAYA/img.webp,балашиха;сетка стальная тканая;14.00x0.80;1000;сетка;тканая,14.00x0.80,1000,,м2
Метизы,СЕТКА СТАЛЬНАЯ СВАРНАЯ,6.00x0.60 оцинк,Сетка Сварная 0 6.00x0.60 оцинк,"СЕТКА СТАЛЬНАЯ СВАРНАЯ марки 6.00x0.60 оцинк, размер 0",0,142,м2,1,0,0,https://www.kavstal.ru/public/assets/images/products/METIZY/SETKA_STALNAYA_SVARNAYA/img.webp,балашиха;сетка стальная сварная;6.00x0.60 оцинк;сетка;сварная;6.00x0.60;оцинк,6.00x0.60 оцинк,0,,м2
Метизы,СЕТКА СТАЛЬНАЯ СВАРНАЯ,12.50x0.80 оцинк,Сетка Сварная 1000 12.50x0.80 оцинк,"СЕТКА СТАЛЬНАЯ СВАРНАЯ марки 12.50x0.80 оцинк, размер 1000",1000,103,м2,1,0,0,https://www.kavstal.ru/public/assets/images/products/METIZY/SETKA_STALNAYA_SVARNAYA/img.webp,балашиха;сетка стальная сварная;12.50x0.80 оцинк;1000;сетка;сварная;12.50x0.80;оцинк,12.50x0.80 оцинк,1000,,м2
Метизы,СЕТКА СТАЛЬНАЯ СВАРНАЯ,12.50x1.20 оцинк,Сетка Сварная 1000 12.50x1.20 оцинк,"СЕТКА СТАЛЬНАЯ СВАРНАЯ марки 12.50x1.20 оцинк, размер 1000",1000,191,м2,1,0,0,https://www.kavstal.ru/public/assets/images/products/METIZY/SETKA_STALNAYA_SVARNAYA/img.webp,балашиха;сетка стальная сварная;12.50x1.20 оцинк;1000;сетка;сварная;12.50x1.20;оцинк,12.50x1.20 оцинк,1000,,м2
Метизы,СЕТКА СТАЛЬНАЯ СВАРНАЯ,20.00x0.60 оцинк,Сетка Сварная 1000 20.00x0.60 оцинк,"СЕТКА СТАЛЬНАЯ СВАРНАЯ марки 20.00x0.60 оцинк, размер 1000",1000,38,м2,1,0,0,https://www.kavstal.ru/public/assets/images/products/METIZY/SETKA_STALNAYA_SVARNAYA/img.webp,балашиха;сетка стальная сварная;20.00x0.60 оцинк;1000;сетка;сварная;20.00x0.60;оцинк,20.00x0.60 оцинк,1000,,м2
Метизы,СЕТКА СТАЛЬНАЯ СВАРНАЯ,20.00x0.80 оцинк,Сетка Сварная 1000 20.00x0.80 оцинк,"СЕТКА СТАЛЬНАЯ СВАРНАЯ марки 20.00x0.80 оцинк, размер 1000",1000,50,м2,1,0,0,https://www.kavstal.ru/public/assets/images/products/METIZY/SETKA_STALNAYA_SVARNAYA/img.webp,балашиха;сетка стальная сварная;20.00x0.80 оцинк;1000;сетка;сварная;20.00x0.80;оцинк,20.00x0.80 оцинк,1000,,м2
Метизы,СЕТКА СТАЛЬНАЯ СВАРНАЯ,20.00x1.00 оцинк,Сетка Сварная 1000 20.00x1.00 оцинк,"СЕТКА СТАЛЬНАЯ СВАРНАЯ марки 20.00x1.00 оцинк, размер 1000",1000,87,м2,1,0,0,https://www.kavstal.ru/public/assets/images/products/METIZY/SETKA_STALNAYA_SVARNAYA/img.webp,балашиха;сетка стальная сварная;20.00x1.00 оцинк;1000;сетка;сварная;20.00x1.00;оцинк,20.00x1.00 оцинк,1000,,м2
Метизы,СЕТКА СТАЛЬНАЯ СВАРНАЯ,20.00x1.20 оцинк,Сетка Сварная 1000 20.00x1.20 оцинк,"СЕТКА СТАЛЬНАЯ СВАРНАЯ марки 20.00x1.20 оцинк, размер 1000",1000,112,м2,1,0,0,https://www.kavstal.ru/public/assets/images/products/METIZY/SETKA_STALNAYA_SVARNAYA/img.webp,балашиха;сетка стальная сварная;20.00x1.20 оцинк;1000;сетка;сварная;20.00x1.20;оцинк,20.00x1.20 оцинк,1000,,м2
Метизы,СЕТКА СТАЛЬНАЯ СВАРНАЯ,25.00x0.80 оцинк,Сетка Сварная 1000 25.00x0.80 оцинк,"СЕТКА СТАЛЬНАЯ СВАРНАЯ марки 25.00x0.80 оцинк, размер 1000",1000,36,м2,1,0,0,https://www.kavstal.ru/public/assets/images/products/METIZY/SETKA_STALNAYA_SVARNAYA/img.webp,балашиха;сетка стальная сварная;25.00x0.80 оцинк;1000;сетка;сварная;25.00x0.80;оцинк,25.00x0.80 оцинк,1000,,м2
Метизы,СЕТКА СТАЛЬНАЯ СВАРНАЯ,25.00x1.00 оцинк,Сетка Сварная 1000 25.00x1.00 оцинк,"СЕТКА СТАЛЬНАЯ СВАРНАЯ марки 25.00x1.00 оцинк, размер 1000",1000,65,м2,1,0,0,https://www.kavstal.ru/public/assets/images/products/METIZY/SETKA_STALNAYA_SVARNAYA/img.webp,балашиха;сетка стальная сварная;25.00x1.00 оцинк;1000;сетка;сварная;25.00x1.00;оцинк,25.00x1.00 оцинк,1000,,м2
Метизы,СЕТКА СТАЛЬНАЯ СВАРНАЯ,25.00x1.20 оцинк,Сетка Сварная 1000 25.00x1.20 оцинк,"СЕТКА СТАЛЬНАЯ СВАРНАЯ марки 25.00x1.20 оцинк, размер 1000",1000,94,м2,1,0,0,https://www.kavstal.ru/public/assets/images/products/METIZY/SETKA_STALNAYA_SVARNAYA/img.webp,балашиха;сетка стальная сварная;25.00x1.20 оцинк;1000;сетка;сварная;25.00x1.20;оцинк,25.00x1.20 оцинк,1000,,м2
Метизы,СЕТКА СТАЛЬНАЯ СВАРНАЯ,25.00x1.40 оцинк,Сетка Сварная 1000 25.00x1.40 оцинк,"СЕТКА СТАЛЬНАЯ СВАРНАЯ марки 25.00x1.40 оцинк, размер 1000",1000,124,м2,1,0,0,https://www.kavstal.ru/public/assets/images/products/METIZY/SETKA_STALNAYA_SVARNAYA/img.webp,балашиха;сетка стальная сварная;25.00x1.40 оцинк;1000;сетка;сварная;25.00x1.40;оцинк,25.00x1.40 оцинк,1000,,м2
Метизы,СЕТКА СТАЛЬНАЯ СВАРНАЯ,25.00x2.00,Сетка Сварная 1000 25.00x2.00,"СЕТКА СТАЛЬНАЯ СВАРНАЯ марки 25.00x2.00, размер 1000",1000,187,м2,1,0,0,https://www.kavstal.ru/public/assets/images/products/METIZY/SETKA_STALNAYA_SVARNAYA/img.webp,балашиха;сетка стальная сварная;25.00x2.00;1000;сетка;сварная,25.00x2.00,1000,,м2
Метизы,СЕТКА СТАЛЬНАЯ СВАРНАЯ,25.00x2.00 оцинк,Сетка Сварная 1000 25.00x2.00 оцинк,"СЕТКА СТАЛЬНАЯ СВАРНАЯ марки 25.00x2.00 оцинк, размер 1000",1000,206,м2,1,0,0,https://www.kavstal.ru/public/assets/images/products/METIZY/SETKA_STALNAYA_SVARNAYA/img.webp,балашиха;сетка стальная сварная;25.00x2.00 оцинк;1000;сетка;сварная;25.00x2.00;оцинк,25.00x2.00 оцинк,1000,,м2
Метизы,СЕТКА СТАЛЬНАЯ СВАРНАЯ,50.00x1.40,Сетка Сварная 1500 50.00x1.40,"СЕТКА СТАЛЬНАЯ СВАРНАЯ марки 50.00x1.40, размер 1500",1500,47,м2,1,0,0,https://www.kavstal.ru/public/assets/images/products/METIZY/SETKA_STALNAYA_SVARNAYA/img.webp,балашиха;сетка стальная сварная;50.00x1.40;1500;сетка;сварная,50.00x1.40,1500,,м2
Метизы,СЕТКА СТАЛЬНАЯ СВАРНАЯ,50.00x1.40 оцинк,Сетка Сварная 1500 50.00x1.40 оцинк,"СЕТКА СТАЛЬНАЯ СВАРНАЯ марки 50.00x1.40 оцинк, размер 1500",1500,67,м2,1,0,0,https://www.kavstal.ru/public/assets/images/products/METIZY/SETKA_STALNAYA_SVARNAYA/img.webp,балашиха;сетка стальная сварная;50.00x1.40 оцинк;1500;сетка;сварная;50.00x1.40;оцинк,50.00x1.40 оцинк,1500,,м2
Метизы,СЕТКА СТАЛЬНАЯ СВАРНАЯ,50.00x1.60,Сетка Сварная 1500 50.00x1.60,"СЕТКА СТАЛЬНАЯ СВАРНАЯ марки 50.00x1.60, размер 1500",1500,63,м2,1,0,0,https://www.kavstal.ru/public/assets/images/products/METIZY/SETKA_STALNAYA_SVARNAYA/img.webp,балашиха;сетка стальная сварная;50.00x1.60;1500;сетка;сварная,50.00x1.60,1500,,м2
Метизы,СЕТКА СТАЛЬНАЯ СВАРНАЯ,50.00x1.60,Сетка Сварная 1800 50.00x1.60,"СЕТКА СТАЛЬНАЯ СВАРНАЯ марки 50.00x1.60, размер 1800",1800,73,м2,1,0,0,https://www.kavstal.ru/public/assets/images/products/METIZY/SETKA_STALNAYA_SVARNAYA/img.webp,балашиха;сетка стальная сварная;50.00x1.60;1800;сетка;сварная,50.00x1.60,1800,,м2
Метизы,СЕТКА СТАЛЬНАЯ СВАРНАЯ,50.00x1.60 оцинк,Сетка Сварная 1500 50.00x1.60 оцинк,"СЕТКА СТАЛЬНАЯ СВАРНАЯ марки 50.00x1.60 оцинк, размер 1500",1500,73,м2,1,0,0,https://www.kavstal.ru/public/assets/images/products/METIZY/SETKA_STALNAYA_SVARNAYA/img.webp,балашиха;сетка стальная сварная;50.00x1.60 оцинк;1500;сетка;сварная;50.00x1.60;оцинк,50.00x1.60 оцинк,1500,,м2
Метизы,СЕТКА СТАЛЬНАЯ СВАРНАЯ,50.00x1.80,Сетка Сварная 1500 50.00x1.80,"СЕТКА СТАЛЬНАЯ СВАРНАЯ марки 50.00x1.80, размер 1500",1500,76,м2,1,0,0,https://www.kavstal.ru/public/assets/images/products/METIZY/SETKA_STALNAYA_SVARNAYA/img.webp,балашиха;сетка стальная сварная;50.00x1.80;1500;сетка;сварная,50.00x1.80,1500,,м2
Метизы,СЕТКА СТАЛЬНАЯ СВАРНАЯ,50.00x1.80 оцинк,Сетка Сварная 1500 50.00x1.80 оцинк,"СЕТКА СТАЛЬНАЯ СВАРНАЯ марки 50.00x1.80 оцинк, размер 1500 ; 2000",1500,87,м2,1,0,0,https://www.kavstal.ru/public/assets/images/products/METIZY/SETKA_STALNAYA_SVARNAYA/img.webp,балашиха;сетка стальная сварная;50.00x1.80 оцинк;1500;2000;сетка;сварная;50.00x1.80;оцинк,50.00x1.80 оцинк,1500 ; 2000,,м2
Метизы,СЕТКА СТАЛЬНАЯ СВАРНАЯ,50.00x2.00 оцинк,Сетка Сварная 1500 50.00x2.00 оцинк,"СЕТКА СТАЛЬНАЯ СВАРНАЯ марки 50.00x2.00 оцинк, размер 1500",1500,109,м2,1,0,0,https://www.kavstal.ru/public/assets/images/products/METIZY/SETKA_STALNAYA_SVARNAYA/img.webp,балашиха;сетка стальная сварная;50.00x2.00 оцинк;1500;сетка;сварная;50.00x2.00;оцинк,50.00x2.00 оцинк,1500,,м2
Метизы,СЕТКА СТАЛЬНАЯ СВАРНАЯ,50.00x2.50,Сетка Сварная 1500 50.00x2.50,"СЕТКА СТАЛЬНАЯ СВАРНАЯ марки 50.00x2.50, размер 1500",1500,122,м2,1,0,0,https://www.kavstal.ru/public/assets/images/products/METIZY/SETKA_STALNAYA_SVARNAYA/img.webp,балашиха;сетка стальная сварная;50.00x2.50;1500;сетка;сварная,50.00x2.50,1500,,м2
Метизы,СЕТКА СТАЛЬНАЯ СВАРНАЯ,50.00x2.50 оцинк,Сетка Сварная 1500 50.00x2.50 оцинк,"СЕТКА СТАЛЬНАЯ СВАРНАЯ марки 50.00x2.50 оцинк, размер 1500 ; 2000",1500,135,м2,1,0,0,https://www.kavstal.ru/public/assets/images/products/METIZY/SETKA_STALNAYA_SVARNAYA/img.webp,балашиха;сетка стальная сварная;50.00x2.50 оцинк;1500;2000;сетка;сварная;50.00x2.50;оцинк,50.00x2.50 оцинк,1500 ; 2000,,м2
Метизы,СЕТКА СТАЛЬНАЯ СВАРНАЯ,50.00x3.00,Сетка Сварная 380 50.00x3.00,"СЕТКА СТАЛЬНАЯ СВАРНАЯ марки 50.00x3.00, размер 380 ; 500",380,83,м2,1,0,0,https://www.kavstal.ru/public/assets/images/products/METIZY/SETKA_STALNAYA_SVARNAYA/img.webp,балашиха;сетка стальная сварная;50.00x3.00;380;500;сетка;сварная,50.00x3.00,380 ; 500,,м2
Метизы,СЕТКА СТАЛЬНАЯ СВАРНАЯ,50.00x3.00,Сетка Сварная 2000 50.00x3.00,"СЕТКА СТАЛЬНАЯ СВАРНАЯ марки 50.00x3.00, размер 2000",2000,91,м2,1,0,0,https://www.kavstal.ru/public/assets/images/products/METIZY/SETKA_STALNAYA_SVARNAYA/img.webp,балашиха;сетка стальная сварная;50.00x3.00;2000;сетка;сварная,50.00x3.00,2000,,м2
Метизы,СЕТКА СТАЛЬНАЯ СВАРНАЯ,50.00x3.00 оцинк,Сетка Сварная 500 50.00x3.00 оцинк,"СЕТКА СТАЛЬНАЯ СВАРНАЯ марки 50.00x3.00 оцинк, размер 500 ; 2000",500,160,м2,1,0,0,https://www.kavstal.ru/public/assets/images/products/METIZY/SETKA_STALNAYA_SVARNAYA/img.webp,балашиха;сетка стальная сварная;50.00x3.00 оцинк;500;2000;сетка;сварная;50.00x3.00;оцинк,50.00x3.00 оцинк,500 ; 2000,,м2
Метизы,СЕТКА СТАЛЬНАЯ СВАРНАЯ,50.00x4.00,Сетка Сварная 380 50.00x4.00,"СЕТКА СТАЛЬНАЯ СВАРНАЯ марки 50.00x4.00, размер 380 ; 500; 2000",380,136,м2,1,0,0,https://www.kavstal.ru/public/assets/images/products/METIZY/SETKA_STALNAYA_SVARNAYA/img.webp,балашиха;сетка стальная сварная;50.00x4.00;380;500;2000;сетка;сварная,50.00x4.00,380 ; 500; 2000,,м2
Метизы,СЕТКА СТАЛЬНАЯ СВАРНАЯ,50.00x4.00,Сетка Сварная 2000 50.00x4.00,"СЕТКА СТАЛЬНАЯ СВАРНАЯ марки 50.00x4.00, размер 2000",2000,156,м2,1,0,0,https://www.kavstal.ru/public/assets/images/products/METIZY/SETKA_STALNAYA_SVARNAYA/img.webp,балашиха;сетка стальная сварная;50.00x4.00;2000;сетка;сварная,50.00x4.00,2000,,м2
Метизы,СЕТКА СТАЛЬНАЯ СВАРНАЯ,50.00x4.00 оцинк,Сетка Сварная 500 50.00x4.00 оцинк,"СЕТКА СТАЛЬНАЯ СВАРНАЯ марки 50.00x4.00 оцинк, размер 500 ; 2000",500,310,м2,1,0,0,https://www.kavstal.ru/public/assets/images/products/METIZY/SETKA_STALNAYA_SVARNAYA/img.webp,балашиха;сетка стальная сварная;50.00x4.00 оцинк;500;2000;сетка;сварная;50.00x4.00;оцинк,50.00x4.00 оцинк,500 ; 2000,,м2
Метизы,СЕТКА СТАЛЬНАЯ СВАРНАЯ,50.00x5.00,Сетка Сварная 500 50.00x5.00,"СЕТКА СТАЛЬНАЯ СВАРНАЯ марки 50.00x5.00, размер 500 ; 2000",500,234,м2,1,0,0,https://www.kavstal.ru/public/assets/images/products/METIZY/SETKA_STALNAYA_SVARNAYA/img.webp,балашиха;сетка стальная сварная;50.00x5.00;500;2000;сетка;сварная,50.00x5.00,500 ; 2000,,м2
Метизы,СЕТКА СТАЛЬНАЯ СВАРНАЯ,50.00x5.00,Сетка Сварная 2000 50.00x5.00,"СЕТКА СТАЛЬНАЯ СВАРНАЯ марки 50.00x5.00, размер 2000",2000,289,м2,1,0,0,https://www.kavstal.ru/public/assets/images/products/METIZY/SETKA_STALNAYA_SVARNAYA/img.webp,балашиха;сетка стальная сварная;50.00x5.00;2000;сетка;сварная,50.00x5.00,2000,,м2
Метизы,СЕТКА СТАЛЬНАЯ СВАРНАЯ,100.00x3.00,Сетка Сварная 2000 100.00x3.00,"СЕТКА СТАЛЬНАЯ СВАРНАЯ марки 100.00x3.00, размер 2000",2000,34,м2,1,0,0,https://www.kavstal.ru/public/assets/images/products/METIZY/SETKA_STALNAYA_SVARNAYA/img.webp,балашиха;сетка стальная сварная;100.00x3.00;2000;сетка;сварная,100.00x3.00,2000,,м2
Метизы,СЕТКА СТАЛЬНАЯ СВАРНАЯ,100.00x3.00,Сетка Сварная 2000 100.00x3.00,"СЕТКА СТАЛЬНАЯ СВАРНАЯ марки 100.00x3.00, размер 2000",2000,44,м2,1,0,0,https://www.kavstal.ru/public/assets/images/products/METIZY/SETKA_STALNAYA_SVARNAYA/img.webp,балашиха;сетка стальная сварная;100.00x3.00;2000;сетка;сварная,100.00x3.00,2000,,м2
Метизы,СЕТКА СТАЛЬНАЯ СВАРНАЯ,100.00x4.00,Сетка Сварная 2000 100.00x4.00,"СЕТКА СТАЛЬНАЯ СВАРНАЯ марки 100.00x4.00, размер 2000",2000,74,м2,1,0,0,https://www.kavstal.ru/public/assets/images/products/METIZY/SETKA_STALNAYA_SVARNAYA/img.webp,балашиха;сетка стальная сварная;100.00x4.00;2000;сетка;сварная,100.00x4.00,2000,,м2
Метизы,СЕТКА СТАЛЬНАЯ СВАРНАЯ,100.00x5.00,Сетка Сварная 2000 100.00x5.00,"СЕТКА СТАЛЬНАЯ СВАРНАЯ марки 100.00x5.00, размер 2000",2000,117,м2,1,0,0,https://www.kavstal.ru/public/assets/images/products/METIZY/SETKA_STALNAYA_SVARNAYA/img.webp,балашиха;сетка стальная сварная;100.00x5.00;2000;сетка;сварная,100.00x5.00,2000,,м2
Метизы,СЕТКА СТАЛЬНАЯ СВАРНАЯ,100.00x6.00,Сетка Сварная 2000 100.00x6.00,"СЕТКА СТАЛЬНАЯ СВАРНАЯ марки 100.00x6.00, размер 2000",2000,210,м2,1,0,0,https://www.kavstal.ru/public/assets/images/products/METIZY/SETKA_STALNAYA_SVARNAYA/img.webp,балашиха;сетка стальная сварная;100.00x6.00;2000;сетка;сварная,100.00x6.00,2000,,м2
Метизы,СЕТКА СТАЛЬНАЯ СВАРНАЯ,100.00x6.00 В500С,Сетка Сварная 2000 100.00x6.00 В500С,"СЕТКА СТАЛЬНАЯ СВАРНАЯ марки 100.00x6.00 В500С, размер 2000",2000,210,м2,1,0,0,https://www.kavstal.ru/public/assets/images/products/METIZY/SETKA_STALNAYA_SVARNAYA/img.webp,балашиха;сетка стальная сварная;100.00x6.00 в500с;2000;сетка;сварная;100.00x6.00;в500с,100.00x6.00 В500С,2000,,м2
Метизы,СЕТКА СТАЛЬНАЯ СВАРНАЯ,100.00x8.00 В500С,Сетка Сварная 2000 100.00x8.00 В500С,"СЕТКА СТАЛЬНАЯ СВАРНАЯ марки 100.00x8.00 В500С, размер 2000",2000,371,м2,1,0,0,https://www.kavstal.ru/public/assets/images/products/METIZY/SETKA_STALNAYA_SVARNAYA/img.webp,балашиха;сетка стальная сварная;100.00x8.00 в500с;2000;сетка;сварная;100.00x8.00;в500с,100.00x8.00 В500С,2000,,м2
Метизы,СЕТКА СТАЛЬНАЯ СВАРНАЯ,150.00x10.00 В500С,Сетка Сварная 2000 150.00x10.00 В500С,"СЕТКА СТАЛЬНАЯ СВАРНАЯ марки 150.00x10.00 В500С, размер 2000",2000,391,м2,1,0,0,https://www.kavstal.ru/public/assets/images/products/METIZY/SETKA_STALNAYA_SVARNAYA/img.webp,балашиха;сетка стальная сварная;150.00x10.00 в500с;2000;сетка;сварная;150.00x10.00;в500с,150.00x10.00 В500С,2000,,м2
Метизы,СЕТКА СТАЛЬНАЯ СВАРНАЯ,150.00x4.00,Сетка Сварная 2000 150.00x4.00,"СЕТКА СТАЛЬНАЯ СВАРНАЯ марки 150.00x4.00, размер 2000",2000,48,м2,1,0,0,https://www.kavstal.ru/public/assets/images/products/METIZY/SETKA_STALNAYA_SVARNAYA/img.webp,балашиха;сетка стальная сварная;150.00x4.00;2000;сетка;сварная,150.00x4.00,2000,,м2
Метизы,СЕТКА СТАЛЬНАЯ СВАРНАЯ,150.00x5.00,Сетка Сварная 2000 150.00x5.00,"СЕТКА СТАЛЬНАЯ СВАРНАЯ марки 150.00x5.00, размер 2000",2000,77,м2,1,0,0,https://www.kavstal.ru/public/assets/images/products/METIZY/SETKA_STALNAYA_SVARNAYA/img.webp,балашиха;сетка стальная сварная;150.00x5.00;2000;сетка;сварная,150.00x5.00,2000,,м2
Метизы,СЕТКА СТАЛЬНАЯ СВАРНАЯ,150.00x6.00,Сетка Сварная 2000 150.00x6.00,"СЕТКА СТАЛЬНАЯ СВАРНАЯ марки 150.00x6.00, размер 2000",2000,128,м2,1,0,0,https://www.kavstal.ru/public/assets/images/products/METIZY/SETKA_STALNAYA_SVARNAYA/img.webp,балашиха;сетка стальная сварная;150.00x6.00;2000;сетка;сварная,150.00x6.00,2000,,м2
Метизы,СЕТКА СТАЛЬНАЯ СВАРНАЯ,150.00x8.00 В500С,Сетка Сварная 2000 150.00x8.00 В500С,"СЕТКА СТАЛЬНАЯ СВАРНАЯ марки 150.00x8.00 В500С, размер 2000",2000,244,м2,1,0,0,https://www.kavstal.ru/public/assets/images/products/METIZY/SETKA_STALNAYA_SVARNAYA/img.webp,балашиха;сетка стальная сварная;150.00x8.00 в500с;2000;сетка;сварная;150.00x8.00;в500с,150.00x8.00 В500С,2000,,м2
Метизы,СЕТКА СТАЛЬНАЯ СВАРНАЯ,200.00x10.00 В500С,Сетка Сварная 2000 200.00x10.00 В500С,"СЕТКА СТАЛЬНАЯ СВАРНАЯ марки 200.00x10.00 В500С, размер 2000",2000,313,м2,1,0,0,https://www.kavstal.ru/public/assets/images/products/METIZY/SETKA_STALNAYA_SVARNAYA/img.webp,балашиха;сетка стальная сварная;200.00x10.00 в500с;2000;сетка;сварная;200.00x10.00;в500с,200.00x10.00 В500С,2000,,м2
Метизы,СЕТКА СТАЛЬНАЯ СВАРНАЯ,200.00x4.00,Сетка Сварная 2000 200.00x4.00,"СЕТКА СТАЛЬНАЯ СВАРНАЯ марки 200.00x4.00, размер 2000",2000,40,м2,1,0,0,https://www.kavstal.ru/public/assets/images/products/METIZY/SETKA_STALNAYA_SVARNAYA/img.webp,балашиха;сетка стальная сварная;200.00x4.00;2000;сетка;сварная,200.00x4.00,2000,,м2
Метизы,СЕТКА СТАЛЬНАЯ СВАРНАЯ,200.00x5.00,Сетка Сварная 2000 200.00x5.00,"СЕТКА СТАЛЬНАЯ СВАРНАЯ марки 200.00x5.00, размер 2000",2000,71,м2,1,0,0,https://www.kavstal.ru/public/assets/images/products/METIZY/SETKA_STALNAYA_SVARNAYA/img.webp,балашиха;сетка стальная сварная;200.00x5.00;2000;сетка;сварная,200.00x5.00,2000,,м2
Метизы,СЕТКА СТАЛЬНАЯ СВАРНАЯ,200.00x6.00,Сетка Сварная 2000 200.00x6.00,"СЕТКА СТАЛЬНАЯ СВАРНАЯ марки 200.00x6.00, размер 2000",2000,100,м2,1,0,0,https://www.kavstal.ru/public/assets/images/products/METIZY/SETKA_STALNAYA_SVARNAYA/img.webp,балашиха;сетка стальная сварная;200.00x6.00;2000;сетка;сварная,200.00x6.00,2000,,м2
Метизы,СЕТКА СТАЛЬНАЯ СВАРНАЯ,200.00x6.00 В500С,Сетка Сварная 2000 200.00x6.00 В500С,"СЕТКА СТАЛЬНАЯ СВАРНАЯ марки 200.00x6.00 В500С, размер 2000",2000,104,м2,1,0,0,https://www.kavstal.ru/public/assets/images/products/METIZY/SETKA_STALNAYA_SVARNAYA/img.webp,балашиха;сетка стальная сварная;200.00x6.00 в500с;2000;сетка;сварная;200.00x6.00;в500с,200.00x6.00 В500С,2000,,м2
Строительные материалы,ШИФЕР АСБЕСТОЦЕМЕНТНЫЙ,1750x1130x5.2 8-волновой,Шифер асбестоцементный 8-волновой 1750x1130x5.2 мм,"Шифер асбестоцементный 8-волновой, размер 1750x1130x5.2 мм, для кровли",1750,420,лист,1,0,0,https://www.kavstal.ru/public/assets/images/products/STROITELNYE_MATERIALY/SHIFER_ASBESTOTsEMENTNYY/img.png,строительные материалы;шифер асбестоцементный;8-волновой;1750x1130x5.2;шифер;асбестоцемент,1750x1130x5.2 8-волновой,1750x1130x5.2,ГОСТ 30340-95,лист
Строительные материалы,ШИФЕР АСБЕСТОЦЕМЕНТНЫЙ,1750x1130x5.8 7-волновой,Шифер асбестоцементный 7-волновой 1750x1130x5.8 мм,"Шифер асбестоцементный 7-волновой, размер 1750x1130x5.8 мм, для кровли",1750,450,лист,1,0,0,https://www.kavstal.ru/public/assets/images/products/STROITELNYE_MATERIALY/SHIFER_ASBESTOTsEMENTNYY/img.png,строительные материалы;шифер асбестоцементный;7-волновой;1750x1130x5.8;шифер;асбестоцемент,1750x1130x5.8 7-волновой,1750x1130x5.8,ГОСТ 30340-95,лист
Строительные материалы,ТРУБЫ АСБЕСТОЦЕМЕНТНЫЕ,БНТ 100,Труба асбестоцементная безнапорная БНТ 100 мм,"Труба асбестоцементная безнапорная БНТ 100 мм, для вентиляции и канализации",100,580,м,1,0,0,https://www.kavstal.ru/public/assets/images/products/STROITELNYE_MATERIALY/SHIFER_ASBESTOTsEMENTNYY/img.png,строительные материалы;труба асбестоцементная;бнт 100;труба,БНТ 100,100,ГОСТ 1839-80,м
Строительные материалы,ТРУБЫ АСБЕСТОЦЕМЕНТНЫЕ,БНТ 150,Труба асбестоцементная безнапорная БНТ 150 мм,"Труба асбестоцементная безнапорная БНТ 150 мм, для вентиляции и канализации",150,780,м,1,0,0,https://www.kavstal.ru/public/assets/images/products/STROITELNYE_MATERIALY/SHIFER_ASBESTOTsEMENTNYY/img.png,строительные материалы;труба асбестоцементная;бнт 150;труба,БНТ 150,150,ГОСТ 1839-80,м
Строительные материалы,ТРУБЫ АСБЕСТОЦЕМЕНТНЫЕ,БНТ 200,Труба асбестоцементная безнапорная БНТ 200 мм,"Труба асбестоцементная безнапорная БНТ 200 мм, для вентиляции и канализации",200,1080,м,1,0,0,https://www.kavstal.ru/public/assets/images/products/STROITELNYE_MATERIALY/SHIFER_ASBESTOTsEMENTNYY/img.png,строительные материалы;труба асбестоцементная;бнт 200;труба,БНТ 200,200,ГОСТ 1839-80,м
Строительные материалы,ЛИСТ АСБЕСТОЦЕМЕНТНЫЙ ПЛОСКИЙ,1200x800x10,Лист асбестоцементный плоский 1200x800x10 мм,"Лист асбестоцементный плоский, размер 1200x800x10 мм",1200,650,лист,1,0,0,https://www.kavstal.ru/public/assets/images/products/STROITELNYE_MATERIALY/SHIFER_ASBESTOTsEMENTNYY/img.png,строительные материалы;лист асбестоцементный плоский;1200x800x10;лист,1200x800x10,1200x800x10,ГОСТ 18124-95,лист
