категория,подкатегория,марка,название,описание,диаметр,цена,единица,в_наличии,рейтинг,отзывы,фото,ключевые_слова,spec_Марка,spec_Размер,spec_ГОСТ,spec_Единица
Детали трубопроводов,Фланцы стальные,"Фланец стальной воротниковый Ду воротниковый, сталь Py16","Фланцы стальные 20 Фланец стальной воротниковый Ду воротниковый, сталь Py16","Фланцы стальные марки Фланец стальной воротниковый Ду воротниковый, сталь Py16, размер 20",20,260,шт,1,0,0,https://www.kavstal.ru/public/assets/images/products/KACHESTVENNYE_STALI/FLANTSY_STALNYE/img.webp,"качественные стали;фланцы стальные;фланец стальной воротниковый ду воротниковый, сталь py16;20","Фланец стальной воротниковый Ду воротниковый, сталь Py16",20,,шт
Детали трубопроводов,Фланцы стальные,"Фланец стальной воротниковый Ду воротниковый, сталь Py16","Фланцы стальные 25 Фланец стальной воротниковый Ду воротниковый, сталь Py16","Фланцы стальные марки Фланец стальной воротниковый Ду воротниковый, сталь Py16, размер 25",25,350,шт,1,0,0,https://www.kavstal.ru/public/assets/images/products/KACHESTVENNYE_STALI/FLANTSY_STALNYE/img.webp,"качественные стали;фланцы стальные;фланец стальной воротниковый ду воротниковый, сталь py16;25","Фланец стальной воротниковый Ду воротниковый, сталь Py16",25,,шт
Детали трубопроводов,Фланцы стальные,"Фланец стальной воротниковый Ду воротниковый, сталь Py16","Фланцы стальные 32 Фланец стальной воротниковый Ду воротниковый, сталь Py16","Фланцы стальные марки Фланец стальной воротниковый Ду воротниковый, сталь Py16, размер 32",32,380,шт,1,0,0,https://www.kavstal.ru/public/assets/images/products/KACHESTVENNYE_STALI/FLANTSY_STALNYE/img.webp,"качественные стали;фланцы стальные;фланец стальной воротниковый ду воротниковый, сталь py16;32","Фланец стальной воротниковый Ду воротниковый, сталь Py16",32,,шт
Детали трубопроводов,Фланцы стальные,"Фланец стальной воротниковый Ду воротниковый, сталь Py16","Фланцы стальные 40 Фланец стальной воротниковый Ду воротниковый, сталь Py16","Фланцы стальные марки Фланец стальной воротниковый Ду воротниковый, сталь Py16, размер 40",40,405,шт,1,0,0,https://www.kavstal.ru/public/assets/images/products/KACHESTVENNYE_STALI/FLANTSY_STALNYE/img.webp,"качественные стали;фланцы стальные;фланец стальной воротниковый ду воротниковый, сталь py16;40","Фланец стальной воротниковый Ду воротниковый, сталь Py16",40,,шт
Детали трубопроводов,Фланцы стальные,"Фланец стальной воротниковый Ду воротниковый, сталь Py16","Фланцы стальные 50 Фланец стальной воротниковый Ду воротниковый, сталь Py16","Фланцы стальные марки Фланец стальной воротниковый Ду воротниковый, сталь Py16, размер 50",50,499,шт,1,0,0,https://www.kavstal.ru/public/assets/images/products/KACHESTVENNYE_STALI/FLANTSY_STALNYE/img.webp,"качественные стали;фланцы стальные;фланец стальной воротниковый ду воротниковый, сталь py16;50","Фланец стальной воротниковый Ду воротниковый, сталь Py16",50,,шт
Детали трубопроводов,Фланцы стальные,"Фланец стальной воротниковый Ду воротниковый, сталь Py16","Фланцы стальные 65 Фланец стальной воротниковый Ду воротниковый, сталь Py16","Фланцы стальные марки Фланец стальной воротниковый Ду воротниковый, сталь Py16, размер 65",65,635,шт,1,0,0,https://www.kavstal.ru/public/assets/images/products/KACHESTVENNYE_STALI/FLANTSY_STALNYE/img.webp,"качественные стали;фланцы стальные;фланец стальной воротниковый ду воротниковый, сталь py16;65","Фланец стальной воротниковый Ду воротниковый, сталь Py16",65,,шт
Детали трубопроводов,Фланцы стальные,"Фланец стальной воротниковый Ду воротниковый, сталь Py16","Фланцы стальные 80 Фланец стальной воротниковый Ду воротниковый, сталь Py16","Фланцы стальные марки Фланец стальной воротниковый Ду воротниковый, сталь Py16, размер 80",80,779,шт,1,0,0,https://www.kavstal.ru/public/assets/images/products/KACHESTVENNYE_STALI/FLANTSY_STALNYE/img.webp,"качественные стали;фланцы стальные;фланец стальной воротниковый ду воротниковый, сталь py16;80","Фланец стальной воротниковый Ду воротниковый, сталь Py16",80,,шт
Детали трубопроводов,Фланцы стальные,"Фланец стальной воротниковый Ду воротниковый, сталь Py16","Фланцы стальные 100 Фланец стальной воротниковый Ду воротниковый, сталь Py16","Фланцы стальные марки Фланец стальной воротниковый Ду воротниковый, сталь Py16, размер 100",100,990,шт,1,0,0,https://www.kavstal.ru/public/assets/images/products/KACHESTVENNYE_STALI/FLANTSY_STALNYE/img.webp,"качественные стали;фланцы стальные;фланец стальной воротниковый ду воротниковый, сталь py16;100","Фланец стальной воротниковый Ду воротниковый, сталь Py16",100,,шт
Детали трубопроводов,Фланцы стальные,"Фланец стальной воротниковый Ду воротниковый, сталь Py16","Фланцы стальные 125 Фланец стальной воротниковый Ду воротниковый, сталь Py16","Фланцы стальные марки Фланец стальной воротниковый Ду воротниковый, сталь Py16, размер 125",125,1470,шт,1,0,0,https://www.kavstal.ru/public/assets/images/products/KACHESTVENNYE_STALI/FLANTSY_STALNYE/img.webp,"качественные стали;фланцы стальные;фланец стальной воротниковый ду воротниковый, сталь py16;125","Фланец стальной воротниковый Ду воротниковый, сталь Py16",125,,шт
Детали трубопроводов,Фланцы стальные,"Фланец стальной воротниковый Ду воротниковый, сталь Py16","Фланцы стальные 150 Фланец стальной воротниковый Ду воротниковый, сталь Py16","Фланцы стальные марки Фланец стальной воротниковый Ду воротниковый, сталь Py16, размер 150",150,1780,шт,1,0,0,https://www.kavstal.ru/public/assets/images/products/KACHESTVENNYE_STALI/FLANTSY_STALNYE/img.webp,"качественные стали;фланцы стальные;фланец стальной воротниковый ду воротниковый, сталь py16;150","Фланец стальной воротниковый Ду воротниковый, сталь Py16",150,,шт
Детали трубопроводов,Фланцы стальные,"Фланец стальной воротниковый Ду воротниковый, сталь Py16","Фланцы стальные 200 Фланец стальной воротниковый Ду воротниковый, сталь Py16","Фланцы стальные марки Фланец стальной воротниковый Ду воротниковый, сталь Py16, размер 200",200,2600,шт,1,0,0,https://www.kavstal.ru/public/assets/images/products/KACHESTVENNYE_STALI/FLANTSY_STALNYE/img.webp,"качественные стали;фланцы стальные;фланец стальной воротниковый ду воротниковый, сталь py16;200","Фланец стальной воротниковый Ду воротниковый, сталь Py16",200,,шт
Детали трубопроводов,Фланцы стальные,"Фланец стальной воротниковый Ду воротниковый, сталь Py16","Фланцы стальные 250 Фланец стальной воротниковый Ду воротниковый, сталь Py16","Фланцы стальные марки Фланец стальной воротниковый Ду воротниковый, сталь Py16, размер 250",250,4517,шт,1,0,0,https://www.kavstal.ru/public/assets/images/products/KACHESTVENNYE_STALI/FLANTSY_STALNYE/img.webp,"качественные стали;фланцы стальные;фланец стальной воротниковый ду воротниковый, сталь py16;250","Фланец стальной воротниковый Ду воротниковый, сталь Py16",250,,шт
Детали трубопроводов,Фланцы стальные,"Фланец стальной воротниковый Ду воротниковый, сталь Py16","Фланцы стальные 300 Фланец стальной воротниковый Ду воротниковый, сталь Py16","Фланцы стальные марки Фланец стальной воротниковый Ду воротниковый, сталь Py16, размер 300",300,4500,шт,1,0,0,https://www.kavstal.ru/public/assets/images/products/KACHESTVENNYE_STALI/FLANTSY_STALNYE/img.webp,"качественные стали;фланцы стальные;фланец стальной воротниковый ду воротниковый, сталь py16;300","Фланец стальной воротниковый Ду воротниковый, сталь Py16",300,,шт
Детали трубопроводов,Фланцы стальные,"Фланец стальной воротниковый Ду воротниковый, сталь Py16","Фланцы стальные 400 Фланец стальной воротниковый Ду воротниковый, сталь Py16","Фланцы стальные марки Фланец стальной воротниковый Ду воротниковый, сталь Py16, размер 400",400,14613,шт,1,0,0,https://www.kavstal.ru/public/assets/images/products/KACHESTVENNYE_STALI/FLANTSY_STALNYE/img.webp,"качественные стали;фланцы стальные;фланец стальной воротниковый ду воротниковый, сталь py16;400","Фланец стальной воротниковый Ду воротниковый, сталь Py16",400,,шт
Детали трубопроводов,Фланцы стальные,"Фланец стальной воротниковый Ду воротниковый, сталь Py16","Фланцы стальные 500 Фланец стальной воротниковый Ду воротниковый, сталь Py16","Фланцы стальные марки Фланец стальной воротниковый Ду воротниковый, сталь Py16, размер 500",500,26150,шт,1,0,0,https://www.kavstal.ru/public/assets/images/products/KACHESTVENNYE_STALI/FLANTSY_STALNYE/img.webp,"качественные стали;фланцы стальные;фланец стальной воротниковый ду воротниковый, сталь py16;500","Фланец стальной воротниковый Ду воротниковый, сталь Py16",500,,шт
Детали трубопроводов,Фланцы стальные,"Фланец стальной воротниковый Ду воротниковый, сталь Py40","Фланцы стальные 15 Фланец стальной воротниковый Ду воротниковый, сталь Py40","Фланцы стальные марки Фланец стальной воротниковый Ду воротниковый, сталь Py40, размер 15",15,434,шт,1,0,0,https://www.kavstal.ru/public/assets/images/products/KACHESTVENNYE_STALI/FLANTSY_STALNYE/img.webp,"качественные стали;фланцы стальные;фланец стальной воротниковый ду воротниковый, сталь py40;15","Фланец стальной воротниковый Ду воротниковый, сталь Py40",15,,шт
Детали трубопроводов,Фланцы стальные,"Фланец стальной воротниковый Ду воротниковый, сталь Py40","Фланцы стальные 25 Фланец стальной воротниковый Ду воротниковый, сталь Py40","Фланцы стальные марки Фланец стальной воротниковый Ду воротниковый, сталь Py40, размер 25",25,350,шт,1,0,0,https://www.kavstal.ru/public/assets/images/products/KACHESTVENNYE_STALI/FLANTSY_STALNYE/img.webp,"качественные стали;фланцы стальные;фланец стальной воротниковый ду воротниковый, сталь py40;25","Фланец стальной воротниковый Ду воротниковый, сталь Py40",25,,шт
Детали трубопроводов,Фланцы стальные,"Фланец стальной воротниковый Ду воротниковый, сталь Py40","Фланцы стальные 32 Фланец стальной воротниковый Ду воротниковый, сталь Py40","Фланцы стальные марки Фланец стальной воротниковый Ду воротниковый, сталь Py40, размер 32",32,445,шт,1,0,0,https://www.kavstal.ru/public/assets/images/products/KACHESTVENNYE_STALI/FLANTSY_STALNYE/img.webp,"качественные стали;фланцы стальные;фланец стальной воротниковый ду воротниковый, сталь py40;32","Фланец стальной воротниковый Ду воротниковый, сталь Py40",32,,шт
Детали трубопроводов,Фланцы стальные,"Фланец стальной воротниковый Ду воротниковый, сталь Py40","Фланцы стальные 40 Фланец стальной воротниковый Ду воротниковый, сталь Py40","Фланцы стальные марки Фланец стальной воротниковый Ду воротниковый, сталь Py40, размер 40",40,677,шт,1,0,0,https://www.kavstal.ru/public/assets/images/products/KACHESTVENNYE_STALI/FLANTSY_STALNYE/img.webp,"качественные стали;фланцы стальные;фланец стальной воротниковый ду воротниковый, сталь py40;40","Фланец стальной воротниковый Ду воротниковый, сталь Py40",40,,шт
Детали трубопроводов,Фланцы стальные,"Фланец стальной воротниковый Ду воротниковый, сталь Py40","Фланцы стальные 50 Фланец стальной воротниковый Ду воротниковый, сталь Py40","Фланцы стальные марки Фланец стальной воротниковый Ду воротниковый, сталь Py40, размер 50",50,789,шт,1,0,0,https://www.kavstal.ru/public/assets/images/products/KACHESTVENNYE_STALI/FLANTSY_STALNYE/img.webp,"качественные стали;фланцы стальные;фланец стальной воротниковый ду воротниковый, сталь py40;50","Фланец стальной воротниковый Ду воротниковый, сталь Py40",50,,шт
Детали трубопроводов,Фланцы стальные,"Фланец стальной воротниковый Ду воротниковый, сталь Py40","Фланцы стальные 65 Фланец стальной воротниковый Ду воротниковый, сталь Py40","Фланцы стальные марки Фланец стальной воротниковый Ду воротниковый, сталь Py40, размер 65",65,1080,шт,1,0,0,https://www.kavstal.ru/public/assets/images/products/KACHESTVENNYE_STALI/FLANTSY_STALNYE/img.webp,"качественные стали;фланцы стальные;фланец стальной воротниковый ду воротниковый, сталь py40;65","Фланец стальной воротниковый Ду воротниковый, сталь Py40",65,,шт
Детали трубопроводов,Фланцы стальные,"Фланец стальной воротниковый Ду воротниковый, сталь Py40","Фланцы стальные 80 Фланец стальной воротниковый Ду воротниковый, сталь Py40","Фланцы стальные марки Фланец стальной воротниковый Ду воротниковый, сталь Py40, размер 80",80,1100,шт,1,0,0,https://www.kavstal.ru/public/assets/images/products/KACHESTVENNYE_STALI/FLANTSY_STALNYE/img.webp,"качественные стали;фланцы стальные;фланец стальной воротниковый ду воротниковый, сталь py40;80","Фланец стальной воротниковый Ду воротниковый, сталь Py40",80,,шт
Детали трубопроводов,Фланцы стальные,"Фланец стальной воротниковый Ду воротниковый, сталь Py40","Фланцы стальные 100 Фланец стальной воротниковый Ду воротниковый, сталь Py40","Фланцы стальные марки Фланец стальной воротниковый Ду воротниковый, сталь Py40, размер 100",100,1490,шт,1,0,0,https://www.kavstal.ru/public/assets/images/products/KACHESTVENNYE_STALI/FLANTSY_STALNYE/img.webp,"качественные стали;фланцы стальные;фланец стальной воротниковый ду воротниковый, сталь py40;100","Фланец стальной воротниковый Ду воротниковый, сталь Py40",100,,шт
Детали трубопроводов,Фланцы стальные,"Фланец стальной воротниковый Ду воротниковый, сталь Py40","Фланцы стальные 150 Фланец стальной воротниковый Ду воротниковый, сталь Py40","Фланцы стальные марки Фланец стальной воротниковый Ду воротниковый, сталь Py40, размер 150",150,2890,шт,1,0,0,https://www.kavstal.ru/public/assets/images/products/KACHESTVENNYE_STALI/FLANTSY_STALNYE/img.webp,"качественные стали;фланцы стальные;фланец стальной воротниковый ду воротниковый, сталь py40;150","Фланец стальной воротниковый Ду воротниковый, сталь Py40",150,,шт
Детали трубопроводов,Фланцы стальные,"Фланец стальной воротниковый Ду воротниковый, сталь Py40","Фланцы стальные 200 Фланец стальной воротниковый Ду воротниковый, сталь Py40","Фланцы стальные марки Фланец стальной воротниковый Ду воротниковый, сталь Py40, размер 200",200,6582,шт,1,0,0,https://www.kavstal.ru/public/assets/images/products/KACHESTVENNYE_STALI/FLANTSY_STALNYE/img.webp,"качественные стали;фланцы стальные;фланец стальной воротниковый ду воротниковый, сталь py40;200","Фланец стальной воротниковый Ду воротниковый, сталь Py40",200,,шт
Детали трубопроводов,Фланцы стальные,Фланец стальной плоский Ду сталь Py10,Фланцы стальные 15 Фланец стальной плоский Ду сталь Py10,"Фланцы стальные марки Фланец стальной плоский Ду сталь Py10, размер 15",15,115,шт,1,0,0,https://www.kavstal.ru/public/assets/images/products/KACHESTVENNYE_STALI/FLANTSY_STALNYE/img.webp,качественные стали;фланцы стальные;фланец стальной плоский ду сталь py10;15,Фланец стальной плоский Ду сталь Py10,15,,шт
Детали трубопроводов,Фланцы стальные,Фланец стальной плоский Ду сталь Py10,Фланцы стальные 20 Фланец стальной плоский Ду сталь Py10,"Фланцы стальные марки Фланец стальной плоский Ду сталь Py10, размер 20",20,153,шт,1,0,0,https://www.kavstal.ru/public/assets/images/products/KACHESTVENNYE_STALI/FLANTSY_STALNYE/img.webp,качественные стали;фланцы стальные;фланец стальной плоский ду сталь py10;20,Фланец стальной плоский Ду сталь Py10,20,,шт
Детали трубопроводов,Фланцы стальные,Фланец стальной плоский Ду сталь Py10,Фланцы стальные 25 Фланец стальной плоский Ду сталь Py10,"Фланцы стальные марки Фланец стальной плоский Ду сталь Py10, размер 25",25,170,шт,1,0,0,https://www.kavstal.ru/public/assets/images/products/KACHESTVENNYE_STALI/FLANTSY_STALNYE/img.webp,качественные стали;фланцы стальные;фланец стальной плоский ду сталь py10;25,Фланец стальной плоский Ду сталь Py10,25,,шт
Детали трубопроводов,Фланцы стальные,Фланец стальной плоский Ду сталь Py10,Фланцы стальные 32 Фланец стальной плоский Ду сталь Py10,"Фланцы стальные марки Фланец стальной плоский Ду сталь Py10, размер 32",32,240,шт,1,0,0,https://www.kavstal.ru/public/assets/images/products/KACHESTVENNYE_STALI/FLANTSY_STALNYE/img.webp,качественные стали;фланцы стальные;фланец стальной плоский ду сталь py10;32,Фланец стальной плоский Ду сталь Py10,32,,шт
Детали трубопроводов,Фланцы стальные,Фланец стальной плоский Ду сталь Py10,Фланцы стальные 40 Фланец стальной плоский Ду сталь Py10,"Фланцы стальные марки Фланец стальной плоский Ду сталь Py10, размер 40",40,290,шт,1,0,0,https://www.kavstal.ru/public/assets/images/products/KACHESTVENNYE_STALI/FLANTSY_STALNYE/img.webp,качественные стали;фланцы стальные;фланец стальной плоский ду сталь py10;40,Фланец стальной плоский Ду сталь Py10,40,,шт
Детали трубопроводов,Фланцы стальные,Фланец стальной плоский Ду сталь Py10,Фланцы стальные 50 Фланец стальной плоский Ду сталь Py10,"Фланцы стальные марки Фланец стальной плоский Ду сталь Py10, размер 50",50,310,шт,1,0,0,https://www.kavstal.ru/public/assets/images/products/KACHESTVENNYE_STALI/FLANTSY_STALNYE/img.webp,качественные стали;фланцы стальные;фланец стальной плоский ду сталь py10;50,Фланец стальной плоский Ду сталь Py10,50,,шт
Детали трубопроводов,Фланцы стальные,Фланец стальной плоский Ду сталь Py10,Фланцы стальные 65 Фланец стальной плоский Ду сталь Py10,"Фланцы стальные марки Фланец стальной плоский Ду сталь Py10, размер 65",65,440,шт,1,0,0,https://www.kavstal.ru/public/assets/images/products/KACHESTVENNYE_STALI/FLANTSY_STALNYE/img.webp,качественные стали;фланцы стальные;фланец стальной плоский ду сталь py10;65,Фланец стальной плоский Ду сталь Py10,65,,шт
Детали трубопроводов,Фланцы стальные,Фланец стальной плоский Ду сталь Py10,Фланцы стальные 80 Фланец стальной плоский Ду сталь Py10,"Фланцы стальные марки Фланец стальной плоский Ду сталь Py10, размер 80",80,505,шт,1,0,0,https://www.kavstal.ru/public/assets/images/products/KACHESTVENNYE_STALI/FLANTSY_STALNYE/img.webp,качественные стали;фланцы стальные;фланец стальной плоский ду сталь py10;80,Фланец стальной плоский Ду сталь Py10,80,,шт
Детали трубопроводов,Фланцы стальные,Фланец стальной плоский Ду сталь Py10,Фланцы стальные 100 Фланец стальной плоский Ду сталь Py10,"Фланцы стальные марки Фланец стальной плоский Ду сталь Py10, размер 100",100,689,шт,1,0,0,https://www.kavstal.ru/public/assets/images/products/KACHESTVENNYE_STALI/FLANTSY_STALNYE/img.webp,качественные стали;фланцы стальные;фланец стальной плоский ду сталь py10;100,Фланец стальной плоский Ду сталь Py10,100,,шт
Детали трубопроводов,Фланцы стальные,Фланец стальной плоский Ду сталь Py10,Фланцы стальные 125 Фланец стальной плоский Ду сталь Py10,"Фланцы стальные марки Фланец стальной плоский Ду сталь Py10, размер 125",125,830,шт,1,0,0,https://www.kavstal.ru/public/assets/images/products/KACHESTVENNYE_STALI/FLANTSY_STALNYE/img.webp,качественные стали;фланцы стальные;фланец стальной плоский ду сталь py10;125,Фланец стальной плоский Ду сталь Py10,125,,шт
Детали трубопроводов,Фланцы стальные,Фланец стальной плоский Ду сталь Py10,Фланцы стальные 150 Фланец стальной плоский Ду сталь Py10,"Фланцы стальные марки Фланец стальной плоский Ду сталь Py10, размер 150",150,1075,шт,1,0,0,https://www.kavstal.ru/public/assets/images/products/KACHESTVENNYE_STALI/FLANTSY_STALNYE/img.webp,качественные стали;фланцы стальные;фланец стальной плоский ду сталь py10;150,Фланец стальной плоский Ду сталь Py10,150,,шт
Детали трубопроводов,Фланцы стальные,Фланец стальной плоский Ду сталь Py10,Фланцы стальные 200 Фланец стальной плоский Ду сталь Py10,"Фланцы стальные марки Фланец стальной плоский Ду сталь Py10, размер 200",200,1299,шт,1,0,0,https://www.kavstal.ru/public/assets/images/products/KACHESTVENNYE_STALI/FLANTSY_STALNYE/img.webp,качественные стали;фланцы стальные;фланец стальной плоский ду сталь py10;200,Фланец стальной плоский Ду сталь Py10,200,,шт
Детали трубопроводов,Фланцы стальные,Фланец стальной плоский Ду сталь Py10,Фланцы стальные 250 Фланец стальной плоский Ду сталь Py10,"Фланцы стальные марки Фланец стальной плоский Ду сталь Py10, размер 250",250,1999,шт,1,0,0,https://www.kavstal.ru/public/assets/images/products/KACHESTVENNYE_STALI/FLANTSY_STALNYE/img.webp,качественные стали;фланцы стальные;фланец стальной плоский ду сталь py10;250,Фланец стальной плоский Ду сталь Py10,250,,шт
Детали трубопроводов,Фланцы стальные,Фланец стальной плоский Ду сталь Py10,Фланцы стальные 300 Фланец стальной плоский Ду сталь Py10,"Фланцы стальные марки Фланец стальной плоский Ду сталь Py10, размер 300",300,3178,шт,1,0,0,https://www.kavstal.ru/public/assets/images/products/KACHESTVENNYE_STALI/FLANTSY_STALNYE/img.webp,качественные стали;фланцы стальные;фланец стальной плоский ду сталь py10;300,Фланец стальной плоский Ду сталь Py10,300,,шт
Детали трубопроводов,Фланцы стальные,Фланец стальной плоский Ду сталь Py10,Фланцы стальные 350 Фланец стальной плоский Ду сталь Py10,"Фланцы стальные марки Фланец стальной плоский Ду сталь Py10, размер 350",350,4740,шт,1,0,0,https://www.kavstal.ru/public/assets/images/products/KACHESTVENNYE_STALI/FLANTSY_STALNYE/img.webp,качественные стали;фланцы стальные;фланец стальной плоский ду сталь py10;350,Фланец стальной плоский Ду сталь Py10,350,,шт
Детали трубопроводов,Фланцы стальные,Фланец стальной плоский Ду сталь Py10,Фланцы стальные 400 Фланец стальной плоский Ду сталь Py10,"Фланцы стальные марки Фланец стальной плоский Ду сталь Py10, размер 400",400,4150,шт,1,0,0,https://www.kavstal.ru/public/assets/images/products/KACHESTVENNYE_STALI/FLANTSY_STALNYE/img.webp,качественные стали;фланцы стальные;фланец стальной плоский ду сталь py10;400,Фланец стальной плоский Ду сталь Py10,400,,шт
Детали трубопроводов,Фланцы стальные,Фланец стальной плоский Ду сталь Py10,Фланцы стальные 500 Фланец стальной плоский Ду сталь Py10,"Фланцы стальные марки Фланец стальной плоский Ду сталь Py10, размер 500",500,6500,шт,1,0,0,https://www.kavstal.ru/public/assets/images/products/KACHESTVENNYE_STALI/FLANTSY_STALNYE/img.webp,качественные стали;фланцы стальные;фланец стальной плоский ду сталь py10;500,Фланец стальной плоский Ду сталь Py10,500,,шт
Детали трубопроводов,Фланцы стальные,Фланец стальной плоский Ду сталь Py16,Фланцы стальные 15 Фланец стальной плоский Ду сталь Py16,"Фланцы стальные марки Фланец стальной плоский Ду сталь Py16, размер 15",15,116,шт,1,0,0,https://www.kavstal.ru/public/assets/images/products/KACHESTVENNYE_STALI/FLANTSY_STALNYE/img.webp,качественные стали;фланцы стальные;фланец стальной плоский ду сталь py16;15,Фланец стальной плоский Ду сталь Py16,15,,шт
Детали трубопроводов,Фланцы стальные,Фланец стальной плоский Ду сталь Py16,Фланцы стальные 20 Фланец стальной плоский Ду сталь Py16,"Фланцы стальные марки Фланец стальной плоский Ду сталь Py16, размер 20",20,160,шт,1,0,0,https://www.kavstal.ru/public/assets/images/products/KACHESTVENNYE_STALI/FLANTSY_STALNYE/img.webp,качественные стали;фланцы стальные;фланец стальной плоский ду сталь py16;20,Фланец стальной плоский Ду сталь Py16,20,,шт
Детали трубопроводов,Фланцы стальные,Фланец стальной плоский Ду сталь Py16,Фланцы стальные 25 Фланец стальной плоский Ду сталь Py16,"Фланцы стальные марки Фланец стальной плоский Ду сталь Py16, размер 25",25,201,шт,1,0,0,https://www.kavstal.ru/public/assets/images/products/KACHESTVENNYE_STALI/FLANTSY_STALNYE/img.webp,качественные стали;фланцы стальные;фланец стальной плоский ду сталь py16;25,Фланец стальной плоский Ду сталь Py16,25,,шт
Детали трубопроводов,Фланцы стальные,Фланец стальной плоский Ду сталь Py16,Фланцы стальные 32 Фланец стальной плоский Ду сталь Py16,"Фланцы стальные марки Фланец стальной плоский Ду сталь Py16, размер 32",32,271,шт,1,0,0,https://www.kavstal.ru/public/assets/images/products/KACHESTVENNYE_STALI/FLANTSY_STALNYE/img.webp,качественные стали;фланцы стальные;фланец стальной плоский ду сталь py16;32,Фланец стальной плоский Ду сталь Py16,32,,шт
Детали трубопроводов,Фланцы стальные,Фланец стальной плоский Ду сталь Py16,Фланцы стальные 40 Фланец стальной плоский Ду сталь Py16,"Фланцы стальные марки Фланец стальной плоский Ду сталь Py16, размер 40",40,316,шт,1,0,0,https://www.kavstal.ru/public/assets/images/products/KACHESTVENNYE_STALI/FLANTSY_STALNYE/img.webp,качественные стали;фланцы стальные;фланец стальной плоский ду сталь py16;40,Фланец стальной плоский Ду сталь Py16,40,,шт
Детали трубопроводов,Фланцы стальные,Фланец стальной плоский Ду сталь Py16,Фланцы стальные 50 Фланец стальной плоский Ду сталь Py16,"Фланцы стальные марки Фланец стальной плоский Ду сталь Py16, размер 50",50,340,шт,1,0,0,https://www.kavstal.ru/public/assets/images/products/KACHESTVENNYE_STALI/FLANTSY_STALNYE/img.webp,качественные стали;фланцы стальные;фланец стальной плоский ду сталь py16;50,Фланец стальной плоский Ду сталь Py16,50,,шт
Детали трубопроводов,Фланцы стальные,Фланец стальной плоский Ду сталь Py16,Фланцы стальные 65 Фланец стальной плоский Ду сталь Py16,"Фланцы стальные марки Фланец стальной плоский Ду сталь Py16, размер 65",65,449,шт,1,0,0,https://www.kavstal.ru/public/assets/images/products/KACHESTVENNYE_STALI/FLANTSY_STALNYE/img.webp,качественные стали;фланцы стальные;фланец стальной плоский ду сталь py16;65,Фланец стальной плоский Ду сталь Py16,65,,шт
Детали трубопроводов,Фланцы стальные,Фланец стальной плоский Ду сталь Py16,Фланцы стальные 80 Фланец стальной плоский Ду сталь Py16,"Фланцы стальные марки Фланец стальной плоский Ду сталь Py16, размер 80",80,590,шт,1,0,0,https://www.kavstal.ru/public/assets/images/products/KACHESTVENNYE_STALI/FLANTSY_STALNYE/img.webp,качественные стали;фланцы стальные;фланец стальной плоский ду сталь py16;80,Фланец стальной плоский Ду сталь Py16,80,,шт
Детали трубопроводов,Фланцы стальные,Фланец стальной плоский Ду сталь Py16,Фланцы стальные 100 Фланец стальной плоский Ду сталь Py16,"Фланцы стальные марки Фланец стальной плоский Ду сталь Py16, размер 100",100,0,шт,1,0,0,https://www.kavstal.ru/public/assets/images/products/KACHESTVENNYE_STALI/FLANTSY_STALNYE/img.webp,качественные стали;фланцы стальные;фланец стальной плоский ду сталь py16;100,Фланец стальной плоский Ду сталь Py16,100,,шт
Детали трубопроводов,Фланцы стальные,Фланец стальной плоский Ду сталь Py16,Фланцы стальные 100 Фланец стальной плоский Ду сталь Py16,"Фланцы стальные марки Фланец стальной плоский Ду сталь Py16, размер 100",100,750,шт,1,0,0,https://www.kavstal.ru/public/assets/images/products/KACHESTVENNYE_STALI/FLANTSY_STALNYE/img.webp,качественные стали;фланцы стальные;фланец стальной плоский ду сталь py16;100,Фланец стальной плоский Ду сталь Py16,100,,шт
Детали трубопроводов,Фланцы стальные,Фланец стальной плоский Ду сталь Py16,Фланцы стальные 150 Фланец стальной плоский Ду сталь Py16,"Фланцы стальные марки Фланец стальной плоский Ду сталь Py16, размер 150",150,1189,шт,1,0,0,https://www.kavstal.ru/public/assets/images/products/KACHESTVENNYE_STALI/FLANTSY_STALNYE/img.webp,качественные стали;фланцы стальные;фланец стальной плоский ду сталь py16;150,Фланец стальной плоский Ду сталь Py16,150,,шт
Детали трубопроводов,Фланцы стальные,Фланец стальной плоский Ду сталь Py16,Фланцы стальные 200 Фланец стальной плоский Ду сталь Py16,"Фланцы стальные марки Фланец стальной плоский Ду сталь Py16, размер 200",200,0,шт,1,0,0,https://www.kavstal.ru/public/assets/images/products/KACHESTVENNYE_STALI/FLANTSY_STALNYE/img.webp,качественные стали;фланцы стальные;фланец стальной плоский ду сталь py16;200,Фланец стальной плоский Ду сталь Py16,200,,шт
Детали трубопроводов,Фланцы стальные,Фланец стальной плоский Ду сталь Py16,Фланцы стальные 200 Фланец стальной плоский Ду сталь Py16,"Фланцы стальные марки Фланец стальной плоский Ду сталь Py16, размер 200",200,1720,шт,1,0,0,https://www.kavstal.ru/public/assets/images/products/KACHESTVENNYE_STALI/FLANTSY_STALNYE/img.webp,качественные стали;фланцы стальные;фланец стальной плоский ду сталь py16;200,Фланец стальной плоский Ду сталь Py16,200,,шт
Детали трубопроводов,Фланцы стальные,Фланец стальной плоский Ду сталь Py16,Фланцы стальные 250 Фланец стальной плоский Ду сталь Py16,"Фланцы стальные марки Фланец стальной плоский Ду сталь Py16, размер 250",250,2599,шт,1,0,0,https://www.kavstal.ru/public/assets/images/products/KACHESTVENNYE_STALI/FLANTSY_STALNYE/img.webp,качественные стали;фланцы стальные;фланец стальной плоский ду сталь py16;250,Фланец стальной плоский Ду сталь Py16,250,,шт
Детали трубопроводов,Фланцы стальные,Фланец стальной плоский Ду сталь Py16,Фланцы стальные 300 Фланец стальной плоский Ду сталь Py16,"Фланцы стальные марки Фланец стальной плоский Ду сталь Py16, размер 300",300,3797,шт,1,0,0,https://www.kavstal.ru/public/assets/images/products/KACHESTVENNYE_STALI/FLANTSY_STALNYE/img.webp,качественные стали;фланцы стальные;фланец стальной плоский ду сталь py16;300,Фланец стальной плоский Ду сталь Py16,300,,шт
Детали трубопроводов,Фланцы стальные,Фланец стальной плоский Ду сталь Py16,Фланцы стальные 350 Фланец стальной плоский Ду сталь Py16,"Фланцы стальные марки Фланец стальной плоский Ду сталь Py16, размер 350",350,4350,шт,1,0,0,https://www.kavstal.ru/public/assets/images/products/KACHESTVENNYE_STALI/FLANTSY_STALNYE/img.webp,качественные стали;фланцы стальные;фланец стальной плоский ду сталь py16;350,Фланец стальной плоский Ду сталь Py16,350,,шт
Детали трубопроводов,Фланцы стальные,Фланец стальной плоский Ду сталь Py16,Фланцы стальные 400 Фланец стальной плоский Ду сталь Py16,"Фланцы стальные марки Фланец стальной плоский Ду сталь Py16, размер 400",400,4999,шт,1,0,0,https://www.kavstal.ru/public/assets/images/products/KACHESTVENNYE_STALI/FLANTSY_STALNYE/img.webp,качественные стали;фланцы стальные;фланец стальной плоский ду сталь py16;400,Фланец стальной плоский Ду сталь Py16,400,,шт
Детали трубопроводов,Фланцы стальные,Фланец стальной плоский Ду сталь Py16,Фланцы стальные 500 Фланец стальной плоский Ду сталь Py16,"Фланцы стальные марки Фланец стальной плоский Ду сталь Py16, размер 500",500,10250,шт,1,0,0,https://www.kavstal.ru/public/assets/images/products/KACHESTVENNYE_STALI/FLANTSY_STALNYE/img.webp,качественные стали;фланцы стальные;фланец стальной плоский ду сталь py16;500,Фланец стальной плоский Ду сталь Py16,500,,шт
Детали трубопроводов,Фланцы стальные,Фланец стальной плоский Ду сталь Py16,Фланцы стальные 600 Фланец стальной плоский Ду сталь Py16,"Фланцы стальные марки Фланец стальной плоский Ду сталь Py16, размер 600",600,11750,шт,1,0,0,https://www.kavstal.ru/public/assets/images/products/KACHESTVENNYE_STALI/FLANTSY_STALNYE/img.webp,качественные стали;фланцы стальные;фланец стальной плоский ду сталь py16;600,Фланец стальной плоский Ду сталь Py16,600,,шт
Детали трубопроводов,Фланцы стальные,Фланец стальной плоский Ду сталь Py25,Фланцы стальные 15 Фланец стальной плоский Ду сталь Py25,"Фланцы стальные марки Фланец стальной плоский Ду сталь Py25, размер 15",15,150,шт,1,0,0,https://www.kavstal.ru/public/assets/images/products/KACHESTVENNYE_STALI/FLANTSY_STALNYE/img.webp,качественные стали;фланцы стальные;фланец стальной плоский ду сталь py25;15,Фланец стальной плоский Ду сталь Py25,15,,шт
Детали трубопроводов,Фланцы стальные,Фланец стальной плоский Ду сталь Py25,Фланцы стальные 20 Фланец стальной плоский Ду сталь Py25,"Фланцы стальные марки Фланец стальной плоский Ду сталь Py25, размер 20 ; 25",20,190,шт,1,0,0,https://www.kavstal.ru/public/assets/images/products/KACHESTVENNYE_STALI/FLANTSY_STALNYE/img.webp,качественные стали;фланцы стальные;фланец стальной плоский ду сталь py25;20;25,Фланец стальной плоский Ду сталь Py25,20 ; 25,,шт
Детали трубопроводов,Фланцы стальные,Фланец стальной плоский Ду сталь Py25,Фланцы стальные 32 Фланец стальной плоский Ду сталь Py25,"Фланцы стальные марки Фланец стальной плоский Ду сталь Py25, размер 32",32,337,шт,1,0,0,https://www.kavstal.ru/public/assets/images/products/KACHESTVENNYE_STALI/FLANTSY_STALNYE/img.webp,качественные стали;фланцы стальные;фланец стальной плоский ду сталь py25;32,Фланец стальной плоский Ду сталь Py25,32,,шт
Детали трубопроводов,Фланцы стальные,Фланец стальной плоский Ду сталь Py25,Фланцы стальные 40 Фланец стальной плоский Ду сталь Py25,"Фланцы стальные марки Фланец стальной плоский Ду сталь Py25, размер 40",40,370,шт,1,0,0,https://www.kavstal.ru/public/assets/images/products/KACHESTVENNYE_STALI/FLANTSY_STALNYE/img.webp,качественные стали;фланцы стальные;фланец стальной плоский ду сталь py25;40,Фланец стальной плоский Ду сталь Py25,40,,шт
Детали трубопроводов,Фланцы стальные,Фланец стальной плоский Ду сталь Py25,Фланцы стальные 50 Фланец стальной плоский Ду сталь Py25,"Фланцы стальные марки Фланец стальной плоский Ду сталь Py25, размер 50",50,410,шт,1,0,0,https://www.kavstal.ru/public/assets/images/products/KACHESTVENNYE_STALI/FLANTSY_STALNYE/img.webp,качественные стали;фланцы стальные;фланец стальной плоский ду сталь py25;50,Фланец стальной плоский Ду сталь Py25,50,,шт
Детали трубопроводов,Фланцы стальные,Фланец стальной плоский Ду сталь Py25,Фланцы стальные 65 Фланец стальной плоский Ду сталь Py25,"Фланцы стальные марки Фланец стальной плоский Ду сталь Py25, размер 65",65,540,шт,1,0,0,https://www.kavstal.ru/public/assets/images/products/KACHESTVENNYE_STALI/FLANTSY_STALNYE/img.webp,качественные стали;фланцы стальные;фланец стальной плоский ду сталь py25;65,Фланец стальной плоский Ду сталь Py25,65,,шт
Детали трубопроводов,Фланцы стальные,Фланец стальной плоский Ду сталь Py25,Фланцы стальные 80 Фланец стальной плоский Ду сталь Py25,"Фланцы стальные марки Фланец стальной плоский Ду сталь Py25, размер 80",80,635,шт,1,0,0,https://www.kavstal.ru/public/assets/images/products/KACHESTVENNYE_STALI/FLANTSY_STALNYE/img.webp,качественные стали;фланцы стальные;фланец стальной плоский ду сталь py25;80,Фланец стальной плоский Ду сталь Py25,80,,шт
Детали трубопроводов,Фланцы стальные,Фланец стальной плоский Ду сталь Py25,Фланцы стальные 100 Фланец стальной плоский Ду сталь Py25,"Фланцы стальные марки Фланец стальной плоский Ду сталь Py25, размер 100",100,975,шт,1,0,0,https://www.kavstal.ru/public/assets/images/products/KACHESTVENNYE_STALI/FLANTSY_STALNYE/img.webp,качественные стали;фланцы стальные;фланец стальной плоский ду сталь py25;100,Фланец стальной плоский Ду сталь Py25,100,,шт
Детали трубопроводов,Фланцы стальные,Фланец стальной плоский Ду сталь Py25,Фланцы стальные 125 Фланец стальной плоский Ду сталь Py25,"Фланцы стальные марки Фланец стальной плоский Ду сталь Py25, размер 125",125,1785,шт,1,0,0,https://www.kavstal.ru/public/assets/images/products/KACHESTVENNYE_STALI/FLANTSY_STALNYE/img.webp,качественные стали;фланцы стальные;фланец стальной плоский ду сталь py25;125,Фланец стальной плоский Ду сталь Py25,125,,шт
Детали трубопроводов,Фланцы стальные,Фланец стальной плоский Ду сталь Py25,Фланцы стальные 150 Фланец стальной плоский Ду сталь Py25,"Фланцы стальные марки Фланец стальной плоский Ду сталь Py25, размер 150",150,1635,шт,1,0,0,https://www.kavstal.ru/public/assets/images/products/KACHESTVENNYE_STALI/FLANTSY_STALNYE/img.webp,качественные стали;фланцы стальные;фланец стальной плоский ду сталь py25;150,Фланец стальной плоский Ду сталь Py25,150,,шт
Детали трубопроводов,Фланцы стальные,Фланец стальной плоский Ду сталь Py25,Фланцы стальные 200 Фланец стальной плоский Ду сталь Py25,"Фланцы стальные марки Фланец стальной плоский Ду сталь Py25, размер 200",200,2771,шт,1,0,0,https://www.kavstal.ru/public/assets/images/products/KACHESTVENNYE_STALI/FLANTSY_STALNYE/img.webp,качественные стали;фланцы стальные;фланец стальной плоский ду сталь py25;200,Фланец стальной плоский Ду сталь Py25,200,,шт
Детали трубопроводов,Фланцы стальные,Фланец стальной плоский Ду сталь Py25,Фланцы стальные 250 Фланец стальной плоский Ду сталь Py25,"Фланцы стальные марки Фланец стальной плоский Ду сталь Py25, размер 250",250,4620,шт,1,0,0,https://www.kavstal.ru/public/assets/images/products/KACHESTVENNYE_STALI/FLANTSY_STALNYE/img.webp,качественные стали;фланцы стальные;фланец стальной плоский ду сталь py25;250,Фланец стальной плоский Ду сталь Py25,250,,шт
Детали трубопроводов,Фланцы стальные,Фланец стальной плоский Ду сталь Py25,Фланцы стальные 300 Фланец стальной плоский Ду сталь Py25,"Фланцы стальные марки Фланец стальной плоский Ду сталь Py25, размер 300",300,6500,шт,1,0,0,https://www.kavstal.ru/public/assets/images/products/KACHESTVENNYE_STALI/FLANTSY_STALNYE/img.webp,качественные стали;фланцы стальные;фланец стальной плоский ду сталь py25;300,Фланец стальной плоский Ду сталь Py25,300,,шт
Детали трубопроводов,Фланцы стальные,Фланец стальной плоский Ду сталь Py6,Фланцы стальные 32 Фланец стальной плоский Ду сталь Py6,"Фланцы стальные марки Фланец стальной плоский Ду сталь Py6, размер 32",32,243,шт,1,0,0,https://www.kavstal.ru/public/assets/images/products/KACHESTVENNYE_STALI/FLANTSY_STALNYE/img.webp,качественные стали;фланцы стальные;фланец стальной плоский ду сталь py6;32,Фланец стальной плоский Ду сталь Py6,32,,шт
Детали трубопроводов,Фланцы стальные,Фланец стальной плоский Ду сталь Py6,Фланцы стальные 40 Фланец стальной плоский Ду сталь Py6,"Фланцы стальные марки Фланец стальной плоский Ду сталь Py6, размер 40",40,294,шт,1,0,0,https://www.kavstal.ru/public/assets/images/products/KACHESTVENNYE_STALI/FLANTSY_STALNYE/img.webp,качественные стали;фланцы стальные;фланец стальной плоский ду сталь py6;40,Фланец стальной плоский Ду сталь Py6,40,,шт
Детали трубопроводов,Фланцы стальные,Фланец стальной плоский Ду сталь Py6,Фланцы стальные 50 Фланец стальной плоский Ду сталь Py6,"Фланцы стальные марки Фланец стальной плоский Ду сталь Py6, размер 50",50,299,шт,1,0,0,https://www.kavstal.ru/public/assets/images/products/KACHESTVENNYE_STALI/FLANTSY_STALNYE/img.webp,качественные стали;фланцы стальные;фланец стальной плоский ду сталь py6;50,Фланец стальной плоский Ду сталь Py6,50,,шт
Детали трубопроводов,Фланцы стальные,Фланец стальной плоский Ду сталь Py6,Фланцы стальные 65 Фланец стальной плоский Ду сталь Py6,"Фланцы стальные марки Фланец стальной плоский Ду сталь Py6, размер 65",65,428,шт,1,0,0,https://www.kavstal.ru/public/assets/images/products/KACHESTVENNYE_STALI/FLANTSY_STALNYE/img.webp,качественные стали;фланцы стальные;фланец стальной плоский ду сталь py6;65,Фланец стальной плоский Ду сталь Py6,65,,шт
Детали трубопроводов,Фланцы стальные,Фланец стальной плоский Ду сталь Py6,Фланцы стальные 80 Фланец стальной плоский Ду сталь Py6,"Фланцы стальные марки Фланец стальной плоский Ду сталь Py6, размер 80",80,660,шт,1,0,0,https://www.kavstal.ru/public/assets/images/products/KACHESTVENNYE_STALI/FLANTSY_STALNYE/img.webp,качественные стали;фланцы стальные;фланец стальной плоский ду сталь py6;80,Фланец стальной плоский Ду сталь Py6,80,,шт
Детали трубопроводов,Фланцы стальные,Фланец стальной плоский Ду сталь Py6,Фланцы стальные 100 Фланец стальной плоский Ду сталь Py6,"Фланцы стальные марки Фланец стальной плоский Ду сталь Py6, размер 100",100,670,шт,1,0,0,https://www.kavstal.ru/public/assets/images/products/KACHESTVENNYE_STALI/FLANTSY_STALNYE/img.webp,качественные стали;фланцы стальные;фланец стальной плоский ду сталь py6;100,Фланец стальной плоский Ду сталь Py6,100,,шт
Детали трубопроводов,Фланцы стальные,Фланец стальной плоский Ду сталь Py6,Фланцы стальные 125 Фланец стальной плоский Ду сталь Py6,"Фланцы стальные марки Фланец стальной плоский Ду сталь Py6, размер 125",125,1156,шт,1,0,0,https://www.kavstal.ru/public/assets/images/products/KACHESTVENNYE_STALI/FLANTSY_STALNYE/img.webp,качественные стали;фланцы стальные;фланец стальной плоский ду сталь py6;125,Фланец стальной плоский Ду сталь Py6,125,,шт
Детали трубопроводов,Фланцы стальные,Фланец стальной плоский Ду сталь Py6,Фланцы стальные 150 Фланец стальной плоский Ду сталь Py6,"Фланцы стальные марки Фланец стальной плоский Ду сталь Py6, размер 150",150,1430,шт,1,0,0,https://www.kavstal.ru/public/assets/images/products/KACHESTVENNYE_STALI/FLANTSY_STALNYE/img.webp,качественные стали;фланцы стальные;фланец стальной плоский ду сталь py6;150,Фланец стальной плоский Ду сталь Py6,150,,шт
Детали трубопроводов,Фланцы стальные,Фланец стальной плоский Ду НЕКОНДИЦИЯ сталь Py10,Фланцы стальные 125 Фланец стальной плоский Ду НЕКОНДИЦИЯ сталь Py10,"Фланцы стальные марки Фланец стальной плоский Ду НЕКОНДИЦИЯ сталь Py10, размер 125 ; 150",125,0,шт,1,0,0,https://www.kavstal.ru/public/assets/images/products/KACHESTVENNYE_STALI/FLANTSY_STALNYE/img.webp,качественные стали;фланцы стальные;фланец стальной плоский ду некондиция сталь py10;125;150,Фланец стальной плоский Ду НЕКОНДИЦИЯ сталь Py10,125 ; 150,,шт
Детали трубопроводов,Фланцы стальные,Фланец стальной плоский Ду НЕКОНДИЦИЯ сталь Py25,Фланцы стальные 200 Фланец стальной плоский Ду НЕКОНДИЦИЯ сталь Py25,"Фланцы стальные марки Фланец стальной плоский Ду НЕКОНДИЦИЯ сталь Py25, размер 200",200,0,шт,1,0,0,https://www.kavstal.ru/public/assets/images/products/KACHESTVENNYE_STALI/FLANTSY_STALNYE/img.webp,качественные стали;фланцы стальные;фланец стальной плоский ду некондиция сталь py25;200,Фланец стальной плоский Ду НЕКОНДИЦИЯ сталь Py25,200,,шт
Детали трубопроводов,Фланцы стальные,Фланец стальной плоский Ду НЕКОНДИЦИЯ сталь Py6,Фланцы стальные 50 Фланец стальной плоский Ду НЕКОНДИЦИЯ сталь Py6,"Фланцы стальные марки Фланец стальной плоский Ду НЕКОНДИЦИЯ сталь Py6, размер 50",50,0,шт,1,0,0,https://www.kavstal.ru/public/assets/images/products/KACHESTVENNYE_STALI/FLANTSY_STALNYE/img.webp,качественные стали;фланцы стальные;фланец стальной плоский ду некондиция сталь py6;50,Фланец стальной плоский Ду НЕКОНДИЦИЯ сталь Py6,50,,шт
Детали трубопроводов,Заглушки стальные,Заглушка фланцевая Ру10,Заглушки стальные 200 Заглушка фланцевая Ру10,"Заглушки стальные марки Заглушка фланцевая Ру10, размер 200",200,1769,шт,1,0,0,https://www.kavstal.ru/public/assets/images/products/KACHESTVENNYE_STALI/ZAGLUSHKI_STALNYE/img.webp,качественные стали;заглушки стальные;заглушка фланцевая ру10;200,Заглушка фланцевая Ру10,200,,шт
Детали трубопроводов,Заглушки стальные,Заглушка фланцевая Ру16,Заглушки стальные 50 Заглушка фланцевая Ру16,"Заглушки стальные марки Заглушка фланцевая Ру16, размер 50",50,364,шт,1,0,0,https://www.kavstal.ru/public/assets/images/products/KACHESTVENNYE_STALI/ZAGLUSHKI_STALNYE/img.webp,качественные стали;заглушки стальные;заглушка фланцевая ру16;50,Заглушка фланцевая Ру16,50,,шт
Детали трубопроводов,Заглушки стальные,Заглушка фланцевая Ру16,Заглушки стальные 65 Заглушка фланцевая Ру16,"Заглушки стальные марки Заглушка фланцевая Ру16, размер 65",65,395,шт,1,0,0,https://www.kavstal.ru/public/assets/images/products/KACHESTVENNYE_STALI/ZAGLUSHKI_STALNYE/img.webp,качественные стали;заглушки стальные;заглушка фланцевая ру16;65,Заглушка фланцевая Ру16,65,,шт
Детали трубопроводов,Заглушки стальные,Заглушка фланцевая Ру16,Заглушки стальные 80 Заглушка фланцевая Ру16,"Заглушки стальные марки Заглушка фланцевая Ру16, размер 80",80,524,шт,1,0,0,https://www.kavstal.ru/public/assets/images/products/KACHESTVENNYE_STALI/ZAGLUSHKI_STALNYE/img.webp,качественные стали;заглушки стальные;заглушка фланцевая ру16;80,Заглушка фланцевая Ру16,80,,шт
Детали трубопроводов,Заглушки стальные,Заглушка фланцевая Ру16,Заглушки стальные 100 Заглушка фланцевая Ру16,"Заглушки стальные марки Заглушка фланцевая Ру16, размер 100",100,620,шт,1,0,0,https://www.kavstal.ru/public/assets/images/products/KACHESTVENNYE_STALI/ZAGLUSHKI_STALNYE/img.webp,качественные стали;заглушки стальные;заглушка фланцевая ру16;100,Заглушка фланцевая Ру16,100,,шт
Детали трубопроводов,Заглушки стальные,Заглушка фланцевая Ру16,Заглушки стальные 125 Заглушка фланцевая Ру16,"Заглушки стальные марки Заглушка фланцевая Ру16, размер 125",125,625,шт,1,0,0,https://www.kavstal.ru/public/assets/images/products/KACHESTVENNYE_STALI/ZAGLUSHKI_STALNYE/img.webp,качественные стали;заглушки стальные;заглушка фланцевая ру16;125,Заглушка фланцевая Ру16,125,,шт
Детали трубопроводов,Заглушки стальные,Заглушка фланцевая Ру16,Заглушки стальные 150 Заглушка фланцевая Ру16,"Заглушки стальные марки Заглушка фланцевая Ру16, размер 150",150,915,шт,1,0,0,https://www.kavstal.ru/public/assets/images/products/KACHESTVENNYE_STALI/ZAGLUSHKI_STALNYE/img.webp,качественные стали;заглушки стальные;заглушка фланцевая ру16;150,Заглушка фланцевая Ру16,150,,шт
Детали трубопроводов,Заглушки стальные,Заглушка фланцевая Ру16,Заглушки стальные 200 Заглушка фланцевая Ру16,"Заглушки стальные марки Заглушка фланцевая Ру16, размер 200",200,1868,шт,1,0,0,https://www.kavstal.ru/public/assets/images/products/KACHESTVENNYE_STALI/ZAGLUSHKI_STALNYE/img.webp,качественные стали;заглушки стальные;заглушка фланцевая ру16;200,Заглушка фланцевая Ру16,200,,шт
Детали трубопроводов,Заглушки стальные,Заглушка фланцевая Ру16,Заглушки стальные 250 Заглушка фланцевая Ру16,"Заглушки стальные марки Заглушка фланцевая Ру16, размер 250",250,3476,шт,1,0,0,https://www.kavstal.ru/public/assets/images/products/KACHESTVENNYE_STALI/ZAGLUSHKI_STALNYE/img.webp,качественные стали;заглушки стальные;заглушка фланцевая ру16;250,Заглушка фланцевая Ру16,250,,шт
Детали трубопроводов,Заглушки стальные,Заглушка фланцевая Ру16,Заглушки стальные 300 Заглушка фланцевая Ру16,"Заглушки стальные марки Заглушка фланцевая Ру16, размер 300",300,4840,шт,1,0,0,https://www.kavstal.ru/public/assets/images/products/KACHESTVENNYE_STALI/ZAGLUSHKI_STALNYE/img.webp,качественные стали;заглушки стальные;заглушка фланцевая ру16;300,Заглушка фланцевая Ру16,300,,шт
Детали трубопроводов,Заглушки стальные,Заглушка эллиптическая Ру16,Заглушки стальные 25 Заглушка эллиптическая Ру16,"Заглушки стальные марки Заглушка эллиптическая Ру16, размер 25",25,15,шт,1,0,0,https://www.kavstal.ru/public/assets/images/products/KACHESTVENNYE_STALI/ZAGLUSHKI_STALNYE/img.webp,качественные стали;заглушки стальные;заглушка эллиптическая ру16;25,Заглушка эллиптическая Ру16,25,,шт
Детали трубопроводов,Заглушки стальные,Заглушка эллиптическая Ру16,Заглушки стальные 32 Заглушка эллиптическая Ру16,"Заглушки стальные марки Заглушка эллиптическая Ру16, размер 32",32,17,шт,1,0,0,https://www.kavstal.ru/public/assets/images/products/KACHESTVENNYE_STALI/ZAGLUSHKI_STALNYE/img.webp,качественные стали;заглушки стальные;заглушка эллиптическая ру16;32,Заглушка эллиптическая Ру16,32,,шт
Детали трубопроводов,Заглушки стальные,Заглушка эллиптическая Ру16,Заглушки стальные 40 Заглушка эллиптическая Ру16,"Заглушки стальные марки Заглушка эллиптическая Ру16, размер 40",40,20,шт,1,0,0,https://www.kavstal.ru/public/assets/images/products/KACHESTVENNYE_STALI/ZAGLUSHKI_STALNYE/img.webp,качественные стали;заглушки стальные;заглушка эллиптическая ру16;40,Заглушка эллиптическая Ру16,40,,шт
Детали трубопроводов,Заглушки стальные,Заглушка эллиптическая Ру16,Заглушки стальные 50 Заглушка эллиптическая Ру16,"Заглушки стальные марки Заглушка эллиптическая Ру16, размер 50",50,28,шт,1,0,0,https://www.kavstal.ru/public/assets/images/products/KACHESTVENNYE_STALI/ZAGLUSHKI_STALNYE/img.webp,качественные стали;заглушки стальные;заглушка эллиптическая ру16;50,Заглушка эллиптическая Ру16,50,,шт
Детали трубопроводов,Заглушки стальные,Заглушка эллиптическая Ру16,Заглушки стальные 65 Заглушка эллиптическая Ру16,"Заглушки стальные марки Заглушка эллиптическая Ру16, размер 65",65,45,шт,1,0,0,https://www.kavstal.ru/public/assets/images/products/KACHESTVENNYE_STALI/ZAGLUSHKI_STALNYE/img.webp,качественные стали;заглушки стальные;заглушка эллиптическая ру16;65,Заглушка эллиптическая Ру16,65,,шт
Детали трубопроводов,Заглушки стальные,Заглушка эллиптическая Ру16,Заглушки стальные 80 Заглушка эллиптическая Ру16,"Заглушки стальные марки Заглушка эллиптическая Ру16, размер 80",80,55,шт,1,0,0,https://www.kavstal.ru/public/assets/images/products/KACHESTVENNYE_STALI/ZAGLUSHKI_STALNYE/img.webp,качественные стали;заглушки стальные;заглушка эллиптическая ру16;80,Заглушка эллиптическая Ру16,80,,шт
Детали трубопроводов,Заглушки стальные,Заглушка эллиптическая Ру16,Заглушки стальные 100 Заглушка эллиптическая Ру16,"Заглушки стальные марки Заглушка эллиптическая Ру16, размер 100",100,118,шт,1,0,0,https://www.kavstal.ru/public/assets/images/products/KACHESTVENNYE_STALI/ZAGLUSHKI_STALNYE/img.webp,качественные стали;заглушки стальные;заглушка эллиптическая ру16;100,Заглушка эллиптическая Ру16,100,,шт
Детали трубопроводов,Заглушки стальные,Заглушка эллиптическая Ру16,Заглушки стальные 100 Заглушка эллиптическая Ру16,"Заглушки стальные марки Заглушка эллиптическая Ру16, размер 100",100,125,шт,1,0,0,https://www.kavstal.ru/public/assets/images/products/KACHESTVENNYE_STALI/ZAGLUSHKI_STALNYE/img.webp,качественные стали;заглушки стальные;заглушка эллиптическая ру16;100,Заглушка эллиптическая Ру16,100,,шт
Детали трубопроводов,Заглушки стальные,Заглушка эллиптическая Ру16,Заглушки стальные 125 Заглушка эллиптическая Ру16,"Заглушки стальные марки Заглушка эллиптическая Ру16, размер 125",125,165,шт,1,0,0,https://www.kavstal.ru/public/assets/images/products/KACHESTVENNYE_STALI/ZAGLUSHKI_STALNYE/img.webp,качественные стали;заглушки стальные;заглушка эллиптическая ру16;125,Заглушка эллиптическая Ру16,125,,шт
Детали трубопроводов,Заглушки стальные,Заглушка эллиптическая Ру16,Заглушки стальные 150 Заглушка эллиптическая Ру16,"Заглушки стальные марки Заглушка эллиптическая Ру16, размер 150",150,245,шт,1,0,0,https://www.kavstal.ru/public/assets/images/products/KACHESTVENNYE_STALI/ZAGLUSHKI_STALNYE/img.webp,качественные стали;заглушки стальные;заглушка эллиптическая ру16;150,Заглушка эллиптическая Ру16,150,,шт
Детали трубопроводов,Заглушки стальные,Заглушка эллиптическая Ру16,Заглушки стальные 200 Заглушка эллиптическая Ру16,"Заглушки стальные марки Заглушка эллиптическая Ру16, размер 200",200,550,шт,1,0,0,https://www.kavstal.ru/public/assets/images/products/KACHESTVENNYE_STALI/ZAGLUSHKI_STALNYE/img.webp,качественные стали;заглушки стальные;заглушка эллиптическая ру16;200,Заглушка эллиптическая Ру16,200,,шт
Детали трубопроводов,Заглушки стальные,Заглушка эллиптическая Ру16,Заглушки стальные 200 Заглушка эллиптическая Ру16,"Заглушки стальные марки Заглушка эллиптическая Ру16, размер 200",200,715,шт,1,0,0,https://www.kavstal.ru/public/assets/images/products/KACHESTVENNYE_STALI/ZAGLUSHKI_STALNYE/img.webp,качественные стали;заглушки стальные;заглушка эллиптическая ру16;200,Заглушка эллиптическая Ру16,200,,шт
Детали трубопроводов,Заглушки стальные,Заглушка эллиптическая Ру16,Заглушки стальные 250 Заглушка эллиптическая Ру16,"Заглушки стальные марки Заглушка эллиптическая Ру16, размер 250",250,975,шт,1,0,0,https://www.kavstal.ru/public/assets/images/products/KACHESTVENNYE_STALI/ZAGLUSHKI_STALNYE/img.webp,качественные стали;заглушки стальные;заглушка эллиптическая ру16;250,Заглушка эллиптическая Ру16,250,,шт
Детали трубопроводов,Заглушки стальные,Заглушка эллиптическая Ру16,Заглушки стальные 300 Заглушка эллиптическая Ру16,"Заглушки стальные марки Заглушка эллиптическая Ру16, размер 300",300,2080,шт,1,0,0,https://www.kavstal.ru/public/assets/images/products/KACHESTVENNYE_STALI/ZAGLUSHKI_STALNYE/img.webp,качественные стали;заглушки стальные;заглушка эллиптическая ру16;300,Заглушка эллиптическая Ру16,300,,шт
Детали трубопроводов,Заглушки стальные,Заглушка эллиптическая Ру16,Заглушки стальные 350 Заглушка эллиптическая Ру16,"Заглушки стальные марки Заглушка эллиптическая Ру16, размер 350",350,2350,шт,1,0,0,https://www.kavstal.ru/public/assets/images/products/KACHESTVENNYE_STALI/ZAGLUSHKI_STALNYE/img.webp,качественные стали;заглушки стальные;заглушка эллиптическая ру16;350,Заглушка эллиптическая Ру16,350,,шт
Детали трубопроводов,Заглушки стальные,Заглушка эллиптическая Ру16,Заглушки стальные 400 Заглушка эллиптическая Ру16,"Заглушки стальные марки Заглушка эллиптическая Ру16, размер 400",400,2628,шт,1,0,0,https://www.kavstal.ru/public/assets/images/products/KACHESTVENNYE_STALI/ZAGLUSHKI_STALNYE/img.webp,качественные стали;заглушки стальные;заглушка эллиптическая ру16;400,Заглушка эллиптическая Ру16,400,,шт
Детали трубопроводов,Заглушки стальные,Заглушка эллиптическая Ру16,Заглушки стальные 500 Заглушка эллиптическая Ру16,"Заглушки стальные марки Заглушка эллиптическая Ру16, размер 500",500,4380,шт,1,0,0,https://www.kavstal.ru/public/assets/images/products/KACHESTVENNYE_STALI/ZAGLUSHKI_STALNYE/img.webp,качественные стали;заглушки стальные;заглушка эллиптическая ру16;500,Заглушка эллиптическая Ру16,500,,шт
Детали трубопроводов,Заглушки стальные,Заглушка эллиптическая Ру16,Заглушки стальные 600 Заглушка эллиптическая Ру16,"Заглушки стальные марки Заглушка эллиптическая Ру16, размер 600",600,14500,шт,1,0,0,https://www.kavstal.ru/public/assets/images/products/KACHESTVENNYE_STALI/ZAGLUSHKI_STALNYE/img.webp,качественные стали;заглушки стальные;заглушка эллиптическая ру16;600,Заглушка эллиптическая Ру16,600,,шт
Детали трубопроводов,"Сгоны, бочата, резьбы",Бочата стальные без покрытия без покрытия,"Сгоны, бочата, резьбы 15 Бочата стальные без покрытия без покрытия","Сгоны, бочата, резьбы марки Бочата стальные без покрытия без покрытия, размер 15",15,105,шт,1,0,0,https://www.kavstal.ru/public/assets/images/products/KACHESTVENNYE_STALI/SGONY_BOCHATA_REZBY/img.jpg,"качественные стали;сгоны, бочата, резьбы;бочата стальные без покрытия без покрытия;15",Бочата стальные без покрытия без покрытия,15,,шт
Детали трубопроводов,"Сгоны, бочата, резьбы",Бочата стальные без покрытия без покрытия,"Сгоны, бочата, резьбы 15 Бочата стальные без покрытия без покрытия","Сгоны, бочата, резьбы марки Бочата стальные без покрытия без покрытия, размер 15",15,9,шт,1,0,0,https://www.kavstal.ru/public/assets/images/products/KACHESTVENNYE_STALI/SGONY_BOCHATA_REZBY/img.jpg,"качественные стали;сгоны, бочата, резьбы;бочата стальные без покрытия без покрытия;15",Бочата стальные без покрытия без покрытия,15,,шт
Детали трубопроводов,"Сгоны, бочата, резьбы",Бочата стальные без покрытия без покрытия,"Сгоны, бочата, резьбы 20 Бочата стальные без покрытия без покрытия","Сгоны, бочата, резьбы марки Бочата стальные без покрытия без покрытия, размер 20",20,13,шт,1,0,0,https://www.kavstal.ru/public/assets/images/products/KACHESTVENNYE_STALI/SGONY_BOCHATA_REZBY/img.jpg,"качественные стали;сгоны, бочата, резьбы;бочата стальные без покрытия без покрытия;20",Бочата стальные без покрытия без покрытия,20,,шт
Детали трубопроводов,"Сгоны, бочата, резьбы",Бочата стальные без покрытия без покрытия,"Сгоны, бочата, резьбы 25 Бочата стальные без покрытия без покрытия","Сгоны, бочата, резьбы марки Бочата стальные без покрытия без покрытия, размер 25",25,21,шт,1,0,0,https://www.kavstal.ru/public/assets/images/products/KACHESTVENNYE_STALI/SGONY_BOCHATA_REZBY/img.jpg,"качественные стали;сгоны, бочата, резьбы;бочата стальные без покрытия без покрытия;25",Бочата стальные без покрытия без покрытия,25,,шт
Детали трубопроводов,"Сгоны, бочата, резьбы",Бочата стальные без покрытия без покрытия,"Сгоны, бочата, резьбы 25 Бочата стальные без покрытия без покрытия","Сгоны, бочата, резьбы марки Бочата стальные без покрытия без покрытия, размер 25",25,23,шт,1,0,0,https://www.kavstal.ru/public/assets/images/products/KACHESTVENNYE_STALI/SGONY_BOCHATA_REZBY/img.jpg,"качественные стали;сгоны, бочата, резьбы;бочата стальные без покрытия без покрытия;25",Бочата стальные без покрытия без покрытия,25,,шт
Детали трубопроводов,"Сгоны, бочата, резьбы",Бочата стальные без покрытия без покрытия,"Сгоны, бочата, резьбы 32 Бочата стальные без покрытия без покрытия","Сгоны, бочата, резьбы марки Бочата стальные без покрытия без покрытия, размер 32",32,27,шт,1,0,0,https://www.kavstal.ru/public/assets/images/products/KACHESTVENNYE_STALI/SGONY_BOCHATA_REZBY/img.jpg,"качественные стали;сгоны, бочата, резьбы;бочата стальные без покрытия без покрытия;32",Бочата стальные без покрытия без покрытия,32,,шт
Детали трубопроводов,"Сгоны, бочата, резьбы",Бочата стальные без покрытия без покрытия,"Сгоны, бочата, резьбы 32 Бочата стальные без покрытия без покрытия","Сгоны, бочата, резьбы марки Бочата стальные без покрытия без покрытия, размер 32",32,285,шт,1,0,0,https://www.kavstal.ru/public/assets/images/products/KACHESTVENNYE_STALI/SGONY_BOCHATA_REZBY/img.jpg,"качественные стали;сгоны, бочата, резьбы;бочата стальные без покрытия без покрытия;32",Бочата стальные без покрытия без покрытия,32,,шт
Детали трубопроводов,"Сгоны, бочата, резьбы",Бочата стальные без покрытия без покрытия,"Сгоны, бочата, резьбы 40 Бочата стальные без покрытия без покрытия","Сгоны, бочата, резьбы марки Бочата стальные без покрытия без покрытия, размер 40",40,35,шт,1,0,0,https://www.kavstal.ru/public/assets/images/products/KACHESTVENNYE_STALI/SGONY_BOCHATA_REZBY/img.jpg,"качественные стали;сгоны, бочата, резьбы;бочата стальные без покрытия без покрытия;40",Бочата стальные без покрытия без покрытия,40,,шт
Детали трубопроводов,"Сгоны, бочата, резьбы",Бочата стальные без покрытия без покрытия,"Сгоны, бочата, резьбы 40 Бочата стальные без покрытия без покрытия","Сгоны, бочата, резьбы марки Бочата стальные без покрытия без покрытия, размер 40",40,45,шт,1,0,0,https://www.kavstal.ru/public/assets/images/products/KACHESTVENNYE_STALI/SGONY_BOCHATA_REZBY/img.jpg,"качественные стали;сгоны, бочата, резьбы;бочата стальные без покрытия без покрытия;40",Бочата стальные без покрытия без покрытия,40,,шт
Детали трубопроводов,"Сгоны, бочата, резьбы",Бочата стальные без покрытия без покрытия,"Сгоны, бочата, резьбы 50 Бочата стальные без покрытия без покрытия","Сгоны, бочата, резьбы марки Бочата стальные без покрытия без покрытия, размер 50",50,67,шт,1,0,0,https://www.kavstal.ru/public/assets/images/products/KACHESTVENNYE_STALI/SGONY_BOCHATA_REZBY/img.jpg,"качественные стали;сгоны, бочата, резьбы;бочата стальные без покрытия без покрытия;50",Бочата стальные без покрытия без покрытия,50,,шт
Детали трубопроводов,"Сгоны, бочата, резьбы",Бочата стальные оцинкованные оцинкованный,"Сгоны, бочата, резьбы 15 Бочата стальные оцинкованные оцинкованный","Сгоны, бочата, резьбы марки Бочата стальные оцинкованные оцинкованный, размер 15",15,14,шт,1,0,0,https://www.kavstal.ru/public/assets/images/products/KACHESTVENNYE_STALI/SGONY_BOCHATA_REZBY/img.jpg,"качественные стали;сгоны, бочата, резьбы;бочата стальные оцинкованные оцинкованный;15",Бочата стальные оцинкованные оцинкованный,15,,шт
Детали трубопроводов,"Сгоны, бочата, резьбы",Бочата стальные оцинкованные оцинкованный,"Сгоны, бочата, резьбы 15 Бочата стальные оцинкованные оцинкованный","Сгоны, бочата, резьбы марки Бочата стальные оцинкованные оцинкованный, размер 15",15,17,шт,1,0,0,https://www.kavstal.ru/public/assets/images/products/KACHESTVENNYE_STALI/SGONY_BOCHATA_REZBY/img.jpg,"качественные стали;сгоны, бочата, резьбы;бочата стальные оцинкованные оцинкованный;15",Бочата стальные оцинкованные оцинкованный,15,,шт
Детали трубопроводов,"Сгоны, бочата, резьбы",Бочата стальные оцинкованные оцинкованный,"Сгоны, бочата, резьбы 20 Бочата стальные оцинкованные оцинкованный","Сгоны, бочата, резьбы марки Бочата стальные оцинкованные оцинкованный, размер 20",20,21,шт,1,0,0,https://www.kavstal.ru/public/assets/images/products/KACHESTVENNYE_STALI/SGONY_BOCHATA_REZBY/img.jpg,"качественные стали;сгоны, бочата, резьбы;бочата стальные оцинкованные оцинкованный;20",Бочата стальные оцинкованные оцинкованный,20,,шт
Детали трубопроводов,"Сгоны, бочата, резьбы",Бочата стальные оцинкованные оцинкованный,"Сгоны, бочата, резьбы 25 Бочата стальные оцинкованные оцинкованный","Сгоны, бочата, резьбы марки Бочата стальные оцинкованные оцинкованный, размер 25",25,28,шт,1,0,0,https://www.kavstal.ru/public/assets/images/products/KACHESTVENNYE_STALI/SGONY_BOCHATA_REZBY/img.jpg,"качественные стали;сгоны, бочата, резьбы;бочата стальные оцинкованные оцинкованный;25",Бочата стальные оцинкованные оцинкованный,25,,шт
Детали трубопроводов,"Сгоны, бочата, резьбы",Бочата стальные оцинкованные оцинкованный,"Сгоны, бочата, резьбы 25 Бочата стальные оцинкованные оцинкованный","Сгоны, бочата, резьбы марки Бочата стальные оцинкованные оцинкованный, размер 25",25,31,шт,1,0,0,https://www.kavstal.ru/public/assets/images/products/KACHESTVENNYE_STALI/SGONY_BOCHATA_REZBY/img.jpg,"качественные стали;сгоны, бочата, резьбы;бочата стальные оцинкованные оцинкованный;25",Бочата стальные оцинкованные оцинкованный,25,,шт
Детали трубопроводов,"Сгоны, бочата, резьбы",Бочата стальные оцинкованные оцинкованный,"Сгоны, бочата, резьбы 32 Бочата стальные оцинкованные оцинкованный","Сгоны, бочата, резьбы марки Бочата стальные оцинкованные оцинкованный, размер 32",32,39,шт,1,0,0,https://www.kavstal.ru/public/assets/images/products/KACHESTVENNYE_STALI/SGONY_BOCHATA_REZBY/img.jpg,"качественные стали;сгоны, бочата, резьбы;бочата стальные оцинкованные оцинкованный;32",Бочата стальные оцинкованные оцинкованный,32,,шт
Детали трубопроводов,"Сгоны, бочата, резьбы",Бочата стальные оцинкованные оцинкованный,"Сгоны, бочата, резьбы 32 Бочата стальные оцинкованные оцинкованный","Сгоны, бочата, резьбы марки Бочата стальные оцинкованные оцинкованный, размер 32",32,43,шт,1,0,0,https://www.kavstal.ru/public/assets/images/products/KACHESTVENNYE_STALI/SGONY_BOCHATA_REZBY/img.jpg,"качественные стали;сгоны, бочата, резьбы;бочата стальные оцинкованные оцинкованный;32",Бочата стальные оцинкованные оцинкованный,32,,шт
Детали трубопроводов,"Сгоны, бочата, резьбы",Бочата стальные оцинкованные оцинкованный,"Сгоны, бочата, резьбы 40 Бочата стальные оцинкованные оцинкованный","Сгоны, бочата, резьбы марки Бочата стальные оцинкованные оцинкованный, размер 40",40,53,шт,1,0,0,https://www.kavstal.ru/public/assets/images/products/KACHESTVENNYE_STALI/SGONY_BOCHATA_REZBY/img.jpg,"качественные стали;сгоны, бочата, резьбы;бочата стальные оцинкованные оцинкованный;40",Бочата стальные оцинкованные оцинкованный,40,,шт
Детали трубопроводов,"Сгоны, бочата, резьбы",Бочата стальные оцинкованные оцинкованный,"Сгоны, бочата, резьбы 40 Бочата стальные оцинкованные оцинкованный","Сгоны, бочата, резьбы марки Бочата стальные оцинкованные оцинкованный, размер 40",40,64,шт,1,0,0,https://www.kavstal.ru/public/assets/images/products/KACHESTVENNYE_STALI/SGONY_BOCHATA_REZBY/img.jpg,"качественные стали;сгоны, бочата, резьбы;бочата стальные оцинкованные оцинкованный;40",Бочата стальные оцинкованные оцинкованный,40,,шт
Детали трубопроводов,"Сгоны, бочата, резьбы",Бочата стальные оцинкованные оцинкованный,"Сгоны, бочата, резьбы 50 Бочата стальные оцинкованные оцинкованный","Сгоны, бочата, резьбы марки Бочата стальные оцинкованные оцинкованный, размер 50",50,68,шт,1,0,0,https://www.kavstal.ru/public/assets/images/products/KACHESTVENNYE_STALI/SGONY_BOCHATA_REZBY/img.jpg,"качественные стали;сгоны, бочата, резьбы;бочата стальные оцинкованные оцинкованный;50",Бочата стальные оцинкованные оцинкованный,50,,шт
Детали трубопроводов,"Сгоны, бочата, резьбы",Резьбы стальные без покрытия без покрытия,"Сгоны, бочата, резьбы 15 Резьбы стальные без покрытия без покрытия","Сгоны, бочата, резьбы марки Резьбы стальные без покрытия без покрытия, размер 15",15,12,шт,1,0,0,https://www.kavstal.ru/public/assets/images/products/KACHESTVENNYE_STALI/SGONY_BOCHATA_REZBY/img.jpg,"качественные стали;сгоны, бочата, резьбы;резьбы стальные без покрытия без покрытия;15",Резьбы стальные без покрытия без покрытия,15,,шт
Детали трубопроводов,"Сгоны, бочата, резьбы",Резьбы стальные без покрытия без покрытия,"Сгоны, бочата, резьбы 15 Резьбы стальные без покрытия без покрытия","Сгоны, бочата, резьбы марки Резьбы стальные без покрытия без покрытия, размер 15",15,19,шт,1,0,0,https://www.kavstal.ru/public/assets/images/products/KACHESTVENNYE_STALI/SGONY_BOCHATA_REZBY/img.jpg,"качественные стали;сгоны, бочата, резьбы;резьбы стальные без покрытия без покрытия;15",Резьбы стальные без покрытия без покрытия,15,,шт
Детали трубопроводов,"Сгоны, бочата, резьбы",Резьбы стальные без покрытия без покрытия,"Сгоны, бочата, резьбы 15 Резьбы стальные без покрытия без покрытия","Сгоны, бочата, резьбы марки Резьбы стальные без покрытия без покрытия, размер 15",15,6,шт,1,0,0,https://www.kavstal.ru/public/assets/images/products/KACHESTVENNYE_STALI/SGONY_BOCHATA_REZBY/img.jpg,"качественные стали;сгоны, бочата, резьбы;резьбы стальные без покрытия без покрытия;15",Резьбы стальные без покрытия без покрытия,15,,шт
Детали трубопроводов,"Сгоны, бочата, резьбы",Резьбы стальные без покрытия без покрытия,"Сгоны, бочата, резьбы 15 Резьбы стальные без покрытия без покрытия","Сгоны, бочата, резьбы марки Резьбы стальные без покрытия без покрытия, размер 15",15,8,шт,1,0,0,https://www.kavstal.ru/public/assets/images/products/KACHESTVENNYE_STALI/SGONY_BOCHATA_REZBY/img.jpg,"качественные стали;сгоны, бочата, резьбы;резьбы стальные без покрытия без покрытия;15",Резьбы стальные без покрытия без покрытия,15,,шт
Детали трубопроводов,"Сгоны, бочата, резьбы",Резьбы стальные без покрытия без покрытия,"Сгоны, бочата, резьбы 20 Резьбы стальные без покрытия без покрытия","Сгоны, бочата, резьбы марки Резьбы стальные без покрытия без покрытия, размер 20",20,10,шт,1,0,0,https://www.kavstal.ru/public/assets/images/products/KACHESTVENNYE_STALI/SGONY_BOCHATA_REZBY/img.jpg,"качественные стали;сгоны, бочата, резьбы;резьбы стальные без покрытия без покрытия;20",Резьбы стальные без покрытия без покрытия,20,,шт
Детали трубопроводов,"Сгоны, бочата, резьбы",Резьбы стальные без покрытия без покрытия,"Сгоны, бочата, резьбы 20 Резьбы стальные без покрытия без покрытия","Сгоны, бочата, резьбы марки Резьбы стальные без покрытия без покрытия, размер 20",20,15,шт,1,0,0,https://www.kavstal.ru/public/assets/images/products/KACHESTVENNYE_STALI/SGONY_BOCHATA_REZBY/img.jpg,"качественные стали;сгоны, бочата, резьбы;резьбы стальные без покрытия без покрытия;20",Резьбы стальные без покрытия без покрытия,20,,шт
Детали трубопроводов,"Сгоны, бочата, резьбы",Резьбы стальные без покрытия без покрытия,"Сгоны, бочата, резьбы 20 Резьбы стальные без покрытия без покрытия","Сгоны, бочата, резьбы марки Резьбы стальные без покрытия без покрытия, размер 20",20,23,шт,1,0,0,https://www.kavstal.ru/public/assets/images/products/KACHESTVENNYE_STALI/SGONY_BOCHATA_REZBY/img.jpg,"качественные стали;сгоны, бочата, резьбы;резьбы стальные без покрытия без покрытия;20",Резьбы стальные без покрытия без покрытия,20,,шт
Детали трубопроводов,"Сгоны, бочата, резьбы",Резьбы стальные без покрытия без покрытия,"Сгоны, бочата, резьбы 20 Резьбы стальные без покрытия без покрытия","Сгоны, бочата, резьбы марки Резьбы стальные без покрытия без покрытия, размер 20",20,8,шт,1,0,0,https://www.kavstal.ru/public/assets/images/products/KACHESTVENNYE_STALI/SGONY_BOCHATA_REZBY/img.jpg,"качественные стали;сгоны, бочата, резьбы;резьбы стальные без покрытия без покрытия;20",Резьбы стальные без покрытия без покрытия,20,,шт
Детали трубопроводов,"Сгоны, бочата, резьбы",Резьбы стальные без покрытия без покрытия,"Сгоны, бочата, резьбы 20 Резьбы стальные без покрытия без покрытия","Сгоны, бочата, резьбы марки Резьбы стальные без покрытия без покрытия, размер 20",20,9,шт,1,0,0,https://www.kavstal.ru/public/assets/images/products/KACHESTVENNYE_STALI/SGONY_BOCHATA_REZBY/img.jpg,"качественные стали;сгоны, бочата, резьбы;резьбы стальные без покрытия без покрытия;20",Резьбы стальные без покрытия без покрытия,20,,шт
Детали трубопроводов,"Сгоны, бочата, резьбы",Резьбы стальные без покрытия без покрытия,"Сгоны, бочата, резьбы 25 Резьбы стальные без покрытия без покрытия","Сгоны, бочата, резьбы марки Резьбы стальные без покрытия без покрытия, размер 25",25,12,шт,1,0,0,https://www.kavstal.ru/public/assets/images/products/KACHESTVENNYE_STALI/SGONY_BOCHATA_REZBY/img.jpg,"качественные стали;сгоны, бочата, резьбы;резьбы стальные без покрытия без покрытия;25",Резьбы стальные без покрытия без покрытия,25,,шт
Детали трубопроводов,"Сгоны, бочата, резьбы",Резьбы стальные без покрытия без покрытия,"Сгоны, бочата, резьбы 25 Резьбы стальные без покрытия без покрытия","Сгоны, бочата, резьбы марки Резьбы стальные без покрытия без покрытия, размер 25",25,16,шт,1,0,0,https://www.kavstal.ru/public/assets/images/products/KACHESTVENNYE_STALI/SGONY_BOCHATA_REZBY/img.jpg,"качественные стали;сгоны, бочата, резьбы;резьбы стальные без покрытия без покрытия;25",Резьбы стальные без покрытия без покрытия,25,,шт
Детали трубопроводов,"Сгоны, бочата, резьбы",Резьбы стальные без покрытия без покрытия,"Сгоны, бочата, резьбы 25 Резьбы стальные без покрытия без покрытия","Сгоны, бочата, резьбы марки Резьбы стальные без покрытия без покрытия, размер 25",25,18,шт,1,0,0,https://www.kavstal.ru/public/assets/images/products/KACHESTVENNYE_STALI/SGONY_BOCHATA_REZBY/img.jpg,"качественные стали;сгоны, бочата, резьбы;резьбы стальные без покрытия без покрытия;25",Резьбы стальные без покрытия без покрытия,25,,шт
Детали трубопроводов,"Сгоны, бочата, резьбы",Резьбы стальные без покрытия без покрытия,"Сгоны, бочата, резьбы 25 Резьбы стальные без покрытия без покрытия","Сгоны, бочата, резьбы марки Резьбы стальные без покрытия без покрытия, размер 25",25,30,шт,1,0,0,https://www.kavstal.ru/public/assets/images/products/KACHESTVENNYE_STALI/SGONY_BOCHATA_REZBY/img.jpg,"качественные стали;сгоны, бочата, резьбы;резьбы стальные без покрытия без покрытия;25",Резьбы стальные без покрытия без покрытия,25,,шт
Детали трубопроводов,"Сгоны, бочата, резьбы",Резьбы стальные без покрытия без покрытия,"Сгоны, бочата, резьбы 32 Резьбы стальные без покрытия без покрытия","Сгоны, бочата, резьбы марки Резьбы стальные без покрытия без покрытия, размер 32",32,16,шт,1,0,0,https://www.kavstal.ru/public/assets/images/products/KACHESTVENNYE_STALI/SGONY_BOCHATA_REZBY/img.jpg,"качественные стали;сгоны, бочата, резьбы;резьбы стальные без покрытия без покрытия;32",Резьбы стальные без покрытия без покрытия,32,,шт
Детали трубопроводов,"Сгоны, бочата, резьбы",Резьбы стальные без покрытия без покрытия,"Сгоны, бочата, резьбы 32 Резьбы стальные без покрытия без покрытия","Сгоны, бочата, резьбы марки Резьбы стальные без покрытия без покрытия, размер 32",32,21,шт,1,0,0,https://www.kavstal.ru/public/assets/images/products/KACHESTVENNYE_STALI/SGONY_BOCHATA_REZBY/img.jpg,"качественные стали;сгоны, бочата, резьбы;резьбы стальные без покрытия без покрытия;32",Резьбы стальные без покрытия без покрытия,32,,шт
Детали трубопроводов,"Сгоны, бочата, резьбы",Резьбы стальные без покрытия без покрытия,"Сгоны, бочата, резьбы 32 Резьбы стальные без покрытия без покрытия","Сгоны, бочата, резьбы марки Резьбы стальные без покрытия без покрытия, размер 32",32,28,шт,1,0,0,https://www.kavstal.ru/public/assets/images/products/KACHESTVENNYE_STALI/SGONY_BOCHATA_REZBY/img.jpg,"качественные стали;сгоны, бочата, резьбы;резьбы стальные без покрытия без покрытия;32",Резьбы стальные без покрытия без покрытия,32,,шт
Детали трубопроводов,"Сгоны, бочата, резьбы",Резьбы стальные без покрытия без покрытия,"Сгоны, бочата, резьбы 32 Резьбы стальные без покрытия без покрытия","Сгоны, бочата, резьбы марки Резьбы стальные без покрытия без покрытия, размер 32",32,42,шт,1,0,0,https://www.kavstal.ru/public/assets/images/products/KACHESTVENNYE_STALI/SGONY_BOCHATA_REZBY/img.jpg,"качественные стали;сгоны, бочата, резьбы;резьбы стальные без покрытия без покрытия;32",Резьбы стальные без покрытия без покрытия,32,,шт
Детали трубопроводов,"Сгоны, бочата, резьбы",Резьбы стальные без покрытия без покрытия,"Сгоны, бочата, резьбы 40 Резьбы стальные без покрытия без покрытия","Сгоны, бочата, резьбы марки Резьбы стальные без покрытия без покрытия, размер 40",40,26,шт,1,0,0,https://www.kavstal.ru/public/assets/images/products/KACHESTVENNYE_STALI/SGONY_BOCHATA_REZBY/img.jpg,"качественные стали;сгоны, бочата, резьбы;резьбы стальные без покрытия без покрытия;40",Резьбы стальные без покрытия без покрытия,40,,шт
Детали трубопроводов,"Сгоны, бочата, резьбы",Резьбы стальные без покрытия без покрытия,"Сгоны, бочата, резьбы 40 Резьбы стальные без покрытия без покрытия","Сгоны, бочата, резьбы марки Резьбы стальные без покрытия без покрытия, размер 40",40,30,шт,1,0,0,https://www.kavstal.ru/public/assets/images/products/KACHESTVENNYE_STALI/SGONY_BOCHATA_REZBY/img.jpg,"качественные стали;сгоны, бочата, резьбы;резьбы стальные без покрытия без покрытия;40",Резьбы стальные без покрытия без покрытия,40,,шт
Детали трубопроводов,"Сгоны, бочата, резьбы",Резьбы стальные без покрытия без покрытия,"Сгоны, бочата, резьбы 40 Резьбы стальные без покрытия без покрытия","Сгоны, бочата, резьбы марки Резьбы стальные без покрытия без покрытия, размер 40",40,59,шт,1,0,0,https://www.kavstal.ru/public/assets/images/products/KACHESTVENNYE_STALI/SGONY_BOCHATA_REZBY/img.jpg,"качественные стали;сгоны, бочата, резьбы;резьбы стальные без покрытия без покрытия;40",Резьбы стальные без покрытия без покрытия,40,,шт
Детали трубопроводов,"Сгоны, бочата, резьбы",Резьбы стальные без покрытия без покрытия,"Сгоны, бочата, резьбы 50 Резьбы стальные без покрытия без покрытия","Сгоны, бочата, резьбы марки Резьбы стальные без покрытия без покрытия, размер 50",50,0,шт,1,0,0,https://www.kavstal.ru/public/assets/images/products/KACHESTVENNYE_STALI/SGONY_BOCHATA_REZBY/img.jpg,"качественные стали;сгоны, бочата, резьбы;резьбы стальные без покрытия без покрытия;50",Резьбы стальные без покрытия без покрытия,50,,шт
Детали трубопроводов,"Сгоны, бочата, резьбы",Резьбы стальные без покрытия без покрытия,"Сгоны, бочата, резьбы 50 Резьбы стальные без покрытия без покрытия","Сгоны, бочата, резьбы марки Резьбы стальные без покрытия без покрытия, размер 50",50,27,шт,1,0,0,https://www.kavstal.ru/public/assets/images/products/KACHESTVENNYE_STALI/SGONY_BOCHATA_REZBY/img.jpg,"качественные стали;сгоны, бочата, резьбы;резьбы стальные без покрытия без покрытия;50",Резьбы стальные без покрытия без покрытия,50,,шт
Детали трубопроводов,"Сгоны, бочата, резьбы",Резьбы стальные без покрытия без покрытия,"Сгоны, бочата, резьбы 50 Резьбы стальные без покрытия без покрытия","Сгоны, бочата, резьбы марки Резьбы стальные без покрытия без покрытия, размер 50",50,35,шт,1,0,0,https://www.kavstal.ru/public/assets/images/products/KACHESTVENNYE_STALI/SGONY_BOCHATA_REZBY/img.jpg,"качественные стали;сгоны, бочата, резьбы;резьбы стальные без покрытия без покрытия;50",Резьбы стальные без покрытия без покрытия,50,,шт
Детали трубопроводов,"Сгоны, бочата, резьбы",Резьбы стальные без покрытия без покрытия,"Сгоны, бочата, резьбы 50 Резьбы стальные без покрытия без покрытия","Сгоны, бочата, резьбы марки Резьбы стальные без покрытия без покрытия, размер 50",50,50,шт,1,0,0,https://www.kavstal.ru/public/assets/images/products/KACHESTVENNYE_STALI/SGONY_BOCHATA_REZBY/img.jpg,"качественные стали;сгоны, бочата, резьбы;резьбы стальные без покрытия без покрытия;50",Резьбы стальные без покрытия без покрытия,50,,шт
Детали трубопроводов,"Сгоны, бочата, резьбы",Резьбы стальные без покрытия без покрытия,"Сгоны, бочата, резьбы 50 Резьбы стальные без покрытия без покрытия","Сгоны, бочата, резьбы марки Резьбы стальные без покрытия без покрытия, размер 50",50,85,шт,1,0,0,https://www.kavstal.ru/public/assets/images/products/KACHESTVENNYE_STALI/SGONY_BOCHATA_REZBY/img.jpg,"качественные стали;сгоны, бочата, резьбы;резьбы стальные без покрытия без покрытия;50",Резьбы стальные без покрытия без покрытия,50,,шт
Детали трубопроводов,"Сгоны, бочата, резьбы",Резьбы стальные без покрытия без покрытия,"Сгоны, бочата, резьбы 65 Резьбы стальные без покрытия без покрытия","Сгоны, бочата, резьбы марки Резьбы стальные без покрытия без покрытия, размер 65",65,62,шт,1,0,0,https://www.kavstal.ru/public/assets/images/products/KACHESTVENNYE_STALI/SGONY_BOCHATA_REZBY/img.jpg,"качественные стали;сгоны, бочата, резьбы;резьбы стальные без покрытия без покрытия;65",Резьбы стальные без покрытия без покрытия,65,,шт
Детали трубопроводов,"Сгоны, бочата, резьбы",Резьбы стальные без покрытия без покрытия,"Сгоны, бочата, резьбы 65 Резьбы стальные без покрытия без покрытия","Сгоны, бочата, резьбы марки Резьбы стальные без покрытия без покрытия, размер 65",65,85,шт,1,0,0,https://www.kavstal.ru/public/assets/images/products/KACHESTVENNYE_STALI/SGONY_BOCHATA_REZBY/img.jpg,"качественные стали;сгоны, бочата, резьбы;резьбы стальные без покрытия без покрытия;65",Резьбы стальные без покрытия без покрытия,65,,шт
Детали трубопроводов,"Сгоны, бочата, резьбы",Резьбы стальные без покрытия без покрытия,"Сгоны, бочата, резьбы 80 Резьбы стальные без покрытия без покрытия","Сгоны, бочата, резьбы марки Резьбы стальные без покрытия без покрытия, размер 80",80,122,шт,1,0,0,https://www.kavstal.ru/public/assets/images/products/KACHESTVENNYE_STALI/SGONY_BOCHATA_REZBY/img.jpg,"качественные стали;сгоны, бочата, резьбы;резьбы стальные без покрытия без покрытия;80",Резьбы стальные без покрытия без покрытия,80,,шт
Детали трубопроводов,"Сгоны, бочата, резьбы",Резьбы стальные без покрытия без покрытия,"Сгоны, бочата, резьбы 100 Резьбы стальные без покрытия без покрытия","Сгоны, бочата, резьбы марки Резьбы стальные без покрытия без покрытия, размер 100",100,170,шт,1,0,0,https://www.kavstal.ru/public/assets/images/products/KACHESTVENNYE_STALI/SGONY_BOCHATA_REZBY/img.jpg,"качественные стали;сгоны, бочата, резьбы;резьбы стальные без покрытия без покрытия;100",Резьбы стальные без покрытия без покрытия,100,,шт
Детали трубопроводов,"Сгоны, бочата, резьбы",Резьбы стальные оцинкованные оцинкованная,"Сгоны, бочата, резьбы 15 Резьбы стальные оцинкованные оцинкованная","Сгоны, бочата, резьбы марки Резьбы стальные оцинкованные оцинкованная, размер 15",15,0,шт,1,0,0,https://www.kavstal.ru/public/assets/images/products/KACHESTVENNYE_STALI/SGONY_BOCHATA_REZBY/img.jpg,"качественные стали;сгоны, бочата, резьбы;резьбы стальные оцинкованные оцинкованная;15",Резьбы стальные оцинкованные оцинкованная,15,,шт
Детали трубопроводов,"Сгоны, бочата, резьбы",Резьбы стальные оцинкованные оцинкованная,"Сгоны, бочата, резьбы 15 Резьбы стальные оцинкованные оцинкованная","Сгоны, бочата, резьбы марки Резьбы стальные оцинкованные оцинкованная, размер 15",15,11,шт,1,0,0,https://www.kavstal.ru/public/assets/images/products/KACHESTVENNYE_STALI/SGONY_BOCHATA_REZBY/img.jpg,"качественные стали;сгоны, бочата, резьбы;резьбы стальные оцинкованные оцинкованная;15",Резьбы стальные оцинкованные оцинкованная,15,,шт
Детали трубопроводов,"Сгоны, бочата, резьбы",Резьбы стальные оцинкованные оцинкованная,"Сгоны, бочата, резьбы 15 Резьбы стальные оцинкованные оцинкованная","Сгоны, бочата, резьбы марки Резьбы стальные оцинкованные оцинкованная, размер 15",15,14,шт,1,0,0,https://www.kavstal.ru/public/assets/images/products/KACHESTVENNYE_STALI/SGONY_BOCHATA_REZBY/img.jpg,"качественные стали;сгоны, бочата, резьбы;резьбы стальные оцинкованные оцинкованная;15",Резьбы стальные оцинкованные оцинкованная,15,,шт
Детали трубопроводов,"Сгоны, бочата, резьбы",Резьбы стальные оцинкованные оцинкованная,"Сгоны, бочата, резьбы 20 Резьбы стальные оцинкованные оцинкованная","Сгоны, бочата, резьбы марки Резьбы стальные оцинкованные оцинкованная, размер 20 ; 25",20,17,шт,1,0,0,https://www.kavstal.ru/public/assets/images/products/KACHESTVENNYE_STALI/SGONY_BOCHATA_REZBY/img.jpg,"качественные стали;сгоны, бочата, резьбы;резьбы стальные оцинкованные оцинкованная;20;25",Резьбы стальные оцинкованные оцинкованная,20 ; 25,,шт
Детали трубопроводов,"Сгоны, бочата, резьбы",Резьбы стальные оцинкованные оцинкованная,"Сгоны, бочата, резьбы 25 Резьбы стальные оцинкованные оцинкованная","Сгоны, бочата, резьбы марки Резьбы стальные оцинкованные оцинкованная, размер 25",25,18,шт,1,0,0,https://www.kavstal.ru/public/assets/images/products/KACHESTVENNYE_STALI/SGONY_BOCHATA_REZBY/img.jpg,"качественные стали;сгоны, бочата, резьбы;резьбы стальные оцинкованные оцинкованная;25",Резьбы стальные оцинкованные оцинкованная,25,,шт
Детали трубопроводов,"Сгоны, бочата, резьбы",Резьбы стальные оцинкованные оцинкованная,"Сгоны, бочата, резьбы 25 Резьбы стальные оцинкованные оцинкованная","Сгоны, бочата, резьбы марки Резьбы стальные оцинкованные оцинкованная, размер 25 ; 32",25,22,шт,1,0,0,https://www.kavstal.ru/public/assets/images/products/KACHESTVENNYE_STALI/SGONY_BOCHATA_REZBY/img.jpg,"качественные стали;сгоны, бочата, резьбы;резьбы стальные оцинкованные оцинкованная;25;32",Резьбы стальные оцинкованные оцинкованная,25 ; 32,,шт
Детали трубопроводов,"Сгоны, бочата, резьбы",Резьбы стальные оцинкованные оцинкованная,"Сгоны, бочата, резьбы 32 Резьбы стальные оцинкованные оцинкованная","Сгоны, бочата, резьбы марки Резьбы стальные оцинкованные оцинкованная, размер 32",32,24,шт,1,0,0,https://www.kavstal.ru/public/assets/images/products/KACHESTVENNYE_STALI/SGONY_BOCHATA_REZBY/img.jpg,"качественные стали;сгоны, бочата, резьбы;резьбы стальные оцинкованные оцинкованная;32",Резьбы стальные оцинкованные оцинкованная,32,,шт
Детали трубопроводов,"Сгоны, бочата, резьбы",Резьбы стальные оцинкованные оцинкованная,"Сгоны, бочата, резьбы 32 Резьбы стальные оцинкованные оцинкованная","Сгоны, бочата, резьбы марки Резьбы стальные оцинкованные оцинкованная, размер 32",32,36,шт,1,0,0,https://www.kavstal.ru/public/assets/images/products/KACHESTVENNYE_STALI/SGONY_BOCHATA_REZBY/img.jpg,"качественные стали;сгоны, бочата, резьбы;резьбы стальные оцинкованные оцинкованная;32",Резьбы стальные оцинкованные оцинкованная,32,,шт
Детали трубопроводов,"Сгоны, бочата, резьбы",Резьбы стальные оцинкованные оцинкованная,"Сгоны, бочата, резьбы 40 Резьбы стальные оцинкованные оцинкованная","Сгоны, бочата, резьбы марки Резьбы стальные оцинкованные оцинкованная, размер 40",40,29,шт,1,0,0,https://www.kavstal.ru/public/assets/images/products/KACHESTVENNYE_STALI/SGONY_BOCHATA_REZBY/img.jpg,"качественные стали;сгоны, бочата, резьбы;резьбы стальные оцинкованные оцинкованная;40",Резьбы стальные оцинкованные оцинкованная,40,,шт
Детали трубопроводов,"Сгоны, бочата, резьбы",Резьбы стальные оцинкованные оцинкованн�я,"Сгоны, бочата, резьбы 40 Резьбы стальные оцинкованные оцинкованн�я","Сгоны, бочата, резьбы марки Резьбы стальные оцинкованные оцинкованн�я, размер 40",40,455,шт,https://www.kavstal.ru/public/assets/images/mages/unknown/unknown.png,"качественные стали;сгоны, бочата, резьбы;резьбы стальные оцинкованные оцинкованн?я;40",Резьбы стальные оцинкованные оцинкованн�я,https://www.kavstal.ru/public/assets/images/products/KACHESTVENNYE_STALI/SGONY_BOCHATA_REZBY/img.jpg,,шт,,,
Детали трубопроводов,"Сгоны, бочата, резьбы",Резьбы стальные оцинкованные оцинкованная,"Сгоны, бочата, резьбы 50 Резьбы стальные оцинкованные оцинкованная","Сгоны, бочата, резьбы марки Резьбы стальные оцинкованные оцинкованная, размер 50",50,38,шт,1,0,0,https://www.kavstal.ru/public/assets/images/products/KACHESTVENNYE_STALI/SGONY_BOCHATA_REZBY/img.jpg,"качественные стали;сгоны, бочата, резьбы;резьбы стальные оцинкованные оцинкованная;50",Резьбы стальные оцинкованные оцинкованная,50,,шт
Детали трубопроводов,"Сгоны, бочата, резьбы",Резьбы стальные оцинкованные оцинкованная,"Сгоны, бочата, резьбы 50 Резьбы стальные оцинкованные оцинкованная","Сгоны, бочата, резьбы марки Резьбы стальные оцинкованные оцинкованная, размер 50",50,43,шт,1,0,0,https://www.kavstal.ru/public/assets/images/products/KACHESTVENNYE_STALI/SGONY_BOCHATA_REZBY/img.jpg,"качественные стали;сгоны, бочата, резьбы;резьбы стальные оцинкованные оцинкованная;50",Резьбы стальные оцинкованные оцинкованная,50,,шт
Детали трубопроводов,"Сгоны, бочата, резьбы",Резьбы стальные оцинкованные оцинкованная,"Сгоны, бочата, резьбы 50 Резьбы стальные оцинкованные оцинкованная","Сгоны, бочата, резьбы марки Резьбы стальные оцинкованные оцинкованная, размер 50",50,65,шт,1,0,0,https://www.kavstal.ru/public/assets/images/products/KACHESTVENNYE_STALI/SGONY_BOCHATA_REZBY/img.jpg,"качественные стали;сгоны, бочата, резьбы;резьбы стальные оцинкованные оцинкованная;50",Резьбы стальные оцинкованные оцинкованная,50,,шт
Детали трубопроводов,"Сгоны, бочата, резьбы",Резьбы стальные оцинкованные оцинкованная,"Сгоны, бочата, резьбы 65 Резьбы стальные оцинкованные оцинкованная","Сгоны, бочата, резьбы марки Резьбы стальные оцинкованные оцинкованная, размер 65",65,105,шт,1,0,0,https://www.kavstal.ru/public/assets/images/products/KACHESTVENNYE_STALI/SGONY_BOCHATA_REZBY/img.jpg,"качественные стали;сгоны, бочата, резьбы;резьбы стальные оцинкованные оцинкованная;65",Резьбы стальные оцинкованные оцинкованная,65,,шт
Детали трубопроводов,"Сгоны, бочата, резьбы",Резьбы стальные оцинкованные оцинкованная,"Сгоны, бочата, резьбы 65 Резьбы стальные оцинкованные оцинкованная","Сгоны, бочата, резьбы марки Резьбы стальные оцинкованные оцинкованная, размер 65",65,94,шт,1,0,0,https://www.kavstal.ru/public/assets/images/products/KACHESTVENNYE_STALI/SGONY_BOCHATA_REZBY/img.jpg,"качественные стали;сгоны, бочата, резьбы;резьбы стальные оцинкованные оцинкованная;65",Резьбы стальные оцинкованные оцинкованная,65,,шт
Детали трубопроводов,"Сгоны, бочата, резьбы",Резьбы стальные оцинкованные оцинкованная,"Сгоны, бочата, резьбы 80 Резьбы стальные оцинкованные оцинкованная","Сгоны, бочата, резьбы марки Резьбы стальные оцинкованные оцинкованная, размер 80",80,205,шт,1,0,0,https://www.kavstal.ru/public/assets/images/products/KACHESTVENNYE_STALI/SGONY_BOCHATA_REZBY/img.jpg,"качественные стали;сгоны, бочата, резьбы;резьбы стальные оцинкованные оцинкованная;80",Резьбы стальные оцинкованные оцинкованная,80,,шт
Детали трубопроводов,"Сгоны, бочата, резьбы",Сгон сталь в/к L=110мм,"Сгоны, бочата, резьбы 15 Сгон сталь в/к L=110мм","Сгоны, бочата, резьбы марки Сгон сталь в/к L=110мм, размер 15",15,69,шт,1,0,0,https://www.kavstal.ru/public/assets/images/products/KACHESTVENNYE_STALI/SGONY_BOCHATA_REZBY/img.jpg,"качественные стали;сгоны, бочата, резьбы;сгон сталь в/к l=110мм;15",Сгон сталь в/к L=110мм,15,,шт
Детали трубопроводов,"Сгоны, бочата, резьбы",Сгон сталь в/к L=110мм,"Сгоны, бочата, резьбы 15 Сгон сталь в/к L=110мм","Сгоны, бочата, резьбы марки Сгон сталь в/к L=110мм, размер 15",15,71,шт,1,0,0,https://www.kavstal.ru/public/assets/images/products/KACHESTVENNYE_STALI/SGONY_BOCHATA_REZBY/img.jpg,"качественные стали;сгоны, бочата, резьбы;сгон сталь в/к l=110мм;15",Сгон сталь в/к L=110мм,15,,шт
Детали трубопроводов,"Сгоны, бочата, резьбы",Сгон сталь в/к L=110мм,"Сгоны, бочата, резьбы 20 Сгон сталь в/к L=110мм","Сгоны, бочата, резьбы марки Сгон сталь в/к L=110мм, размер 20",20,88,шт,1,0,0,https://www.kavstal.ru/public/assets/images/products/KACHESTVENNYE_STALI/SGONY_BOCHATA_REZBY/img.jpg,"качественные стали;сгоны, бочата, резьбы;сгон сталь в/к l=110мм;20",Сгон сталь в/к L=110мм,20,,шт
Детали трубопроводов,"Сгоны, бочата, резьбы",Сгон сталь в/к L=110мм,"Сгоны, бочата, резьбы 20 Сгон сталь в/к L=110мм","Сгоны, бочата, резьбы марки Сгон сталь в/к L=110мм, размер 20",20,91,шт,1,0,0,https://www.kavstal.ru/public/assets/images/products/KACHESTVENNYE_STALI/SGONY_BOCHATA_REZBY/img.jpg,"качественные стали;сгоны, бочата, резьбы;сгон сталь в/к l=110мм;20",Сгон сталь в/к L=110мм,20,,шт
Детали трубопроводов,"Сгоны, бочата, резьбы",Сгон сталь в/к L=130мм,"Сгоны, бочата, резьбы 25 Сгон сталь в/к L=130мм","Сгоны, бочата, резьбы марки Сгон сталь в/к L=130мм, размер 25",25,0,шт,1,0,0,https://www.kavstal.ru/public/assets/images/products/KACHESTVENNYE_STALI/SGONY_BOCHATA_REZBY/img.jpg,"качественные стали;сгоны, бочата, резьбы;сгон сталь в/к l=130мм;25",Сгон сталь в/к L=130мм,25,,шт
Детали трубопроводов,"Сгоны, бочата, резьбы",Сгон сталь в/к L=130мм,"Сгоны, бочата, резьбы 25 Сгон сталь в/к L=130мм","Сгоны, бочата, резьбы марки Сгон сталь в/к L=130мм, размер 25",25,139,шт,1,0,0,https://www.kavstal.ru/public/assets/images/products/KACHESTVENNYE_STALI/SGONY_BOCHATA_REZBY/img.jpg,"качественные стали;сгоны, бочата, резьбы;сгон сталь в/к l=130мм;25",Сгон сталь в/к L=130мм,25,,шт
Детали трубопроводов,"Сгоны, бочата, резьбы",Сгон сталь в/к L=130мм,"Сгоны, бочата, резьбы 25 Сгон сталь в/к L=130мм","Сгоны, бочата, резьбы марки Сгон сталь в/к L=130мм, размер 25",25,150,шт,1,0,0,https://www.kavstal.ru/public/assets/images/products/KACHESTVENNYE_STALI/SGONY_BOCHATA_REZBY/img.jpg,"качественные стали;сгоны, бочата, резьбы;сгон сталь в/к l=130мм;25",Сгон сталь в/к L=130мм,25,,шт
Детали трубопроводов,"Сгоны, бочата, резьбы",Сгон сталь в/к L=130мм,"Сгоны, бочата, резьбы 32 Сгон сталь в/к L=130мм","Сгоны, бочата, резьбы марки Сгон сталь в/к L=130мм, размер 32",32,197,шт,1,0,0,https://www.kavstal.ru/public/assets/images/products/KACHESTVENNYE_STALI/SGONY_BOCHATA_REZBY/img.jpg,"качественные стали;сгоны, бочата, резьбы;сгон сталь в/к l=130мм;32",Сгон сталь в/к L=130мм,32,,шт
Детали трубопроводов,"Сгоны, бочата, резьбы",Сгон сталь в/к L=130мм,"Сгоны, бочата, резьбы 32 Сгон сталь в/к L=130мм","Сгоны, бочата, резьбы марки Сгон сталь в/к L=130мм, размер 32",32,222,шт,1,0,0,https://www.kavstal.ru/public/assets/images/products/KACHESTVENNYE_STALI/SGONY_BOCHATA_REZBY/img.jpg,"качественные стали;сгоны, бочата, резьбы;сгон сталь в/к l=130мм;32",Сгон сталь в/к L=130мм,32,,шт
Детали трубопроводов,"Сгоны, бочата, резьбы",Сгон сталь в/к L=150мм,"Сгоны, бочата, резьбы 50 Сгон сталь в/к L=150мм","Сгоны, бочата, резьбы марки Сгон сталь в/к L=150мм, размер 50",50,397,шт,1,0,0,https://www.kavstal.ru/public/assets/images/products/KACHESTVENNYE_STALI/SGONY_BOCHATA_REZBY/img.jpg,"качественные стали;сгоны, бочата, резьбы;сгон сталь в/к l=150мм;50",Сгон сталь в/к L=150мм,50,,шт
Детали трубопроводов,"Сгоны, бочата, резьбы",Сгоны стальные без покрытия без покрытия,"Сгоны, бочата, резьбы 15 Сгоны стальные без покрытия без покрытия","Сгоны, бочата, резьбы марки Сгоны стальные без покрытия без покрытия, размер 15",15,17,шт,1,0,0,https://www.kavstal.ru/public/assets/images/products/KACHESTVENNYE_STALI/SGONY_BOCHATA_REZBY/img.jpg,"качественные стали;сгоны, бочата, резьбы;сгоны стальные без покрытия без покрытия;15",Сгоны стальные без покрытия без покрытия,15,,шт
Детали трубопроводов,"Сгоны, бочата, резьбы",Сгоны стальные без покрытия без покрытия,"Сгоны, бочата, резьбы 15 Сгоны стальные без покрытия без покрытия","Сгоны, бочата, резьбы марки Сгоны стальные без покрытия без покрытия, размер 15 ; 20",15,22,шт,1,0,0,https://www.kavstal.ru/public/assets/images/products/KACHESTVENNYE_STALI/SGONY_BOCHATA_REZBY/img.jpg,"качественные стали;сгоны, бочата, резьбы;сгоны стальные без покрытия без покрытия;15;20",Сгоны стальные без покрытия без покрытия,15 ; 20,,шт
Детали трубопроводов,"Сгоны, бочата, резьбы",Сгоны стальные без покрытия без покрытия,"Сгоны, бочата, резьбы 20 Сгоны стальные без покрытия без покрытия","Сгоны, бочата, резьбы марки Сгоны стальные без покрытия без покрытия, размер 20",20,28,шт,1,0,0,https://www.kavstal.ru/public/assets/images/products/KACHESTVENNYE_STALI/SGONY_BOCHATA_REZBY/img.jpg,"качественные стали;сгоны, бочата, резьбы;сгоны стальные без покрытия без покрытия;20",Сгоны стальные без покрытия без покрытия,20,,шт
Детали трубопроводов,"Сгоны, бочата, резьбы",Сгоны стальные без покрытия без покрытия,"Сгоны, бочата, резьбы 25 Сгоны стальные без покрытия без покрытия","Сгоны, бочата, резьбы марки Сгоны стальные без покрытия без покрытия, размер 25",25,36,шт,1,0,0,https://www.kavstal.ru/public/assets/images/products/KACHESTVENNYE_STALI/SGONY_BOCHATA_REZBY/img.jpg,"качественные стали;сгоны, бочата, резьбы;сгоны стальные без покрытия без покрытия;25",Сгоны стальные без покрытия без покрытия,25,,шт
Детали трубопроводов,"Сгоны, бочата, резьбы",Сгоны стальные без покрытия без покрытия,"Сгоны, бочата, резьбы 25 Сгоны стальные без покрытия без покрытия","Сгоны, бочата, резьбы марки Сгоны стальные без покрытия без покрытия, размер 25",25,43,шт,1,0,0,https://www.kavstal.ru/public/assets/images/products/KACHESTVENNYE_STALI/SGONY_BOCHATA_REZBY/img.jpg,"качественные стали;сгоны, бочата, резьбы;сгоны стальные без покрытия без покрытия;25",Сгоны стальные без покрытия без покрытия,25,,шт
Детали трубопроводов,"Сгоны, бочата, резьбы",Сгоны стальные без покрытия без покрытия,"Сгоны, бочата, резьбы 32 Сгоны стальные без покрытия без покрытия","Сгоны, бочата, резьбы марки Сгоны стальные без покрытия без покрытия, размер 32",32,47,шт,1,0,0,https://www.kavstal.ru/public/assets/images/products/KACHESTVENNYE_STALI/SGONY_BOCHATA_REZBY/img.jpg,"качественные стали;сгоны, бочата, резьбы;сгоны стальные без покрытия без покрытия;32",Сгоны стальные без покрытия без покрытия,32,,шт
Детали трубопроводов,"Сгоны, бочата, резьбы",Сгоны стальные без покрытия без покрытия,"Сгоны, бочата, резьбы 32 Сгоны стальные без покрытия без покрытия","Сгоны, бочата, резьбы марки Сгоны стальные без покрытия без покрытия, размер 32",32,59,шт,1,0,0,https://www.kavstal.ru/public/assets/images/products/KACHESTVENNYE_STALI/SGONY_BOCHATA_REZBY/img.jpg,"качественные стали;сгоны, бочата, резьбы;сгоны стальные без покрытия без покрытия;32",Сгоны стальные без покрытия без покрытия,32,,шт
Детали трубопроводов,"Сгоны, бочата, резьбы",Сгоны стальные без покрытия без покрытия,"Сгоны, бочата, резьбы 40 Сгоны стальные без покрытия без покрытия","Сгоны, бочата, резьбы марки Сгоны стальные без покрытия без покрытия, размер 40",40,71,шт,1,0,0,https://www.kavstal.ru/public/assets/images/products/KACHESTVENNYE_STALI/SGONY_BOCHATA_REZBY/img.jpg,"качественные стали;сгоны, бочата, резьбы;сгоны стальные без покрытия без покрытия;40",Сгоны стальные без покрытия без покрытия,40,,шт
Детали трубопроводов,"Сгоны, бочата, резьбы",Сгоны стальные без покрытия без покрытия,"Сгоны, бочата, резьбы 40 Сгоны стальные без покрытия без покрытия","Сгоны, бочата, резьбы марки Сгоны стальные без покрытия без покрытия, размер 40",40,78,шт,1,0,0,https://www.kavstal.ru/public/assets/images/products/KACHESTVENNYE_STALI/SGONY_BOCHATA_REZBY/img.jpg,"качественные стали;сгоны, бочата, резьбы;сгоны стальные без покрытия без покрытия;40",Сгоны стальные без покрытия без покрытия,40,,шт
Детали трубопроводов,"Сгоны, бочата, резьбы",Сгоны стальные без покрытия без покрытия,"Сгоны, бочата, резьбы 50 Сгоны стальные без покрытия без покрытия","Сгоны, бочата, резьбы марки Сгоны стальные без покрытия без покрытия, размер 50",50,81,шт,1,0,0,https://www.kavstal.ru/public/assets/images/products/KACHESTVENNYE_STALI/SGONY_BOCHATA_REZBY/img.jpg,"качественные стали;сгоны, бочата, резьбы;сгоны стальные без покрытия без покрытия;50",Сгоны стальные без покрытия без покрытия,50,,шт
Детали трубопроводов,"Сгоны, бочата, резьбы",Сгоны стальные без покрытия без покрытия,"Сгоны, бочата, резьбы 50 Сгоны стальные без покрытия без покрытия","Сгоны, бочата, резьбы марки Сгоны стальные без покрытия без покрытия, размер 50",50,98,шт,1,0,0,https://www.kavstal.ru/public/assets/images/products/KACHESTVENNYE_STALI/SGONY_BOCHATA_REZBY/img.jpg,"качественные стали;сгоны, бочата, резьбы;сгоны стальные без покрытия без покрытия;50",Сгоны стальные без покрытия без покрытия,50,,шт
Детали трубопроводов,"Сгоны, бочата, резьбы",Сгоны стальные без покрытия без покрытия,"Сгоны, бочата, резьбы 65 Сгоны стальные без покрытия без покрытия","Сгоны, бочата, резьбы марки Сгоны стальные без покрытия без покрытия, размер 65",65,218,шт,1,0,0,https://www.kavstal.ru/public/assets/images/products/KACHESTVENNYE_STALI/SGONY_BOCHATA_REZBY/img.jpg,"качественные стали;сгоны, бочата, резьбы;сгоны стальные без покрытия без покрытия;65",Сгоны стальные без покрытия без покрытия,65,,шт
Детали трубопроводов,"Сгоны, бочата, резьбы",Сгоны стальные оцинкованные оцинкованный,"Сгоны, бочата, резьбы 15 Сгоны стальные оцинкованные оцинкованный","Сгоны, бочата, резьбы марки Сгоны стальные оцинкованные оцинкованный, размер 15",15,26,шт,1,0,0,https://www.kavstal.ru/public/assets/images/products/KACHESTVENNYE_STALI/SGONY_BOCHATA_REZBY/img.jpg,"качественные стали;сгоны, бочата, резьбы;сгоны стальные оцинкованные оцинкованный;15",Сгоны стальные оцинкованные оцинкованный,15,,шт
Детали трубопроводов,"Сгоны, бочата, резьбы",Сгоны стальные оцинкованные оцинкованный,"Сгоны, бочата, резьбы 15 Сгоны стальные оцинкованные оцинкованный","Сгоны, бочата, резьбы марки Сгоны стальные оцинкованные оцинкованный, размер 15 ; 20",15,29,шт,1,0,0,https://www.kavstal.ru/public/assets/images/products/KACHESTVENNYE_STALI/SGONY_BOCHATA_REZBY/img.jpg,"качественные стали;сгоны, бочата, резьбы;сгоны стальные оцинкованные оцинкованный;15;20",Сгоны стальные оцинкованные оцинкованный,15 ; 20,,шт
Детали трубопроводов,"Сгоны, бочата, резьбы",Сгоны стальные оцинкованные оцинкованный,"Сгоны, бочата, резьбы 20 Сгоны стальные оцинкованные оцинкованный","Сгоны, бочата, резьбы марки Сгоны стальные оцинкованные оцинкованный, размер 20",20,37,шт,1,0,0,https://www.kavstal.ru/public/assets/images/products/KACHESTVENNYE_STALI/SGONY_BOCHATA_REZBY/img.jpg,"качественные стали;сгоны, бочата, резьбы;сгоны стальные оцинкованные оцинкованный;20",Сгоны стальные оцинкованные оцинкованный,20,,шт
Детали трубопроводов,"Сгоны, бочата, резьбы",Сгоны стальные оцинкованные оцинкованный,"Сгоны, бочата, резьбы 25 Сгоны стальные оцинкованные оцинкованный","Сгоны, бочата, резьбы марки Сгоны стальные оцинкованные оцинкованный, размер 25",25,54,шт,1,0,0,https://www.kavstal.ru/public/assets/images/products/KACHESTVENNYE_STALI/SGONY_BOCHATA_REZBY/img.jpg,"качественные стали;сгоны, бочата, резьбы;сгоны стальные оцинкованные оцинкованный;25",Сгоны стальные оцинкованные оцинкованный,25,,шт
Детали трубопроводов,"Сгоны, бочата, резьбы",Сгоны стальные оцинкованные оцинкованный,"Сгоны, бочата, резьбы 25 Сгоны стальные оцинкованные оцинкованный","Сгоны, бочата, резьбы марки Сгоны стальные оцинкованные оцинкованный, размер 25",25,58,шт,1,0,0,https://www.kavstal.ru/public/assets/images/products/KACHESTVENNYE_STALI/SGONY_BOCHATA_REZBY/img.jpg,"качественные стали;сгоны, бочата, резьбы;сгоны стальные оцинкованные оцинкованный;25",Сгоны стальные оцинкованные оцинкованный,25,,шт
Детали трубопроводов,"Сгоны, бочата, резьбы",Сгоны стальные оцинкованные оцинкованный,"Сгоны, бочата, резьбы 32 Сгоны стальные оцинкованные оцинкованный","Сгоны, бочата, резьбы марки Сгоны стальные оцинкованные оцинкованный, размер 32",32,72,шт,1,0,0,https://www.kavstal.ru/public/assets/images/products/KACHESTVENNYE_STALI/SGONY_BOCHATA_REZBY/img.jpg,"качественные стали;сгоны, бочата, резьбы;сгоны стальные оцинкованные оцинкованный;32",Сгоны стальные оцинкованные оцинкованный,32,,шт
Детали трубопроводов,"Сгоны, бочата, резьбы",Сгоны стальные оцинкованные оцинкованный,"Сгоны, бочата, резьбы 32 Сгоны стальные оцинкованные оцинкованный","Сгоны, бочата, резьбы марки Сгоны стальные оцинкованные оцинкованный, размер 32",32,79,шт,1,0,0,https://www.kavstal.ru/public/assets/images/products/KACHESTVENNYE_STALI/SGONY_BOCHATA_REZBY/img.jpg,"качественные стали;сгоны, бочата, резьбы;сгоны стальные оцинкованные оцинкованный;32",Сгоны стальные оцинкованные оцинкованный,32,,шт
Детали трубопроводов,"Сгоны, бочата, резьбы",Сгоны стальные оцинкованные оцинкованный,"Сгоны, бочата, резьбы 50 Сгоны стальные оцинкованные оцинкованный","Сгоны, бочата, резьбы марки Сгоны стальные оцинкованные оцинкованный, размер 50",50,117,шт,1,0,0,https://www.kavstal.ru/public/assets/images/products/KACHESTVENNYE_STALI/SGONY_BOCHATA_REZBY/img.jpg,"качественные стали;сгоны, бочата, резьбы;сгоны стальные оцинкованные оцинкованный;50",Сгоны стальные оцинкованные оцинкованный,50,,шт
Детали трубопроводов,"Сгоны, бочата, резьбы",Сгоны стальные оцинкованные оцинкованный,"Сгоны, бочата, резьбы 50 Сгоны стальные оцинкованные оцинкованный","Сгоны, бочата, резьбы марки Сгоны стальные оцинкованные оцинкованный, размер 50",50,131,шт,1,0,0,https://www.kavstal.ru/public/assets/images/products/KACHESTVENNYE_STALI/SGONY_BOCHATA_REZBY/img.jpg,"качественные стали;сгоны, бочата, резьбы;сгоны стальные оцинкованные оцинкованный;50",Сгоны стальные оцинкованные оцинкованный,50,,шт
Детали трубопроводов,"Сгоны, бочата, резьбы",Сгоны стальные оцинкованные оцинкованный,"Сгоны, бочата, резьбы 65 Сгоны стальные оцинкованные оцинкованный","Сгоны, бочата, резьбы марки Сгоны стальные оцинкованные оцинкованный, размер 65",65,299,шт,1,0,0,https://www.kavstal.ru/public/assets/images/products/KACHESTVENNYE_STALI/SGONY_BOCHATA_REZBY/img.jpg,"качественные стали;сгоны, бочата, резьбы;сгоны стальные оцинкованные оцинкованный;65",Сгоны стальные оцинкованные оцинкованный,65,,шт
Детали трубопроводов,Фитинги резьбовые,"Заглушка лат никель Ду 32 (1 1/4"") НР VALFEX VF.58 НР Ру 40","Фитинги резьбовые 32 Заглушка лат никель Ду 32 (1 1/4"") НР VALFEX VF.58 НР Ру 40","Фитинги резьбовые марки Заглушка лат никель Ду 32 (1 1/4"") НР VALFEX VF.58 НР Ру 40, размер 32",32,155,шт,1,0,0,https://www.kavstal.ru/public/assets/images/products/KACHESTVENNYE_STALI/FITINGI_REZBOVYE/img.webp,"качественные стали;фитинги резьбовые;заглушка лат никель ду 32 (1 1/4"") нр valfex vf.58 нр ру 40;32","Заглушка лат никель Ду 32 (1 1/4"") НР VALFEX VF.58 НР Ру 40",32,,шт
Детали трубопроводов,Фитинги резьбовые,"Заглушка лат никель Ду 40 (1 1/2"") ВР VALFEX VF.59 ВР Ру 40","Фитинги резьбовые 40 Заглушка лат никель Ду 40 (1 1/2"") ВР VALFEX VF.59 ВР Ру 40","Фитинги резьбовые марки Заглушка лат никель Ду 40 (1 1/2"") ВР VALFEX VF.59 ВР Ру 40, размер 40",40,216,шт,1,0,0,https://www.kavstal.ru/public/assets/images/products/KACHESTVENNYE_STALI/FITINGI_REZBOVYE/img.webp,"качественные стали;фитинги резьбовые;заглушка лат никель ду 40 (1 1/2"") вр valfex vf.59 вр ру 40;40","Заглушка лат никель Ду 40 (1 1/2"") ВР VALFEX VF.59 ВР Ру 40",40,,шт
Детали трубопроводов,Фитинги резьбовые,"Заглушка лат никель Ду 50 (2"") ВР VALFEX VF.590.N. ВР Ру 40","Фитинги резьбовые 50 Заглушка лат никель Ду 50 (2"") ВР VALFEX VF.590.N. ВР Ру 40","Фитинги резьбовые марки Заглушка лат никель Ду 50 (2"") ВР VALFEX VF.590.N. ВР Ру 40, размер 50",50,318,шт,1,0,0,https://www.kavstal.ru/public/assets/images/products/KACHESTVENNYE_STALI/FITINGI_REZBOVYE/img.webp,"качественные стали;фитинги резьбовые;заглушка лат никель ду 50 (2"") вр valfex vf.590.n. вр ру 40;50","Заглушка лат никель Ду 50 (2"") ВР VALFEX VF.590.N. ВР Ру 40",50,,шт
Детали трубопроводов,Фитинги резьбовые,Заглушка латунная никелированная ВР Ру 40,Фитинги резьбовые 15 Заглушка латунная никелированная ВР Ру 40,"Фитинги резьбовые марки Заглушка латунная никелированная ВР Ру 40, размер 15",15,25,шт,1,0,0,https://www.kavstal.ru/public/assets/images/products/KACHESTVENNYE_STALI/FITINGI_REZBOVYE/img.webp,качественные стали;фитинги резьбовые;заглушка латунная никелированная вр ру 40;15,Заглушка латунная никелированная ВР Ру 40,15,,шт
Детали трубопроводов,Фитинги резьбовые,Заглушка латунная никелированная ВР Ру 40,Фитинги резьбовые 20 Заглушка латунная никелированная ВР Ру 40,"Фитинги резьбовые марки Заглушка латунная никелированная ВР Ру 40, размер 20",20,40,шт,1,0,0,https://www.kavstal.ru/public/assets/images/products/KACHESTVENNYE_STALI/FITINGI_REZBOVYE/img.webp,качественные стали;фитинги резьбовые;заглушка латунная никелированная вр ру 40;20,Заглушка латунная никелированная ВР Ру 40,20,,шт
Детали трубопроводов,Фитинги резьбовые,Заглушка латунная никелированная НР Ру 40,Фитинги резьбовые 15 Заглушка латунная никелированная НР Ру 40,"Фитинги резьбовые марки Заглушка латунная никелированная НР Ру 40, размер 15",15,23,шт,1,0,0,https://www.kavstal.ru/public/assets/images/products/KACHESTVENNYE_STALI/FITINGI_REZBOVYE/img.webp,качественные стали;фитинги резьбовые;заглушка латунная никелированная нр ру 40;15,Заглушка латунная никелированная НР Ру 40,15,,шт
Детали трубопроводов,Фитинги резьбовые,Заглушка латунная никелированная НР Ру 40,Фитинги резьбовые 20 Заглушка латунная никелированная НР Ру 40,"Фитинги резьбовые марки Заглушка латунная никелированная НР Ру 40, размер 20",20,52,шт,1,0,0,https://www.kavstal.ru/public/assets/images/products/KACHESTVENNYE_STALI/FITINGI_REZBOVYE/img.webp,качественные стали;фитинги резьбовые;заглушка латунная никелированная нр ру 40;20,Заглушка латунная никелированная НР Ру 40,20,,шт
Детали трубопроводов,Фитинги резьбовые,Заглушка латунная никелированная НР Ру 40,Фитинги резьбовые 25 Заглушка латунная никелированная НР Ру 40,"Фитинги резьбовые марки Заглушка латунная никелированная НР Ру 40, размер 25",25,67,шт,1,0,0,https://www.kavstal.ru/public/assets/images/products/KACHESTVENNYE_STALI/FITINGI_REZBOVYE/img.webp,качественные стали;фитинги резьбовые;заглушка латунная никелированная нр ру 40;25,Заглушка латунная никелированная НР Ру 40,25,,шт
Детали трубопроводов,Фитинги резьбовые,Контргайка латунная никелированная ВР Ру 40,Фитинги резьбовые 15 Контргайка латунная никелированная ВР Ру 40,"Фитинги резьбовые марки Контргайка латунная никелированная ВР Ру 40, размер 15",15,18,шт,1,0,0,https://www.kavstal.ru/public/assets/images/products/KACHESTVENNYE_STALI/FITINGI_REZBOVYE/img.webp,качественные стали;фитинги резьбовые;контргайка латунная никелированная вр ру 40;15,Контргайка латунная никелированная ВР Ру 40,15,,шт
Детали трубопроводов,Фитинги резьбовые,Контргайка латунная никелированная ВР Ру 40,Фитинги резьбовые 20 Контргайка латунная никелированная ВР Ру 40,"Фитинги резьбовые марки Контргайка латунная никелированная ВР Ру 40, размер 20",20,25,шт,1,0,0,https://www.kavstal.ru/public/assets/images/products/KACHESTVENNYE_STALI/FITINGI_REZBOVYE/img.webp,качественные стали;фитинги резьбовые;контргайка латунная никелированная вр ру 40;20,Контргайка латунная никелированная ВР Ру 40,20,,шт
Детали трубопроводов,Фитинги резьбовые,Контргайка латунная никелированная ВР Ру 40,Фитинги резьбовые 25 Контргайка латунная никелированная ВР Ру 40,"Фитинги резьбовые марки Контргайка латунная никелированная ВР Ру 40, размер 25",25,28,шт,1,0,0,https://www.kavstal.ru/public/assets/images/products/KACHESTVENNYE_STALI/FITINGI_REZBOVYE/img.webp,качественные стали;фитинги резьбовые;контргайка латунная никелированная вр ру 40;25,Контргайка латунная никелированная ВР Ру 40,25,,шт
Детали трубопроводов,Фитинги резьбовые,"Крест лат никель Ду 15 (1/2"") ВР VALFEX VF.760.N.0 ВР Ру 40","Фитинги резьбовые 15 Крест лат никель Ду 15 (1/2"") ВР VALFEX VF.760.N.0 ВР Ру 40","Фитинги резьбовые марки Крест лат никель Ду 15 (1/2"") ВР VALFEX VF.760.N.0 ВР Ру 40, размер 15",15,94,шт,1,0,0,https://www.kavstal.ru/public/assets/images/products/KACHESTVENNYE_STALI/FITINGI_REZBOVYE/img.webp,"качественные стали;фитинги резьбовые;крест лат никель ду 15 (1/2"") вр valfex vf.760.n.0 вр ру 40;15","Крест лат никель Ду 15 (1/2"") ВР VALFEX VF.760.N.0 ВР Ру 40",15,,шт
Детали трубопроводов,Фитинги резьбовые,"Крест лат никель Ду 20 (3/4"") ВР VALFEX VF.760.N.0 ВР Ру 40","Фитинги резьбовые 20 Крест лат никель Ду 20 (3/4"") ВР VALFEX VF.760.N.0 ВР Ру 40","Фитинги резьбовые марки Крест лат никель Ду 20 (3/4"") ВР VALFEX VF.760.N.0 ВР Ру 40, размер 20",20,191,шт,1,0,0,https://www.kavstal.ru/public/assets/images/products/KACHESTVENNYE_STALI/FITINGI_REZBOVYE/img.webp,"качественные стали;фитинги резьбовые;крест лат никель ду 20 (3/4"") вр valfex vf.760.n.0 вр ру 40;20","Крест лат никель Ду 20 (3/4"") ВР VALFEX VF.760.N.0 ВР Ру 40",20,,шт
Детали трубопроводов,Фитинги резьбовые,"Крест лат никель Ду 25 (1"") ВР VALFEX VF.760.N.100 ВР Ру 40","Фитинги резьбовые 25 Крест лат никель Ду 25 (1"") ВР VALFEX VF.760.N.100 ВР Ру 40","Фитинги резьбовые марки Крест лат никель Ду 25 (1"") ВР VALFEX VF.760.N.100 ВР Ру 40, размер 25",25,427,шт,1,0,0,https://www.kavstal.ru/public/assets/images/products/KACHESTVENNYE_STALI/FITINGI_REZBOVYE/img.webp,"качественные стали;фитинги резьбовые;крест лат никель ду 25 (1"") вр valfex vf.760.n.100 вр ру 40;25","Крест лат никель Ду 25 (1"") ВР VALFEX VF.760.N.100 ВР Ру 40",25,,шт
Детали трубопроводов,Фитинги резьбовые,"Муфта лат никель Ду 32 (1 1/4"") ВР VALFEX VF.170.N ВР Ру 40","Фитинги резьбовые 32 Муфта лат никель Ду 32 (1 1/4"") ВР VALFEX VF.170.N ВР Ру 40","Фитинги резьбовые марки Муфта лат никель Ду 32 (1 1/4"") ВР VALFEX VF.170.N ВР Ру 40, размер 32",32,186,шт,1,0,0,https://www.kavstal.ru/public/assets/images/products/KACHESTVENNYE_STALI/FITINGI_REZBOVYE/img.webp,"качественные стали;фитинги резьбовые;муфта лат никель ду 32 (1 1/4"") вр valfex vf.170.n вр ру 40;32","Муфта лат никель Ду 32 (1 1/4"") ВР VALFEX VF.170.N ВР Ру 40",32,,шт
Детали трубопроводов,Фитинги резьбовые,"Муфта лат никель Ду 40 (1 1/2"") ВР VALFEX VF.170.N ВР Ру 40","Фитинги резьбовые 40 Муфта лат никель Ду 40 (1 1/2"") ВР VALFEX VF.170.N ВР Ру 40","Фитинги резьбовые марки Муфта лат никель Ду 40 (1 1/2"") ВР VALFEX VF.170.N ВР Ру 40, размер 40",40,250,шт,1,0,0,https://www.kavstal.ru/public/assets/images/products/KACHESTVENNYE_STALI/FITINGI_REZBOVYE/img.webp,"качественные стали;фитинги резьбовые;муфта лат никель ду 40 (1 1/2"") вр valfex vf.170.n вр ру 40;40","Муфта лат никель Ду 40 (1 1/2"") ВР VALFEX VF.170.N ВР Ру 40",40,,шт
Детали трубопроводов,Фитинги резьбовые,"Муфта лат никель Ду 50 (2"") ВР VALFEX VF.170.N.200 ВР Ру 40","Фитинги резьбовые 50 Муфта лат никель Ду 50 (2"") ВР VALFEX VF.170.N.200 ВР Ру 40","Фитинги резьбовые марки Муфта лат никель Ду 50 (2"") ВР VALFEX VF.170.N.200 ВР Ру 40, размер 50",50,520,шт,1,0,0,https://www.kavstal.ru/public/assets/images/products/KACHESTVENNYE_STALI/FITINGI_REZBOVYE/img.webp,"качественные стали;фитинги резьбовые;муфта лат никель ду 50 (2"") вр valfex vf.170.n.200 вр ру 40;50","Муфта лат никель Ду 50 (2"") ВР VALFEX VF.170.N.200 ВР Ру 40",50,,шт
Детали трубопроводов,Фитинги резьбовые,"Муфта лат никель переходная Ду 32х15 (1 1/4""х1/2"") ВР Ру 40","Фитинги резьбовые 32 Муфта лат никель переходная Ду 32х15 (1 1/4""х1/2"") ВР Ру 40","Фитинги резьбовые марки Муфта лат никель переходная Ду 32х15 (1 1/4""х1/2"") ВР Ру 40, размер 32",32,121,шт,1,0,0,https://www.kavstal.ru/public/assets/images/products/KACHESTVENNYE_STALI/FITINGI_REZBOVYE/img.webp,"качественные стали;фитинги резьбовые;муфта лат никель переходная ду 32х15 (1 1/4""х1/2"") вр ру 40;32","Муфта лат никель переходная Ду 32х15 (1 1/4""х1/2"") ВР Ру 40",32,,шт
Детали трубопроводов,Фитинги резьбовые,"Муфта лат никель переходная Ду 32х20 (1 1/4""х3/4"") ВР Ру 40","Фитинги резьбовые 32 Муфта лат никель переходная Ду 32х20 (1 1/4""х3/4"") ВР Ру 40","Фитинги резьбовые марки Муфта лат никель переходная Ду 32х20 (1 1/4""х3/4"") ВР Ру 40, размер 32",32,135,шт,1,0,0,https://www.kavstal.ru/public/assets/images/products/KACHESTVENNYE_STALI/FITINGI_REZBOVYE/img.webp,"качественные стали;фитинги резьбовые;муфта лат никель переходная ду 32х20 (1 1/4""х3/4"") вр ру 40;32","Муфта лат никель переходная Ду 32х20 (1 1/4""х3/4"") ВР Ру 40",32,,шт
Детали трубопроводов,Фитинги резьбовые,"Муфта лат никель переходная Ду 40х32 (1 1/2""х1 1/4 ВР Ру 40","Фитинги резьбовые 40 Муфта лат никель переходная Ду 40х32 (1 1/2""х1 1/4 ВР Ру 40","Фитинги резьбовые марки Муфта лат никель переходная Ду 40х32 (1 1/2""х1 1/4 ВР Ру 40, размер 40",40,193,шт,1,0,0,https://www.kavstal.ru/public/assets/images/products/KACHESTVENNYE_STALI/FITINGI_REZBOVYE/img.webp,"качественные стали;фитинги резьбовые;муфта лат никель переходная ду 40х32 (1 1/2""х1 1/4 вр ру 40;40","Муфта лат никель переходная Ду 40х32 (1 1/2""х1 1/4 ВР Ру 40",40,,шт
Детали трубопроводов,Фитинги резьбовые,"Муфта лат никель переходная Ду 50х25 (2""х1"") ВР/ВР ВР Ру 40","Фитинги резьбовые 50 Муфта лат никель переходная Ду 50х25 (2""х1"") ВР/ВР ВР Ру 40","Фитинги резьбовые марки Муфта лат никель переходная Ду 50х25 (2""х1"") ВР/ВР ВР Ру 40, размер 50",50,264,шт,1,0,0,https://www.kavstal.ru/public/assets/images/products/KACHESTVENNYE_STALI/FITINGI_REZBOVYE/img.webp,"качественные стали;фитинги резьбовые;муфта лат никель переходная ду 50х25 (2""х1"") вр/вр вр ру 40;50","Муфта лат никель переходная Ду 50х25 (2""х1"") ВР/ВР ВР Ру 40",50,,шт
Детали трубопроводов,Фитинги резьбовые,"Муфта лат никель переходная Ду 50х32 (2""х1 1/4"") В ВР Ру 40","Фитинги резьбовые 50 Муфта лат никель переходная Ду 50х32 (2""х1 1/4"") В ВР Ру 40","Фитинги резьбовые марки Муфта лат никель переходная Ду 50х32 (2""х1 1/4"") В ВР Ру 40, размер 50",50,283,шт,1,0,0,https://www.kavstal.ru/public/assets/images/products/KACHESTVENNYE_STALI/FITINGI_REZBOVYE/img.webp,"качественные стали;фитинги резьбовые;муфта лат никель переходная ду 50х32 (2""х1 1/4"") в вр ру 40;50","Муфта лат никель переходная Ду 50х32 (2""х1 1/4"") В ВР Ру 40",50,,шт
Детали трубопроводов,Фитинги резьбовые,"Муфта лат никель переходная Ду 50х40 (2""х1 1/2"") В ВР Ру 40","Фитинги резьбовые 50 Муфта лат никель переходная Ду 50х40 (2""х1 1/2"") В ВР Ру 40","Фитинги резьбовые марки Муфта лат никель переходная Ду 50х40 (2""х1 1/2"") В ВР Ру 40, размер 50",50,275,шт,1,0,0,https://www.kavstal.ru/public/assets/images/products/KACHESTVENNYE_STALI/FITINGI_REZBOVYE/img.webp,"качественные стали;фитинги резьбовые;муфта лат никель переходная ду 50х40 (2""х1 1/2"") в вр ру 40;50","Муфта лат никель переходная Ду 50х40 (2""х1 1/2"") В ВР Ру 40",50,,шт
Детали трубопроводов,Фитинги резьбовые,Муфта латунная никелированная ВР Ру 40,Фитинги резьбовые 15 Муфта латунная никелированная ВР Ру 40,"Фитинги резьбовые марки Муфта латунная никелированная ВР Ру 40, размер 15",15,42,шт,1,0,0,https://www.kavstal.ru/public/assets/images/products/KACHESTVENNYE_STALI/FITINGI_REZBOVYE/img.webp,качественные стали;фитинги резьбовые;муфта латунная никелированная вр ру 40;15,Муфта латунная никелированная ВР Ру 40,15,,шт
Детали трубопроводов,Фитинги резьбовые,Муфта латунная никелированная ВР Ру 40,Фитинги резьбовые 20 Муфта латунная никелированная ВР Ру 40,"Фитинги резьбовые марки Муфта латунная никелированная ВР Ру 40, размер 20",20,55,шт,1,0,0,https://www.kavstal.ru/public/assets/images/products/KACHESTVENNYE_STALI/FITINGI_REZBOVYE/img.webp,качественные стали;фитинги резьбовые;муфта латунная никелированная вр ру 40;20,Муфта латунная никелированная ВР Ру 40,20,,шт
Детали трубопроводов,Фитинги резьбовые,Муфта латунная никелированная ВР Ру 40,Фитинги резьбовые 20 Муфта латунная никелированная ВР Ру 40,"Фитинги резьбовые марки Муфта латунная никелированная ВР Ру 40, размер 20",20,67,шт,1,0,0,https://www.kavstal.ru/public/assets/images/products/KACHESTVENNYE_STALI/FITINGI_REZBOVYE/img.webp,качественные стали;фитинги резьбовые;муфта латунная никелированная вр ру 40;20,Муфта латунная никелированная ВР Ру 40,20,,шт
Детали трубопроводов,Фитинги резьбовые,Муфта латунная никелированная ВР Ру 40,Фитинги резьбовые 25 Муфта латунная никелированная ВР Ру 40,"Фитинги резьбовые марки Муфта латунная никелированная ВР Ру 40, размер 25",25,124,шт,1,0,0,https://www.kavstal.ru/public/assets/images/products/KACHESTVENNYE_STALI/FITINGI_REZBOVYE/img.webp,качественные стали;фитинги резьбовые;муфта латунная никелированная вр ру 40;25,Муфта латунная никелированная ВР Ру 40,25,,шт
Детали трубопроводов,Фитинги резьбовые,Муфта латунная никелированная ВР Ру 40,Фитинги резьбовые 25 Муфта латунная никелированная ВР Ру 40,"Фитинги резьбовые марки Муфта латунная никелированная ВР Ру 40, размер 25",25,72,шт,1,0,0,https://www.kavstal.ru/public/assets/images/products/KACHESTVENNYE_STALI/FITINGI_REZBOVYE/img.webp,качественные стали;фитинги резьбовые;муфта латунная никелированная вр ру 40;25,Муфта латунная никелированная ВР Ру 40,25,,шт
Детали трубопроводов,Фитинги резьбовые,Муфта латунная никелированная ВР Ру 40,Фитинги резьбовые 25 Муфта латунная никелированная ВР Ру 40,"Фитинги резьбовые марки Муфта латунная никелированная ВР Ру 40, размер 25",25,95,шт,1,0,0,https://www.kavstal.ru/public/assets/images/products/KACHESTVENNYE_STALI/FITINGI_REZBOVYE/img.webp,качественные стали;фитинги резьбовые;муфта латунная никелированная вр ру 40;25,Муфта латунная никелированная ВР Ру 40,25,,шт
Детали трубопроводов,Фитинги резьбовые,Муфта стальная ВР 1 1/2,Фитинги резьбовые 40 Муфта стальная ВР 1 1/2,"Фитинги резьбовые марки Муфта стальная ВР 1 1/2"", размер 40",40,136,шт,1,0,0,https://www.kavstal.ru/public/assets/images/products/KACHESTVENNYE_STALI/FITINGI_REZBOVYE/img.webp,"качественные стали;фитинги резьбовые;муфта стальная вр 1 1/2"";40",Муфта стальная ВР 1 1/2,40,,шт
Детали трубопроводов,Фитинги резьбовые,Муфта стальная ВР 1 1/4,Фитинги резьбовые 32 Муфта стальная ВР 1 1/4,"Фитинги резьбовые марки Муфта стальная ВР 1 1/4"", размер 32",32,54,шт,1,0,0,https://www.kavstal.ru/public/assets/images/products/KACHESTVENNYE_STALI/FITINGI_REZBOVYE/img.webp,"качественные стали;фитинги резьбовые;муфта стальная вр 1 1/4"";32",Муфта стальная ВР 1 1/4,32,,шт
Детали трубопроводов,Фитинги резьбовые,Муфта стальная ВР 1,Фитинги резьбовые 25 Муфта стальная ВР 1,"Фитинги резьбовые марки Муфта стальная ВР 1"", размер 25",25,40,шт,1,0,0,https://www.kavstal.ru/public/assets/images/products/KACHESTVENNYE_STALI/FITINGI_REZBOVYE/img.webp,"качественные стали;фитинги резьбовые;муфта стальная вр 1"";25",Муфта стальная ВР 1,25,,шт
Детали трубопроводов,Фитинги резьбовые,Муфта стальная ВР 1/2,Фитинги резьбовые 15 Муфта стальная ВР 1/2,"Фитинги резьбовые марки Муфта стальная ВР 1/2"", размер 15",15,27,шт,1,0,0,https://www.kavstal.ru/public/assets/images/products/KACHESTVENNYE_STALI/FITINGI_REZBOVYE/img.webp,"качественные стали;фитинги резьбовые;муфта стальная вр 1/2"";15",Муфта стальная ВР 1/2,15,,шт
Детали трубопроводов,Фитинги резьбовые,Муфта стальная ВР 2,Фитинги резьбовые 50 Муфта стальная ВР 2,"Фитинги резьбовые марки Муфта стальная ВР 2"", размер 50",50,165,шт,1,0,0,https://www.kavstal.ru/public/assets/images/products/KACHESTVENNYE_STALI/FITINGI_REZBOVYE/img.webp,"качественные стали;фитинги резьбовые;муфта стальная вр 2"";50",Муфта стальная ВР 2,50,,шт
Детали трубопроводов,Фитинги резьбовые,Муфта стальная ВР 3/4,Фитинги резьбовые 20 Муфта стальная ВР 3/4,"Фитинги резьбовые марки Муфта стальная ВР 3/4"", размер 20",20,30,шт,1,0,0,https://www.kavstal.ru/public/assets/images/products/KACHESTVENNYE_STALI/FITINGI_REZBOVYE/img.webp,"качественные стали;фитинги резьбовые;муфта стальная вр 3/4"";20",Муфта стальная ВР 3/4,20,,шт
Детали трубопроводов,Фитинги резьбовые,"Ниппель лат никель переходной Ду 32х15 (1 1/4""х1/2 НР Ру 40","Фитинги резьбовые 32 Ниппель лат никель переходной Ду 32х15 (1 1/4""х1/2 НР Ру 40","Фитинги резьбовые марки Ниппель лат никель переходной Ду 32х15 (1 1/4""х1/2 НР Ру 40, размер 32",32,118,шт,1,0,0,https://www.kavstal.ru/public/assets/images/products/KACHESTVENNYE_STALI/FITINGI_REZBOVYE/img.webp,"качественные стали;фитинги резьбовые;ниппель лат никель переходной ду 32х15 (1 1/4""х1/2 нр ру 40;32","Ниппель лат никель переходной Ду 32х15 (1 1/4""х1/2 НР Ру 40",32,,шт
Детали трубопроводов,Фитинги резьбовые,"Ниппель лат никель переходной Ду 32х20 (1 1/4""х3/4 НР Ру 40","Фитинги резьбовые 32 Ниппель лат никель переходной Ду 32х20 (1 1/4""х3/4 НР Ру 40","Фитинги резьбовые марки Ниппель лат никель переходной Ду 32х20 (1 1/4""х3/4 НР Ру 40, размер 32",32,112,шт,1,0,0,https://www.kavstal.ru/public/assets/images/products/KACHESTVENNYE_STALI/FITINGI_REZBOVYE/img.webp,"качественные стали;фитинги резьбовые;ниппель лат никель переходной ду 32х20 (1 1/4""х3/4 нр ру 40;32","Ниппель лат никель переходной Ду 32х20 (1 1/4""х3/4 НР Ру 40",32,,шт
Детали трубопроводов,Фитинги резьбовые,"Ниппель лат никель переходной Ду 40х20 (1 1/2""х3/4 НР Ру 40","Фитинги резьбовые 40 Ниппель лат никель переходной Ду 40х20 (1 1/2""х3/4 НР Ру 40","Фитинги резьбовые марки Ниппель лат никель переходной Ду 40х20 (1 1/2""х3/4 НР Ру 40, размер 40",40,151,шт,1,0,0,https://www.kavstal.ru/public/assets/images/products/KACHESTVENNYE_STALI/FITINGI_REZBOVYE/img.webp,"качественные стали;фитинги резьбовые;ниппель лат никель переходной ду 40х20 (1 1/2""х3/4 нр ру 40;40","Ниппель лат никель переходной Ду 40х20 (1 1/2""х3/4 НР Ру 40",40,,шт
Детали трубопроводов,Фитинги резьбовые,Ниппель латунный никелированный НР Ру 40,Фитинги резьбовые 15 Ниппель латунный никелированный НР Ру 40,"Фитинги резьбовые марки Ниппель латунный никелированный НР Ру 40, размер 15",15,25,шт,1,0,0,https://www.kavstal.ru/public/assets/images/products/KACHESTVENNYE_STALI/FITINGI_REZBOVYE/img.webp,качественные стали;фитинги резьбовые;ниппель латунный никелированный нр ру 40;15,Ниппель латунный никелированный НР Ру 40,15,,шт
Детали трубопроводов,Фитинги резьбовые,Ниппель латунный никелированный НР Ру 40,Фитинги резьбовые 15 Ниппель латунный никелированный НР Ру 40,"Фитинги резьбовые марки Ниппель латунный никелированный НР Ру 40, размер 15",15,28,шт,1,0,0,https://www.kavstal.ru/public/assets/images/products/KACHESTVENNYE_STALI/FITINGI_REZBOVYE/img.webp,качественные стали;фитинги резьбовые;ниппель латунный никелированный нр ру 40;15,Ниппель латунный никелированный НР Ру 40,15,,шт
Детали трубопроводов,Фитинги резьбовые,Ниппель латунный никелированный НР Ру 40,Фитинги резьбовые 20 Ниппель латунный никелированный НР Ру 40,"Фитинги резьбовые марки Ниппель латунный никелированный НР Ру 40, размер 20",20,43,шт,1,0,0,https://www.kavstal.ru/public/assets/images/products/KACHESTVENNYE_STALI/FITINGI_REZBOVYE/img.webp,качественные стали;фитинги резьбовые;ниппель латунный никелированный нр ру 40;20,Ниппель латунный никелированный НР Ру 40,20,,шт
Детали трубопроводов,Фитинги резьбовые,Ниппель латунный никелированный НР Ру 40,Фитинги резьбовые 20 Ниппель латунный никелированный НР Ру 40,"Фитинги резьбовые марки Ниппель латунный никелированный НР Ру 40, размер 20",20,48,шт,1,0,0,https://www.kavstal.ru/public/assets/images/products/KACHESTVENNYE_STALI/FITINGI_REZBOVYE/img.webp,качественные стали;фитинги резьбовые;ниппель латунный никелированный нр ру 40;20,Ниппель латунный никелированный НР Ру 40,20,,шт
Детали трубопроводов,Фитинги резьбовые,Ниппель латунный никелированный НР Ру 40,Фитинги резьбовые 25 Ниппель латунный никелированный НР Ру 40,"Фитинги резьбовые марки Ниппель латунный никелированный НР Ру 40, размер 25",25,69,шт,1,0,0,https://www.kavstal.ru/public/assets/images/products/KACHESTVENNYE_STALI/FITINGI_REZBOVYE/img.webp,качественные стали;фитинги резьбовые;ниппель латунный никелированный нр ру 40;25,Ниппель латунный никелированный НР Ру 40,25,,шт
Детали трубопроводов,Фитинги резьбовые,Ниппель латунный никелированный НР Ру 40,Фитинги резьбовые 25 Ниппель латунный никелированный НР Ру 40,"Фитинги резьбовые марки Ниппель латунный никелированный НР Ру 40, размер 25",25,82,шт,1,0,0,https://www.kavstal.ru/public/assets/images/products/KACHESTVENNYE_STALI/FITINGI_REZBOVYE/img.webp,качественные стали;фитинги резьбовые;ниппель латунный никелированный нр ру 40;25,Ниппель латунный никелированный НР Ру 40,25,,шт
Детали трубопроводов,Фитинги резьбовые,Ниппель латунный никелированный НР Ру 40,Фитинги резьбовые 25 Ниппель латунный никелированный НР Ру 40,"Фитинги резьбовые марки Ниппель латунный никелированный НР Ру 40, размер 25",25,89,шт,1,0,0,https://www.kavstal.ru/public/assets/images/products/KACHESTVENNYE_STALI/FITINGI_REZBOVYE/img.webp,качественные стали;фитинги резьбовые;ниппель латунный никелированный нр ру 40;25,Ниппель латунный никелированный НР Ру 40,25,,шт
Детали трубопроводов,Фитинги резьбовые,"Переход лат никель Ду 32х20 (1 1/4""х3/4"") ВР/НР VA ВР/НР Ру 40","Фитинги резьбовые 32 Переход лат никель Ду 32х20 (1 1/4""х3/4"") ВР/НР VA ВР/НР Ру 40","Фитинги резьбовые марки Переход лат никель Ду 32х20 (1 1/4""х3/4"") ВР/НР VA ВР/НР Ру 40, размер 32",32,123,шт,1,0,0,https://www.kavstal.ru/public/assets/images/products/KACHESTVENNYE_STALI/FITINGI_REZBOVYE/img.webp,"качественные стали;фитинги резьбовые;переход лат никель ду 32х20 (1 1/4""х3/4"") вр/нр va вр/нр ру 40;32","Переход лат никель Ду 32х20 (1 1/4""х3/4"") ВР/НР VA ВР/НР Ру 40",32,,шт
Детали трубопроводов,Фитинги резьбовые,Переходник латунный никелированный ВР/НР,Фитинги резьбовые 15 Переходник латунный никелированный ВР/НР,"Фитинги резьбовые марки Переходник латунный никелированный ВР/НР, размер 15",15,27,шт,1,0,0,https://www.kavstal.ru/public/assets/images/products/KACHESTVENNYE_STALI/FITINGI_REZBOVYE/img.webp,качественные стали;фитинги резьбовые;переходник латунный никелированный вр/нр;15,Переходник латунный никелированный ВР/НР,15,,шт
Детали трубопроводов,Фитинги резьбовые,Переходник латунный никелированный ВР/НР Ру 40,Фитинги резьбовые 20 Переходник латунный никелированный ВР/НР Ру 40,"Фитинги резьбовые марки Переходник латунный никелированный ВР/НР Ру 40, размер 20",20,49,шт,1,0,0,https://www.kavstal.ru/public/assets/images/products/KACHESTVENNYE_STALI/FITINGI_REZBOVYE/img.webp,качественные стали;фитинги резьбовые;переходник латунный никелированный вр/нр ру 40;20,Переходник латунный никелированный ВР/НР Ру 40,20,,шт
Детали трубопроводов,Фитинги резьбовые,Переходник латунный никелированный ВР/НР Ру 40,Фитинги резьбовые 25 Переходник латунный никелированный ВР/НР Ру 40,"Фитинги резьбовые марки Переходник латунный никелированный ВР/НР Ру 40, размер 25",25,70,шт,1,0,0,https://www.kavstal.ru/public/assets/images/products/KACHESTVENNYE_STALI/FITINGI_REZBOVYE/img.webp,качественные стали;фитинги резьбовые;переходник латунный никелированный вр/нр ру 40;25,Переходник латунный никелированный ВР/НР Ру 40,25,,шт
Детали трубопроводов,Фитинги резьбовые,Переходник латунный никелированный ВР/НР Ру 40,Фитинги резьбовые 25 Переходник латунный никелированный ВР/НР Ру 40,"Фитинги резьбовые марки Переходник латунный никелированный ВР/НР Ру 40, размер 25",25,74,шт,1,0,0,https://www.kavstal.ru/public/assets/images/products/KACHESTVENNYE_STALI/FITINGI_REZBOVYE/img.webp,качественные стали;фитинги резьбовые;переходник латунный никелированный вр/нр ру 40;25,Переходник латунный никелированный ВР/НР Ру 40,25,,шт
Детали трубопроводов,Фитинги резьбовые,Сгон латунный никелированный ВР/Амер Ру 40,Фитинги резьбовые 15 Сгон латунный никелированный ВР/Амер Ру 40,"Фитинги резьбовые марки Сгон латунный никелированный ВР/Амер Ру 40, размер 15",15,113,шт,1,0,0,https://www.kavstal.ru/public/assets/images/products/KACHESTVENNYE_STALI/FITINGI_REZBOVYE/img.webp,качественные стали;фитинги резьбовые;сгон латунный никелированный вр/амер ру 40;15,Сгон латунный никелированный ВР/Амер Ру 40,15,,шт
Детали трубопроводов,Фитинги резьбовые,Сгон латунный никелированный ВР/Амер Ру 40,Фитинги резьбовые 20 Сгон латунный никелированный ВР/Амер Ру 40,"Фитинги резьбовые марки Сгон латунный никелированный ВР/Амер Ру 40, размер 20",20,177,шт,1,0,0,https://www.kavstal.ru/public/assets/images/products/KACHESTVENNYE_STALI/FITINGI_REZBOVYE/img.webp,качественные стали;фитинги резьбовые;сгон латунный никелированный вр/амер ру 40;20,Сгон латунный никелированный ВР/Амер Ру 40,20,,шт
Детали трубопроводов,Фитинги резьбовые,Сгон латунный никелированный ВР/Амер Ру 40,Фитинги резьбовые 25 Сгон латунный никелированный ВР/Амер Ру 40,"Фитинги резьбовые марки Сгон латунный никелированный ВР/Амер Ру 40, размер 25",25,398,шт,1,0,0,https://www.kavstal.ru/public/assets/images/products/KACHESTVENNYE_STALI/FITINGI_REZBOVYE/img.webp,качественные стали;фитинги резьбовые;сгон латунный никелированный вр/амер ру 40;25,Сгон латунный никелированный ВР/Амер Ру 40,25,,шт
Детали трубопроводов,Фитинги резьбовые,Соединитель латунный никелированный Американка Ру 40,Фитинги резьбовые 15 Соединитель латунный никелированный Американка Ру 40,"Фитинги резьбовые марки Соединитель латунный никелированный Американка Ру 40, размер 15",15,92,шт,1,0,0,https://www.kavstal.ru/public/assets/images/products/KACHESTVENNYE_STALI/FITINGI_REZBOVYE/img.webp,качественные стали;фитинги резьбовые;соединитель латунный никелированный американка ру 40;15,Соединитель латунный никелированный Американка Ру 40,15,,шт
Детали трубопроводов,Фитинги резьбовые,Соединитель латунный никелированный ВР/Амер Ру 40,Фитинги резьбовые 20 Соединитель латунный никелированный ВР/Амер Ру 40,"Фитинги резьбовые марки Соединитель латунный никелированный ВР/Амер Ру 40, размер 20",20,135,шт,1,0,0,https://www.kavstal.ru/public/assets/images/products/KACHESTVENNYE_STALI/FITINGI_REZBOVYE/img.webp,качественные стали;фитинги резьбовые;соединитель латунный никелированный вр/амер ру 40;20,Соединитель латунный никелированный ВР/Амер Ру 40,20,,шт
Детали трубопроводов,Фитинги резьбовые,Соединитель латунный никелированный ВР/Амер Ру 40,Фитинги резьбовые 25 Соединитель латунный никелированный ВР/Амер Ру 40,"Фитинги резьбовые марки Соединитель латунный никелированный ВР/Амер Ру 40, размер 25",25,228,шт,1,0,0,https://www.kavstal.ru/public/assets/images/products/KACHESTVENNYE_STALI/FITINGI_REZBOVYE/img.webp,качественные стали;фитинги резьбовые;соединитель латунный никелированный вр/амер ру 40;25,Соединитель латунный никелированный ВР/Амер Ру 40,25,,шт
Детали трубопроводов,Фитинги резьбовые,"Тройник лат никель переходной Ду 20х15х20 (3/4""х1/ ВР Ру 40","Фитинги резьбовые 20 Тройник лат никель переходной Ду 20х15х20 (3/4""х1/ ВР Ру 40","Фитинги резьбовые марки Тройник лат никель переходной Ду 20х15х20 (3/4""х1/ ВР Ру 40, размер 20",20,169,шт,1,0,0,https://www.kavstal.ru/public/assets/images/products/KACHESTVENNYE_STALI/FITINGI_REZBOVYE/img.webp,"качественные стали;фитинги резьбовые;тройник лат никель переходной ду 20х15х20 (3/4""х1/ вр ру 40;20","Тройник лат никель переходной Ду 20х15х20 (3/4""х1/ ВР Ру 40",20,,шт
Детали трубопроводов,Фитинги резьбовые,"Тройник лат никель переходной Ду 25х15х25 (1""х1/2"" ВР Ру 40","Фитинги резьбовые 25 Тройник лат никель переходной Ду 25х15х25 (1""х1/2"" ВР Ру 40","Фитинги резьбовые марки Тройник лат никель переходной Ду 25х15х25 (1""х1/2"" ВР Ру 40, размер 25",25,259,шт,1,0,0,https://www.kavstal.ru/public/assets/images/products/KACHESTVENNYE_STALI/FITINGI_REZBOVYE/img.webp,"качественные стали;фитинги резьбовые;тройник лат никель переходной ду 25х15х25 (1""х1/2"" вр ру 40;25","Тройник лат никель переходной Ду 25х15х25 (1""х1/2"" ВР Ру 40",25,,шт
Детали трубопроводов,Фитинги резьбовые,"Тройник лат никель переходной Ду 25х20х25 (1""х3/4"" ВР Ру 40","Фитинги резьбовые 25 Тройник лат никель переходной Ду 25х20х25 (1""х3/4"" ВР Ру 40","Фитинги резьбовые марки Тройник лат никель переходной Ду 25х20х25 (1""х3/4"" ВР Ру 40, размер 25",25,291,шт,1,0,0,https://www.kavstal.ru/public/assets/images/products/KACHESTVENNYE_STALI/FITINGI_REZBOVYE/img.webp,"качественные стали;фитинги резьбовые;тройник лат никель переходной ду 25х20х25 (1""х3/4"" вр ру 40;25","Тройник лат никель переходной Ду 25х20х25 (1""х3/4"" ВР Ру 40",25,,шт
Детали трубопроводов,Фитинги резьбовые,Тройник латунный никелированный ВР Ру 40,Фитинги резьбовые 15 Тройник латунный никелированный ВР Ру 40,"Фитинги резьбовые марки Тройник латунный никелированный ВР Ру 40, размер 15",15,85,шт,1,0,0,https://www.kavstal.ru/public/assets/images/products/KACHESTVENNYE_STALI/FITINGI_REZBOVYE/img.webp,качественные стали;фитинги резьбовые;тройник латунный никелированный вр ру 40;15,Тройник латунный никелированный ВР Ру 40,15,,шт
Детали трубопроводов,Фитинги резьбовые,Тройник латунный никелированный ВР Ру 40,Фитинги резьбовые 20 Тройник латунный никелированный ВР Ру 40,"Фитинги резьбовые марки Тройник латунный никелированный ВР Ру 40, размер 20",20,105,шт,1,0,0,https://www.kavstal.ru/public/assets/images/products/KACHESTVENNYE_STALI/FITINGI_REZBOVYE/img.webp,качественные стали;фитинги резьбовые;тройник латунный никелированный вр ру 40;20,Тройник латунный никелированный ВР Ру 40,20,,шт
Детали трубопроводов,Фитинги резьбовые,Тройник латунный никелированный ВР Ру 40,Фитинги резьбовые 25 Тройник латунный никелированный ВР Ру 40,"Фитинги резьбовые марки Тройник латунный никелированный ВР Ру 40, размер 25",25,238,шт,1,0,0,https://www.kavstal.ru/public/assets/images/products/KACHESTVENNYE_STALI/FITINGI_REZBOVYE/img.webp,качественные стали;фитинги резьбовые;тройник латунный никелированный вр ру 40;25,Тройник латунный никелированный ВР Ру 40,25,,шт
Детали трубопроводов,Фитинги резьбовые,Тройник латунный никелированный ВР/НР,Фитинги резьбовые 20 Тройник латунный никелированный ВР/НР,"Фитинги резьбовые марки Тройник латунный никелированный ВР/НР, размер 20",20,133,шт,1,0,0,https://www.kavstal.ru/public/assets/images/products/KACHESTVENNYE_STALI/FITINGI_REZBOVYE/img.webp,качественные стали;фитинги резьбовые;тройник латунный никелированный вр/нр;20,Тройник латунный никелированный ВР/НР,20,,шт
Детали трубопроводов,Фитинги резьбовые,Тройник латунный никелированный ВР/НР Ру 40,Фитинги резьбовые 15 Тройник латунный никелированный ВР/НР Ру 40,"Фитинги резьбовые марки Тройник латунный никелированный ВР/НР Ру 40, размер 15",15,85,шт,1,0,0,https://www.kavstal.ru/public/assets/images/products/KACHESTVENNYE_STALI/FITINGI_REZBOVYE/img.webp,качественные стали;фитинги резьбовые;тройник латунный никелированный вр/нр ру 40;15,Тройник латунный никелированный ВР/НР Ру 40,15,,шт
Детали трубопроводов,Фитинги резьбовые,Тройник латунный никелированный НР,Фитинги резьбовые 15 Тройник латунный никелированный НР,"Фитинги резьбовые марки Тройник латунный никелированный НР, размер 15",15,118,шт,1,0,0,https://www.kavstal.ru/public/assets/images/products/KACHESTVENNYE_STALI/FITINGI_REZBOVYE/img.webp,качественные стали;фитинги резьбовые;тройник латунный никелированный нр;15,Тройник латунный никелированный НР,15,,шт
Детали трубопроводов,Фитинги резьбовые,Тройник латунный никелированный НР Ру 40,Фитинги резьбовые 15 Тройник латунный никелированный НР Ру 40,"Фитинги резьбовые марки Тройник латунный никелированный НР Ру 40, размер 15",15,87,шт,1,0,0,https://www.kavstal.ru/public/assets/images/products/KACHESTVENNYE_STALI/FITINGI_REZBOVYE/img.webp,качественные стали;фитинги резьбовые;тройник латунный никелированный нр ру 40;15,Тройник латунный никелированный НР Ру 40,15,,шт
Детали трубопроводов,Фитинги резьбовые,Угольник латунный никелированный ВР Ру 40,Фитинги резьбовые 15 Угольник латунный никелированный ВР Ру 40,"Фитинги резьбовые марки Угольник латунный никелированный ВР Ру 40, размер 15",15,67,шт,1,0,0,https://www.kavstal.ru/public/assets/images/products/KACHESTVENNYE_STALI/FITINGI_REZBOVYE/img.webp,качественные стали;фитинги резьбовые;угольник латунный никелированный вр ру 40;15,Угольник латунный никелированный ВР Ру 40,15,,шт
Детали трубопроводов,Фитинги резьбовые,Угольник латунный никелированный ВР Ру 40,Фитинги резьбовые 20 Угольник латунный никелированный ВР Ру 40,"Фитинги резьбовые марки Угольник латунный никелированный ВР Ру 40, размер 20",20,116,шт,1,0,0,https://www.kavstal.ru/public/assets/images/products/KACHESTVENNYE_STALI/FITINGI_REZBOVYE/img.webp,качественные стали;фитинги резьбовые;угольник латунный никелированный вр ру 40;20,Угольник латунный никелированный ВР Ру 40,20,,шт
Детали трубопроводов,Фитинги резьбовые,Угольник латунный никелированный ВР Ру 40,Фитинги резьбовые 25 Угольник латунный никелированный ВР Ру 40,"Фитинги резьбовые марки Угольник латунный никелированный ВР Ру 40, размер 25",25,204,шт,1,0,0,https://www.kavstal.ru/public/assets/images/products/KACHESTVENNYE_STALI/FITINGI_REZBOVYE/img.webp,качественные стали;фитинги резьбовые;угольник латунный никелированный вр ру 40;25,Угольник латунный никелированный ВР Ру 40,25,,шт
Детали трубопроводов,Фитинги резьбовые,Угольник латунный никелированный ВР/НР Ру 40,Фитинги резьбовые 15 Угольник латунный никелированный ВР/НР Ру 40,"Фитинги резьбовые марки Угольник латунный никелированный ВР/НР Ру 40, размер 15",15,68,шт,1,0,0,https://www.kavstal.ru/public/assets/images/products/KACHESTVENNYE_STALI/FITINGI_REZBOVYE/img.webp,качественные стали;фитинги резьбовые;угольник латунный никелированный вр/нр ру 40;15,Угольник латунный никелированный ВР/НР Ру 40,15,,шт
Детали трубопроводов,Фитинги резьбовые,Угольник латунный никелированный ВР/НР Ру 40,Фитинги резьбовые 20 Угольник латунный никелированный ВР/НР Ру 40,"Фитинги резьбовые марки Угольник латунный никелированный ВР/НР Ру 40, размер 20",20,112,шт,1,0,0,https://www.kavstal.ru/public/assets/images/products/KACHESTVENNYE_STALI/FITINGI_REZBOVYE/img.webp,качественные стали;фитинги резьбовые;угольник латунный никелированный вр/нр ру 40;20,Угольник латунный никелированный ВР/НР Ру 40,20,,шт
Детали трубопроводов,Фитинги резьбовые,Угольник латунный никелированный НР,Фитинги резьбовые 20 Угольник латунный никелированный НР,"Фитинги резьбовые марки Угольник латунный никелированный НР, размер 20",20,118,шт,1,0,0,https://www.kavstal.ru/public/assets/images/products/KACHESTVENNYE_STALI/FITINGI_REZBOVYE/img.webp,качественные стали;фитинги резьбовые;угольник латунный никелированный нр;20,Угольник латунный никелированный НР,20,,шт
Детали трубопроводов,Фитинги резьбовые,Угольник латунный никелированный НР,Фитинги резьбовые 25 Угольник латунный никелированный НР,"Фитинги резьбовые марки Угольник латунный никелированный НР, размер 25",25,195,шт,1,0,0,https://www.kavstal.ru/public/assets/images/products/KACHESTVENNYE_STALI/FITINGI_REZBOVYE/img.webp,качественные стали;фитинги резьбовые;угольник латунный никелированный нр;25,Угольник латунный никелированный НР,25,,шт
Детали трубопроводов,Фитинги резьбовые,"Футорка лат никель Ду 32х25 (1 1/4""х1"") НР/ВР VALF НР/ВР Ру 40","Фитинги резьбовые 32 Футорка лат никель Ду 32х25 (1 1/4""х1"") НР/ВР VALF НР/ВР Ру 40","Фитинги резьбовые марки Футорка лат никель Ду 32х25 (1 1/4""х1"") НР/ВР VALF НР/ВР Ру 40, размер 32",32,168,шт,1,0,0,https://www.kavstal.ru/public/assets/images/products/KACHESTVENNYE_STALI/FITINGI_REZBOVYE/img.webp,"качественные стали;фитинги резьбовые;футорка лат никель ду 32х25 (1 1/4""х1"") нр/вр valf нр/вр ру 40;32","Футорка лат никель Ду 32х25 (1 1/4""х1"") НР/ВР VALF НР/ВР Ру 40",32,,шт
Детали трубопроводов,Фитинги резьбовые,Футорка латунная никелированная НР/ВР Ру 40,Фитинги резьбовые 15 Футорка латунная никелированная НР/ВР Ру 40,"Фитинги резьбовые марки Футорка латунная никелированная НР/ВР Ру 40, размер 15",15,16,шт,1,0,0,https://www.kavstal.ru/public/assets/images/products/KACHESTVENNYE_STALI/FITINGI_REZBOVYE/img.webp,качественные стали;фитинги резьбовые;футорка латунная никелированная нр/вр ру 40;15,Футорка латунная никелированная НР/ВР Ру 40,15,,шт
Детали трубопроводов,Фитинги резьбовые,Футорка латунная никелированная НР/ВР Ру 40,Фитинги резьбовые 20 Футорка латунная никелированная НР/ВР Ру 40,"Фитинги резьбовые марки Футорка латунная никелированная НР/ВР Ру 40, размер 20",20,27,шт,1,0,0,https://www.kavstal.ru/public/assets/images/products/KACHESTVENNYE_STALI/FITINGI_REZBOVYE/img.webp,качественные стали;фитинги резьбовые;футорка латунная никелированная нр/вр ру 40;20,Футорка латунная никелированная НР/ВР Ру 40,20,,шт
Детали трубопроводов,Фитинги резьбовые,Футорка латунная никелированная НР/ВР Ру 40,Фитинги резьбовые 25 Футорка латунная никелированная НР/ВР Ру 40,"Фитинги резьбовые марки Футорка латунная никелированная НР/ВР Ру 40, размер 25",25,57,шт,1,0,0,https://www.kavstal.ru/public/assets/images/products/KACHESTVENNYE_STALI/FITINGI_REZBOVYE/img.webp,качественные стали;фитинги резьбовые;футорка латунная никелированная нр/вр ру 40;25,Футорка латунная никелированная НР/ВР Ру 40,25,,шт
Детали трубопроводов,Фитинги резьбовые,Футорка латунная никелированная НР/ВР Ру 40,Фитинги резьбовые 25 Футорка латунная никелированная НР/ВР Ру 40,"Фитинги резьбовые марки Футорка латунная никелированная НР/ВР Ру 40, размер 25",25,81,шт,1,0,0,https://www.kavstal.ru/public/assets/images/products/KACHESTVENNYE_STALI/FITINGI_REZBOVYE/img.webp,качественные стали;фитинги резьбовые;футорка латунная никелированная нр/вр ру 40;25,Футорка латунная никелированная НР/ВР Ру 40,25,,шт
Детали трубопроводов,Отводы стальные,Отвод стальной шовный без покрытия,Отводы стальные 15 Отвод стальной шовный без покрытия,"Отводы стальные марки Отвод стальной шовный без покрытия, размер 15",15,27,шт,1,0,0,https://www.kavstal.ru/public/assets/images/products/INZHENERNYE_SISTEMY/OTVODY_STALNYE/img.jpg,качественные стали;отводы стальные;отвод стальной шовный без покрытия;15,Отвод стальной шовный без покрытия,15,,шт
Детали трубопроводов,Отводы стальные,Отвод стальной шовный без покрытия,Отводы стальные 15 Отвод стальной шовный без покрытия,"Отводы стальные марки Отвод стальной шовный без покрытия, размер 15",15,34,шт,1,0,0,https://www.kavstal.ru/public/assets/images/products/INZHENERNYE_SISTEMY/OTVODY_STALNYE/img.jpg,качественные стали;отводы стальные;отвод стальной шовный без покрытия;15,Отвод стальной шовный без покрытия,15,,шт
Детали трубопроводов,Отводы стальные,Отвод стальной шовный без покрытия,Отводы стальные 15 Отвод стальной шовный без покрытия,"Отводы стальные марки Отвод стальной шовный без покрытия, размер 15",15,37,шт,1,0,0,https://www.kavstal.ru/public/assets/images/products/INZHENERNYE_SISTEMY/OTVODY_STALNYE/img.jpg,качественные стали;отводы стальные;отвод стальной шовный без покрытия;15,Отвод стальной шовный без покрытия,15,,шт
Детали трубопроводов,Отводы стальные,Отвод стальной шовный без покрытия,Отводы стальные 20 Отвод стальной шовный без покрытия,"Отводы стальные марки Отвод стальной шовный без покрытия, размер 20",20,44,шт,1,0,0,https://www.kavstal.ru/public/assets/images/products/INZHENERNYE_SISTEMY/OTVODY_STALNYE/img.jpg,качественные стали;отводы стальные;отвод стальной шовный без покрытия;20,Отвод стальной шовный без покрытия,20,,шт
Детали трубопроводов,Отводы стальные,Отвод стальной шовный без покрытия,Отводы стальные 20 Отвод стальной шовный без покрытия,"Отводы стальные марки Отвод стальной шовный без покрытия, размер 20",20,445,шт,1,0,0,https://www.kavstal.ru/public/assets/images/products/INZHENERNYE_SISTEMY/OTVODY_STALNYE/img.jpg,качественные стали;отводы стальные;отвод стальной шовный без покрытия;20,Отвод стальной шовный без покрытия,20,,шт
Детали трубопроводов,Отводы стальные,Отвод стальной шовный без покрытия,Отводы стальные 20 Отвод стальной шовный без покрытия,"Отводы стальные марки Отвод стальной шовный без покрытия, размер 20",20,58,шт,1,0,0,https://www.kavstal.ru/public/assets/images/products/INZHENERNYE_SISTEMY/OTVODY_STALNYE/img.jpg,качественные стали;отводы стальные;отвод стальной шовный без покрытия;20,Отвод стальной шовный без покрытия,20,,шт
Детали трубопроводов,Отводы стальные,Отвод стальной шовный без покрытия,Отводы стальные 25 Отвод стальной шовный без покрытия,"Отводы стальные марки Отвод стальной шовный без покрытия, размер 25",25,119,шт,1,0,0,https://www.kavstal.ru/public/assets/images/products/INZHENERNYE_SISTEMY/OTVODY_STALNYE/img.jpg,качественные стали;отводы стальные;отвод стальной шовный без покрытия;25,Отвод стальной шовный без покрытия,25,,шт
Детали трубопроводов,Отводы стальные,Отвод стальной шовный без покрытия,Отводы стальные 25 Отвод стальной шовный без покрытия,"Отводы стальные марки Отвод стальной шовный без покрытия, размер 25",25,120,шт,1,0,0,https://www.kavstal.ru/public/assets/images/products/INZHENERNYE_SISTEMY/OTVODY_STALNYE/img.jpg,качественные стали;отводы стальные;отвод стальной шовный без покрытия;25,Отвод стальной шовный без покрытия,25,,шт
Детали трубопроводов,Отводы стальные,Отвод стальной шовный без покрытия,Отводы стальные 25 Отвод стальной шовный без покрытия,"Отводы стальные марки Отвод стальной шовный без покрытия, размер 25",25,82,шт,1,0,0,https://www.kavstal.ru/public/assets/images/products/INZHENERNYE_SISTEMY/OTVODY_STALNYE/img.jpg,качественные стали;отводы стальные;отвод стальной шовный без покрытия;25,Отвод стальной шовный без покрытия,25,,шт
Детали трубопроводов,Отводы стальные,Отвод стальной шовный без покрытия,Отводы стальные 32 Отвод стальной шовный без покрытия,"Отводы стальные марки Отвод стальной шовный без покрытия, размер 32",32,158,шт,1,0,0,https://www.kavstal.ru/public/assets/images/products/INZHENERNYE_SISTEMY/OTVODY_STALNYE/img.jpg,качественные стали;отводы стальные;отвод стальной шовный без покрытия;32,Отвод стальной шовный без покрытия,32,,шт
Детали трубопроводов,Отводы стальные,Отвод стальной шовный без покрытия,Отводы стальные 32 Отвод стальной шовный без покрытия,"Отводы стальные марки Отвод стальной шовный без покрытия, размер 32",32,189,шт,1,0,0,https://www.kavstal.ru/public/assets/images/products/INZHENERNYE_SISTEMY/OTVODY_STALNYE/img.jpg,качественные стали;отводы стальные;отвод стальной шовный без покрытия;32,Отвод стальной шовный без покрытия,32,,шт
Детали трубопроводов,Отводы стальные,Отвод стальной шовный без покрытия,Отводы стальные 32 Отвод стальной шовный без покрытия,"Отводы стальные марки Отвод стальной шовный без покрытия, размер 32",32,191,шт,1,0,0,https://www.kavstal.ru/public/assets/images/products/INZHENERNYE_SISTEMY/OTVODY_STALNYE/img.jpg,качественные стали;отводы стальные;отвод стальной шовный без покрытия;32,Отвод стальной шовный без покрытия,32,,шт
Детали трубопроводов,Отводы стальные,Отвод стальной шовный без покрытия,Отводы стальные 40 Отвод стальной шовный без покрытия,"Отводы стальные марки Отвод стальной шовный без покрытия, размер 40",40,220,шт,1,0,0,https://www.kavstal.ru/public/assets/images/products/INZHENERNYE_SISTEMY/OTVODY_STALNYE/img.jpg,качественные стали;отводы стальные;отвод стальной шовный без покрытия;40,Отвод стальной шовный без покрытия,40,,шт
Детали трубопроводов,Отводы стальные,Отвод стальной шовный без покрытия,Отводы стальные 40 Отвод стальной шовный без покрытия,"Отводы стальные марки Отвод стальной шовный без покрытия, размер 40",40,226,шт,1,0,0,https://www.kavstal.ru/public/assets/images/products/INZHENERNYE_SISTEMY/OTVODY_STALNYE/img.jpg,качественные стали;отводы стальные;отвод стальной шовный без покрытия;40,Отвод стальной шовный без покрытия,40,,шт
Детали трубопроводов,Отводы стальные,Отвод стальной шовный без покрытия,Отводы стальные 40 Отвод стальной шовный без покрытия,"Отводы стальные марки Отвод стальной шовный без покрытия, размер 40",40,322,шт,1,0,0,https://www.kavstal.ru/public/assets/images/products/INZHENERNYE_SISTEMY/OTVODY_STALNYE/img.jpg,качественные стали;отводы стальные;отвод стальной шовный без покрытия;40,Отвод стальной шовный без покрытия,40,,шт
Детали трубопроводов,Отводы стальные,Отвод стальной шовный без покрытия,Отводы стальные 50 Отвод стальной шовный без покрытия,"Отводы стальные марки Отвод стальной шовный без покрытия, размер 50",50,425,шт,1,0,0,https://www.kavstal.ru/public/assets/images/products/INZHENERNYE_SISTEMY/OTVODY_STALNYE/img.jpg,качественные стали;отводы стальные;отвод стальной шовный без покрытия;50,Отвод стальной шовный без покрытия,50,,шт
Детали трубопроводов,Отводы стальные,Отвод стальной шовный оцинкованный,Отводы стальные 15 Отвод стальной шовный оцинкованный,"Отводы стальные марки Отвод стальной шовный оцинкованный, размер 15",15,0,шт,1,0,0,https://www.kavstal.ru/public/assets/images/products/INZHENERNYE_SISTEMY/OTVODY_STALNYE/img.jpg,качественные стали;отводы стальные;отвод стальной шовный оцинкованный;15,Отвод стальной шовный оцинкованный,15,,шт
Детали трубопроводов,Отводы стальные,Отвод стальной шовный оцинкованный,Отводы стальные 15 Отвод стальной шовный оцинкованный,"Отводы стальные марки Отвод стальной шовный оцинкованный, размер 15",15,35,шт,1,0,0,https://www.kavstal.ru/public/assets/images/products/INZHENERNYE_SISTEMY/OTVODY_STALNYE/img.jpg,качественные стали;отводы стальные;отвод стальной шовный оцинкованный;15,Отвод стальной шовный оцинкованный,15,,шт
Детали трубопроводов,Отводы стальные,Отвод стальной шовный оцинкованный,Отводы стальные 15 Отвод стальной шовный оцинкованный,"Отводы стальные марки Отвод стальной шовный оцинкованный, размер 15",15,50,шт,1,0,0,https://www.kavstal.ru/public/assets/images/products/INZHENERNYE_SISTEMY/OTVODY_STALNYE/img.jpg,качественные стали;отводы стальные;отвод стальной шовный оцинкованный;15,Отвод стальной шовный оцинкованный,15,,шт
Детали трубопроводов,Отводы стальные,Отвод стальной шовный оцинкованный,Отводы стальные 15 Отвод стальной шовный оцинкованный,"Отводы стальные марки Отвод стальной шовный оцинкованный, размер 15",15,52,шт,1,0,0,https://www.kavstal.ru/public/assets/images/products/INZHENERNYE_SISTEMY/OTVODY_STALNYE/img.jpg,качественные стали;отводы стальные;отвод стальной шовный оцинкованный;15,Отвод стальной шовный оцинкованный,15,,шт
Детали трубопроводов,Отводы стальные,Отвод стальной шовный оцинкованный,Отводы стальные 20 Отвод стальной шовный оцинкованный,"Отводы стальные марки Отвод стальной шовный оцинкованный, размер 20",20,57,шт,1,0,0,https://www.kavstal.ru/public/assets/images/products/INZHENERNYE_SISTEMY/OTVODY_STALNYE/img.jpg,качественные стали;отводы стальные;отвод стальной шовный оцинкованный;20,Отвод стальной шовный оцинкованный,20,,шт
Детали трубопроводов,Отводы стальные,Отвод стальной шовный оцинкованный,Отводы стальные 20 Отвод стальной шовный оцинкованный,"Отводы стальные марки Отвод стальной шовный оцинкованный, размер 20",20,79,шт,1,0,0,https://www.kavstal.ru/public/assets/images/products/INZHENERNYE_SISTEMY/OTVODY_STALNYE/img.jpg,качественные стали;отводы стальные;отвод стальной шовный оцинкованный;20,Отвод стальной шовный оцинкованный,20,,шт
Детали трубопроводов,Отводы стальные,Отвод стальной шовный оцинкованный,Отводы стальные 20 Отвод стальной шовный оцинкованный,"Отводы стальные марки Отвод стальной шовный оцинкованный, размер 20",20,80,шт,1,0,0,https://www.kavstal.ru/public/assets/images/products/INZHENERNYE_SISTEMY/OTVODY_STALNYE/img.jpg,качественные стали;отводы стальные;отвод стальной шовный оцинкованный;20,Отвод стальной шовный оцинкованный,20,,шт
Детали трубопроводов,Отводы стальные,Отвод стальной шовный оцинкованный,Отводы стальные 25 Отвод стальной шовный оцинкованный,"Отводы стальные марки Отвод стальной шовный оцинкованный, размер 25",25,166,шт,1,0,0,https://www.kavstal.ru/public/assets/images/products/INZHENERNYE_SISTEMY/OTVODY_STALNYE/img.jpg,качественные стали;отводы стальные;отвод стальной шовный оцинкованный;25,Отвод стальной шовный оцинкованный,25,,шт
Детали трубопроводов,Отводы стальные,Отвод стальной шовный оцинкованный,Отводы стальные 25 Отвод стальной шовный оцинкованный,"Отводы стальные марки Отвод стальной шовный оцинкованный, размер 25",25,185,шт,1,0,0,https://www.kavstal.ru/public/assets/images/products/INZHENERNYE_SISTEMY/OTVODY_STALNYE/img.jpg,качественные стали;отводы стальные;отвод стальной шовный оцинкованный;25,Отвод стальной шовный оцинкованный,25,,шт
Детали трубопроводов,Отводы стальные,Отвод стальной шовный оцинкованный,Отводы стальные 25 Отвод стальной шовный оцинкованный,"Отводы стальные марки Отвод стальной шовный оцинкованный, размер 25",25,80,шт,1,0,0,https://www.kavstal.ru/public/assets/images/products/INZHENERNYE_SISTEMY/OTVODY_STALNYE/img.jpg,качественные стали;отводы стальные;отвод стальной шовный оцинкованный;25,Отвод стальной шовный оцинкованный,25,,шт
Детали трубопроводов,Отводы стальные,Отвод стальной шовный оцинкованный,Отводы стальные 32 Отвод стальной шовный оцинкованный,"Отводы стальные марки Отвод стальной шовный оцинкованный, размер 32",32,245,шт,1,0,0,https://www.kavstal.ru/public/assets/images/products/INZHENERNYE_SISTEMY/OTVODY_STALNYE/img.jpg,качественные стали;отводы стальные;отвод стальной шовный оцинкованный;32,Отвод стальной шовный оцинкованный,32,,шт
Детали трубопроводов,Отводы стальные,Отвод стальной шовный оцинкованный,Отводы стальные 32 Отвод стальной шовный оцинкованный,"Отводы стальные марки Отвод стальной шовный оцинкованный, размер 32",32,247,шт,1,0,0,https://www.kavstal.ru/public/assets/images/products/INZHENERNYE_SISTEMY/OTVODY_STALNYE/img.jpg,качественные стали;отводы стальные;отвод стальной шовный оцинкованный;32,Отвод стальной шовный оцинкованный,32,,шт
Детали трубопроводов,Отводы стальные,Отвод стальной шовный оцинкованный,Отводы стальные 32 Отвод стальной шовный оцинкованный,"Отводы стальные марки Отвод стальной шовный оцинкованный, размер 32",32,280,шт,1,0,0,https://www.kavstal.ru/public/assets/images/products/INZHENERNYE_SISTEMY/OTVODY_STALNYE/img.jpg,качественные стали;отводы стальные;отвод стальной шовный оцинкованный;32,Отвод стальной шовный оцинкованный,32,,шт
Детали трубопроводов,Отводы стальные,Отвод стальной шовный оцинкованный,Отводы стальные 40 Отвод стальной шовный оцинкованный,"Отводы стальные марки Отвод стальной шовный оцинкованный, размер 40",40,377,шт,1,0,0,https://www.kavstal.ru/public/assets/images/products/INZHENERNYE_SISTEMY/OTVODY_STALNYE/img.jpg,качественные стали;отводы стальные;отвод стальной шовный оцинкованный;40,Отвод стальной шовный оцинкованный,40,,шт
Детали трубопроводов,Отводы стальные,Отвод стальной шовный оцинкованный,Отводы стальные 40 Отвод стальной шовный оцинкованный,"Отводы стальные марки Отвод стальной шовный оцинкованный, размер 40",40,423,шт,1,0,0,https://www.kavstal.ru/public/assets/images/products/INZHENERNYE_SISTEMY/OTVODY_STALNYE/img.jpg,качественные стали;отводы стальные;отвод стальной шовный оцинкованный;40,Отвод стальной шовный оцинкованный,40,,шт
Детали трубопроводов,Отводы стальные,Отвод стальной шовный оцинкованный,Отводы стальные 40 Отвод стальной шовный оцинкованный,"Отводы стальные марки Отвод стальной шовный оцинкованный, размер 40",40,427,шт,1,0,0,https://www.kavstal.ru/public/assets/images/products/INZHENERNYE_SISTEMY/OTVODY_STALNYE/img.jpg,качественные стали;отводы стальные;отвод стальной шовный оцинкованный;40,Отвод стальной шовный оцинкованный,40,,шт
Детали трубопроводов,Отводы стальные,Отвод стальной шовный оцинкованный,Отводы стальные 50 Отвод стальной шовный оцинкованный,"Отводы стальные марки Отвод стальной шовный оцинкованный, размер 50",50,633,шт,1,0,0,https://www.kavstal.ru/public/assets/images/products/INZHENERNYE_SISTEMY/OTVODY_STALNYE/img.jpg,качественные стали;отводы стальные;отвод стальной шовный оцинкованный;50,Отвод стальной шовный оцинкованный,50,,шт
Детали трубопроводов,Отводы стальные,Отвод стальной шовный оцинкованный,Отводы стальные 50 Отвод стальной шовный оцинкованный,"Отводы стальные марки Отвод стальной шовный оцинкованный, размер 50",50,640,шт,1,0,0,https://www.kavstal.ru/public/assets/images/products/INZHENERNYE_SISTEMY/OTVODY_STALNYE/img.jpg,качественные стали;отводы стальные;отвод стальной шовный оцинкованный;50,Отвод стальной шовный оцинкованный,50,,шт
Детали трубопроводов,Отводы стальные,Отвод стальной шовный оцинкованный,Отводы стальные 50 Отвод стальной шовный оцинкованный,"Отводы стальные марки Отвод стальной шовный оцинкованный, размер 50",50,817,шт,1,0,0,https://www.kavstal.ru/public/assets/images/products/INZHENERNYE_SISTEMY/OTVODY_STALNYE/img.jpg,качественные стали;отводы стальные;отвод стальной шовный оцинкованный;50,Отвод стальной шовный оцинкованный,50,,шт
Детали трубопроводов,Тройники стальные,Тройник стальной переходной Дн без покрытия,Тройники стальные 57 Тройник стальной переходной Дн без покрытия,"Тройники стальные марки Тройник стальной переходной Дн без покрытия, размер 57",57,265,шт,1,0,0,https://www.kavstal.ru/public/assets/images/products/KACHESTVENNYE_STALI/TROI_NIKI_STALNYE/img.jpg,качественные стали;тройники стальные;тройник стальной переходной дн без покрытия;57,Тройник стальной переходной Дн без покрытия,57,,шт
Детали трубопроводов,Тройники стальные,Тройник стальной переходной Дн без покрытия,Тройники стальные 76 Тройник стальной переходной Дн без покрытия,"Тройники стальные марки Тройник стальной переходной Дн без покрытия, размер 76",76,490,шт,1,0,0,https://www.kavstal.ru/public/assets/images/products/KACHESTVENNYE_STALI/TROI_NIKI_STALNYE/img.jpg,качественные стали;тройники стальные;тройник стальной переходной дн без покрытия;76,Тройник стальной переходной Дн без покрытия,76,,шт
Детали трубопроводов,Тройники стальные,Тройник стальной переходной Дн без покрытия,Тройники стальные 76 Тройник стальной переходной Дн без покрытия,"Тройники стальные марки Тройник стальной переходной Дн без покрытия, размер 76",76,509,шт,1,0,0,https://www.kavstal.ru/public/assets/images/products/KACHESTVENNYE_STALI/TROI_NIKI_STALNYE/img.jpg,качественные стали;тройники стальные;тройник стальной переходной дн без покрытия;76,Тройник стальной переходной Дн без покрытия,76,,шт
Детали трубопроводов,Тройники стальные,Тройник стальной переходной Дн без покрытия,Тройники стальные 89 Тройник стальной переходной Дн без покрытия,"Тройники стальные марки Тройник стальной переходной Дн без покрытия, размер 89",89,619,шт,1,0,0,https://www.kavstal.ru/public/assets/images/products/KACHESTVENNYE_STALI/TROI_NIKI_STALNYE/img.jpg,качественные стали;тройники стальные;тройник стальной переходной дн без покрытия;89,Тройник стальной переходной Дн без покрытия,89,,шт
Детали трубопроводов,Тройники стальные,Тройник стальной переходной Дн без покрытия,Тройники стальные 89 Тройник стальной переходной Дн без покрытия,"Тройники стальные марки Тройник стальной переходной Дн без покрытия, размер 89",89,637,шт,1,0,0,https://www.kavstal.ru/public/assets/images/products/KACHESTVENNYE_STALI/TROI_NIKI_STALNYE/img.jpg,качественные стали;тройники стальные;тройник стальной переходной дн без покрытия;89,Тройник стальной переходной Дн без покрытия,89,,шт
Детали трубопроводов,Тройники стальные,Тройник стальной переходной Дн без покрытия,Тройники стальные 108 Тройник стальной переходной Дн без покрытия,"Тройники стальные марки Тройник стальной переходной Дн без покрытия, размер 108",108,890,шт,1,0,0,https://www.kavstal.ru/public/assets/images/products/KACHESTVENNYE_STALI/TROI_NIKI_STALNYE/img.jpg,качественные стали;тройники стальные;тройник стальной переходной дн без покрытия;108,Тройник стальной переходной Дн без покрытия,108,,шт
Детали трубопроводов,Тройники стальные,Тройник стальной переходной Дн без покрытия,Тройники стальные 108 Тройник стальной переходной Дн без покрытия,"Тройники стальные марки Тройник стальной переходной Дн без покрытия, размер 108",108,899,шт,1,0,0,https://www.kavstal.ru/public/assets/images/products/KACHESTVENNYE_STALI/TROI_NIKI_STALNYE/img.jpg,качественные стали;тройники стальные;тройник стальной переходной дн без покрытия;108,Тройник стальной переходной Дн без покрытия,108,,шт
Детали трубопроводов,Тройники стальные,Тройник стальной переходной Дн без покрытия,Тройники стальные 108 Тройник стальной переходной Дн без покрытия,"Тройники стальные марки Тройник стальной переходной Дн без покрытия, размер 108",108,970,шт,1,0,0,https://www.kavstal.ru/public/assets/images/products/KACHESTVENNYE_STALI/TROI_NIKI_STALNYE/img.jpg,качественные стали;тройники стальные;тройник стальной переходной дн без покрытия;108,Тройник стальной переходной Дн без покрытия,108,,шт
Детали трубопроводов,Тройники стальные,Тройник стальной переходной Дн без покрытия,Тройники стальные 133 Тройник стальной переходной Дн без покрытия,"Тройники стальные марки Тройник стальной переходной Дн без покрытия, размер 133",133,1625,шт,1,0,0,https://www.kavstal.ru/public/assets/images/products/KACHESTVENNYE_STALI/TROI_NIKI_STALNYE/img.jpg,качественные стали;тройники стальные;тройник стальной переходной дн без покрытия;133,Тройник стальной переходной Дн без покрытия,133,,шт
Детали трубопроводов,Тройники стальные,Тройник стальной переходной Дн без покрытия,Тройники стальные 159 Тройник стальной переходной Дн без покрытия,"Тройники стальные марки Тройник стальной переходной Дн без покрытия, размер 159",159,2099,шт,1,0,0,https://www.kavstal.ru/public/assets/images/products/KACHESTVENNYE_STALI/TROI_NIKI_STALNYE/img.jpg,качественные стали;тройники стальные;тройник стальной переходной дн без покрытия;159,Тройник стальной переходной Дн без покрытия,159,,шт
Детали трубопроводов,Тройники стальные,Тройник стальной переходной Дн без покрытия,Тройники стальные 219 Тройник стальной переходной Дн без покрытия,"Тройники стальные марки Тройник стальной переходной Дн без покрытия, размер 219",219,4420,шт,1,0,0,https://www.kavstal.ru/public/assets/images/products/KACHESTVENNYE_STALI/TROI_NIKI_STALNYE/img.jpg,качественные стали;тройники стальные;тройник стальной переходной дн без покрытия;219,Тройник стальной переходной Дн без покрытия,219,,шт
Детали трубопроводов,Тройники стальные,Тройник стальной переходной Дн без покрытия,Тройники стальные 219 Тройник стальной переходной Дн без покрытия,"Тройники стальные марки Тройник стальной переходной Дн без покрытия, размер 219",219,4750,шт,1,0,0,https://www.kavstal.ru/public/assets/images/products/KACHESTVENNYE_STALI/TROI_NIKI_STALNYE/img.jpg,качественные стали;тройники стальные;тройник стальной переходной дн без покрытия;219,Тройник стальной переходной Дн без покрытия,219,,шт
Детали трубопроводов,Тройники стальные,Тройник стальной переходной Дн без покрытия,Тройники стальные 219 Тройник стальной переходной Дн без покрытия,"Тройники стальные марки Тройник стальной переходной Дн без покрытия, размер 219",219,4978,шт,1,0,0,https://www.kavstal.ru/public/assets/images/products/KACHESTVENNYE_STALI/TROI_NIKI_STALNYE/img.jpg,качественные стали;тройники стальные;тройник стальной переходной дн без покрытия;219,Тройник стальной переходной Дн без покрытия,219,,шт
Детали трубопроводов,Тройники стальные,Тройник стальной переходной Дн оцинкованный,Тройники стальные 57 Тройник стальной переходной Дн оцинкованный,"Тройники стальные марки Тройник стальной переходной Дн оцинкованный, размер 57",57,307,шт,1,0,0,https://www.kavstal.ru/public/assets/images/products/KACHESTVENNYE_STALI/TROI_NIKI_STALNYE/img.jpg,качественные стали;тройники стальные;тройник стальной переходной дн оцинкованный;57,Тройник стальной переходной Дн оцинкованный,57,,шт
Детали трубопроводов,Тройники стальные,Тройник стальной переходной Дн оцинкованный,Тройники стальные 76 Тройник стальной переходной Дн оцинкованный,"Тройники стальные марки Тройник стальной переходной Дн оцинкованный, размер 76",76,570,шт,1,0,0,https://www.kavstal.ru/public/assets/images/products/KACHESTVENNYE_STALI/TROI_NIKI_STALNYE/img.jpg,качественные стали;тройники стальные;тройник стальной переходной дн оцинкованный;76,Тройник стальной переходной Дн оцинкованный,76,,шт
Детали трубопроводов,Тройники стальные,Тройник стальной переходной Дн оцинкованный,Тройники стальные 76 Тройник стальной переходной Дн оцинкованный,"Тройники стальные марки Тройник стальной переходной Дн оцинкованный, размер 76",76,625,шт,1,0,0,https://www.kavstal.ru/public/assets/images/products/KACHESTVENNYE_STALI/TROI_NIKI_STALNYE/img.jpg,качественные стали;тройники стальные;тройник стальной переходной дн оцинкованный;76,Тройник стальной переходной Дн оцинкованный,76,,шт
Детали трубопроводов,Тройники стальные,Тройник стальной переходной Дн оцинкованный,Тройники стальные 89 Тройник стальной переходной Дн оцинкованный,"Тройники стальные марки Тройник стальной переходной Дн оцинкованный, размер 89",89,679,шт,1,0,0,https://www.kavstal.ru/public/assets/images/products/KACHESTVENNYE_STALI/TROI_NIKI_STALNYE/img.jpg,качественные стали;тройники стальные;тройник стальной переходной дн оцинкованный;89,Тройник стальной переходной Дн оцинкованный,89,,шт
Детали трубопроводов,Тройники стальные,Тройник стальной переходной Дн оцинкованный,Тройники стальные 89 Тройник стальной переходной Дн оцинкованный,"Тройники стальные марки Тройник стальной переходной Дн оцинкованный, размер 89",89,709,шт,1,0,0,https://www.kavstal.ru/public/assets/images/products/KACHESTVENNYE_STALI/TROI_NIKI_STALNYE/img.jpg,качественные стали;тройники стальные;тройник стальной переходной дн оцинкованный;89,Тройник стальной переходной Дн оцинкованный,89,,шт
Детали трубопроводов,Тройники стальные,Тройник стальной переходной Дн оцинкованный,Тройники стальные 108 Тройник стальной переходной Дн оцинкованный,"Тройники стальные марки Тройник стальной переходной Дн оцинкованный, размер 108",108,1099,шт,1,0,0,https://www.kavstal.ru/public/assets/images/products/KACHESTVENNYE_STALI/TROI_NIKI_STALNYE/img.jpg,качественные стали;тройники стальные;тройник стальной переходной дн оцинкованный;108,Тройник стальной переходной Дн оцинкованный,108,,шт
Детали трубопроводов,Тройники стальные,Тройник стальной переходной Дн оцинкованный,Тройники стальные 108 Тройник стальной переходной Дн оцинкованный,"Тройники стальные марки Тройник стальной переходной Дн оцинкованный, размер 108",108,1147,шт,1,0,0,https://www.kavstal.ru/public/assets/images/products/KACHESTVENNYE_STALI/TROI_NIKI_STALNYE/img.jpg,качественные стали;тройники стальные;тройник стальной переходной дн оцинкованный;108,Тройник стальной переходной Дн оцинкованный,108,,шт
Детали трубопроводов,Тройники стальные,Тройник стальной переходной Дн оцинкованный,Тройники стальные 133 Тройник стальной переходной Дн оцинкованный,"Тройники стальные марки Тройник стальной переходной Дн оцинкованный, размер 133",133,1795,шт,1,0,0,https://www.kavstal.ru/public/assets/images/products/KACHESTVENNYE_STALI/TROI_NIKI_STALNYE/img.jpg,качественные стали;тройники стальные;тройник стальной переходной дн оцинкованный;133,Тройник стальной переходной Дн оцинкованный,133,,шт
Детали трубопроводов,Тройники стальные,Тройник стальной переходной Дн оцинкованный,Тройники стальные 159 Тройник стальной переходной Дн оцинкованный,"Тройники стальные марки Тройник стальной переходной Дн оцинкованный, размер 159",159,2599,шт,1,0,0,https://www.kavstal.ru/public/assets/images/products/KACHESTVENNYE_STALI/TROI_NIKI_STALNYE/img.jpg,качественные стали;тройники стальные;тройник стальной переходной дн оцинкованный;159,Тройник стальной переходной Дн оцинкованный,159,,шт
Детали трубопроводов,Тройники стальные,Тройник стальной переходной Дн оцинкованный,Тройники стальные 219 Тройник стальной переходной Дн оцинкованный,"Тройники стальные марки Тройник стальной переходной Дн оцинкованный, размер 219",219,4968,шт,1,0,0,https://www.kavstal.ru/public/assets/images/products/KACHESTVENNYE_STALI/TROI_NIKI_STALNYE/img.jpg,качественные стали;тройники стальные;тройник стальной переходной дн оцинкованный;219,Тройник стальной переходной Дн оцинкованный,219,,шт
Детали трубопроводов,Тройники стальные,Тройник стальной переходной Дн оцинкованный,Тройники стальные 219 Тройник стальной переходной Дн оцинкованный,"Тройники стальные марки Тройник стальной переходной Дн оцинкованный, размер 219",219,5595,шт,1,0,0,https://www.kavstal.ru/public/assets/images/products/KACHESTVENNYE_STALI/TROI_NIKI_STALNYE/img.jpg,качественные стали;тройники стальные;тройник стальной переходной дн оцинкованный;219,Тройник стальной переходной Дн оцинкованный,219,,шт
Детали трубопроводов,Тройники стальные,Тройник стальной равнопроходной Дн без покрытия,Тройники стальные 21.3 Тройник стальной равнопроходной Дн без покрытия,"Тройники стальные марки Тройник стальной равнопроходной Дн без покрытия, размер 21.3",21.3,150,шт,1,0,0,https://www.kavstal.ru/public/assets/images/products/KACHESTVENNYE_STALI/TROI_NIKI_STALNYE/img.jpg,качественные стали;тройники стальные;тройник стальной равнопроходной дн без покрытия;21;3,Тройник стальной равнопроходной Дн без покрытия,21.3,,шт
Детали трубопроводов,Тройники стальные,Тройник стальной равнопроходной Дн без покрытия,Тройники стальные 26.9 Тройник стальной равнопроходной Дн без покрытия,"Тройники стальные марки Тройник стальной равнопроходной Дн без покрытия, размер 26.9",26.9,169,шт,1,0,0,https://www.kavstal.ru/public/assets/images/products/KACHESTVENNYE_STALI/TROI_NIKI_STALNYE/img.jpg,качественные стали;тройники стальные;тройник стальной равнопроходной дн без покрытия;26;9,Тройник стальной равнопроходной Дн без покрытия,26.9,,шт
Детали трубопроводов,Тройники стальные,Тройник стальной равнопроходной Дн без покрытия,Тройники стальные 33.7 Тройник стальной равнопроходной Дн без покрытия,"Тройники стальные марки Тройник стальной равнопроходной Дн без покрытия, размер 33.7",33.7,195,шт,1,0,0,https://www.kavstal.ru/public/assets/images/products/KACHESTVENNYE_STALI/TROI_NIKI_STALNYE/img.jpg,качественные стали;тройники стальные;тройник стальной равнопроходной дн без покрытия;33;7,Тройник стальной равнопроходной Дн без покрытия,33.7,,шт
Детали трубопроводов,Тройники стальные,Тройник стальной равнопроходной Дн без покрытия,Тройники стальные 42.4 Тройник стальной равнопроходной Дн без покрытия,"Тройники стальные марки Тройник стальной равнопроходной Дн без покрытия, размер 42.4",42.4,323,шт,1,0,0,https://www.kavstal.ru/public/assets/images/products/KACHESTVENNYE_STALI/TROI_NIKI_STALNYE/img.jpg,качественные стали;тройники стальные;тройник стальной равнопроходной дн без покрытия;42;4,Тройник стальной равнопроходной Дн без покрытия,42.4,,шт
Детали трубопроводов,Тройники стальные,Тройник стальной равнопроходной Дн без покрытия,Тройники стальные 45 Тройник стальной равнопроходной Дн без покрытия,"Тройники стальные марки Тройник стальной равнопроходной Дн без покрытия, размер 45",45,395,шт,1,0,0,https://www.kavstal.ru/public/assets/images/products/KACHESTVENNYE_STALI/TROI_NIKI_STALNYE/img.jpg,качественные стали;тройники стальные;тройник стальной равнопроходной дн без покрытия;45,Тройник стальной равнопроходной Дн без покрытия,45,,шт
Детали трубопроводов,Тройники стальные,Тройник стальной равнопроходной Дн без покрытия,Тройники стальные 48.3 Тройник стальной равнопроходной Дн без покрытия,"Тройники стальные марки Тройник стальной равнопроходной Дн без покрытия, размер 48.3",48.3,340,шт,1,0,0,https://www.kavstal.ru/public/assets/images/products/KACHESTVENNYE_STALI/TROI_NIKI_STALNYE/img.jpg,качественные стали;тройники стальные;тройник стальной равнопроходной дн без покрытия;48;3,Тройник стальной равнопроходной Дн без покрытия,48.3,,шт
Детали трубопроводов,Тройники стальные,Тройник стальной равнопроходной Дн без покрытия,Тройники стальные 57 Тройник стальной равнопроходной Дн без покрытия,"Тройники стальные марки Тройник стальной равнопроходной Дн без покрытия, размер 57",57,250,шт,1,0,0,https://www.kavstal.ru/public/assets/images/products/KACHESTVENNYE_STALI/TROI_NIKI_STALNYE/img.jpg,качественные стали;тройники стальные;тройник стальной равнопроходной дн без покрытия;57,Тройник стальной равнопроходной Дн без покрытия,57,,шт
Детали трубопроводов,Тройники стальные,Тройник стальной равнопроходной Дн без покрытия,Тройники стальные 76 Тройник стальной равнопроходной Дн без покрытия,"Тройники стальные марки Тройник стальной равнопроходной Дн без покрытия, размер 76",76,475,шт,1,0,0,https://www.kavstal.ru/public/assets/images/products/KACHESTVENNYE_STALI/TROI_NIKI_STALNYE/img.jpg,качественные стали;тройники стальные;тройник стальной равнопроходной дн без покрытия;76,Тройник стальной равнопроходной Дн без покрытия,76,,шт
Детали трубопроводов,Тройники стальные,Тройник стальной равнопроходной Дн без покрытия,Тройники стальные 89 Тройник стальной равнопроходной Дн без покрытия,"Тройники стальные марки Тройник стальной равнопроходной Дн без покрытия, размер 89",89,575,шт,1,0,0,https://www.kavstal.ru/public/assets/images/products/KACHESTVENNYE_STALI/TROI_NIKI_STALNYE/img.jpg,качественные стали;тройники стальные;тройник стальной равнопроходной дн без покрытия;89,Тройник стальной равнопроходной Дн без покрытия,89,,шт
Детали трубопроводов,Тройники стальные,Тройник стальной равнопроходной Дн без покрытия,Тройники стальные 108 Тройник стальной равнопроходной Дн без покрытия,"Тройники стальные марки Тройник стальной равнопроходной Дн без покрытия, размер 108",108,890,шт,1,0,0,https://www.kavstal.ru/public/assets/images/products/KACHESTVENNYE_STALI/TROI_NIKI_STALNYE/img.jpg,качественные стали;тройники стальные;тройник стальной равнопроходной дн без покрытия;108,Тройник стальной равнопроходной Дн без покрытия,108,,шт
Детали трубопроводов,Тройники стальные,Тройник стальной равнопроходной Дн без покрытия,Тройники стальные 114 Тройник стальной равнопроходной Дн без покрытия,"Тройники стальные марки Тройник стальной равнопроходной Дн без покрытия, размер 114",114,1075,шт,1,0,0,https://www.kavstal.ru/public/assets/images/products/KACHESTVENNYE_STALI/TROI_NIKI_STALNYE/img.jpg,качественные стали;тройники стальные;тройник стальной равнопроходной дн без покрытия;114,Тройник стальной равнопроходной Дн без покрытия,114,,шт
Детали трубопроводов,Тройники стальные,Тройник стальной равнопроходной Дн без покрытия,Тройники стальные 133 Тройник стальной равнопроходной Дн без покрытия,"Тройники стальные марки Тройник стальной равнопроходной Дн без покрытия, размер 133",133,1250,шт,1,0,0,https://www.kavstal.ru/public/assets/images/products/KACHESTVENNYE_STALI/TROI_NIKI_STALNYE/img.jpg,качественные стали;тройники стальные;тройник стальной равнопроходной дн без покрытия;133,Тройник стальной равнопроходной Дн без покрытия,133,,шт
Детали трубопроводов,Тройники стальные,Тройник стальной равнопроходной Дн без покрытия,Тройники стальные 133 Тройник стальной равнопроходной Дн без покрытия,"Тройники стальные марки Тройник стальной равнопроходной Дн без покрытия, размер 133",133,1745,шт,1,0,0,https://www.kavstal.ru/public/assets/images/products/KACHESTVENNYE_STALI/TROI_NIKI_STALNYE/img.jpg,качественные стали;тройники стальные;тройник стальной равнопроходной дн без покрытия;133,Тройник стальной равнопроходной Дн без покрытия,133,,шт
Детали трубопроводов,Тройники стальные,Тройник стальной равнопроходной Дн без покрытия,Тройники стальные 159 Тройник стальной равнопроходной Дн без покрытия,"Тройники стальные марки Тройник стальной равнопроходной Дн без покрытия, размер 159",159,2050,шт,1,0,0,https://www.kavstal.ru/public/assets/images/products/KACHESTVENNYE_STALI/TROI_NIKI_STALNYE/img.jpg,качественные стали;тройники стальные;тройник стальной равнопроходной дн без покрытия;159,Тройник стальной равнопроходной Дн без покрытия,159,,шт
Детали трубопроводов,Тройники стальные,Тройник стальной равнопроходной Дн без покрытия,Тройники стальные 219 Тройник стальной равнопроходной Дн без покрытия,"Тройники стальные марки Тройник стальной равнопроходной Дн без покрытия, размер 219",219,4350,шт,1,0,0,https://www.kavstal.ru/public/assets/images/products/KACHESTVENNYE_STALI/TROI_NIKI_STALNYE/img.jpg,качественные стали;тройники стальные;тройник стальной равнопроходной дн без покрытия;219,Тройник стальной равнопроходной Дн без покрытия,219,,шт
Детали трубопроводов,Тройники стальные,Тройник стальной равнопроходной Дн оцинкованный,Тройники стальные 21 Тройник стальной равнопроходной Дн оцинкованный,"Тройники стальные марки Тройник стальной равнопроходной Дн оцинкованный, размер 21",21,230,шт,1,0,0,https://www.kavstal.ru/public/assets/images/products/KACHESTVENNYE_STALI/TROI_NIKI_STALNYE/img.jpg,качественные стали;тройники стальные;тройник стальной равнопроходной дн оцинкованный;21,Тройник стальной равнопроходной Дн оцинкованный,21,,шт
Детали трубопроводов,Тройники стальные,Тройник стальной равнопроходной Дн оцинкованный,Тройники стальные 33 Тройник стальной равнопроходной Дн оцинкованный,"Тройники стальные марки Тройник стальной равнопроходной Дн оцинкованный, размер 33",33,280,шт,1,0,0,https://www.kavstal.ru/public/assets/images/products/KACHESTVENNYE_STALI/TROI_NIKI_STALNYE/img.jpg,качественные стали;тройники стальные;тройник стальной равнопроходной дн оцинкованный;33,Тройник стальной равнопроходной Дн оцинкованный,33,,шт
Детали трубопроводов,Тройники стальные,Тройник стальной равнопроходной Дн оцинкованный,Тройники стальные 42 Тройник стальной равнопроходной Дн оцинкованный,"Тройники стальные марки Тройник стальной равнопроходной Дн оцинкованный, размер 42",42,325,шт,1,0,0,https://www.kavstal.ru/public/assets/images/products/KACHESTVENNYE_STALI/TROI_NIKI_STALNYE/img.jpg,качественные стали;тройники стальные;тройник стальной равнопроходной дн оцинкованный;42,Тройник стальной равнопроходной Дн оцинкованный,42,,шт
Детали трубопроводов,Тройники стальные,Тройник стальной равнопроходной Дн оцинкованный,Тройники стальные 45 Тройник стальной равнопроходной Дн оцинкованный,"Тройники стальные марки Тройник стальной равнопроходной Дн оцинкованный, размер 45",45,470,шт,1,0,0,https://www.kavstal.ru/public/assets/images/products/KACHESTVENNYE_STALI/TROI_NIKI_STALNYE/img.jpg,качественные стали;тройники стальные;тройник стальной равнопроходной дн оцинкованный;45,Тройник стальной равнопроходной Дн оцинкованный,45,,шт
Детали трубопроводов,Тройники стальные,Тройник стальной равнопроходной Дн оцинкованный,Тройники стальные 48 Тройник стальной равнопроходной Дн оцинкованный,"Тройники стальные марки Тройник стальной равнопроходной Дн оцинкованный, размер 48",48,561,шт,1,0,0,https://www.kavstal.ru/public/assets/images/products/KACHESTVENNYE_STALI/TROI_NIKI_STALNYE/img.jpg,качественные стали;тройники стальные;тройник стальной равнопроходной дн оцинкованный;48,Тройник стальной равнопроходной Дн оцинкованный,48,,шт
Детали трубопроводов,Тройники стальные,Тройник стальной равнопроходной Дн оцинкованный,Тройники стальные 57 Тройник стальной равнопроходной Дн оцинкованный,"Тройники стальные марки Тройник стальной равнопроходной Дн оцинкованный, размер 57",57,320,шт,1,0,0,https://www.kavstal.ru/public/assets/images/products/KACHESTVENNYE_STALI/TROI_NIKI_STALNYE/img.jpg,качественные стали;тройники стальные;тройник стальной равнопроходной дн оцинкованный;57,Тройник стальной равнопроходной Дн оцинкованный,57,,шт
Детали трубопроводов,Тройники стальные,Тройник стальной равнопроходной Дн оцинкованный,Тройники стальные 76 Тройник стальной равнопроходной Дн оцинкованный,"Тройники стальные марки Тройник стальной равнопроходной Дн оцинкованный, размер 76",76,609,шт,1,0,0,https://www.kavstal.ru/public/assets/images/products/KACHESTVENNYE_STALI/TROI_NIKI_STALNYE/img.jpg,качественные стали;тройники стальные;тройник стальной равнопроходной дн оцинкованный;76,Тройник стальной равнопроходной Дн оцинкованный,76,,шт
Детали трубопроводов,Тройники стальные,Тройник стальной равнопроходной Дн оцинкованный,Тройники стальные 89 Тройник стальной равнопроходной Дн оцинкованный,"Тройники стальные марки Тройник стальной равнопроходной Дн оцинкованный, размер 89",89,787,шт,1,0,0,https://www.kavstal.ru/public/assets/images/products/KACHESTVENNYE_STALI/TROI_NIKI_STALNYE/img.jpg,качественные стали;тройники стальные;тройник стальной равнопроходной дн оцинкованный;89,Тройник стальной равнопроходной Дн оцинкованный,89,,шт
Детали трубопроводов,Тройники стальные,Тройник стальной равнопроходной Дн оцинкованный,Тройники стальные 108 Тройник стальной равнопроходной Дн оцинкованный,"Тройники стальные марки Тройник стальной равнопроходной Дн оцинкованный, размер 108",108,1090,шт,1,0,0,https://www.kavstal.ru/public/assets/images/products/KACHESTVENNYE_STALI/TROI_NIKI_STALNYE/img.jpg,качественные стали;тройники стальные;тройник стальной равнопроходной дн оцинкованный;108,Тройник стальной равнопроходной Дн оцинкованный,108,,шт
Детали трубопроводов,Тройники стальные,Тройник стальной равнопроходной Дн оцинкованный,Тройники стальные 114 Тройник стальной равнопроходной Дн оцинкованный,"Тройники стальные марки Тройник стальной равнопроходной Дн оцинкованный, размер 114",114,1225,шт,1,0,0,https://www.kavstal.ru/public/assets/images/products/KACHESTVENNYE_STALI/TROI_NIKI_STALNYE/img.jpg,качественные стали;тройники стальные;тройник стальной равнопроходной дн оцинкованный;114,Тройник стальной равнопроходной Дн оцинкованный,114,,шт
Детали трубопроводов,Тройники стальные,Тройник стальной равнопроходной Дн оцинкованный,Тройники стальные 133 Тройник стальной равнопроходной Дн оцинкованный,"Тройники стальные марки Тройник стальной равнопроходной Дн оцинкованный, размер 133",133,1999,шт,1,0,0,https://www.kavstal.ru/public/assets/images/products/KACHESTVENNYE_STALI/TROI_NIKI_STALNYE/img.jpg,качественные стали;тройники стальные;тройник стальной равнопроходной дн оцинкованный;133,Тройник стальной равнопроходной Дн оцинкованный,133,,шт
Детали трубопроводов,Тройники стальные,Тройник стальной равнопроходной Дн оцинкованный,Тройники стальные 159 Тройник стальной равнопроходной Дн оцинкованный,"Тройники стальные марки Тройник стальной равнопроходной Дн оцинкованный, размер 159",159,2550,шт,1,0,0,https://www.kavstal.ru/public/assets/images/products/KACHESTVENNYE_STALI/TROI_NIKI_STALNYE/img.jpg,качественные стали;тройники стальные;тройник стальной равнопроходной дн оцинкованный;159,Тройник стальной равнопроходной Дн оцинкованный,159,,шт
Детали трубопроводов,Тройники стальные,Тройник стальной равнопроходной Дн оцинкованный,Тройники стальные 219 Тройник стальной равнопроходной Дн оцинкованный,"Тройники стальные марки Тройник стальной равнопроходной Дн оцинкованный, размер 219",219,5093,шт,1,0,0,https://www.kavstal.ru/public/assets/images/products/KACHESTVENNYE_STALI/TROI_NIKI_STALNYE/img.jpg,качественные стали;тройники стальные;тройник стальной равнопроходной дн оцинкованный;219,Тройник стальной равнопроходной Дн оцинкованный,219,,шт
Детали трубопроводов,Переходы стальные,Переход стальной без покрытия сталь,Переходы стальные 26 Переход стальной без покрытия сталь,"Переходы стальные марки Переход стальной без покрытия сталь, размер 26 ; 33",26,25,шт,1,0,0,https://www.kavstal.ru/public/assets/images/products/KACHESTVENNYE_STALI/PEREKHODY_STALNYE/img.webp,качественные стали;переходы стальные;переход стальной без покрытия сталь;26;33,Переход стальной без покрытия сталь,26 ; 33,,шт
Детали трубопроводов,Переходы стальные,Переход стальной без покрытия сталь,Переходы стальные 33 Переход стальной без покрытия сталь,"Переходы стальные марки Переход стальной без покрытия сталь, размер 33",33,28,шт,1,0,0,https://www.kavstal.ru/public/assets/images/products/KACHESTVENNYE_STALI/PEREKHODY_STALNYE/img.webp,качественные стали;переходы стальные;переход стальной без покрытия сталь;33,Переход стальной без покрытия сталь,33,,шт
Детали трубопроводов,Переходы стальные,Переход стальной без покрытия сталь,Переходы стальные 38 Переход стальной без покрытия сталь,"Переходы стальные марки Переход стальной без покрытия сталь, размер 38",38,46,шт,1,0,0,https://www.kavstal.ru/public/assets/images/products/KACHESTVENNYE_STALI/PEREKHODY_STALNYE/img.webp,качественные стали;переходы стальные;переход стальной без покрытия сталь;38,Переход стальной без покрытия сталь,38,,шт
Детали трубопроводов,Переходы стальные,Переход стальной без покрытия сталь,Переходы стальные 42 Переход стальной без покрытия сталь,"Переходы стальные марки Переход стальной без покрытия сталь, размер 42",42,30,шт,1,0,0,https://www.kavstal.ru/public/assets/images/products/KACHESTVENNYE_STALI/PEREKHODY_STALNYE/img.webp,качественные стали;переходы стальные;переход стальной без покрытия сталь;42,Переход стальной без покрытия сталь,42,,шт
Детали трубопроводов,Переходы стальные,Переход стальной без покрытия сталь,Переходы стальные 42 Переход стальной без покрытия сталь,"Переходы стальные марки Переход стальной без покрытия сталь, размер 42",42,37,шт,1,0,0,https://www.kavstal.ru/public/assets/images/products/KACHESTVENNYE_STALI/PEREKHODY_STALNYE/img.webp,качественные стали;переходы стальные;переход стальной без покрытия сталь;42,Переход стальной без покрытия сталь,42,,шт
Детали трубопроводов,Переходы стальные,Переход стальной без покрытия сталь,Переходы стальные 42 Переход стальной без покрытия сталь,"Переходы стальные марки Переход стальной без покрытия сталь, размер 42",42,46,шт,1,0,0,https://www.kavstal.ru/public/assets/images/products/KACHESTVENNYE_STALI/PEREKHODY_STALNYE/img.webp,качественные стали;переходы стальные;переход стальной без покрытия сталь;42,Переход стальной без покрытия сталь,42,,шт
Детали трубопроводов,Переходы стальные,Переход стальной без покрытия сталь,Переходы стальные 45 Переход стальной без покрытия сталь,"Переходы стальные марки Переход стальной без покрытия сталь, размер 45",45,45,шт,1,0,0,https://www.kavstal.ru/public/assets/images/products/KACHESTVENNYE_STALI/PEREKHODY_STALNYE/img.webp,качественные стали;переходы стальные;переход стальной без покрытия сталь;45,Переход стальной без покрытия сталь,45,,шт
Детали трубопроводов,Переходы стальные,Переход стальной без покрытия сталь,Переходы стальные 45 Переход стальной без покрытия сталь,"Переходы стальные марки Переход стальной без покрытия сталь, размер 45",45,57,шт,1,0,0,https://www.kavstal.ru/public/assets/images/products/KACHESTVENNYE_STALI/PEREKHODY_STALNYE/img.webp,качественные стали;переходы стальные;переход стальной без покрытия сталь;45,Переход стальной без покрытия сталь,45,,шт
Детали трубопроводов,Переходы стальные,Переход стальной без покрытия сталь,Переходы стальные 45 Переход стальной без покрытия сталь,"Переходы стальные марки Переход стальной без покрытия сталь, размер 45 ; 57",45,65,шт,1,0,0,https://www.kavstal.ru/public/assets/images/products/KACHESTVENNYE_STALI/PEREKHODY_STALNYE/img.webp,качественные стали;переходы стальные;переход стальной без покрытия сталь;45;57,Переход стальной без покрытия сталь,45 ; 57,,шт
Детали трубопроводов,Переходы стальные,Переход стальной без покрытия сталь,Переходы стальные 57 Переход стальной без покрытия сталь,"Переходы стальные марки Переход стальной без покрытия сталь, размер 57",57,68,шт,1,0,0,https://www.kavstal.ru/public/assets/images/products/KACHESTVENNYE_STALI/PEREKHODY_STALNYE/img.webp,качественные стали;переходы стальные;переход стальной без покрытия сталь;57,Переход стальной без покрытия сталь,57,,шт
Детали трубопроводов,Переходы стальные,Переход стальной без покрытия сталь,Переходы стальные 57 Переход стальной без покрытия сталь,"Переходы стальные марки Переход стальной без покрытия сталь, размер 57",57,74,шт,1,0,0,https://www.kavstal.ru/public/assets/images/products/KACHESTVENNYE_STALI/PEREKHODY_STALNYE/img.webp,качественные стали;переходы стальные;переход стальной без покрытия сталь;57,Переход стальной без покрытия сталь,57,,шт
Детали трубопроводов,Переходы стальные,Переход стальной без покрытия сталь,Переходы стальные 76 Переход стальной без покрытия сталь,"Переходы стальные марки Переход стальной без покрытия сталь, размер 76",76,110,шт,1,0,0,https://www.kavstal.ru/public/assets/images/products/KACHESTVENNYE_STALI/PEREKHODY_STALNYE/img.webp,качественные стали;переходы стальные;переход стальной без покрытия сталь;76,Переход стальной без покрытия сталь,76,,шт
Детали трубопроводов,Переходы стальные,Переход стальной без покрытия сталь,Переходы стальные 76 Переход стальной без покрытия сталь,"Переходы стальные марки Переход стальной без покрытия сталь, размер 76",76,117,шт,1,0,0,https://www.kavstal.ru/public/assets/images/products/KACHESTVENNYE_STALI/PEREKHODY_STALNYE/img.webp,качественные стали;переходы стальные;переход стальной без покрытия сталь;76,Переход стальной без покрытия сталь,76,,шт
Детали трубопроводов,Переходы стальные,Переход стальной без покрытия сталь,Переходы стальные 76 Переход стальной без покрытия сталь,"Переходы стальные марки Переход стальной без покрытия сталь, размер 76",76,127,шт,1,0,0,https://www.kavstal.ru/public/assets/images/products/KACHESTVENNYE_STALI/PEREKHODY_STALNYE/img.webp,качественные стали;переходы стальные;переход стальной без покрытия сталь;76,Переход стальной без покрытия сталь,76,,шт
Детали трубопроводов,Переходы стальные,Переход стальной без покрытия сталь,Переходы стальные 89 Переход стальной без покрытия сталь,"Переходы стальные марки Переход стальной без покрытия сталь, размер 89",89,140,шт,1,0,0,https://www.kavstal.ru/public/assets/images/products/KACHESTVENNYE_STALI/PEREKHODY_STALNYE/img.webp,качественные стали;переходы стальные;переход стальной без покрытия сталь;89,Переход стальной без покрытия сталь,89,,шт
Детали трубопроводов,Переходы стальные,Переход стальной без покрытия сталь,Переходы стальные 89 Переход стальной без покрытия сталь,"Переходы стальные марки Переход стальной без покрытия сталь, размер 89",89,152,шт,1,0,0,https://www.kavstal.ru/public/assets/images/products/KACHESTVENNYE_STALI/PEREKHODY_STALNYE/img.webp,качественные стали;переходы стальные;переход стальной без покрытия сталь;89,Переход стальной без покрытия сталь,89,,шт
Детали трубопроводов,Переходы стальные,Переход стальной без покрытия сталь,Переходы стальные 108 Переход стальной без покрытия сталь,"Переходы стальные марки Переход стальной без покрытия сталь, размер 108",108,220,шт,1,0,0,https://www.kavstal.ru/public/assets/images/products/KACHESTVENNYE_STALI/PEREKHODY_STALNYE/img.webp,качественные стали;переходы стальные;переход стальной без покрытия сталь;108,Переход стальной без покрытия сталь,108,,шт
Детали трубопроводов,Переходы стальные,Переход стальной без покрытия сталь,Переходы стальные 108 Переход стальной без покрытия сталь,"Переходы стальные марки Переход стальной без покрытия сталь, размер 108",108,230,шт,1,0,0,https://www.kavstal.ru/public/assets/images/products/KACHESTVENNYE_STALI/PEREKHODY_STALNYE/img.webp,качественные стали;переходы стальные;переход стальной без покрытия сталь;108,Переход стальной без покрытия сталь,108,,шт
Детали трубопроводов,Переходы стальные,Переход стальной без покрытия сталь,Переходы стальные 108 Переход стальной без покрытия сталь,"Переходы стальные марки Переход стальной без покрытия сталь, размер 108",108,232,шт,1,0,0,https://www.kavstal.ru/public/assets/images/products/KACHESTVENNYE_STALI/PEREKHODY_STALNYE/img.webp,качественные стали;переходы стальные;переход стальной без покрытия сталь;108,Переход стальной без покрытия сталь,108,,шт
Детали трубопроводов,Переходы стальные,Переход стальной без покрытия сталь,Переходы стальные 114 Переход стальной без покрытия сталь,"Переходы стальные марки Переход стальной без покрытия сталь, размер 114",114,219,шт,1,0,0,https://www.kavstal.ru/public/assets/images/products/KACHESTVENNYE_STALI/PEREKHODY_STALNYE/img.webp,качественные стали;переходы стальные;переход стальной без покрытия сталь;114,Переход стальной без покрытия сталь,114,,шт
Детали трубопроводов,Переходы стальные,Переход стальной без покрытия сталь,Переходы стальные 114 Переход стальной без покрытия сталь,"Переходы стальные марки Переход стальной без покрытия сталь, размер 114",114,245,шт,1,0,0,https://www.kavstal.ru/public/assets/images/products/KACHESTVENNYE_STALI/PEREKHODY_STALNYE/img.webp,качественные стали;переходы стальные;переход стальной без покрытия сталь;114,Переход стальной без покрытия сталь,114,,шт
Детали трубопроводов,Переходы стальные,Переход стальной без покрытия сталь,Переходы стальные 114 Переход стальной без покрытия сталь,"Переходы стальные марки Переход стальной без покрытия сталь, размер 114",114,253,шт,1,0,0,https://www.kavstal.ru/public/assets/images/products/KACHESTVENNYE_STALI/PEREKHODY_STALNYE/img.webp,качественные стали;переходы стальные;переход стальной без покрытия сталь;114,Переход стальной без покрытия сталь,114,,шт
Детали трубопроводов,Переходы стальные,Переход стальной без покрытия сталь,Переходы стальные 133 Переход стальной без покрытия сталь,"Переходы стальные марки Переход стальной без покрытия сталь, размер 133",133,369,шт,1,0,0,https://www.kavstal.ru/public/assets/images/products/KACHESTVENNYE_STALI/PEREKHODY_STALNYE/img.webp,качественные стали;переходы стальные;переход стальной без покрытия сталь;133,Переход стальной без покрытия сталь,133,,шт
Детали трубопроводов,Переходы стальные,Переход стальной без покрытия сталь,Переходы стальные 133 Переход стальной без покрытия сталь,"Переходы стальные марки Переход стальной без покрытия сталь, размер 133",133,370,шт,1,0,0,https://www.kavstal.ru/public/assets/images/products/KACHESTVENNYE_STALI/PEREKHODY_STALNYE/img.webp,качественные стали;переходы стальные;переход стальной без покрытия сталь;133,Переход стальной без покрытия сталь,133,,шт
Детали трубопроводов,Переходы стальные,Переход стальной без покрытия сталь,Переходы стальные 133 Переход стальной без покрытия сталь,"Переходы стальные марки Переход стальной без покрытия сталь, размер 133",133,410,шт,1,0,0,https://www.kavstal.ru/public/assets/images/products/KACHESTVENNYE_STALI/PEREKHODY_STALNYE/img.webp,качественные стали;переходы стальные;переход стальной без покрытия сталь;133,Переход стальной без покрытия сталь,133,,шт
Детали трубопроводов,Переходы стальные,Переход стальной без покрытия сталь,Переходы стальные 159 Переход стальной без покрытия сталь,"Переходы стальные марки Переход стальной без покрытия сталь, размер 159",159,472,шт,1,0,0,https://www.kavstal.ru/public/assets/images/products/KACHESTVENNYE_STALI/PEREKHODY_STALNYE/img.webp,качественные стали;переходы стальные;переход стальной без покрытия сталь;159,Переход стальной без покрытия сталь,159,,шт
Детали трубопроводов,Переходы стальные,Переход стальной без покрытия сталь,Переходы стальные 159 Переход стальной без покрытия сталь,"Переходы стальные марки Переход стальной без покрытия сталь, размер 159",159,500,шт,1,0,0,https://www.kavstal.ru/public/assets/images/products/KACHESTVENNYE_STALI/PEREKHODY_STALNYE/img.webp,качественные стали;переходы стальные;переход стальной без покрытия сталь;159,Переход стальной без покрытия сталь,159,,шт
Детали трубопроводов,Переходы стальные,Переход стальной без покрытия сталь,Переходы стальные 159 Переход стальной без покрытия сталь,"Переходы стальные марки Переход стальной без покрытия сталь, размер 159",159,516,шт,1,0,0,https://www.kavstal.ru/public/assets/images/products/KACHESTVENNYE_STALI/PEREKHODY_STALNYE/img.webp,качественные стали;переходы стальные;переход стальной без покрытия сталь;159,Переход стальной без покрытия сталь,159,,шт
Детали трубопроводов,Переходы стальные,Переход стальной без покрытия сталь,Переходы стальные 159 Переход стальной без покрытия сталь,"Переходы стальные марки Переход стальной без покрытия сталь, размер 159",159,525,шт,1,0,0,https://www.kavstal.ru/public/assets/images/products/KACHESTVENNYE_STALI/PEREKHODY_STALNYE/img.webp,качественные стали;переходы стальные;переход стальной без покрытия сталь;159,Переход стальной без покрытия сталь,159,,шт
Детали трубопроводов,Переходы стальные,Переход стальной без покрытия сталь,Переходы стальные 159 Переход стальной без покрытия сталь,"Переходы стальные марки Переход стальной без покрытия сталь, размер 159",159,535,шт,1,0,0,https://www.kavstal.ru/public/assets/images/products/KACHESTVENNYE_STALI/PEREKHODY_STALNYE/img.webp,качественные стали;переходы стальные;переход стальной без покрытия сталь;159,Переход стальной без покрытия сталь,159,,шт
Детали трубопроводов,Переходы стальные,Переход стальной без покрытия сталь,Переходы стальные 159 Переход стальной без покрытия сталь,"Переходы стальные марки Переход стальной без покрытия сталь, размер 159",159,570,шт,1,0,0,https://www.kavstal.ru/public/assets/images/products/KACHESTVENNYE_STALI/PEREKHODY_STALNYE/img.webp,качественные стали;переходы стальные;переход стальной без покрытия сталь;159,Переход стальной без покрытия сталь,159,,шт
Детали трубопроводов,Переходы стальные,Переход стальной без покрытия сталь,Переходы стальные 219 Переход стальной без покрытия сталь,"Переходы стальные марки Переход стальной без покрытия сталь, размер 219",219,1055,шт,1,0,0,https://www.kavstal.ru/public/assets/images/products/KACHESTVENNYE_STALI/PEREKHODY_STALNYE/img.webp,качественные стали;переходы стальные;переход стальной без покрытия сталь;219,Переход стальной без покрытия сталь,219,,шт
Детали трубопроводов,Переходы стальные,Переход стальной без покрытия сталь,Переходы стальные 219 Переход стальной без покрытия сталь,"Переходы стальные марки Переход стальной без покрытия сталь, размер 219",219,1080,шт,1,0,0,https://www.kavstal.ru/public/assets/images/products/KACHESTVENNYE_STALI/PEREKHODY_STALNYE/img.webp,качественные стали;переходы стальные;переход стальной без покрытия сталь;219,Переход стальной без покрытия сталь,219,,шт
Детали трубопроводов,Переходы стальные,Переход стальной без покрытия сталь,Переходы стальные 219 Переход стальной без покрытия сталь,"Переходы стальные марки Переход стальной без покрытия сталь, размер 219",219,1130,шт,1,0,0,https://www.kavstal.ru/public/assets/images/products/KACHESTVENNYE_STALI/PEREKHODY_STALNYE/img.webp,качественные стали;переходы стальные;переход стальной без покрытия сталь;219,Переход стальной без покрытия сталь,219,,шт
Детали трубопроводов,Переходы стальные,Переход стальной без покрытия сталь,Переходы стальные 219 Переход стальной без покрытия сталь,"Переходы стальные марки Переход стальной без покрытия сталь, размер 219",219,1150,шт,1,0,0,https://www.kavstal.ru/public/assets/images/products/KACHESTVENNYE_STALI/PEREKHODY_STALNYE/img.webp,качественные стали;переходы стальные;переход стальной без покрытия сталь;219,Переход стальной без покрытия сталь,219,,шт
Детали трубопроводов,Переходы стальные,Переход стальной без покрытия сталь,Переходы стальные 219 Переход стальной без покрытия сталь,"Переходы стальные марки Переход стальной без покрытия сталь, размер 219",219,1158,шт,1,0,0,https://www.kavstal.ru/public/assets/images/products/KACHESTVENNYE_STALI/PEREKHODY_STALNYE/img.webp,качественные стали;переходы стальные;переход стальной без покрытия сталь;219,Переход стальной без покрытия сталь,219,,шт
Детали трубопроводов,Переходы стальные,Переход стальной без покрытия сталь,Переходы стальные 219 Переход стальной без покрытия сталь,"Переходы стальные марки Переход стальной без покрытия сталь, размер 219",219,920,шт,1,0,0,https://www.kavstal.ru/public/assets/images/products/KACHESTVENNYE_STALI/PEREKHODY_STALNYE/img.webp,качественные стали;переходы стальные;переход стальной без покрытия сталь;219,Переход стальной без покрытия сталь,219,,шт
Детали трубопроводов,Переходы стальные,Переход стальной без покрытия сталь,Переходы стальные 219 Переход стальной без покрытия сталь,"Переходы стальные марки Переход стальной без покрытия сталь, размер 219",219,939,шт,1,0,0,https://www.kavstal.ru/public/assets/images/products/KACHESTVENNYE_STALI/PEREKHODY_STALNYE/img.webp,качественные стали;переходы стальные;переход стальной без покрытия сталь;219,Переход стальной без покрытия сталь,219,,шт
Детали трубопроводов,Переходы стальные,Переход стальной без покрытия сталь,Переходы стальные 273 Переход стальной без покрытия сталь,"Переходы стальные марки Переход стальной без покрытия сталь, размер 273",273,1750,шт,1,0,0,https://www.kavstal.ru/public/assets/images/products/KACHESTVENNYE_STALI/PEREKHODY_STALNYE/img.webp,качественные стали;переходы стальные;переход стальной без покрытия сталь;273,Переход стальной без покрытия сталь,273,,шт
Детали трубопроводов,Переходы стальные,Переход стальной без покрытия сталь,Переходы стальные 273 Переход стальной без покрытия сталь,"Переходы стальные марки Переход стальной без покрытия сталь, размер 273",273,2025,шт,1,0,0,https://www.kavstal.ru/public/assets/images/products/KACHESTVENNYE_STALI/PEREKHODY_STALNYE/img.webp,качественные стали;переходы стальные;переход стальной без покрытия сталь;273,Переход стальной без покрытия сталь,273,,шт
Детали трубопроводов,Переходы стальные,Переход стальной без покрытия сталь,Переходы стальные 273 Переход стальной без покрытия сталь,"Переходы стальные марки Переход стальной без покрытия сталь, размер 273",273,2099,шт,1,0,0,https://www.kavstal.ru/public/assets/images/products/KACHESTVENNYE_STALI/PEREKHODY_STALNYE/img.webp,качественные стали;переходы стальные;переход стальной без покрытия сталь;273,Переход стальной без покрытия сталь,273,,шт
Детали трубопроводов,Переходы стальные,Переход стальной без покрытия сталь,Переходы стальные 273 Переход стальной без покрытия сталь,"Переходы стальные марки Переход стальной без покрытия сталь, размер 273",273,2100,шт,1,0,0,https://www.kavstal.ru/public/assets/images/products/KACHESTVENNYE_STALI/PEREKHODY_STALNYE/img.webp,качественные стали;переходы стальные;переход стальной без покрытия сталь;273,Переход стальной без покрытия сталь,273,,шт
Детали трубопроводов,Переходы стальные,Переход стальной без покрытия сталь,Переходы стальные 325 Переход стальной без покрытия сталь,"Переходы стальные марки Переход стальной без покрытия сталь, размер 325",325,3250,шт,1,0,0,https://www.kavstal.ru/public/assets/images/products/KACHESTVENNYE_STALI/PEREKHODY_STALNYE/img.webp,качественные стали;переходы стальные;переход стальной без покрытия сталь;325,Переход стальной без покрытия сталь,325,,шт
Детали трубопроводов,Переходы стальные,Переход стальной без покрытия сталь,Переходы стальные 325 Переход стальной без покрытия сталь,"Переходы стальные марки Переход стальной без покрытия сталь, размер 325",325,3261,шт,1,0,0,https://www.kavstal.ru/public/assets/images/products/KACHESTVENNYE_STALI/PEREKHODY_STALNYE/img.webp,качественные стали;переходы стальные;переход стальной без покрытия сталь;325,Переход стальной без покрытия сталь,325,,шт
Детали трубопроводов,Переходы стальные,Переход стальной без покрытия сталь,Переходы стальные 325 Переход стальной без покрытия сталь,"Переходы стальные марки Переход стальной без покрытия сталь, размер 325",325,3320,шт,1,0,0,https://www.kavstal.ru/public/assets/images/products/KACHESTVENNYE_STALI/PEREKHODY_STALNYE/img.webp,качественные стали;переходы стальные;переход стальной без покрытия сталь;325,Переход стальной без покрытия сталь,325,,шт
Детали трубопроводов,Переходы стальные,Переход стальной без покрытия сталь,Переходы стальные 377 Переход стальной без покрытия сталь,"Переходы стальные марки Переход стальной без покрытия сталь, размер 377",377,7190,шт,1,0,0,https://www.kavstal.ru/public/assets/images/products/KACHESTVENNYE_STALI/PEREKHODY_STALNYE/img.webp,качественные стали;переходы стальные;переход стальной без покрытия сталь;377,Переход стальной без покрытия сталь,377,,шт
Детали трубопроводов,Переходы стальные,Переход стальной без покрытия сталь,Переходы стальные 377 Переход стальной без покрытия сталь,"Переходы стальные марки Переход стальной без покрытия сталь, размер 377",377,7280,шт,1,0,0,https://www.kavstal.ru/public/assets/images/products/KACHESTVENNYE_STALI/PEREKHODY_STALNYE/img.webp,качественные стали;переходы стальные;переход стальной без покрытия сталь;377,Переход стальной без покрытия сталь,377,,шт
Детали трубопроводов,Переходы стальные,Переход стальной без покрытия сталь,Переходы стальные 377 Переход стальной без покрытия сталь,"Переходы стальные марки Переход стальной без покрытия сталь, размер 377",377,7715,шт,1,0,0,https://www.kavstal.ru/public/assets/images/products/KACHESTVENNYE_STALI/PEREKHODY_STALNYE/img.webp,качественные стали;переходы стальные;переход стальной без покрытия сталь;377,Переход стальной без покрытия сталь,377,,шт
Детали трубопроводов,Переходы стальные,Переход стальной без покрытия сталь,Переходы стальные 377 Переход стальной без покрытия сталь,"Переходы стальные марки Переход стальной без покрытия сталь, размер 377",377,9265,шт,1,0,0,https://www.kavstal.ru/public/assets/images/products/KACHESTVENNYE_STALI/PEREKHODY_STALNYE/img.webp,качественные стали;переходы стальные;переход стальной без покрытия сталь;377,Переход стальной без покрытия сталь,377,,шт
Детали трубопроводов,Переходы стальные,Переход стальной без покрытия сталь,Переходы стальные 426 Переход стальной без покрытия сталь,"Переходы стальные марки Переход стальной без покрытия сталь, размер 426",426,7901,шт,1,0,0,https://www.kavstal.ru/public/assets/images/products/KACHESTVENNYE_STALI/PEREKHODY_STALNYE/img.webp,качественные стали;переходы стальные;переход стальной без покрытия сталь;426,Переход стальной без покрытия сталь,426,,шт
Детали трубопроводов,Переходы стальные,Переход стальной без покрытия сталь,Переходы стальные 426 Переход стальной без покрытия сталь,"Переходы стальные марки Переход стальной без покрытия сталь, размер 426",426,8201,шт,1,0,0,https://www.kavstal.ru/public/assets/images/products/KACHESTVENNYE_STALI/PEREKHODY_STALNYE/img.webp,качественные стали;переходы стальные;переход стальной без покрытия сталь;426,Переход стальной без покрытия сталь,426,,шт
Детали трубопроводов,Переходы стальные,Переход стальной без покрытия сталь,Переходы стальные 426 Переход стальной без покрытия сталь,"Переходы стальные марки Переход стальной без покрытия сталь, размер 426",426,8900,шт,1,0,0,https://www.kavstal.ru/public/assets/images/products/KACHESTVENNYE_STALI/PEREKHODY_STALNYE/img.webp,качественные стали;переходы стальные;переход стальной без покрытия сталь;426,Переход стальной без покрытия сталь,426,,шт
Детали трубопроводов,Переходы стальные,Переход стальной оцинкованный сталь,Переходы стальные 33 Переход стальной оцинкованный сталь,"Переходы стальные марки Переход стальной оцинкованный сталь, размер 33",33,35,шт,1,0,0,https://www.kavstal.ru/public/assets/images/products/KACHESTVENNYE_STALI/PEREKHODY_STALNYE/img.webp,качественные стали;переходы стальные;переход стальной оцинкованный сталь;33,Переход стальной оцинкованный сталь,33,,шт
Детали трубопроводов,Переходы стальные,Переход стальной оцинкованный сталь,Переходы стальные 38 Переход стальной оцинкованный сталь,"Переходы стальные марки Переход стальной оцинкованный сталь, размер 38",38,63,шт,1,0,0,https://www.kavstal.ru/public/assets/images/products/KACHESTVENNYE_STALI/PEREKHODY_STALNYE/img.webp,качественные стали;переходы стальные;переход стальной оцинкованный сталь;38,Переход стальной оцинкованный сталь,38,,шт
Детали трубопроводов,Переходы стальные,Переход стальной оцинкованный сталь,Переходы стальные 38 Переход стальной оцинкованный сталь,"Переходы стальные марки Переход стальной оцинкованный сталь, размер 38",38,70,шт,1,0,0,https://www.kavstal.ru/public/assets/images/products/KACHESTVENNYE_STALI/PEREKHODY_STALNYE/img.webp,качественные стали;переходы стальные;переход стальной оцинкованный сталь;38,Переход стальной оцинкованный сталь,38,,шт
Детали трубопроводов,Переходы стальные,Переход стальной оцинкованный сталь,Переходы стальные 42 Переход стальной оцинкованный сталь,"Переходы стальные марки Переход стальной оцинкованный сталь, размер 42",42,43,шт,1,0,0,https://www.kavstal.ru/public/assets/images/products/KACHESTVENNYE_STALI/PEREKHODY_STALNYE/img.webp,качественные стали;переходы стальные;переход стальной оцинкованный сталь;42,Переход стальной оцинкованный сталь,42,,шт
Детали трубопроводов,Переходы стальные,Переход стальной оцинкованный сталь,Переходы стальные 42 Переход стальной оцинкованный сталь,"Переходы стальные марки Переход стальной оцинкованный сталь, размер 42",42,57,шт,1,0,0,https://www.kavstal.ru/public/assets/images/products/KACHESTVENNYE_STALI/PEREKHODY_STALNYE/img.webp,качественные стали;переходы стальные;переход стальной оцинкованный сталь;42,Переход стальной оцинкованный сталь,42,,шт
Детали трубопроводов,Переходы стальные,Переход стальной оцинкованный сталь,Переходы стальные 42 Переход стальной оцинкованный сталь,"Переходы стальные марки Переход стальной оцинкованный сталь, размер 42",42,74,шт,1,0,0,https://www.kavstal.ru/public/assets/images/products/KACHESTVENNYE_STALI/PEREKHODY_STALNYE/img.webp,качественные стали;переходы стальные;переход стальной оцинкованный сталь;42,Переход стальной оцинкованный сталь,42,,шт
Детали трубопроводов,Переходы стальные,Переход стальной оцинкованный сталь,Переходы стальные 45 Переход стальной оцинкованный сталь,"Переходы стальные марки Переход стальной оцинкованный сталь, размер 45",45,49,шт,1,0,0,https://www.kavstal.ru/public/assets/images/products/KACHESTVENNYE_STALI/PEREKHODY_STALNYE/img.webp,качественные стали;переходы стальные;переход стальной оцинкованный сталь;45,Переход стальной оцинкованный сталь,45,,шт
Детали трубопроводов,Переходы стальные,Переход стальной оцинкованный сталь,Переходы стальные 45 Переход стальной оцинкованный сталь,"Переходы стальные марки Переход стальной оцинкованный сталь, размер 45",45,55,шт,1,0,0,https://www.kavstal.ru/public/assets/images/products/KACHESTVENNYE_STALI/PEREKHODY_STALNYE/img.webp,качественные стали;переходы стальные;переход стальной оцинкованный сталь;45,Переход стальной оцинкованный сталь,45,,шт
Детали трубопроводов,Переходы стальные,Переход стальной оцинкованный сталь,Переходы стальные 45 Переход стальной оцинкованный сталь,"Переходы стальные марки Переход стальной оцинкованный сталь, размер 45",45,78,шт,1,0,0,https://www.kavstal.ru/public/assets/images/products/KACHESTVENNYE_STALI/PEREKHODY_STALNYE/img.webp,качественные стали;переходы стальные;переход стальной оцинкованный сталь;45,Переход стальной оцинкованный сталь,45,,шт
Детали трубопроводов,Переходы стальные,Переход стальной оцинкованный сталь,Переходы стальные 57 Переход стальной оцинкованный сталь,"Переходы стальные марки Переход стальной оцинкованный сталь, размер 57",57,73,шт,1,0,0,https://www.kavstal.ru/public/assets/images/products/KACHESTVENNYE_STALI/PEREKHODY_STALNYE/img.webp,качественные стали;переходы стальные;переход стальной оцинкованный сталь;57,Переход стальной оцинкованный сталь,57,,шт
Детали трубопроводов,Переходы стальные,Переход стальной оцинкованный сталь,Переходы стальные 57 Переход стальной оцинкованный сталь,"Переходы стальные марки Переход стальной оцинкованный сталь, размер 57",57,75,шт,1,0,0,https://www.kavstal.ru/public/assets/images/products/KACHESTVENNYE_STALI/PEREKHODY_STALNYE/img.webp,качественные стали;переходы стальные;переход стальной оцинкованный сталь;57,Переход стальной оцинкованный сталь,57,,шт
Детали трубопроводов,Переходы стальные,Переход стальной оцинкованный сталь,Переходы стальные 57 Переход стальной оцинкованный сталь,"Переходы стальные марки Переход стальной оцинкованный сталь, размер 57",57,76,шт,1,0,0,https://www.kavstal.ru/public/assets/images/products/KACHESTVENNYE_STALI/PEREKHODY_STALNYE/img.webp,качественные стали;переходы стальные;переход стальной оцинкованный сталь;57,Переход стальной оцинкованный сталь,57,,шт
Детали трубопроводов,Переходы стальные,Переход стальной оцинкованный сталь,Переходы стальные 76 Переход стальной оцинкованный сталь,"Переходы стальные марки Переход стальной оцинкованный сталь, размер 76",76,119,шт,1,0,0,https://www.kavstal.ru/public/assets/images/products/KACHESTVENNYE_STALI/PEREKHODY_STALNYE/img.webp,качественные стали;переходы стальные;переход стальной оцинкованный сталь;76,Переход стальной оцинкованный сталь,76,,шт
Детали трубопроводов,Переходы стальные,Переход стальной оцинкованный сталь,Переходы стальные 76 Переход стальной оцинкованный сталь,"Переходы стальные марки Переход стальной оцинкованный сталь, размер 76",76,135,шт,1,0,0,https://www.kavstal.ru/public/assets/images/products/KACHESTVENNYE_STALI/PEREKHODY_STALNYE/img.webp,качественные стали;переходы стальные;переход стальной оцинкованный сталь;76,Переход стальной оцинкованный сталь,76,,шт
Детали трубопроводов,Переходы стальные,Переход стальной оцинкованный сталь,Переходы стальные 76 Переход стальной оцинкованный сталь,"Переходы стальные марки Переход стальной оцинкованный сталь, размер 76",76,142,шт,1,0,0,https://www.kavstal.ru/public/assets/images/products/KACHESTVENNYE_STALI/PEREKHODY_STALNYE/img.webp,качественные стали;переходы стальные;переход стальной оцинкованный сталь;76,Переход стальной оцинкованный сталь,76,,шт
Детали трубопроводов,Переходы стальные,Переход стальной оцинкованный сталь,Переходы стальные 89 Переход стальной оцинкованный сталь,"Переходы стальные марки Переход стальной оцинкованный сталь, размер 89",89,175,шт,1,0,0,https://www.kavstal.ru/public/assets/images/products/KACHESTVENNYE_STALI/PEREKHODY_STALNYE/img.webp,качественные стали;переходы стальные;переход стальной оцинкованный сталь;89,Переход стальной оцинкованный сталь,89,,шт
Детали трубопроводов,Переходы стальные,Переход стальной оцинкованный сталь,Переходы стальные 89 Переход стальной оцинкованный сталь,"Переходы стальные марки Переход стальной оцинкованный сталь, размер 89",89,183,шт,1,0,0,https://www.kavstal.ru/public/assets/images/products/KACHESTVENNYE_STALI/PEREKHODY_STALNYE/img.webp,качественные стали;переходы стальные;переход стальной оцинкованный сталь;89,Переход стальной оцинкованный сталь,89,,шт
Детали трубопроводов,Переходы стальные,Переход стальной оцинкованный сталь,Переходы стальные 89 Переход стальной оцинкованный сталь,"Переходы стальные марки Переход стальной оцинкованный сталь, размер 89",89,185,шт,1,0,0,https://www.kavstal.ru/public/assets/images/products/KACHESTVENNYE_STALI/PEREKHODY_STALNYE/img.webp,качественные стали;переходы стальные;переход стальной оцинкованный сталь;89,Переход стальной оцинкованный сталь,89,,шт
Детали трубопроводов,Переходы стальные,Переход стальной оцинкованный сталь,Переходы стальные 108 Переход стальной оцинкованный сталь,"Переходы стальные марки Переход стальной оцинкованный сталь, размер 108",108,250,шт,1,0,0,https://www.kavstal.ru/public/assets/images/products/KACHESTVENNYE_STALI/PEREKHODY_STALNYE/img.webp,качественные стали;переходы стальные;переход стальной оцинкованный сталь;108,Переход стальной оцинкованный сталь,108,,шт
Детали трубопроводов,Переходы стальные,Переход стальной оцинкованный сталь,Переходы стальные 108 Переход стальной оцинкованный сталь,"Переходы стальные марки Переход стальной оцинкованный сталь, размер 108",108,251,шт,1,0,0,https://www.kavstal.ru/public/assets/images/products/KACHESTVENNYE_STALI/PEREKHODY_STALNYE/img.webp,качественные стали;переходы стальные;переход стальной оцинкованный сталь;108,Переход стальной оцинкованный сталь,108,,шт
Детали трубопроводов,Переходы стальные,Переход стальной оцинкованный сталь,Переходы стальные 108 Переход стальной оцинкованный сталь,"Переходы стальные марки Переход стальной оцинкованный сталь, размер 108",108,282,шт,1,0,0,https://www.kavstal.ru/public/assets/images/products/KACHESTVENNYE_STALI/PEREKHODY_STALNYE/img.webp,качественные стали;переходы стальные;переход стальной оцинкованный сталь;108,Переход стальной оцинкованный сталь,108,,шт
Детали трубопроводов,Переходы стальные,Переход стальной оцинкованный сталь,Переходы стальные 114 Переход стальной оцинкованный сталь,"Переходы стальные марки Переход стальной оцинкованный сталь, размер 114",114,277,шт,1,0,0,https://www.kavstal.ru/public/assets/images/products/KACHESTVENNYE_STALI/PEREKHODY_STALNYE/img.webp,качественные стали;переходы стальные;переход стальной оцинкованный сталь;114,Переход стальной оцинкованный сталь,114,,шт
Детали трубопроводов,Переходы стальные,Переход стальной оцинкованный сталь,Переходы стальные 114 Переход стальной оцинкованный сталь,"Переходы стальные марки Переход стальной оцинкованный сталь, размер 114",114,287,шт,1,0,0,https://www.kavstal.ru/public/assets/images/products/KACHESTVENNYE_STALI/PEREKHODY_STALNYE/img.webp,качественные стали;переходы стальные;переход стальной оцинкованный сталь;114,Переход стальной оцинкованный сталь,114,,шт
Детали трубопроводов,Переходы стальные,Переход стальной оцинкованный сталь,Переходы стальные 133 Переход стальной оцинкованный сталь,"Переходы стальные марки Переход стальной оцинкованный сталь, размер 133",133,366,шт,1,0,0,https://www.kavstal.ru/public/assets/images/products/KACHESTVENNYE_STALI/PEREKHODY_STALNYE/img.webp,качественные стали;переходы стальные;переход стальной оцинкованный сталь;133,Переход стальной оцинкованный сталь,133,,шт
Детали трубопроводов,Переходы стальные,Переход стальной оцинкованный сталь,Переходы стальные 133 Переход стальной оцинкованный сталь,"Переходы стальные марки Переход стальной оцинкованный сталь, размер 133",133,371,шт,1,0,0,https://www.kavstal.ru/public/assets/images/products/KACHESTVENNYE_STALI/PEREKHODY_STALNYE/img.webp,качественные стали;переходы стальные;переход стальной оцинкованный сталь;133,Переход стальной оцинкованный сталь,133,,шт
Детали трубопроводов,Переходы стальные,Переход стальной оцинкованный сталь,Переходы стальные 133 Переход стальной оцинкованный сталь,"Переходы стальные марки Переход стальной оцинкованный сталь, размер 133",133,395,шт,1,0,0,https://www.kavstal.ru/public/assets/images/products/KACHESTVENNYE_STALI/PEREKHODY_STALNYE/img.webp,качественные стали;переходы стальные;переход стальной оцинкованный сталь;133,Переход стальной оцинкованный сталь,133,,шт
Детали трубопроводов,Переходы стальные,Переход стальной оцинкованный сталь,Переходы стальные 133 Переход стальной оцинкованный сталь,"Переходы стальные марки Переход стальной оцинкованный сталь, размер 133",133,405,шт,1,0,0,https://www.kavstal.ru/public/assets/images/products/KACHESTVENNYE_STALI/PEREKHODY_STALNYE/img.webp,качественные стали;переходы стальные;переход стальной оцинкованный сталь;133,Переход стальной оцинкованный сталь,133,,шт
Детали трубопроводов,Переходы стальные,Переход стальной оцинк�ванный сталь,Переходы стальные 133 Переход стальной оцинк�ванный сталь,"Переходы стальные марки Переход стальной оцинк�ванный сталь, размер 133",133,485,шт,https://www.kavstal.ru/public/assets/images/mages/unknown/unknown.png,качественные стали;переходы стальные;переход стальной оцинк?ванный сталь;133,Переход стальной оцинк�ванный сталь,https://www.kavstal.ru/public/assets/images/products/KACHESTVENNYE_STALI/PEREKHODY_STALNYE/img.webp,,шт,,,
Детали трубопроводов,Переходы стальные,Переход стальной оцинкованный сталь,Переходы стальные 159 Переход стальной оцинкованный сталь,"Переходы стальные марки Переход стальной оцинкованный сталь, размер 159",159,602,шт,1,0,0,https://www.kavstal.ru/public/assets/images/products/KACHESTVENNYE_STALI/PEREKHODY_STALNYE/img.webp,качественные стали;переходы стальные;переход стальной оцинкованный сталь;159,Переход стальной оцинкованный сталь,159,,шт
Детали трубопроводов,Переходы стальные,Переход стальной оцинкованный сталь,Переходы стальные 159 Переход стальной оцинкованный сталь,"Переходы стальные марки Переход стальной оцинкованный сталь, размер 159",159,604,шт,1,0,0,https://www.kavstal.ru/public/assets/images/products/KACHESTVENNYE_STALI/PEREKHODY_STALNYE/img.webp,качественные стали;переходы стальные;переход стальной оцинкованный сталь;159,Переход стальной оцинкованный сталь,159,,шт
Детали трубопроводов,Переходы стальные,Переход стальной оцинкованный сталь,Переходы стальные 159 Переход стальной оцинкованный сталь,"Переходы стальные марки Переход стальной оцинкованный сталь, размер 159",159,610,шт,1,0,0,https://www.kavstal.ru/public/assets/images/products/KACHESTVENNYE_STALI/PEREKHODY_STALNYE/img.webp,качественные стали;переходы стальные;переход стальной оцинкованный сталь;159,Переход стальной оцинкованный сталь,159,,шт
Детали трубопроводов,Переходы стальные,Переход стальной оцинкованный сталь,Переходы стальные 159 Переход стальной оцинкованный сталь,"Переходы стальные марки Переход стальной оцинкованный сталь, размер 159",159,627,шт,1,0,0,https://www.kavstal.ru/public/assets/images/products/KACHESTVENNYE_STALI/PEREKHODY_STALNYE/img.webp,качественные стали;переходы стальные;переход стальной оцинкованный сталь;159,Переход стальной оцинкованный сталь,159,,шт
Детали трубопроводов,Переходы стальные,Переход стальной оцинкованный сталь,Переходы стальные 159 Переход стальной оцинкованный сталь,"Переходы стальные марки Переход стальной оцинкованный сталь, размер 159",159,633,шт,1,0,0,https://www.kavstal.ru/public/assets/images/products/KACHESTVENNYE_STALI/PEREKHODY_STALNYE/img.webp,качественные стали;переходы стальные;переход стальной оцинкованный сталь;159,Переход стальной оцинкованный сталь,159,,шт
Детали трубопроводов,Переходы стальные,Переход стальной оцинкованный сталь,Переходы стальные 219 Переход стальной оцинкованный сталь,"Переходы стальные марки Переход стальной оцинкованный сталь, размер 219",219,1181,шт,1,0,0,https://www.kavstal.ru/public/assets/images/products/KACHESTVENNYE_STALI/PEREKHODY_STALNYE/img.webp,качественные стали;переходы стальные;переход стальной оцинкованный сталь;219,Переход стальной оцинкованный сталь,219,,шт
Детали трубопроводов,Переходы стальные,Переход стальной оцинкованный сталь,Переходы стальные 219 Переход стальной оцинкованный сталь,"Переходы стальные марки Переход стальной оцинкованный сталь, размер 219",219,1288,шт,1,0,0,https://www.kavstal.ru/public/assets/images/products/KACHESTVENNYE_STALI/PEREKHODY_STALNYE/img.webp,качественные стали;переходы стальные;переход стальной оцинкованный сталь;219,Переход стальной оцинкованный сталь,219,,шт
Детали трубопроводов,Переходы стальные,Переход стальной оцинкованный сталь,Переходы стальные 219 Переход стальной оцинкованный сталь,"Переходы стальные марки Переход стальной оцинкованный сталь, размер 219",219,1400,шт,1,0,0,https://www.kavstal.ru/public/assets/images/products/KACHESTVENNYE_STALI/PEREKHODY_STALNYE/img.webp,качественные стали;переходы стальные;переход стальной оцинкованный сталь;219,Переход стальной оцинкованный сталь,219,,шт
Детали трубопроводов,Переходы стальные,Переход стальной оцинкованный сталь,Переходы стальные 219 Переход стальной оцинкованный сталь,"Переходы стальные марки Переход стальной оцинкованный сталь, размер 219",219,1480,шт,1,0,0,https://www.kavstal.ru/public/assets/images/products/KACHESTVENNYE_STALI/PEREKHODY_STALNYE/img.webp,качественные стали;переходы стальные;переход стальной оцинкованный сталь;219,Переход стальной оцинкованный сталь,219,,шт
Детали трубопроводов,Прокладки,"Набор прокладок резина ТМКЩ (1/2"", 3/4"", 1"", 1 1/2 резина","Прокладки 0 Набор прокладок резина ТМКЩ (1/2"", 3/4"", 1"", 1 1/2 резина","Прокладки марки Набор прокладок резина ТМКЩ (1/2"", 3/4"", 1"", 1 1/2 резина, размер 0",0,31,шт,1,0,0,https://www.kavstal.ru/public/assets/images/products/KACHESTVENNYE_STALI/PROKLADKI/img.jpg,"качественные стали;прокладки;набор прокладок резина тмкщ (1/2"", 3/4"", 1"", 1 1/2 резина","Набор прокладок резина ТМКЩ (1/2"", 3/4"", 1"", 1 1/2 резина",0,,шт
Детали трубопроводов,Прокладки,"Прокладка д/гибкой подводки Ду15 (1/2"") 19х10мм h= резина","Прокладки 15 Прокладка д/гибкой подводки Ду15 (1/2"") 19х10мм h= резина","Прокладки марки Прокладка д/гибкой подводки Ду15 (1/2"") 19х10мм h= резина, размер 15",15,28,шт,1,0,0,https://www.kavstal.ru/public/assets/images/products/KACHESTVENNYE_STALI/PROKLADKI/img.jpg,"качественные стали;прокладки;прокладка д/гибкой подводки ду15 (1/2"") 19х10мм h= резина;15","Прокладка д/гибкой подводки Ду15 (1/2"") 19х10мм h= резина",15,,шт
Детали трубопроводов,Прокладки,"Прокладка д/подводки резина Ду15(1/2"") 19х10 h=2м резина","Прокладки 15 Прокладка д/подводки резина Ду15(1/2"") 19х10 h=2м резина","Прокладки марки Прокладка д/подводки резина Ду15(1/2"") 19х10 h=2м резина, размер 15",15,3,шт,1,0,0,https://www.kavstal.ru/public/assets/images/products/KACHESTVENNYE_STALI/PROKLADKI/img.jpg,"качественные стали;прокладки;прокладка д/подводки резина ду15(1/2"") 19х10 h=2м резина;15","Прокладка д/подводки резина Ду15(1/2"") 19х10 h=2м резина",15,,шт
Детали трубопроводов,Прокладки,Прокладка паронитовая фланцевая ПОН-Б паронит Py10,Прокладки 300 Прокладка паронитовая фланцевая ПОН-Б паронит Py10,"Прокладки марки Прокладка паронитовая фланцевая ПОН-Б паронит Py10, размер 300",300,111,шт,1,0,0,https://www.kavstal.ru/public/assets/images/products/KACHESTVENNYE_STALI/PROKLADKI/img.jpg,качественные стали;прокладки;прокладка паронитовая фланцевая пон-б паронит py10;300,Прокладка паронитовая фланцевая ПОН-Б паронит Py10,300,,шт
Детали трубопроводов,Прокладки,Прокладка паронитовая фланцевая ПОН-Б паронит Py10,Прокладки 350 Прокладка паронитовая фланцевая ПОН-Б паронит Py10,"Прокладки марки Прокладка паронитовая фланцевая ПОН-Б паронит Py10, размер 350",350,158,шт,1,0,0,https://www.kavstal.ru/public/assets/images/products/KACHESTVENNYE_STALI/PROKLADKI/img.jpg,качественные стали;прокладки;прокладка паронитовая фланцевая пон-б паронит py10;350,Прокладка паронитовая фланцевая ПОН-Б паронит Py10,350,,шт
Детали трубопроводов,Прокладки,Прокладка паронитовая фланцевая ПОН-Б паронит Py10,Прокладки 400 Прокладка паронитовая фланцевая ПОН-Б паронит Py10,"Прокладки марки Прокладка паронитовая фланцевая ПОН-Б паронит Py10, размер 400",400,168,шт,1,0,0,https://www.kavstal.ru/public/assets/images/products/KACHESTVENNYE_STALI/PROKLADKI/img.jpg,качественные стали;прокладки;прокладка паронитовая фланцевая пон-б паронит py10;400,Прокладка паронитовая фланцевая ПОН-Б паронит Py10,400,,шт
Детали трубопроводов,Прокладки,Прокладка паронитовая фланцевая ПОН-Б паронит Py10,Прокладки 500 Прокладка паронитовая фланцевая ПОН-Б паронит Py10,"Прокладки марки Прокладка паронитовая фланцевая ПОН-Б паронит Py10, размер 500",500,250,шт,1,0,0,https://www.kavstal.ru/public/assets/images/products/KACHESTVENNYE_STALI/PROKLADKI/img.jpg,качественные стали;прокладки;прокладка паронитовая фланцевая пон-б паронит py10;500,Прокладка паронитовая фланцевая ПОН-Б паронит Py10,500,,шт
Детали трубопроводов,Прокладки,Прокладка паронитовая фланцевая ПОН-Б паронит Py10-16,Прокладки 100 Прокладка паронитовая фланцевая ПОН-Б паронит Py10-16,"Прокладки марки Прокладка паронитовая фланцевая ПОН-Б паронит Py10-16, размер 100",100,23,шт,1,0,0,https://www.kavstal.ru/public/assets/images/products/KACHESTVENNYE_STALI/PROKLADKI/img.jpg,качественные стали;прокладки;прокладка паронитовая фланцевая пон-б паронит py10-16;100,Прокладка паронитовая фланцевая ПОН-Б паронит Py10-16,100,,шт
Детали трубопроводов,Прокладки,Прокладка паронитовая фланцевая ПОН-Б паронит Py10-16,Прокладки 150 Прокладка паронитовая фланцевая ПОН-Б паронит Py10-16,"Прокладки марки Прокладка паронитовая фланцевая ПОН-Б паронит Py10-16, размер 150",150,39,шт,1,0,0,https://www.kavstal.ru/public/assets/images/products/KACHESTVENNYE_STALI/PROKLADKI/img.jpg,качественные стали;прокладки;прокладка паронитовая фланцевая пон-б паронит py10-16;150,Прокладка паронитовая фланцевая ПОН-Б паронит Py10-16,150,,шт
Детали трубопроводов,Прокладки,Прокладка паронитовая фланцевая ПОН-Б паронит Py10-16,Прокладки 250 Прокладка паронитовая фланцевая ПОН-Б паронит Py10-16,"Прокладки марки Прокладка паронитовая фланцевая ПОН-Б паронит Py10-16, размер 250",250,101,шт,1,0,0,https://www.kavstal.ru/public/assets/images/products/KACHESTVENNYE_STALI/PROKLADKI/img.jpg,качественные стали;прокладки;прокладка паронитовая фланцевая пон-б паронит py10-16;250,Прокладка паронитовая фланцевая ПОН-Б паронит Py10-16,250,,шт
Детали трубопроводов,Прокладки,Прокладка паронитовая фланцевая ПОН-Б паронит Py10-40,Прокладки 15 Прокладка паронитовая фланцевая ПОН-Б паронит Py10-40,"Прокладки марки Прокладка паронитовая фланцевая ПОН-Б паронит Py10-40, размер 15",15,3,шт,1,0,0,https://www.kavstal.ru/public/assets/images/products/KACHESTVENNYE_STALI/PROKLADKI/img.jpg,качественные стали;прокладки;прокладка паронитовая фланцевая пон-б паронит py10-40;15,Прокладка паронитовая фланцевая ПОН-Б паронит Py10-40,15,,шт
Детали трубопроводов,Прокладки,Прокладка паронитовая фланцевая ПОН-Б паронит Py10-40,Прокладки 20 Прокладка паронитовая фланцевая ПОН-Б паронит Py10-40,"Прокладки марки Прокладка паронитовая фланцевая ПОН-Б паронит Py10-40, размер 20",20,5,шт,1,0,0,https://www.kavstal.ru/public/assets/images/products/KACHESTVENNYE_STALI/PROKLADKI/img.jpg,качественные стали;прокладки;прокладка паронитовая фланцевая пон-б паронит py10-40;20,Прокладка паронитовая фланцевая ПОН-Б паронит Py10-40,20,,шт
Детали трубопроводов,Прокладки,Прокладка паронитовая фланцевая ПОН-Б паронит Py10-40,Прокладки 25 Прокладка паронитовая фланцевая ПОН-Б паронит Py10-40,"Прокладки марки Прокладка паронитовая фланцевая ПОН-Б паронит Py10-40, размер 25",25,7,шт,1,0,0,https://www.kavstal.ru/public/assets/images/products/KACHESTVENNYE_STALI/PROKLADKI/img.jpg,качественные стали;прокладки;прокладка паронитовая фланцевая пон-б паронит py10-40;25,Прокладка паронитовая фланцевая ПОН-Б паронит Py10-40,25,,шт
Детали трубопроводов,Прокладки,Прокладка паронитовая фланцевая ПОН-Б паронит Py10-40,Прокладки 32 Прокладка паронитовая фланцевая ПОН-Б паронит Py10-40,"Прокладки марки Прокладка паронитовая фланцевая ПОН-Б паронит Py10-40, размер 32",32,8,шт,1,0,0,https://www.kavstal.ru/public/assets/images/products/KACHESTVENNYE_STALI/PROKLADKI/img.jpg,качественные стали;прокладки;прокладка паронитовая фланцевая пон-б паронит py10-40;32,Прокладка паронитовая фланцевая ПОН-Б паронит Py10-40,32,,шт
Детали трубопроводов,Прокладки,Прокладка паронитовая фланцевая ПОН-Б паронит Py10-40,Прокладки 40 Прокладка паронитовая фланцевая ПОН-Б паронит Py10-40,"Прокладки марки Прокладка паронитовая фланцевая ПОН-Б паронит Py10-40, размер 40",40,9,шт,1,0,0,https://www.kavstal.ru/public/assets/images/products/KACHESTVENNYE_STALI/PROKLADKI/img.jpg,качественные стали;прокладки;прокладка паронитовая фланцевая пон-б паронит py10-40;40,Прокладка паронитовая фланцевая ПОН-Б паронит Py10-40,40,,шт
Детали трубопроводов,Прокладки,Прокладка паронитовая фланцевая ПОН-Б паронит Py10-40,Прокладки 50 Прокладка паронитовая фланцевая ПОН-Б паронит Py10-40,"Прокладки марки Прокладка паронитовая фланцевая ПОН-Б паронит Py10-40, размер 50",50,10,шт,1,0,0,https://www.kavstal.ru/public/assets/images/products/KACHESTVENNYE_STALI/PROKLADKI/img.jpg,качественные стали;прокладки;прокладка паронитовая фланцевая пон-б паронит py10-40;50,Прокладка паронитовая фланцевая ПОН-Б паронит Py10-40,50,,шт
Детали трубопроводов,Прокладки,Прокладка паронитовая фланцевая ПОН-Б паронит Py10-40,Прокладки 80 Прокладка паронитовая фланцевая ПОН-Б паронит Py10-40,"Прокладки марки Прокладка паронитовая фланцевая ПОН-Б паронит Py10-40, размер 80",80,19,шт,1,0,0,https://www.kavstal.ru/public/assets/images/products/KACHESTVENNYE_STALI/PROKLADKI/img.jpg,качественные стали;прокладки;прокладка паронитовая фланцевая пон-б паронит py10-40;80,Прокладка паронитовая фланцевая ПОН-Б паронит Py10-40,80,,шт
Детали трубопроводов,Прокладки,Прокладка паронитовая фланцевая ПОН-Б паронит Py16,Прокладки 400 Прокладка паронитовая фланцевая ПОН-Б паронит Py16,"Прокладки марки Прокладка паронитовая фланцевая ПОН-Б паронит Py16, размер 400",400,177,шт,1,0,0,https://www.kavstal.ru/public/assets/images/products/KACHESTVENNYE_STALI/PROKLADKI/img.jpg,качественные стали;прокладки;прокладка паронитовая фланцевая пон-б паронит py16;400,Прокладка паронитовая фланцевая ПОН-Б паронит Py16,400,,шт
Детали трубопроводов,Прокладки,Прокладка паронитовая фланцевая ПОН-Б паронит Py16,Прокладки 500 Прокладка паронитовая фланцевая ПОН-Б паронит Py16,"Прокладки марки Прокладка паронитовая фланцевая ПОН-Б паронит Py16, размер 500",500,250,шт,1,0,0,https://www.kavstal.ru/public/assets/images/products/KACHESTVENNYE_STALI/PROKLADKI/img.jpg,качественные стали;прокладки;прокладка паронитовая фланцевая пон-б паронит py16;500,Прокладка паронитовая фланцевая ПОН-Б паронит Py16,500,,шт
Детали трубопроводов,Прокладки,Прокладка паронитовая фланцевая ПОН-Б паронит Py16-25,Прокладки 600 Прокладка паронитовая фланцевая ПОН-Б паронит Py16-25,"Прокладки марки Прокладка паронитовая фланцевая ПОН-Б паронит Py16-25, размер 600",600,360,шт,1,0,0,https://www.kavstal.ru/public/assets/images/products/KACHESTVENNYE_STALI/PROKLADKI/img.jpg,качественные стали;прокладки;прокладка паронитовая фланцевая пон-б паронит py16-25;600,Прокладка паронитовая фланцевая ПОН-Б паронит Py16-25,600,,шт
Детали трубопроводов,Прокладки,Прокладка паронитовая фланцевая ПОН-Б паронит Py25,Прокладки 250 Прокладка паронитовая фланцевая ПОН-Б паронит Py25,"Прокладки марки Прокладка паронитовая фланцевая ПОН-Б паронит Py25, размер 250",250,105,шт,1,0,0,https://www.kavstal.ru/public/assets/images/products/KACHESTVENNYE_STALI/PROKLADKI/img.jpg,качественные стали;прокладки;прокладка паронитовая фланцевая пон-б паронит py25;250,Прокладка паронитовая фланцевая ПОН-Б паронит Py25,250,,шт
Детали трубопроводов,Прокладки,Прокладка паронитовая фланцевая ПОН-Б паронит Py25,Прокладки 300 Прокладка паронитовая фланцевая ПОН-Б паронит Py25,"Прокладки марки Прокладка паронитовая фланцевая ПОН-Б паронит Py25, размер 300",300,144,шт,1,0,0,https://www.kavstal.ru/public/assets/images/products/KACHESTVENNYE_STALI/PROKLADKI/img.jpg,качественные стали;прокладки;прокладка паронитовая фланцевая пон-б паронит py25;300,Прокладка паронитовая фланцевая ПОН-Б паронит Py25,300,,шт
Детали трубопроводов,Прокладки,Прокладка паронитовая фланцевая ПОН-Б паронит Py25-40,Прокладки 100 Прокладка паронитовая фланцевая ПОН-Б паронит Py25-40,"Прокладки марки Прокладка паронитовая фланцевая ПОН-Б паронит Py25-40, размер 100",100,24,шт,1,0,0,https://www.kavstal.ru/public/assets/images/products/KACHESTVENNYE_STALI/PROKLADKI/img.jpg,качественные стали;прокладки;прокладка паронитовая фланцевая пон-б паронит py25-40;100,Прокладка паронитовая фланцевая ПОН-Б паронит Py25-40,100,,шт
Детали трубопроводов,Прокладки,Прокладка паронитовая фланцевая ПОН-Б паронит Py25-40,Прокладки 150 Прокладка паронитовая фланцевая ПОН-Б паронит Py25-40,"Прокладки марки Прокладка паронитовая фланцевая ПОН-Б паронит Py25-40, размер 150",150,44,шт,1,0,0,https://www.kavstal.ru/public/assets/images/products/KACHESTVENNYE_STALI/PROKLADKI/img.jpg,качественные стали;прокладки;прокладка паронитовая фланцевая пон-б паронит py25-40;150,Прокладка паронитовая фланцевая ПОН-Б паронит Py25-40,150,,шт
Детали трубопроводов,Прокладки,Прокладка паронитовая фланцевая ПОН-Б паронит Py40,Прокладки 200 Прокладка паронитовая фланцевая ПОН-Б паронит Py40,"Прокладки марки Прокладка паронитовая фланцевая ПОН-Б паронит Py40, размер 200",200,73,шт,1,0,0,https://www.kavstal.ru/public/assets/images/products/KACHESTVENNYE_STALI/PROKLADKI/img.jpg,качественные стали;прокладки;прокладка паронитовая фланцевая пон-б паронит py40;200,Прокладка паронитовая фланцевая ПОН-Б паронит Py40,200,,шт
Детали трубопроводов,Прокладки,Прокладка паронитовая фланцевая ПОН-Б паронит Py40,Прокладки 250 Прокладка паронитовая фланцевая ПОН-Б паронит Py40,"Прокладки марки Прокладка паронитовая фланцевая ПОН-Б паронит Py40, размер 250",250,105,шт,1,0,0,https://www.kavstal.ru/public/assets/images/products/KACHESTVENNYE_STALI/PROKLADKI/img.jpg,качественные стали;прокладки;прокладка паронитовая фланцевая пон-б паронит py40;250,Прокладка паронитовая фланцевая ПОН-Б паронит Py40,250,,шт
Детали трубопроводов,Прокладки,"Прокладка резиновая ТМКЩ Ду10(3/8"") 15х8 h=2мм Сим резина","Прокладки 10 Прокладка резиновая ТМКЩ Ду10(3/8"") 15х8 h=2мм Сим резина","Прокладки марки Прокладка резиновая ТМКЩ Ду10(3/8"") 15х8 h=2мм Сим резина, размер 10",10,1,шт,1,0,0,https://www.kavstal.ru/public/assets/images/products/KACHESTVENNYE_STALI/PROKLADKI/img.jpg,"качественные стали;прокладки;прокладка резиновая тмкщ ду10(3/8"") 15х8 h=2мм сим резина;10","Прокладка резиновая ТМКЩ Ду10(3/8"") 15х8 h=2мм Сим резина",10,,шт
Детали трубопроводов,Прокладки,"Прокладка резиновая ТМКЩ Ду15 (1/2"") 19х10мм h=2мм резина","Прокладки 15 Прокладка резиновая ТМКЩ Ду15 (1/2"") 19х10мм h=2мм резина","Прокладки марки Прокладка резиновая ТМКЩ Ду15 (1/2"") 19х10мм h=2мм резина, размер 15",15,1,шт,1,0,0,https://www.kavstal.ru/public/assets/images/products/KACHESTVENNYE_STALI/PROKLADKI/img.jpg,"качественные стали;прокладки;прокладка резиновая тмкщ ду15 (1/2"") 19х10мм h=2мм резина;15","Прокладка резиновая ТМКЩ Ду15 (1/2"") 19х10мм h=2мм резина",15,,шт
Детали трубопроводов,Прокладки,"Прокладка резиновая ТМКЩ Ду25 (1"") 30х19мм h=2мм б резина","Прокладки 25 Прокладка резиновая ТМКЩ Ду25 (1"") 30х19мм h=2мм б резина","Прокладки марки Прокладка резиновая ТМКЩ Ду25 (1"") 30х19мм h=2мм б резина, размер 25",25,31,шт,1,0,0,https://www.kavstal.ru/public/assets/images/products/KACHESTVENNYE_STALI/PROKLADKI/img.jpg,"качественные стали;прокладки;прокладка резиновая тмкщ ду25 (1"") 30х19мм h=2мм б резина;25","Прокладка резиновая ТМКЩ Ду25 (1"") 30х19мм h=2мм б резина",25,,шт
Детали трубопроводов,Прокладки,Прокладка резиновая фланцевая МБС резина Py16,Прокладки 300 Прокладка резиновая фланцевая МБС резина Py16,"Прокладки марки Прокладка резиновая фланцевая МБС резина Py16, размер 300",300,91,шт,1,0,0,https://www.kavstal.ru/public/assets/images/products/KACHESTVENNYE_STALI/PROKLADKI/img.jpg,качественные стали;прокладки;прокладка резиновая фланцевая мбс резина py16;300,Прокладка резиновая фланцевая МБС резина Py16,300,,шт
Детали трубопроводов,Прокладки,Прокладка резиновая фланцевая ТМКЩ резина Py10-16,Прокладки 250 Прокладка резиновая фланцевая ТМКЩ резина Py10-16,"Прокладки марки Прокладка резиновая фланцевая ТМКЩ резина Py10-16, размер 250",250,73,шт,1,0,0,https://www.kavstal.ru/public/assets/images/products/KACHESTVENNYE_STALI/PROKLADKI/img.jpg,качественные стали;прокладки;прокладка резиновая фланцевая тмкщ резина py10-16;250,Прокладка резиновая фланцевая ТМКЩ резина Py10-16,250,,шт
Детали трубопроводов,Прокладки,Прокладка резиновая фланцевая ТМКЩ резина Py10-40,Прокладки 40 Прокладка резиновая фланцевая ТМКЩ резина Py10-40,"Прокладки марки Прокладка резиновая фланцевая ТМКЩ резина Py10-40, размер 40",40,7,шт,1,0,0,https://www.kavstal.ru/public/assets/images/products/KACHESTVENNYE_STALI/PROKLADKI/img.jpg,качественные стали;прокладки;прокладка резиновая фланцевая тмкщ резина py10-40;40,Прокладка резиновая фланцевая ТМКЩ резина Py10-40,40,,шт
Детали трубопроводов,Прокладки,Прокладка резиновая фланцевая ТМКЩ резина Py10-40,Прокладки 50 Прокладка резиновая фланцевая ТМКЩ резина Py10-40,"Прокладки марки Прокладка резиновая фланцевая ТМКЩ резина Py10-40, размер 50",50,10,шт,1,0,0,https://www.kavstal.ru/public/assets/images/products/KACHESTVENNYE_STALI/PROKLADKI/img.jpg,качественные стали;прокладки;прокладка резиновая фланцевая тмкщ резина py10-40;50,Прокладка резиновая фланцевая ТМКЩ резина Py10-40,50,,шт
Детали трубопроводов,Прокладки,"Прокладка силикон Ду15(1/2"") 19Х10 h=2мм 2-0004 Си силикон","Прокладки 15 Прокладка силикон Ду15(1/2"") 19Х10 h=2мм 2-0004 Си силикон","Прокладки марки Прокладка силикон Ду15(1/2"") 19Х10 h=2мм 2-0004 Си силикон, размер 15",15,2,шт,1,0,0,https://www.kavstal.ru/public/assets/images/products/KACHESTVENNYE_STALI/PROKLADKI/img.jpg,"качественные стали;прокладки;прокладка силикон ду15(1/2"") 19х10 h=2мм 2-0004 си силикон;15","Прокладка силикон Ду15(1/2"") 19Х10 h=2мм 2-0004 Си силикон",15,,шт
Детали трубопроводов,Прокладки,"Прокладка силикон Ду20 (3/4"") 24х14мм h=2мм 2-0013 силикон","Прокладки 20 Прокладка силикон Ду20 (3/4"") 24х14мм h=2мм 2-0013 силикон","Прокладки марки Прокладка силикон Ду20 (3/4"") 24х14мм h=2мм 2-0013 силикон, размер 20",20,3,шт,1,0,0,https://www.kavstal.ru/public/assets/images/products/KACHESTVENNYE_STALI/PROKLADKI/img.jpg,"качественные стали;прокладки;прокладка силикон ду20 (3/4"") 24х14мм h=2мм 2-0013 силикон;20","Прокладка силикон Ду20 (3/4"") 24х14мм h=2мм 2-0013 силикон",20,,шт
Детали трубопроводов,Прокладки,"Прокладка силиконовая ТЭП Ду15 (1/2"") 19х10мм h=2м силикон","Прокладки 15 Прокладка силиконовая ТЭП Ду15 (1/2"") 19х10мм h=2м силикон","Прокладки марки Прокладка силиконовая ТЭП Ду15 (1/2"") 19х10мм h=2м силикон, размер 15",15,29,уп,1,0,0,https://www.kavstal.ru/public/assets/images/products/KACHESTVENNYE_STALI/PROKLADKI/img.jpg,"качественные стали;прокладки;прокладка силиконовая тэп ду15 (1/2"") 19х10мм h=2м силикон;15","Прокладка силиконовая ТЭП Ду15 (1/2"") 19х10мм h=2м силикон",15,,уп
Детали трубопроводов,Прокладки,"Прокладка силиконовая ТЭП Ду20 (3/4"") 24х14мм h=2м силикон","Прокладки 20 Прокладка силиконовая ТЭП Ду20 (3/4"") 24х14мм h=2м силикон","Прокладки марки Прокладка силиконовая ТЭП Ду20 (3/4"") 24х14мм h=2м силикон, размер 20",20,28,шт,1,0,0,https://www.kavstal.ru/public/assets/images/products/KACHESTVENNYE_STALI/PROKLADKI/img.jpg,"качественные стали;прокладки;прокладка силиконовая тэп ду20 (3/4"") 24х14мм h=2м силикон;20","Прокладка силиконовая ТЭП Ду20 (3/4"") 24х14мм h=2м силикон",20,,шт
Детали трубопроводов,Прокладки,"Прокладка силиконовая ТЭП Ду25 (1"") 30х19мм h=2мм силикон","Прокладки 25 Прокладка силиконовая ТЭП Ду25 (1"") 30х19мм h=2мм силикон","Прокладки марки Прокладка силиконовая ТЭП Ду25 (1"") 30х19мм h=2мм силикон, размер 25",25,25,шт,1,0,0,https://www.kavstal.ru/public/assets/images/products/KACHESTVENNYE_STALI/PROKLADKI/img.jpg,"качественные стали;прокладки;прокладка силиконовая тэп ду25 (1"") 30х19мм h=2мм силикон;25","Прокладка силиконовая ТЭП Ду25 (1"") 30х19мм h=2мм силикон",25,,шт
Детали трубопроводов,Прокладки,"Прокладка фторопласт Ду20(3/4"") 24х14 h=2мм 2-0016 фторопласт","Прокладки 20 Прокладка фторопласт Ду20(3/4"") 24х14 h=2мм 2-0016 фторопласт","Прокладки марки Прокладка фторопласт Ду20(3/4"") 24х14 h=2мм 2-0016 фторопласт, размер 20",20,13,шт,1,0,0,https://www.kavstal.ru/public/assets/images/products/KACHESTVENNYE_STALI/PROKLADKI/img.jpg,"качественные стали;прокладки;прокладка фторопласт ду20(3/4"") 24х14 h=2мм 2-0016 фторопласт;20","Прокладка фторопласт Ду20(3/4"") 24х14 h=2мм 2-0016 фторопласт",20,,шт
Детали трубопроводов,Прокладки,"Прокладка фторопласт Ду25(1"") 30х19 h=2мм 2-0022 С фторопласт","Прокладки 25 Прокладка фторопласт Ду25(1"") 30х19 h=2мм 2-0022 С фторопласт","Прокладки марки Прокладка фторопласт Ду25(1"") 30х19 h=2мм 2-0022 С фторопласт, размер 25",25,18,шт,1,0,0,https://www.kavstal.ru/public/assets/images/products/KACHESTVENNYE_STALI/PROKLADKI/img.jpg,"качественные стали;прокладки;прокладка фторопласт ду25(1"") 30х19 h=2мм 2-0022 с фторопласт;25","Прокладка фторопласт Ду25(1"") 30х19 h=2мм 2-0022 С фторопласт",25,,шт
Детали трубопроводов,Прокладки,"Прокладка фторопласт Ф-4 Ду15 (1/2"") 19х10мм h=2мм фторопласт","Прокладки 15 Прокладка фторопласт Ф-4 Ду15 (1/2"") 19х10мм h=2мм фторопласт","Прокладки марки Прокладка фторопласт Ф-4 Ду15 (1/2"") 19х10мм h=2мм фторопласт, размер 15",15,32,шт,1,0,0,https://www.kavstal.ru/public/assets/images/products/KACHESTVENNYE_STALI/PROKLADKI/img.jpg,"качественные стали;прокладки;прокладка фторопласт ф-4 ду15 (1/2"") 19х10мм h=2мм фторопласт;15","Прокладка фторопласт Ф-4 Ду15 (1/2"") 19х10мм h=2мм фторопласт",15,,шт
Детали трубопроводов,Прокладки,"Прокладка фторопласт Ф-4 Ду20 (3/4"") 24х14мм h=2мм фторопласт","Прокладки 20 Прокладка фторопласт Ф-4 Ду20 (3/4"") 24х14мм h=2мм фторопласт","Прокладки марки Прокладка фторопласт Ф-4 Ду20 (3/4"") 24х14мм h=2мм фторопласт, размер 20",20,53,шт,1,0,0,https://www.kavstal.ru/public/assets/images/products/KACHESTVENNYE_STALI/PROKLADKI/img.jpg,"качественные стали;прокладки;прокладка фторопласт ф-4 ду20 (3/4"") 24х14мм h=2мм фторопласт;20","Прокладка фторопласт Ф-4 Ду20 (3/4"") 24х14мм h=2мм фторопласт",20,,шт
Детали трубопроводов,Прокладки,"Прокладка фторопласт Ф-4 Ду25 (1"") 30х19мм h=2мм б фторопласт","Прокладки 25 Прокладка фторопласт Ф-4 Ду25 (1"") 30х19мм h=2мм б фторопласт","Прокладки марки Прокладка фторопласт Ф-4 Ду25 (1"") 30х19мм h=2мм б фторопласт, размер 25",25,75,шт,1,0,0,https://www.kavstal.ru/public/assets/images/products/KACHESTVENNYE_STALI/PROKLADKI/img.jpg,"качественные стали;прокладки;прокладка фторопласт ф-4 ду25 (1"") 30х19мм h=2мм б фторопласт;25","Прокладка фторопласт Ф-4 Ду25 (1"") 30х19мм h=2мм б фторопласт",25,,шт
Детали трубопроводов,ДЕТАЛИ ТРУБОПРОВОДОВ - ФЛАНЕЦ,12Х18Н10Т 150x25x11,Детали Трубопроводов - Фланец 150 12Х18Н10Т 150x25x11,"ДЕТАЛИ ТРУБОПРОВОДОВ - ФЛАНЕЦ марки 12Х18Н10Т 150x25x11, размер 150",150,16078,шт,1,0,0,https://www.kavstal.ru/public/assets/images/products/INZHENERNYE_SISTEMY/DETALI_TRUBOPROVODOV_FLANETS/img.webp,трубы;детали трубопроводов - фланец;12х18н10т 150x25x11;150;детали;трубопроводов;фланец;12х18н10т;150x25x11,12Х18Н10Т 150x25x11,150,,шт
Детали трубопроводов,ДЕТАЛИ ТРУБОПРОВОДОВ - ОТВОД,12Х18Н10Т 90° 102x7 импорт,Детали Трубопроводов - Отвод 102 12Х18Н10Т 90° 102x7 импорт,"ДЕТАЛИ ТРУБОПРОВОДОВ - ОТВОД марки 12Х18Н10Т 90° 102x7 импорт, размер 102",102,2174,шт,1,0,0,https://www.kavstal.ru/public/assets/images/products/INZHENERNYE_SISTEMY/DETALI_TRUBOPROVODOV_OTVOD/img.webp,трубы;детали трубопроводов - отвод;12х18н10т 90° 102x7 импорт;102;детали;трубопроводов;отвод;12х18н10т;90°;102x7;импорт,12Х18Н10Т 90° 102x7 импорт,102,,шт
Детали трубопроводов,ДЕТАЛИ ТРУБОПРОВОДОВ - ОТВОД,12Х18Н10Т 90° 108x4 импорт,Детали Трубопроводов - Отвод 108 12Х18Н10Т 90° 108x4 импорт,"ДЕТАЛИ ТРУБОПРОВОДОВ - ОТВОД марки 12Х18Н10Т 90° 108x4 импорт, размер 108",108,2582,шт,1,0,0,https://www.kavstal.ru/public/assets/images/products/INZHENERNYE_SISTEMY/DETALI_TRUBOPROVODOV_OTVOD/img.webp,трубы;детали трубопроводов - отвод;12х18н10т 90° 108x4 импорт;108;детали;трубопроводов;отвод;12х18н10т;90°;108x4;импорт,12Х18Н10Т 90° 108x4 импорт,108,,шт
Детали трубопроводов,ДЕТАЛИ ТРУБОПРОВОДОВ - ОТВОД,12Х18Н10Т 90° 108x4.5 импорт,Детали Трубопроводов - Отвод 108 12Х18Н10Т 90° 108x4.5 импорт,"ДЕТАЛИ ТРУБОПРОВОДОВ - ОТВОД марки 12Х18Н10Т 90° 108x4.5 импорт, размер 108",108,2475,шт,1,0,0,https://www.kavstal.ru/public/assets/images/products/INZHENERNYE_SISTEMY/DETALI_TRUBOPROVODOV_OTVOD/img.webp,трубы;детали трубопроводов - отвод;12х18н10т 90° 108x4.5 импорт;108;детали;трубопроводов;отвод;12х18н10т;90°;108x4.5;импорт,12Х18Н10Т 90° 108x4.5 импорт,108,,шт
Детали трубопроводов,ДЕТАЛИ ТРУБОПРОВОДОВ - ОТВОД,12Х18Н10Т 90° 108x5,Детали Трубопроводов - Отвод 108 12Х18Н10Т 90° 108x5,"ДЕТАЛИ ТРУБОПРОВОДОВ - ОТВОД марки 12Х18Н10Т 90° 108x5, размер 108",108,3785,шт,1,0,0,https://www.kavstal.ru/public/assets/images/products/INZHENERNYE_SISTEMY/DETALI_TRUBOPROVODOV_OTVOD/img.webp,трубы;детали трубопроводов - отвод;12х18н10т 90° 108x5;108;детали;трубопроводов;отвод;12х18н10т;90°;108x5,12Х18Н10Т 90° 108x5,108,,шт
Детали трубопроводов,ДЕТАЛИ ТРУБОПРОВОДОВ - ОТВОД,12Х18Н10Т 90° 108x5 импорт,Детали Трубопроводов - Отвод 108 12Х18Н10Т 90° 108x5 импорт,"ДЕТАЛИ ТРУБОПРОВОДОВ - ОТВОД марки 12Х18Н10Т 90° 108x5 импорт, размер 108",108,2646,шт,1,0,0,https://www.kavstal.ru/public/assets/images/products/INZHENERNYE_SISTEMY/DETALI_TRUBOPROVODOV_OTVOD/img.webp,трубы;детали трубопроводов - отвод;12х18н10т 90° 108x5 импорт;108;детали;трубопроводов;отвод;12х18н10т;90°;108x5;импорт,12Х18Н10Т 90° 108x5 импорт,108,,шт
Детали трубопроводов,ДЕТАЛИ ТРУБОПРОВОДОВ - ОТВОД,12Х18Н10Т 90° 108x6 импорт,Детали Трубопроводов - Отвод 108 12Х18Н10Т 90° 108x6 импорт,"ДЕТАЛИ ТРУБОПРОВОДОВ - ОТВОД марки 12Х18Н10Т 90° 108x6 импорт, размер 108",108,3050,шт,1,0,0,https://www.kavstal.ru/public/assets/images/products/INZHENERNYE_SISTEMY/DETALI_TRUBOPROVODOV_OTVOD/img.webp,трубы;детали трубопроводов - отвод;12х18н10т 90° 108x6 импорт;108;детали;трубопроводов;отвод;12х18н10т;90°;108x6;импорт,12Х18Н10Т 90° 108x6 импорт,108,,шт
Детали трубопроводов,ДЕТАЛИ ТРУБОПРОВОДОВ - ОТВОД,12Х18Н10Т 90° 108x8 импорт,Детали Трубопроводов - Отвод 108 12Х18Н10Т 90° 108x8 импорт,"ДЕТАЛИ ТРУБОПРОВОДОВ - ОТВОД марки 12Х18Н10Т 90° 108x8 импорт, размер 108",108,3857,шт,1,0,0,https://www.kavstal.ru/public/assets/images/products/INZHENERNYE_SISTEMY/DETALI_TRUBOPROVODOV_OTVOD/img.webp,трубы;детали трубопроводов - отвод;12х18н10т 90° 108x8 импорт;108;детали;трубопроводов;отвод;12х18н10т;90°;108x8;импорт,12Х18Н10Т 90° 108x8 импорт,108,,шт
Детали трубопроводов,ДЕТАЛИ ТРУБОПРОВОДОВ - ОТВОД,12Х18Н10Т 90° 159x4.5 импорт,Детали Трубопроводов - Отвод 159 12Х18Н10Т 90° 159x4.5 импорт,"ДЕТАЛИ ТРУБОПРОВОДОВ - ОТВОД марки 12Х18Н10Т 90° 159x4.5 импорт, размер 159",159,7538,шт,1,0,0,https://www.kavstal.ru/public/assets/images/products/INZHENERNYE_SISTEMY/DETALI_TRUBOPROVODOV_OTVOD/img.webp,трубы;детали трубопроводов - отвод;12х18н10т 90° 159x4.5 импорт;159;детали;трубопроводов;отвод;12х18н10т;90°;159x4.5;импорт,12Х18Н10Т 90° 159x4.5 импорт,159,,шт
Детали трубопроводов,ДЕТАЛИ ТРУБОПРОВОДОВ - ОТВОД,12Х18Н10Т 90° 159x6 импорт,Детали Трубопроводов - Отвод 159 12Х18Н10Т 90° 159x6 импорт,"ДЕТАЛИ ТРУБОПРОВОДОВ - ОТВОД марки 12Х18Н10Т 90° 159x6 импорт, размер 159",159,6817,шт,1,0,0,https://www.kavstal.ru/public/assets/images/products/INZHENERNYE_SISTEMY/DETALI_TRUBOPROVODOV_OTVOD/img.webp,трубы;детали трубопроводов - отвод;12х18н10т 90° 159x6 импорт;159;детали;трубопроводов;отвод;12х18н10т;90°;159x6;импорт,12Х18Н10Т 90° 159x6 импорт,159,,шт
Детали трубопроводов,ДЕТАЛИ ТРУБОПРОВОДОВ - ОТВОД,12Х18Н10Т 90° 168x6 импорт,Детали Трубопроводов - Отвод 168 12Х18Н10Т 90° 168x6 импорт,"ДЕТАЛИ ТРУБОПРОВОДОВ - ОТВОД марки 12Х18Н10Т 90° 168x6 импорт, размер 168",168,7159,шт,1,0,0,https://www.kavstal.ru/public/assets/images/products/INZHENERNYE_SISTEMY/DETALI_TRUBOPROVODOV_OTVOD/img.webp,трубы;детали трубопроводов - отвод;12х18н10т 90° 168x6 импорт;168;детали;трубопроводов;отвод;12х18н10т;90°;168x6;импорт,12Х18Н10Т 90° 168x6 импорт,168,,шт
Детали трубопроводов,ДЕТАЛИ ТРУБОПРОВОДОВ - ОТВОД,12Х18Н10Т 90° 219x10 импорт,Детали Трубопроводов - Отвод 219 12Х18Н10Т 90° 219x10 импорт,"ДЕТАЛИ ТРУБОПРОВОДОВ - ОТВОД марки 12Х18Н10Т 90° 219x10 импорт, размер 219",219,28648,шт,1,0,0,https://www.kavstal.ru/public/assets/images/products/INZHENERNYE_SISTEMY/DETALI_TRUBOPROVODOV_OTVOD/img.webp,трубы;детали трубопроводов - отвод;12х18н10т 90° 219x10 импорт;219;детали;трубопроводов;отвод;12х18н10т;90°;219x10;импорт,12Х18Н10Т 90° 219x10 импорт,219,,шт
Детали трубопроводов,ДЕТАЛИ ТРУБОПРОВОДОВ - ОТВОД,12Х18Н10Т 90° 219x6 импорт,Детали Трубопроводов - Отвод 219 12Х18Н10Т 90° 219x6 импорт,"ДЕТАЛИ ТРУБОПРОВОДОВ - ОТВОД марки 12Х18Н10Т 90° 219x6 импорт, размер 219",219,12153,шт,1,0,0,https://www.kavstal.ru/public/assets/images/products/INZHENERNYE_SISTEMY/DETALI_TRUBOPROVODOV_OTVOD/img.webp,трубы;детали трубопроводов - отвод;12х18н10т 90° 219x6 импорт;219;детали;трубопроводов;отвод;12х18н10т;90°;219x6;импорт,12Х18Н10Т 90° 219x6 импорт,219,,шт
Детали трубопроводов,ДЕТАЛИ ТРУБОПРОВОДОВ - ОТВОД,12Х18Н10Т 90° 219x8 импорт,Детали Трубопроводов - Отвод 219 12Х18Н10Т 90° 219x8 импорт,"ДЕТАЛИ ТРУБОПРОВОДОВ - ОТВОД марки 12Х18Н10Т 90° 219x8 импорт, размер 219",219,15643,шт,1,0,0,https://www.kavstal.ru/public/assets/images/products/INZHENERNYE_SISTEMY/DETALI_TRUBOPROVODOV_OTVOD/img.webp,трубы;детали трубопроводов - отвод;12х18н10т 90° 219x8 импорт;219;детали;трубопроводов;отвод;12х18н10т;90°;219x8;импорт,12Х18Н10Т 90° 219x8 импорт,219,,шт
Детали трубопроводов,ДЕТАЛИ ТРУБОПРОВОДОВ - ОТВОД,12Х18Н10Т 90° 26.9x3.2 импорт,Детали Трубопроводов - Отвод 26.9 12Х18Н10Т 90° 26.9x3.2 импорт,"ДЕТАЛИ ТРУБОПРОВОДОВ - ОТВОД марки 12Х18Н10Т 90° 26.9x3.2 импорт, размер 26.9",26.9,248,шт,1,0,0,https://www.kavstal.ru/public/assets/images/products/INZHENERNYE_SISTEMY/DETALI_TRUBOPROVODOV_OTVOD/img.webp,трубы;детали трубопроводов - отвод;12х18н10т 90° 26.9x3.2 импорт;26;9;детали;трубопроводов;отвод;26.9;12х18н10т;90°;26.9x3.2;импорт,12Х18Н10Т 90° 26.9x3.2 импорт,26.9,,шт
Детали трубопроводов,ДЕТАЛИ ТРУБОПРОВОДОВ - ОТВОД,12Х18Н10Т 90° 32x3 импорт,Детали Трубопроводов - Отвод 32 12Х18Н10Т 90° 32x3 импорт,"ДЕТАЛИ ТРУБОПРОВОДОВ - ОТВОД марки 12Х18Н10Т 90° 32x3 импорт, размер 32",32,271,шт,1,0,0,https://www.kavstal.ru/public/assets/images/products/INZHENERNYE_SISTEMY/DETALI_TRUBOPROVODOV_OTVOD/img.webp,трубы;детали трубопроводов - отвод;12х18н10т 90° 32x3 импорт;32;детали;трубопроводов;отвод;12х18н10т;90°;32x3;импорт,12Х18Н10Т 90° 32x3 импорт,32,,шт
Детали трубопроводов,ДЕТАЛИ ТРУБОПРОВОДОВ - ОТВОД,12Х18Н10Т 90° 38x3 импорт,Детали Трубопроводов - Отвод 38 12Х18Н10Т 90° 38x3 импорт,"ДЕТАЛИ ТРУБОПРОВОДОВ - ОТВОД марки 12Х18Н10Т 90° 38x3 импорт, размер 38",38,330,шт,1,0,0,https://www.kavstal.ru/public/assets/images/products/INZHENERNYE_SISTEMY/DETALI_TRUBOPROVODOV_OTVOD/img.webp,трубы;детали трубопроводов - отвод;12х18н10т 90° 38x3 импорт;38;детали;трубопроводов;отвод;12х18н10т;90°;38x3;импорт,12Х18Н10Т 90° 38x3 импорт,38,,шт
Детали трубопроводов,ДЕТАЛИ ТРУБОПРОВОДОВ - ОТВОД,12Х18Н10Т 90° 45x3 импорт,Детали Трубопроводов - Отвод 45 12Х18Н10Т 90° 45x3 импорт,"ДЕТАЛИ ТРУБОПРОВОДОВ - ОТВОД марки 12Х18Н10Т 90° 45x3 импорт, размер 45",45,490,шт,1,0,0,https://www.kavstal.ru/public/assets/images/products/INZHENERNYE_SISTEMY/DETALI_TRUBOPROVODOV_OTVOD/img.webp,трубы;детали трубопроводов - отвод;12х18н10т 90° 45x3 импорт;45;детали;трубопроводов;отвод;12х18н10т;90°;45x3;импорт,12Х18Н10Т 90° 45x3 импорт,45,,шт
Детали трубопроводов,ДЕТАЛИ ТРУБОПРОВОДОВ - ОТВОД,12Х18Н10Т 90° 57x3 импорт,Детали Трубопроводов - Отвод 57 12Х18Н10Т 90° 57x3 импорт,"ДЕТАЛИ ТРУБОПРОВОДОВ - ОТВОД марки 12Х18Н10Т 90° 57x3 импорт, размер 57",57,657,шт,1,0,0,https://www.kavstal.ru/public/assets/images/products/INZHENERNYE_SISTEMY/DETALI_TRUBOPROVODOV_OTVOD/img.webp,трубы;детали трубопроводов - отвод;12х18н10т 90° 57x3 импорт;57;детали;трубопроводов;отвод;12х18н10т;90°;57x3;импорт,12Х18Н10Т 90° 57x3 импорт,57,,шт
Детали трубопроводов,ДЕТАЛИ ТРУБОПРОВОДОВ - ОТВОД,12Х18Н10Т 90° 57x3.5 импорт,Детали Трубопроводов - Отвод 57 12Х18Н10Т 90° 57x3.5 импорт,"ДЕТАЛИ ТРУБОПРОВОДОВ - ОТВОД марки 12Х18Н10Т 90° 57x3.5 импорт, размер 57",57,676,шт,1,0,0,https://www.kavstal.ru/public/assets/images/products/INZHENERNYE_SISTEMY/DETALI_TRUBOPROVODOV_OTVOD/img.webp,трубы;детали трубопроводов - отвод;12х18н10т 90° 57x3.5 импорт;57;детали;трубопроводов;отвод;12х18н10т;90°;57x3.5;импорт,12Х18Н10Т 90° 57x3.5 импорт,57,,шт
Детали трубопроводов,ДЕТАЛИ ТРУБОПРОВОДОВ - ОТВОД,12Х18Н10Т 90° 57x4.5,Детали Трубопроводов - Отвод 57 12Х18Н10Т 90° 57x4.5,"ДЕТАЛИ ТРУБОПРОВОДОВ - ОТВОД марки 12Х18Н10Т 90° 57x4.5, размер 57",57,1010,шт,1,0,0,https://www.kavstal.ru/public/assets/images/products/INZHENERNYE_SISTEMY/DETALI_TRUBOPROVODOV_OTVOD/img.webp,трубы;детали трубопроводов - отвод;12х18н10т 90° 57x4.5;57;детали;трубопроводов;отвод;12х18н10т;90°;57x4.5,12Х18Н10Т 90° 57x4.5,57,,шт
Детали трубопроводов,ДЕТАЛИ ТРУБОПРОВОДОВ - ОТВОД,12Х18Н10Т 90° 57x4.5 импорт,Детали Трубопроводов - Отвод 57 12Х18Н10Т 90° 57x4.5 импорт,"ДЕТАЛИ ТРУБОПРОВОДОВ - ОТВОД марки 12Х18Н10Т 90° 57x4.5 импорт, размер 57",57,694,шт,1,0,0,https://www.kavstal.ru/public/assets/images/products/INZHENERNYE_SISTEMY/DETALI_TRUBOPROVODOV_OTVOD/img.webp,трубы;детали трубопроводов - отвод;12х18н10т 90° 57x4.5 импорт;57;детали;трубопроводов;отвод;12х18н10т;90°;57x4.5;импорт,12Х18Н10Т 90° 57x4.5 импорт,57,,шт
Детали трубопроводов,ДЕТАЛИ ТРУБОПРОВОДОВ - ОТВОД,12Х18Н10Т 90° 57x5 импорт,Детали Трубопроводов - Отвод 57 12Х18Н10Т 90° 57x5 импорт,"ДЕТАЛИ ТРУБОПРОВОДОВ - ОТВОД марки 12Х18Н10Т 90° 57x5 импорт, размер 57",57,774,шт,1,0,0,https://www.kavstal.ru/public/assets/images/products/INZHENERNYE_SISTEMY/DETALI_TRUBOPROVODOV_OTVOD/img.webp,трубы;детали трубопроводов - отвод;12х18н10т 90° 57x5 импорт;57;детали;трубопроводов;отвод;12х18н10т;90°;57x5;импорт,12Х18Н10Т 90° 57x5 импорт,57,,шт
Детали трубопроводов,ДЕТАЛИ ТРУБОПРОВОДОВ - ОТВОД,12Х18Н10Т 90° 76x3 импорт,Детали Трубопроводов - Отвод 76 12Х18Н10Т 90° 76x3 импорт,"ДЕТАЛИ ТРУБОПРОВОДОВ - ОТВОД марки 12Х18Н10Т 90° 76x3 импорт, размер 76",76,865,шт,1,0,0,https://www.kavstal.ru/public/assets/images/products/INZHENERNYE_SISTEMY/DETALI_TRUBOPROVODOV_OTVOD/img.webp,трубы;детали трубопроводов - отвод;12х18н10т 90° 76x3 импорт;76;детали;трубопроводов;отвод;12х18н10т;90°;76x3;импорт,12Х18Н10Т 90° 76x3 импорт,76,,шт
Детали трубопроводов,ДЕТАЛИ ТРУБОПРОВОДОВ - ОТВОД,12Х18Н10Т 90° 76x3.5 импорт,Детали Трубопроводов - Отвод 76 12Х18Н10Т 90° 76x3.5 импорт,"ДЕТАЛИ ТРУБОПРОВОДОВ - ОТВОД марки 12Х18Н10Т 90° 76x3.5 импорт, размер 76",76,1074,шт,1,0,0,https://www.kavstal.ru/public/assets/images/products/INZHENERNYE_SISTEMY/DETALI_TRUBOPROVODOV_OTVOD/img.webp,трубы;детали трубопроводов - отвод;12х18н10т 90° 76x3.5 импорт;76;детали;трубопроводов;отвод;12х18н10т;90°;76x3.5;импорт,12Х18Н10Т 90° 76x3.5 импорт,76,,шт
Детали трубопроводов,ДЕТАЛИ ТРУБОПРОВОДОВ - ОТВОД,12Х18Н10Т 90° 76x4.5 импорт,Детали Трубопроводов - Отвод 76 12Х18Н10Т 90° 76x4.5 импорт,"ДЕТАЛИ ТРУБОПРОВОДОВ - ОТВОД марки 12Х18Н10Т 90° 76x4.5 импорт, размер 76",76,1184,шт,1,0,0,https://www.kavstal.ru/public/assets/images/products/INZHENERNYE_SISTEMY/DETALI_TRUBOPROVODOV_OTVOD/img.webp,трубы;детали трубопроводов - отвод;12х18н10т 90° 76x4.5 импорт;76;детали;трубопроводов;отвод;12х18н10т;90°;76x4.5;импорт,12Х18Н10Т 90° 76x4.5 импорт,76,,шт
Детали трубопроводов,ДЕТАЛИ ТРУБОПРОВОДОВ - ОТВОД,12Х18Н10Т 90° 76x5 импорт,Детали Трубопроводов - Отвод 76 12Х18Н10Т 90° 76x5 импорт,"ДЕТАЛИ ТРУБОПРОВОДОВ - ОТВОД марки 12Х18Н10Т 90° 76x5 импорт, размер 76",76,1454,шт,1,0,0,https://www.kavstal.ru/public/assets/images/products/INZHENERNYE_SISTEMY/DETALI_TRUBOPROVODOV_OTVOD/img.webp,трубы;детали трубопроводов - отвод;12х18н10т 90° 76x5 импорт;76;детали;трубопроводов;отвод;12х18н10т;90°;76x5;импорт,12Х18Н10Т 90° 76x5 импорт,76,,шт
Детали трубопроводов,ДЕТАЛИ ТРУБОПРОВОДОВ - ОТВОД,12Х18Н10Т 90° 89x4 импорт,Детали Трубопроводов - Отвод 89 12Х18Н10Т 90° 89x4 импорт,"ДЕТАЛИ ТРУБОПРОВОДОВ - ОТВОД марки 12Х18Н10Т 90° 89x4 импорт, размер 89",89,1727,шт,1,0,0,https://www.kavstal.ru/public/assets/images/products/INZHENERNYE_SISTEMY/DETALI_TRUBOPROVODOV_OTVOD/img.webp,трубы;детали трубопроводов - отвод;12х18н10т 90° 89x4 импорт;89;детали;трубопроводов;отвод;12х18н10т;90°;89x4;импорт,12Х18Н10Т 90° 89x4 импорт,89,,шт
Детали трубопроводов,ДЕТАЛИ ТРУБОПРОВОДОВ - ОТВОД,12Х18Н10Т 90° 89x4.5 импорт,Детали Трубопроводов - Отвод 89 12Х18Н10Т 90° 89x4.5 импорт,"ДЕТАЛИ ТРУБОПРОВОДОВ - ОТВОД марки 12Х18Н10Т 90° 89x4.5 импорт, размер 89",89,1542,шт,1,0,0,https://www.kavstal.ru/public/assets/images/products/INZHENERNYE_SISTEMY/DETALI_TRUBOPROVODOV_OTVOD/img.webp,трубы;детали трубопроводов - отвод;12х18н10т 90° 89x4.5 импорт;89;детали;трубопроводов;отвод;12х18н10т;90°;89x4.5;импорт,12Х18Н10Т 90° 89x4.5 импорт,89,,шт
Детали трубопроводов,ДЕТАЛИ ТРУБОПРОВОДОВ - ОТВОД,12Х18Н10Т 90° 89x5 импорт,Детали Трубопроводов - Отвод 89 12Х18Н10Т 90° 89x5 импорт,"ДЕТАЛИ ТРУБОПРОВОДОВ - ОТВОД марки 12Х18Н10Т 90° 89x5 импорт, размер 89",89,1755,шт,1,0,0,https://www.kavstal.ru/public/assets/images/products/INZHENERNYE_SISTEMY/DETALI_TRUBOPROVODOV_OTVOD/img.webp,трубы;детали трубопроводов - отвод;12х18н10т 90° 89x5 импорт;89;детали;трубопроводов;отвод;12х18н10т;90°;89x5;импорт,12Х18Н10Т 90° 89x5 импорт,89,,шт
Детали трубопроводов,ДЕТАЛИ ТРУБОПРОВОДОВ - ОТВОД,12Х18Н10Т П90° 108x5,Детали Трубопроводов - Отвод 108 12Х18Н10Т П90° 108x5,"ДЕТАЛИ ТРУБОПРОВОДОВ - ОТВОД марки 12Х18Н10Т П90° 108x5, размер 108",108,3785,шт,1,0,0,https://www.kavstal.ru/public/assets/images/products/INZHENERNYE_SISTEMY/DETALI_TRUBOPROVODOV_OTVOD/img.webp,трубы;детали трубопроводов - отвод;12х18н10т п90° 108x5;108;детали;трубопроводов;отвод;12х18н10т;п90°;108x5,12Х18Н10Т П90° 108x5,108,,шт
Детали трубопроводов,ДЕТАЛИ ТРУБОПРОВОДОВ - ФЛАНЕЦ,12Х18Н10Т 150x25x11,Детали Трубопроводов - Фланец 150 12Х18Н10Т 150x25x11,"ДЕТАЛИ ТРУБОПРОВОДОВ - ФЛАНЕЦ марки 12Х18Н10Т 150x25x11, размер 150",150,16078,шт,1,0,0,https://www.kavstal.ru/public/assets/images/products/INZHENERNYE_SISTEMY/DETALI_TRUBOPROVODOV_FLANETS/img.webp,нержавеющая сталь;детали трубопроводов - фланец;12х18н10т 150x25x11;150;детали;трубопроводов;фланец;12х18н10т;150x25x11,12Х18Н10Т 150x25x11,150,,шт
Детали трубопроводов,ДЕТАЛИ ТРУБОПРОВОДОВ - ОТВОД,12Х18Н10Т 90° 102x4 импорт,Детали Трубопроводов - Отвод 102 12Х18Н10Т 90° 102x4 импорт,"ДЕТАЛИ ТРУБОПРОВОДОВ - ОТВОД марки 12Х18Н10Т 90° 102x4 импорт, размер 102",102,2150,шт,1,0,0,https://www.kavstal.ru/public/assets/images/products/INZHENERNYE_SISTEMY/DETALI_TRUBOPROVODOV_OTVOD/img.webp,нержавеющая сталь;детали трубопроводов - отвод;12х18н10т 90° 102x4 импорт;102;детали;трубопроводов;отвод;12х18н10т;90°;102x4;импорт,12Х18Н10Т 90° 102x4 импорт,102,,шт
Детали трубопроводов,ДЕТАЛИ ТРУБОПРОВОДОВ - ОТВОД,12Х18Н10Т 90° 102x7 импорт,Детали Трубопроводов - Отвод 102 12Х18Н10Т 90° 102x7 импорт,"ДЕТАЛИ ТРУБОПРОВОДОВ - ОТВОД марки 12Х18Н10Т 90° 102x7 импорт, размер 102",102,2174,шт,1,0,0,https://www.kavstal.ru/public/assets/images/products/INZHENERNYE_SISTEMY/DETALI_TRUBOPROVODOV_OTVOD/img.webp,нержавеющая сталь;детали трубопроводов - отвод;12х18н10т 90° 102x7 импорт;102;детали;трубопроводов;отвод;12х18н10т;90°;102x7;импорт,12Х18Н10Т 90° 102x7 импорт,102,,шт
Детали трубопроводов,ДЕТАЛИ ТРУБОПРОВОДОВ - ОТВОД,12Х18Н10Т 90° 108x4 импорт,Детали Трубопроводов - Отвод 108 12Х18Н10Т 90° 108x4 импорт,"ДЕТАЛИ ТРУБОПРОВОДОВ - ОТВОД марки 12Х18Н10Т 90° 108x4 импорт, размер 108",108,2582,шт,1,0,0,https://www.kavstal.ru/public/assets/images/products/INZHENERNYE_SISTEMY/DETALI_TRUBOPROVODOV_OTVOD/img.webp,нержавеющая сталь;детали трубопроводов - отвод;12х18н10т 90° 108x4 импорт;108;детали;трубопроводов;отвод;12х18н10т;90°;108x4;импорт,12Х18Н10Т 90° 108x4 импорт,108,,шт
Детали трубопроводов,ДЕТАЛИ ТРУБОПРОВОДОВ - ОТВОД,12Х18Н10Т 90° 108x4.5 импорт,Детали Трубопроводов - Отвод 108 12Х18Н10Т 90° 108x4.5 импорт,"ДЕТАЛИ ТРУБОПРОВОДОВ - ОТВОД марки 12Х18Н10Т 90° 108x4.5 импорт, размер 108",108,2475,шт,1,0,0,https://www.kavstal.ru/public/assets/images/products/INZHENERNYE_SISTEMY/DETALI_TRUBOPROVODOV_OTVOD/img.webp,нержавеющая сталь;детали трубопроводов - отвод;12х18н10т 90° 108x4.5 импорт;108;детали;трубопроводов;отвод;12х18н10т;90°;108x4.5;импорт,12Х18Н10Т 90° 108x4.5 импорт,108,,шт
Детали трубопроводов,ДЕТАЛИ ТРУБОПРОВОДОВ - ОТВОД,12Х18Н10Т 90° 108x5,Детали Трубопроводов - Отвод 108 12Х18Н10Т 90° 108x5,"ДЕТАЛИ ТРУБОПРОВОДОВ - ОТВОД марки 12Х18Н10Т 90° 108x5, размер 108",108,3785,шт,1,0,0,https://www.kavstal.ru/public/assets/images/products/INZHENERNYE_SISTEMY/DETALI_TRUBOPROVODOV_OTVOD/img.webp,нержавеющая сталь;детали трубопроводов - отвод;12х18н10т 90° 108x5;108;детали;трубопроводов;отвод;12х18н10т;90°;108x5,12Х18Н10Т 90° 108x5,108,,шт
Детали трубопроводов,ДЕТАЛИ ТРУБОПРОВОДОВ - ОТВОД,12Х18Н10Т 90° 108x5 импорт,Детали Трубопроводов - Отвод 108 12Х18Н10Т 90° 108x5 импорт,"ДЕТАЛИ ТРУБОПРОВОДОВ - ОТВОД марки 12Х18Н10Т 90° 108x5 импорт, размер 108",108,2646,шт,1,0,0,https://www.kavstal.ru/public/assets/images/products/INZHENERNYE_SISTEMY/DETALI_TRUBOPROVODOV_OTVOD/img.webp,нержавеющая сталь;детали трубопроводов - отвод;12х18н10т 90° 108x5 импорт;108;детали;трубопроводов;отвод;12х18н10т;90°;108x5;импорт,12Х18Н10Т 90° 108x5 импорт,108,,шт
Детали трубопроводов,ДЕТАЛИ ТРУБОПРОВОДОВ - ОТВОД,12Х18Н10Т 90° 108x6 импорт,Детали Трубопроводов - Отвод 108 12Х18Н10Т 90° 108x6 импорт,"ДЕТАЛИ ТРУБОПРОВОДОВ - ОТВОД марки 12Х18Н10Т 90° 108x6 импорт, размер 108",108,3050,шт,1,0,0,https://www.kavstal.ru/public/assets/images/products/INZHENERNYE_SISTEMY/DETALI_TRUBOPROVODOV_OTVOD/img.webp,нержавеющая сталь;детали трубопроводов - отвод;12х18н10т 90° 108x6 импорт;108;детали;трубопроводов;отвод;12х18н10т;90°;108x6;импорт,12Х18Н10Т 90° 108x6 импорт,108,,шт
Детали трубопроводов,ДЕТАЛИ ТРУБОПРОВОДОВ - ОТВОД,12Х18Н10Т 90° 108x8 импорт,Детали Трубопроводов - Отвод 108 12Х18Н10Т 90° 108x8 импорт,"ДЕТАЛИ ТРУБОПРОВОДОВ - ОТВОД марки 12Х18Н10Т 90° 108x8 импорт, размер 108",108,3857,шт,1,0,0,https://www.kavstal.ru/public/assets/images/products/INZHENERNYE_SISTEMY/DETALI_TRUBOPROVODOV_OTVOD/img.webp,нержавеющая сталь;детали трубопроводов - отвод;12х18н10т 90° 108x8 импорт;108;детали;трубопроводов;отвод;12х18н10т;90°;108x8;импорт,12Х18Н10Т 90° 108x8 импорт,108,,шт
Детали трубопроводов,ДЕТАЛИ ТРУБОПРОВОДОВ - ОТВОД,12Х18Н10Т 90° 133x6 импорт,Детали Трубопроводов - Отвод 133 12Х18Н10Т 90° 133x6 импорт,"ДЕТАЛИ ТРУБОПРОВОДОВ - ОТВОД марки 12Х18Н10Т 90° 133x6 импорт, размер 133",133,7593,шт,1,0,0,https://www.kavstal.ru/public/assets/images/products/INZHENERNYE_SISTEMY/DETALI_TRUBOPROVODOV_OTVOD/img.webp,нержавеющая сталь;детали трубопроводов - отвод;12х18н10т 90° 133x6 импорт;133;детали;трубопроводов;отвод;12х18н10т;90°;133x6;импорт,12Х18Н10Т 90° 133x6 импорт,133,,шт
Детали трубопроводов,ДЕТАЛИ ТРУБОПРОВОДОВ - ОТВОД,12Х18Н10Т 90° 159x4.5 импорт,Детали Трубопроводов - Отвод 159 12Х18Н10Т 90° 159x4.5 импорт,"ДЕТАЛИ ТРУБОПРОВОДОВ - ОТВОД марки 12Х18Н10Т 90° 159x4.5 импорт, размер 159",159,7538,шт,1,0,0,https://www.kavstal.ru/public/assets/images/products/INZHENERNYE_SISTEMY/DETALI_TRUBOPROVODOV_OTVOD/img.webp,нержавеющая сталь;детали трубопроводов - отвод;12х18н10т 90° 159x4.5 импорт;159;детали;трубопроводов;отвод;12х18н10т;90°;159x4.5;импорт,12Х18Н10Т 90° 159x4.5 импорт,159,,шт
Детали трубопроводов,ДЕТАЛИ ТРУБОПРОВОДОВ - ОТВОД,12Х18Н10Т 90° 159x6 импорт,Детали Трубопроводов - Отвод 159 12Х18Н10Т 90° 159x6 импорт,"ДЕТАЛИ ТРУБОПРОВОДОВ - ОТВОД марки 12Х18Н10Т 90° 159x6 импорт, размер 159",159,6817,шт,1,0,0,https://www.kavstal.ru/public/assets/images/products/INZHENERNYE_SISTEMY/DETALI_TRUBOPROVODOV_OTVOD/img.webp,нержавеющая сталь;детали трубопроводов - отвод;12х18н10т 90° 159x6 импорт;159;детали;трубопроводов;отвод;12х18н10т;90°;159x6;импорт,12Х18Н10Т 90° 159x6 импорт,159,,шт
Детали трубопроводов,ДЕТАЛИ ТРУБОПРОВОДОВ - ОТВОД,12Х18Н10Т 90° 159x8 импорт,Детали Трубопроводов - Отвод 159 12Х18Н10Т 90° 159x8 импорт,"ДЕТАЛИ ТРУБОПРОВОДОВ - ОТВОД марки 12Х18Н10Т 90° 159x8 импорт, размер 159",159,10086,шт,1,0,0,https://www.kavstal.ru/public/assets/images/products/INZHENERNYE_SISTEMY/DETALI_TRUBOPROVODOV_OTVOD/img.webp,нержавеющая сталь;детали трубопроводов - отвод;12х18н10т 90° 159x8 импорт;159;детали;трубопроводов;отвод;12х18н10т;90°;159x8;импорт,12Х18Н10Т 90° 159x8 импорт,159,,шт
Детали трубопроводов,ДЕТАЛИ ТРУБОПРОВОДОВ - ОТВОД,12Х18Н10Т 90° 168x6 импорт,Детали Трубопроводов - Отвод 168 12Х18Н10Т 90° 168x6 импорт,"ДЕТАЛИ ТРУБОПРОВОДОВ - ОТВОД марки 12Х18Н10Т 90° 168x6 импорт, размер 168",168,7159,шт,1,0,0,https://www.kavstal.ru/public/assets/images/products/INZHENERNYE_SISTEMY/DETALI_TRUBOPROVODOV_OTVOD/img.webp,нержавеющая сталь;детали трубопроводов - отвод;12х18н10т 90° 168x6 импорт;168;детали;трубопроводов;отвод;12х18н10т;90°;168x6;импорт,12Х18Н10Т 90° 168x6 импорт,168,,шт
Детали трубопроводов,ДЕТАЛИ ТРУБОПРОВОДОВ - ОТВОД,12Х18Н10Т 90° 219x10 импорт,Детали Трубопроводов - Отвод 219 12Х18Н10Т 90° 219x10 импорт,"ДЕТАЛИ ТРУБОПРОВОДОВ - ОТВОД марки 12Х18Н10Т 90° 219x10 импорт, размер 219",219,28648,шт,1,0,0,https://www.kavstal.ru/public/assets/images/products/INZHENERNYE_SISTEMY/DETALI_TRUBOPROVODOV_OTVOD/img.webp,нержавеющая сталь;детали трубопроводов - отвод;12х18н10т 90° 219x10 импорт;219;детали;трубопроводов;отвод;12х18н10т;90°;219x10;импорт,12Х18Н10Т 90° 219x10 импорт,219,,шт
Детали трубопроводов,ДЕТАЛИ ТРУБОПРОВОДОВ - ОТВОД,12Х18Н10Т 90° 219x6 импорт,Детали Трубопроводов - Отвод 219 12Х18Н10Т 90° 219x6 импорт,"ДЕТАЛИ ТРУБОПРОВОДОВ - ОТВОД марки 12Х18Н10Т 90° 219x6 импорт, размер 219",219,12153,шт,1,0,0,https://www.kavstal.ru/public/assets/images/products/INZHENERNYE_SISTEMY/DETALI_TRUBOPROVODOV_OTVOD/img.webp,нержавеющая сталь;детали трубопроводов - отвод;12х18н10т 90° 219x6 импорт;219;детали;трубопроводов;отвод;12х18н10т;90°;219x6;импорт,12Х18Н10Т 90° 219x6 импорт,219,,шт
Детали трубопроводов,ДЕТАЛИ ТРУБОПРОВОДОВ - ОТВОД,12Х18Н10Т 90° 219x8 импорт,Детали Трубопроводов - Отвод 219 12Х18Н10Т 90° 219x8 импорт,"ДЕТАЛИ ТРУБОПРОВОДОВ - ОТВОД марки 12Х18Н10Т 90° 219x8 импорт, размер 219",219,15643,шт,1,0,0,https://www.kavstal.ru/public/assets/images/products/INZHENERNYE_SISTEMY/DETALI_TRUBOPROVODOV_OTVOD/img.webp,нержавеющая сталь;детали трубопроводов - отвод;12х18н10т 90° 219x8 импорт;219;детали;трубопроводов;отвод;12х18н10т;90°;219x8;импорт,12Х18Н10Т 90° 219x8 импорт,219,,шт
Детали трубопроводов,ДЕТАЛИ ТРУБОПРОВОДОВ - ОТВОД,12Х18Н10Т 90° 25x2.5 импорт,Детали Трубопроводов - Отвод 25 12Х18Н10Т 90° 25x2.5 импорт,"ДЕТАЛИ ТРУБОПРОВОДОВ - ОТВОД марки 12Х18Н10Т 90° 25x2.5 импорт, размер 25",25,207,шт,1,0,0,https://www.kavstal.ru/public/assets/images/products/INZHENERNYE_SISTEMY/DETALI_TRUBOPROVODOV_OTVOD/img.webp,нержавеющая сталь;детали трубопроводов - отвод;12х18н10т 90° 25x2.5 импорт;25;детали;трубопроводов;отвод;12х18н10т;90°;25x2.5;импорт,12Х18Н10Т 90° 25x2.5 импорт,25,,шт
Детали трубопроводов,ДЕТАЛИ ТРУБОПРОВОДОВ - ОТВОД,12Х18Н10Т 90° 26.9x3.2 импорт,Детали Трубопроводов - Отвод 26.9 12Х18Н10Т 90° 26.9x3.2 импорт,"ДЕТАЛИ ТРУБОПРОВОДОВ - ОТВОД марки 12Х18Н10Т 90° 26.9x3.2 импорт, размер 26.9",26.9,248,шт,1,0,0,https://www.kavstal.ru/public/assets/images/products/INZHENERNYE_SISTEMY/DETALI_TRUBOPROVODOV_OTVOD/img.webp,нержавеющая сталь;детали трубопроводов - отвод;12х18н10т 90° 26.9x3.2 импорт;26;9;детали;трубопроводов;отвод;26.9;12х18н10т;90°;26.9x3.2;импорт,12Х18Н10Т 90° 26.9x3.2 импорт,26.9,,шт
Детали трубопроводов,ДЕТАЛИ ТРУБОПРОВОДОВ - ОТВОД,12Х18Н10Т 90° 32x3 импорт,Детали Трубопроводов - Отвод 32 12Х18Н10Т 90° 32x3 импорт,"ДЕТАЛИ ТРУБОПРОВОДОВ - ОТВОД марки 12Х18Н10Т 90° 32x3 импорт, размер 32",32,271,шт,1,0,0,https://www.kavstal.ru/public/assets/images/products/INZHENERNYE_SISTEMY/DETALI_TRUBOPROVODOV_OTVOD/img.webp,нержавеющая сталь;детали трубопроводов - отвод;12х18н10т 90° 32x3 импорт;32;детали;трубопроводов;отвод;12х18н10т;90°;32x3;импорт,12Х18Н10Т 90° 32x3 импорт,32,,шт
Детали трубопроводов,ДЕТАЛИ ТРУБОПРОВОДОВ - ОТВОД,12Х18Н10Т 90° 38x3 импорт,Детали Трубопроводов - Отвод 38 12Х18Н10Т 90° 38x3 импорт,"ДЕТАЛИ ТРУБОПРОВОДОВ - ОТВОД марки 12Х18Н10Т 90° 38x3 импорт, размер 38",38,330,шт,1,0,0,https://www.kavstal.ru/public/assets/images/products/INZHENERNYE_SISTEMY/DETALI_TRUBOPROVODOV_OTVOD/img.webp,нержавеющая сталь;детали трубопроводов - отвод;12х18н10т 90° 38x3 импорт;38;детали;трубопроводов;отвод;12х18н10т;90°;38x3;импорт,12Х18Н10Т 90° 38x3 импорт,38,,шт
Детали трубопроводов,ДЕТАЛИ ТРУБОПРОВОДОВ - ОТВОД,12Х18Н10Т 90° 45x3 импорт,Детали Трубопроводов - Отвод 45 12Х18Н10Т 90° 45x3 импорт,"ДЕТАЛИ ТРУБОПРОВОДОВ - ОТВОД марки 12Х18Н10Т 90° 45x3 импорт, размер 45",45,490,шт,1,0,0,https://www.kavstal.ru/public/assets/images/products/INZHENERNYE_SISTEMY/DETALI_TRUBOPROVODOV_OTVOD/img.webp,нержавеющая сталь;детали трубопроводов - отвод;12х18н10т 90° 45x3 импорт;45;детали;трубопроводов;отвод;12х18н10т;90°;45x3;импорт,12Х18Н10Т 90° 45x3 импорт,45,,шт
Детали трубопроводов,ДЕТАЛИ ТРУБОПРОВОДОВ - ОТВОД,12Х18Н10Т 90° 57x3 импорт,Детали Трубопроводов - Отвод 57 12Х18Н10Т 90° 57x3 импорт,"ДЕТАЛИ ТРУБОПРОВОДОВ - ОТВОД марки 12Х18Н10Т 90° 57x3 импорт, размер 57",57,657,шт,1,0,0,https://www.kavstal.ru/public/assets/images/products/INZHENERNYE_SISTEMY/DETALI_TRUBOPROVODOV_OTVOD/img.webp,нержавеющая сталь;детали трубопроводов - отвод;12х18н10т 90° 57x3 импорт;57;детали;трубопроводов;отвод;12х18н10т;90°;57x3;импорт,12Х18Н10Т 90° 57x3 импорт,57,,шт
Детали трубопроводов,ДЕТАЛИ ТРУБОПРОВОДОВ - ОТВОД,12Х18Н10Т 90° 57x3.5 импорт,Детали Трубопроводов - Отвод 57 12Х18Н10Т 90° 57x3.5 импорт,"ДЕТАЛИ ТРУБОПРОВОДОВ - ОТВОД марки 12Х18Н10Т 90° 57x3.5 импорт, размер 57",57,676,шт,1,0,0,https://www.kavstal.ru/public/assets/images/products/INZHENERNYE_SISTEMY/DETALI_TRUBOPROVODOV_OTVOD/img.webp,нержавеющая сталь;детали трубопроводов - отвод;12х18н10т 90° 57x3.5 импорт;57;детали;трубопроводов;отвод;12х18н10т;90°;57x3.5;импорт,12Х18Н10Т 90° 57x3.5 импорт,57,,шт
Детали трубопроводов,ДЕТАЛИ ТРУБОПРОВОДОВ - ОТВОД,12Х18Н10Т 90° 57x4 импорт,Детали Трубопроводов - Отвод 57 12Х18Н10Т 90° 57x4 импорт,"ДЕТАЛИ ТРУБОПРОВОДОВ - ОТВОД марки 12Х18Н10Т 90° 57x4 импорт, размер 57",57,748,шт,1,0,0,https://www.kavstal.ru/public/assets/images/products/INZHENERNYE_SISTEMY/DETALI_TRUBOPROVODOV_OTVOD/img.webp,нержавеющая сталь;детали трубопроводов - отвод;12х18н10т 90° 57x4 импорт;57;детали;трубопроводов;отвод;12х18н10т;90°;57x4;импорт,12Х18Н10Т 90° 57x4 импорт,57,,шт
Детали трубопроводов,ДЕТАЛИ ТРУБОПРОВОДОВ - ОТВОД,12Х18Н10Т 90° 57x4.5,Детали Трубопроводов - Отвод 57 12Х18Н10Т 90° 57x4.5,"ДЕТАЛИ ТРУБОПРОВОДОВ - ОТВОД марки 12Х18Н10Т 90° 57x4.5, размер 57",57,1010,шт,1,0,0,https://www.kavstal.ru/public/assets/images/products/INZHENERNYE_SISTEMY/DETALI_TRUBOPROVODOV_OTVOD/img.webp,нержавеющая сталь;детали трубопроводов - отвод;12х18н10т 90° 57x4.5;57;детали;трубопроводов;отвод;12х18н10т;90°;57x4.5,12Х18Н10Т 90° 57x4.5,57,,шт
Детали трубопроводов,ДЕТАЛИ ТРУБОПРОВОДОВ - ОТВОД,12Х18Н10Т 90° 57x4.5 импорт,Детали Трубопроводов - Отвод 57 12Х18Н10Т 90° 57x4.5 импорт,"ДЕТАЛИ ТРУБОПРОВОДОВ - ОТВОД марки 12Х18Н10Т 90° 57x4.5 импорт, размер 57",57,694,шт,1,0,0,https://www.kavstal.ru/public/assets/images/products/INZHENERNYE_SISTEMY/DETALI_TRUBOPROVODOV_OTVOD/img.webp,нержавеющая сталь;детали трубопроводов - отвод;12х18н10т 90° 57x4.5 импорт;57;детали;трубопроводов;отвод;12х18н10т;90°;57x4.5;импорт,12Х18Н10Т 90° 57x4.5 импорт,57,,шт
Детали трубопроводов,ДЕТАЛИ ТРУБОПРОВОДОВ - ОТВОД,12Х18Н10Т 90° 57x5 импорт,Детали Трубопроводов - Отвод 57 12Х18Н10Т 90° 57x5 импорт,"ДЕТАЛИ ТРУБОПРОВОДОВ - ОТВОД марки 12Х18Н10Т 90° 57x5 импорт, размер 57",57,774,шт,1,0,0,https://www.kavstal.ru/public/assets/images/products/INZHENERNYE_SISTEMY/DETALI_TRUBOPROVODOV_OTVOD/img.webp,нержавеющая сталь;детали трубопроводов - отвод;12х18н10т 90° 57x5 импорт;57;детали;трубопроводов;отвод;12х18н10т;90°;57x5;импорт,12Х18Н10Т 90° 57x5 импорт,57,,шт
Детали трубопроводов,ДЕТАЛИ ТРУБОПРОВОДОВ - ОТВОД,12Х18Н10Т 90° 76x3 импорт,Детали Трубопроводов - Отвод 76 12Х18Н10Т 90° 76x3 импорт,"ДЕТАЛИ ТРУБОПРОВОДОВ - ОТВОД марки 12Х18Н10Т 90° 76x3 импорт, размер 76",76,865,шт,1,0,0,https://www.kavstal.ru/public/assets/images/products/INZHENERNYE_SISTEMY/DETALI_TRUBOPROVODOV_OTVOD/img.webp,нержавеющая сталь;детали трубопроводов - отвод;12х18н10т 90° 76x3 импорт;76;детали;трубопроводов;отвод;12х18н10т;90°;76x3;импорт,12Х18Н10Т 90° 76x3 импорт,76,,шт
Детали трубопроводов,ДЕТАЛИ ТРУБОПРОВОДОВ - ОТВОД,12Х18Н10Т 90° 76x3.5 импорт,Детали Трубопроводов - Отвод 76 12Х18Н10Т 90° 76x3.5 импорт,"ДЕТАЛИ ТРУБОПРОВОДОВ - ОТВОД марки 12Х18Н10Т 90° 76x3.5 импорт, размер 76",76,1074,шт,1,0,0,https://www.kavstal.ru/public/assets/images/products/INZHENERNYE_SISTEMY/DETALI_TRUBOPROVODOV_OTVOD/img.webp,нержавеющая сталь;детали трубопроводов - отвод;12х18н10т 90° 76x3.5 импорт;76;детали;трубопроводов;отвод;12х18н10т;90°;76x3.5;импорт,12Х18Н10Т 90° 76x3.5 импорт,76,,шт
Детали трубопроводов,ДЕТАЛИ ТРУБОПРОВОДОВ - ОТВОД,12Х18Н10Т 90° 76x4 импорт,Детали Трубопроводов - Отвод 76 12Х18Н10Т 90° 76x4 импорт,"ДЕТАЛИ ТРУБОПРОВОДОВ - ОТВОД марки 12Х18Н10Т 90° 76x4 импорт, размер 76",76,1104,шт,1,0,0,https://www.kavstal.ru/public/assets/images/products/INZHENERNYE_SISTEMY/DETALI_TRUBOPROVODOV_OTVOD/img.webp,нержавеющая сталь;детали трубопроводов - отвод;12х18н10т 90° 76x4 импорт;76;детали;трубопроводов;отвод;12х18н10т;90°;76x4;импорт,12Х18Н10Т 90° 76x4 импорт,76,,шт
Детали трубопроводов,ДЕТАЛИ ТРУБОПРОВОДОВ - ОТВОД,12Х18Н10Т 90° 76x4.5 импорт,Детали Трубопроводов - Отвод 76 12Х18Н10Т 90° 76x4.5 импорт,"ДЕТАЛИ ТРУБОПРОВОДОВ - ОТВОД марки 12Х18Н10Т 90° 76x4.5 импорт, размер 76",76,1184,шт,1,0,0,https://www.kavstal.ru/public/assets/images/products/INZHENERNYE_SISTEMY/DETALI_TRUBOPROVODOV_OTVOD/img.webp,нержавеющая сталь;детали трубопроводов - отвод;12х18н10т 90° 76x4.5 импорт;76;детали;трубопроводов;отвод;12х18н10т;90°;76x4.5;импорт,12Х18Н10Т 90° 76x4.5 импорт,76,,шт
Детали трубопроводов,ДЕТАЛИ ТРУБОПРОВОДОВ - ОТВОД,12Х18Н10Т 90° 76x5 импорт,Детали Трубопроводов - Отвод 76 12Х18Н10Т 90° 76x5 импорт,"ДЕТАЛИ ТРУБОПРОВОДОВ - ОТВОД марки 12Х18Н10Т 90° 76x5 импорт, размер 76",76,1454,шт,1,0,0,https://www.kavstal.ru/public/assets/images/products/INZHENERNYE_SISTEMY/DETALI_TRUBOPROVODOV_OTVOD/img.webp,нержавеющая сталь;детали трубопроводов - отвод;12х18н10т 90° 76x5 импорт;76;детали;трубопроводов;отвод;12х18н10т;90°;76x5;импорт,12Х18Н10Т 90° 76x5 импорт,76,,шт
Детали трубопроводов,ДЕТАЛИ ТРУБОПРОВОДОВ - ОТВОД,12Х18Н10Т 90° 89x4 импорт,Детали Трубопроводов - Отвод 89 12Х18Н10Т 90° 89x4 импорт,"ДЕТАЛИ ТРУБОПРОВОДОВ - ОТВОД марки 12Х18Н10Т 90° 89x4 импорт, размер 89",89,1727,шт,1,0,0,https://www.kavstal.ru/public/assets/images/products/INZHENERNYE_SISTEMY/DETALI_TRUBOPROVODOV_OTVOD/img.webp,нержавеющая сталь;детали трубопроводов - отвод;12х18н10т 90° 89x4 импорт;89;детали;трубопроводов;отвод;12х18н10т;90°;89x4;импорт,12Х18Н10Т 90° 89x4 импорт,89,,шт
Детали трубопроводов,ДЕТАЛИ ТРУБОПРОВОДОВ - ОТВОД,12Х18Н10Т 90° 89x4.5 импорт,Детали Трубопроводов - Отвод 89 12Х18Н10Т 90° 89x4.5 импорт,"ДЕТАЛИ ТРУБОПРОВОДОВ - ОТВОД марки 12Х18Н10Т 90° 89x4.5 импорт, размер 89",89,1542,шт,1,0,0,https://www.kavstal.ru/public/assets/images/products/INZHENERNYE_SISTEMY/DETALI_TRUBOPROVODOV_OTVOD/img.webp,нержавеющая сталь;детали трубопроводов - отвод;12х18н10т 90° 89x4.5 импорт;89;детали;трубопроводов;отвод;12х18н10т;90°;89x4.5;импорт,12Х18Н10Т 90° 89x4.5 импорт,89,,шт
Детали трубопроводов,ДЕТАЛИ ТРУБОПРОВОДОВ - ОТВОД,12Х18Н10Т 90° 89x5 импорт,Детали Трубопроводов - Отвод 89 12Х18Н10Т 90° 89x5 импорт,"ДЕТАЛИ ТРУБОПРОВОДОВ - ОТВОД марки 12Х18Н10Т 90° 89x5 импорт, размер 89",89,1755,шт,1,0,0,https://www.kavstal.ru/public/assets/images/products/INZHENERNYE_SISTEMY/DETALI_TRUBOPROVODOV_OTVOD/img.webp,нержавеющая сталь;детали трубопроводов - отвод;12х18н10т 90° 89x5 импорт;89;детали;трубопроводов;отвод;12х18н10т;90°;89x5;импорт,12Х18Н10Т 90° 89x5 импорт,89,,шт
Детали трубопроводов,ДЕТАЛИ ТРУБОПРОВОДОВ - ОТВОД,12Х18Н10Т П90° 108x5,Детали Трубопроводов - Отвод 108 12Х18Н10Т П90° 108x5,"ДЕТАЛИ ТРУБОПРОВОДОВ - ОТВОД марки 12Х18Н10Т П90° 108x5, размер 108",108,3785,шт,1,0,0,https://www.kavstal.ru/public/assets/images/products/INZHENERNYE_SISTEMY/DETALI_TRUBOPROVODOV_OTVOD/img.webp,нержавеющая сталь;детали трубопроводов - отвод;12х18н10т п90° 108x5;108;детали;трубопроводов;отвод;12х18н10т;п90°;108x5,12Х18Н10Т П90° 108x5,108,,шт
Детали трубопроводов,ДЕТАЛИ ТРУБОПРОВОДОВ - ОТВОД,304 90° 33x7,Детали Трубопроводов - Отвод 33 304 90° 33x7,"ДЕТАЛИ ТРУБОПРОВОДОВ - ОТВОД марки 304 90° 33x7, размер 33",33,637,шт,1,0,0,https://www.kavstal.ru/public/assets/images/products/INZHENERNYE_SISTEMY/DETALI_TRUBOPROVODOV_OTVOD/img.webp,нержавеющая сталь;детали трубопроводов - отвод;304 90° 33x7;33;детали;трубопроводов;отвод;304;90°;33x7,304 90° 33x7,33,,шт
Детали трубопроводов,ДЕТАЛИ ТРУБОПРОВОДОВ - ОТВОД,316L 90° 139x7,Детали Трубопроводов - Отвод 139 316l 90° 139x7,"ДЕТАЛИ ТРУБОПРОВОДОВ - ОТВОД марки 316L 90° 139x7, размер 139",139,3453,шт,1,0,0,https://www.kavstal.ru/public/assets/images/products/INZHENERNYE_SISTEMY/DETALI_TRUBOPROVODOV_OTVOD/img.webp,нержавеющая сталь;детали трубопроводов - отвод;316l 90° 139x7;139;детали;трубопроводов;отвод;316l;90°;139x7,316L 90° 139x7,139,,шт
Детали трубопроводов,ДЕТАЛИ ТРУБОПРОВОДОВ - ОТВОД,316L 90° 168x3,Детали Трубопроводов - Отвод 168 316l 90° 168x3,"ДЕТАЛИ ТРУБОПРОВОДОВ - ОТВОД марки 316L 90° 168x3, размер 168",168,4682,шт,1,0,0,https://www.kavstal.ru/public/assets/images/products/INZHENERNYE_SISTEMY/DETALI_TRUBOPROVODOV_OTVOD/img.webp,нержавеющая сталь;детали трубопроводов - отвод;316l 90° 168x3;168;детали;трубопроводов;отвод;316l;90°;168x3,316L 90° 168x3,168,,шт
