категория,подкатегория,марка,название,описание,диаметр,цена,единица,в_наличии,рейтинг,отзывы,фото,ключевые_слова,spec_Марка,spec_Размер,spec_ГОСТ,spec_Единица
Качественные и специальные стали,СТАЛЬ СОРТ КОНСТР КРУГ,Ст3,Круг стальной конструкционный 10 мм Ст3,Круг стальной конструкционный 10 мм Ст3,10,53990,т,1,0,0,https://www.kavstal.ru/public/assets/images/products/Качественные_и_специальные_стали/СТАЛЬ_СОРТ_Х_Т_КАЛИБРОВКА_КРУГ/круг_стальной.webp,листовой прокат;сталь сорт констр круг;ст3;10;круг;стальной;конструкционный;мм,Ст3,10,ГОСТ 2590-2006,т
Качественные и специальные стали,СТАЛЬ СОРТ КОНСТР КРУГ,Ст3,Круг стальной конструкционный 12 мм Ст3,Круг стальной конструкционный 12 мм Ст3,12,49990,т,1,0,0,https://www.kavstal.ru/public/assets/images/products/Качественные_и_специальные_стали/СТАЛЬ_СОРТ_Х_Т_КАЛИБРОВКА_КРУГ/круг_стальной.webp,листовой прокат;сталь сорт констр круг;ст3;12;круг;стальной;конструкционный;мм,Ст3,12,ГОСТ 2590-2006,т
Качественные и специальные стали,СТАЛЬ СОРТ КОНСТР КРУГ,Ст3,Круг стальной конструкционный 14 мм Ст3,Круг стальной конструкционный 14 мм Ст3,14,47990,т,1,0,0,https://www.kavstal.ru/public/assets/images/products/Качественные_и_специальные_стали/СТАЛЬ_СОРТ_Х_Т_КАЛИБРОВКА_КРУГ/круг_стальной.webp,листовой прокат;сталь сорт констр круг;ст3;14;16;18;20;22;24;25;28;30;32;34;36;38;40;42;45;48;круг;стальной;конструкционный;мм,Ст3,14 ; 16; 18; 20; 22; 24; 25; 28; 30; 32; 34; 36; 38; 40; 42; 45; 48,ГОСТ 2590-2006,т
Качественные и специальные стали,СТАЛЬ СОРТ КОНСТР КРУГ,Ст3,Круг стальной конструкционный 50 мм Ст3,Круг стальной конструкционный 50 мм Ст3,50,48990,т,1,0,0,https://www.kavstal.ru/public/assets/images/products/Качественные_и_специальные_стали/СТАЛЬ_СОРТ_Х_Т_КАЛИБРОВКА_КРУГ/круг_стальной.webp,листовой прокат;сталь сорт констр круг;ст3;50;56;60;65;70;75;80;круг;стальной;конструкционный;мм,Ст3,50 ; 56; 60; 65; 70; 75; 80,ГОСТ 2590-2006,т
Качественные и специальные стали,СТАЛЬ СОРТ КОНСТР КРУГ,Ст3,Круг стальной конструкционный 90 мм Ст3,Круг стальной конструкционный 90 мм Ст3,90,51990,т,1,0,0,https://www.kavstal.ru/public/assets/images/products/Качественные_и_специальные_стали/СТАЛЬ_СОРТ_Х_Т_КАЛИБРОВКА_КРУГ/круг_стальной.webp,листовой прокат;сталь сорт констр круг;ст3;90;100;круг;стальной;конструкционный;мм,Ст3,90 ; 100,ГОСТ 2590-2006,т
Качественные и специальные стали,СТАЛЬ СОРТ КОНСТР КРУГ,Ст3,Круг стальной конструкционный 110 мм Ст3,Круг стальной конструкционный 110 мм Ст3,110,54590,т,1,0,0,https://www.kavstal.ru/public/assets/images/products/Качественные_и_специальные_стали/СТАЛЬ_СОРТ_Х_Т_КАЛИБРОВКА_КРУГ/круг_стальной.webp,листовой прокат;сталь сорт констр круг;ст3;110;120;130;140;150;160;180;круг;стальной;конструкционный;мм,Ст3,110 ; 120; 130; 140; 150; 160; 180,ГОСТ 2590-2006,т
Качественные и специальные стали,СТАЛЬ СОРТ КОНСТР КРУГ,Ст3,Круг стальной конструкционный 190 мм Ст3,Круг стальной конструкционный 190 мм Ст3,190,63990,т,1,0,0,https://www.kavstal.ru/public/assets/images/products/Качественные_и_специальные_стали/СТАЛЬ_СОРТ_Х_Т_КАЛИБРОВКА_КРУГ/круг_стальной.webp,листовой прокат;сталь сорт констр круг;ст3;190;200;круг;стальной;конструкционный;мм,Ст3,190 ; 200,ГОСТ 2590-2006,т
Качественные и специальные стали,СТАЛЬ СОРТ КОНСТР КРУГ,Ст3,Круг стальной конструкционный 210 мм Ст3,Круг стальной конструкционный 210 мм Ст3,210,66590,т,1,0,0,https://www.kavstal.ru/public/assets/images/products/Качественные_и_специальные_стали/СТАЛЬ_СОРТ_Х_Т_КАЛИБРОВКА_КРУГ/круг_стальной.webp,листовой прокат;сталь сорт констр круг;ст3;210;220;230;240;250;круг;стальной;конструкционный;мм,Ст3,210 ; 220; 230; 240; 250,ГОСТ 2590-2006,т
Качественные и специальные стали,СТАЛЬ СОРТ КОНСТР КРУГ,Ст3,Круг стальной конструкционный 260 мм Ст3,Круг стальной конструкционный 260 мм Ст3,260,79990,т,1,0,0,https://www.kavstal.ru/public/assets/images/products/Качественные_и_специальные_стали/СТАЛЬ_СОРТ_Х_Т_КАЛИБРОВКА_КРУГ/круг_стальной.webp,листовой прокат;сталь сорт констр круг;ст3;260;270;круг;стальной;конструкционный;мм,Ст3,260 ; 270,ГОСТ 2590-2006,т
Качественные и специальные стали,СТАЛЬ СОРТ КОНСТР КРУГ,Ст3 оцинк,Круг стальной конструкционный 8 мм Ст3 оцинк,Круг стальной конструкционный 8 мм Ст3 оцинк,8,101990,т,1,0,0,https://www.kavstal.ru/public/assets/images/products/Качественные_и_специальные_стали/СТАЛЬ_СОРТ_Х_Т_КАЛИБРОВКА_КРУГ/круг_стальной.webp,листовой прокат;сталь сорт констр круг;ст3 оцинк;8;круг;стальной;конструкционный;мм;ст3;оцинк,Ст3 оцинк,8,ГОСТ 2590-2006,т
Качественные и специальные стали,СТАЛЬ СОРТ КОНСТР КРУГ,Ст3 оцинк,Круг стальной конструкционный 12 мм Ст3 оцинк,Круг стальной конструкционный 12 мм Ст3 оцинк,12,102990,т,1,0,0,https://www.kavstal.ru/public/assets/images/products/Качественные_и_специальные_стали/СТАЛЬ_СОРТ_Х_Т_КАЛИБРОВКА_КРУГ/круг_стальной.webp,листовой прокат;сталь сорт констр круг;ст3 оцинк;12;круг;стальной;конструкционный;мм;ст3;оцинк,Ст3 оцинк,12,ГОСТ 2590-2006,т
Качественные и специальные стали,СТАЛЬ СОРТ КОНСТР КРУГ,Ст3 оцинк,Круг стальной конструкционный 16 мм Ст3 оцинк,Круг стальной конструкционный 16 мм Ст3 оцинк,16,99990,т,1,0,0,https://www.kavstal.ru/public/assets/images/products/Качественные_и_специальные_стали/СТАЛЬ_СОРТ_Х_Т_КАЛИБРОВКА_КРУГ/круг_стальной.webp,листовой прокат;сталь сорт констр круг;ст3 оцинк;16;18;20;круг;стальной;конструкционный;мм;ст3;оцинк,Ст3 оцинк,16 ; 18; 20,ГОСТ 2590-2006,т
Качественные и специальные стали,СТАЛЬ СОРТ КОНСТР КРУГ,Ст3 оцинк К,Круг стальной конструкционный 8 мм Ст3 оцинк К,Круг стальной конструкционный 8 мм Ст3 оцинк К,8,101250,т,1,0,0,https://www.kavstal.ru/public/assets/images/products/Качественные_и_специальные_стали/СТАЛЬ_СОРТ_Х_Т_КАЛИБРОВКА_КРУГ/круг_стальной.webp,листовой прокат;сталь сорт констр круг;ст3 оцинк к;8;12;круг;стальной;конструкционный;мм;ст3;оцинк,Ст3 оцинк К,8 ; 12,ГОСТ 2590-2006,т
Качественные и специальные стали,СТАЛЬ СОРТ КОНСТР КРУГ,Ст3 оцинк оцинк,Круг стальной конструкционный 10 мм Ст3 оцинк оцинк,Круг стальной конструкционный 10 мм Ст3 оцинк оцинк,10,104990,т,1,0,0,https://www.kavstal.ru/public/assets/images/products/Качественные_и_специальные_стали/СТАЛЬ_СОРТ_Х_Т_КАЛИБРОВКА_КРУГ/круг_стальной.webp,листовой прокат;сталь сорт констр круг;ст3 оцинк оцинк;10;круг;стальной;конструкционный;мм;ст3;оцинк,Ст3 оцинк оцинк,10,ГОСТ 2590-2006,т
Качественные и специальные стали,СТАЛЬ СОРТ КОНСТР КРУГ,09Г2С,Круг стальной конструкционный 16 мм 09Г2С,Круг стальной конструкционный 16 мм 09Г2С,16,51990,т,1,0,0,https://www.kavstal.ru/public/assets/images/products/Качественные_и_специальные_стали/СТАЛЬ_СОРТ_Х_Т_КАЛИБРОВКА_КРУГ/круг_стальной.webp,листовой прокат;сталь сорт констр круг;09г2с;16;20;22;24;25;28;30;32;36;45;48;50;56;65;75;80;круг;стальной;конструкционный;мм,09Г2С,16 ; 20; 22; 24; 25; 28; 30; 32; 36; 45; 48; 50; 56; 65; 75; 80,ГОСТ 2590-2006,т
Качественные и специальные стали,СТАЛЬ СОРТ КОНСТР КРУГ,09Г2С,Круг стальной конструкционный 85 мм 09Г2С,Круг стальной конструкционный 85 мм 09Г2С,85,54990,т,1,0,0,https://www.kavstal.ru/public/assets/images/products/Качественные_и_специальные_стали/СТАЛЬ_СОРТ_Х_Т_КАЛИБРОВКА_КРУГ/круг_стальной.webp,листовой прокат;сталь сорт констр круг;09г2с;85;90;100;круг;стальной;конструкционный;мм,09Г2С,85 ; 90; 100,ГОСТ 2590-2006,т
Качественные и специальные стали,СТАЛЬ СОРТ КОНСТР КРУГ,09Г2С,Круг стальной конструкционный 105 мм 09Г2С,Круг стальной конструкционный 105 мм 09Г2С,105,58590,т,1,0,0,https://www.kavstal.ru/public/assets/images/products/Качественные_и_специальные_стали/СТАЛЬ_СОРТ_Х_Т_КАЛИБРОВКА_КРУГ/круг_стальной.webp,листовой прокат;сталь сорт констр круг;09г2с;105;110;120;130;150;160;круг;стальной;конструкционный;мм,09Г2С,105 ; 110; 120; 130; 150; 160,ГОСТ 2590-2006,т
Качественные и специальные стали,СТАЛЬ СОРТ КОНСТР КРУГ,09Г2С,Круг стальной конструкционный 170 мм 09Г2С,Круг стальной конструкционный 170 мм 09Г2С,170,64590,т,1,0,0,https://www.kavstal.ru/public/assets/images/products/Качественные_и_специальные_стали/СТАЛЬ_СОРТ_Х_Т_КАЛИБРОВКА_КРУГ/круг_стальной.webp,листовой прокат;сталь сорт констр круг;09г2с;170;180;круг;стальной;конструкционный;мм,09Г2С,170 ; 180,ГОСТ 2590-2006,т
Качественные и специальные стали,СТАЛЬ СОРТ КОНСТР КРУГ,09Г2С,Круг стальной конструкционный 190 мм 09Г2С,Круг стальной конструкционный 190 мм 09Г2С,190,67990,т,1,0,0,https://www.kavstal.ru/public/assets/images/products/Качественные_и_специальные_стали/СТАЛЬ_СОРТ_Х_Т_КАЛИБРОВКА_КРУГ/круг_стальной.webp,листовой прокат;сталь сорт констр круг;09г2с;190;200;круг;стальной;конструкционный;мм,09Г2С,190 ; 200,ГОСТ 2590-2006,т
Качественные и специальные стали,СТАЛЬ СОРТ КОНСТР КРУГ,09Г2С,Круг стальной конструкционный 210 мм 09Г2С,Круг стальной конструкционный 210 мм 09Г2С,210,74990,т,1,0,0,https://www.kavstal.ru/public/assets/images/products/Качественные_и_специальные_стали/СТАЛЬ_СОРТ_Х_Т_КАЛИБРОВКА_КРУГ/круг_стальной.webp,листовой прокат;сталь сорт констр круг;09г2с;210;220;круг;стальной;конструкционный;мм,09Г2С,210 ; 220,ГОСТ 2590-2006,т
Качественные и специальные стали,СТАЛЬ СОРТ КОНСТР КРУГ,09Г2С,Круг стальной конструкционный 240 мм 09Г2С,Круг стальной конструкционный 240 мм 09Г2С,240,78990,т,1,0,0,https://www.kavstal.ru/public/assets/images/products/Качественные_и_специальные_стали/СТАЛЬ_СОРТ_Х_Т_КАЛИБРОВКА_КРУГ/круг_стальной.webp,листовой прокат;сталь сорт констр круг;09г2с;240;250;круг;стальной;конструкционный;мм,09Г2С,240 ; 250,ГОСТ 2590-2006,т
Качественные и специальные стали,СТАЛЬ СОРТ КОНСТР КРУГ,09Г2С,Круг стальной конструкционный 260 мм 09Г2С,Круг стальной конструкционный 260 мм 09Г2С,260,87990,т,1,0,0,https://www.kavstal.ru/public/assets/images/products/Качественные_и_специальные_стали/СТАЛЬ_СОРТ_Х_Т_КАЛИБРОВКА_КРУГ/круг_стальной.webp,листовой прокат;сталь сорт констр круг;09г2с;260;круг;стальной;конструкционный;мм,09Г2С,260,ГОСТ 2590-2006,т
Качественные и специальные стали,СТАЛЬ СОРТ КОНСТР КРУГ,09Г2С,Круг стальной конструкционный 270 мм 09Г2С,Круг стальной конструкционный 270 мм 09Г2С,270,88990,т,1,0,0,https://www.kavstal.ru/public/assets/images/products/Качественные_и_специальные_стали/СТАЛЬ_СОРТ_Х_Т_КАЛИБРОВКА_КРУГ/круг_стальной.webp,листовой прокат;сталь сорт констр круг;09г2с;270;круг;стальной;конструкционный;мм,09Г2С,270,ГОСТ 2590-2006,т
Качественные и специальные стали,СТАЛЬ СОРТ КОНСТР КРУГ,09Г2С,Круг стальной конструкционный 280 мм 09Г2С,Круг стальной конструкционный 280 мм 09Г2С,280,94990,т,1,0,0,https://www.kavstal.ru/public/assets/images/products/Качественные_и_специальные_стали/СТАЛЬ_СОРТ_Х_Т_КАЛИБРОВКА_КРУГ/круг_стальной.webp,листовой прокат;сталь сорт констр круг;09г2с;280;290;круг;стальной;конструкционный;мм,09Г2С,280 ; 290,ГОСТ 2590-2006,т
Качественные и специальные стали,СТАЛЬ СОРТ КОНСТР КРУГ,18ХГТ,Круг стальной конструкционный 30 мм 18ХГТ,Круг стальной конструкционный 30 мм 18ХГТ,30,56990,т,1,0,0,https://www.kavstal.ru/public/assets/images/products/Качественные_и_специальные_стали/СТАЛЬ_СОРТ_Х_Т_КАЛИБРОВКА_КРУГ/круг_стальной.webp,листовой прокат;сталь сорт констр круг;18хгт;30;36;40;42;50;60;70;80;круг;стальной;конструкционный;мм,18ХГТ,30 ; 36; 40; 42; 50; 60; 70; 80,ГОСТ 2590-2006,т
Качественные и специальные стали,СТАЛЬ СОРТ КОНСТР КРУГ,18ХГТ,Круг стальной конструкционный 100 мм 18ХГТ,Круг стальной конструкционный 100 мм 18ХГТ,100,59990,т,1,0,0,https://www.kavstal.ru/public/assets/images/products/Качественные_и_специальные_стали/СТАЛЬ_СОРТ_Х_Т_КАЛИБРОВКА_КРУГ/круг_стальной.webp,листовой прокат;сталь сорт констр круг;18хгт;100;круг;стальной;конструкционный;мм,18ХГТ,100,ГОСТ 2590-2006,т
Качественные и специальные стали,СТАЛЬ СОРТ КОНСТР КРУГ,18ХГТ,Круг стальной конструкционный 110 мм 18ХГТ,Круг стальной конструкционный 110 мм 18ХГТ,110,63490,т,1,0,0,https://www.kavstal.ru/public/assets/images/products/Качественные_и_специальные_стали/СТАЛЬ_СОРТ_Х_Т_КАЛИБРОВКА_КРУГ/круг_стальной.webp,листовой прокат;сталь сорт констр круг;18хгт;110;130;140;150;160;круг;стальной;конструкционный;мм,18ХГТ,110 ; 130; 140; 150; 160,ГОСТ 2590-2006,т
Качественные и специальные стали,СТАЛЬ СОРТ КОНСТР КРУГ,18ХГТ,Круг стальной конструкционный 200 мм 18ХГТ,Круг стальной конструкционный 200 мм 18ХГТ,200,75990,т,1,0,0,https://www.kavstal.ru/public/assets/images/products/Качественные_и_специальные_стали/СТАЛЬ_СОРТ_Х_Т_КАЛИБРОВКА_КРУГ/круг_стальной.webp,листовой прокат;сталь сорт констр круг;18хгт;200;круг;стальной;конструкционный;мм,18ХГТ,200,ГОСТ 2590-2006,т
Качественные и специальные стали,СТАЛЬ СОРТ КОНСТР КРУГ,18ХГТ,Круг стальной конструкционный 210 мм 18ХГТ,Круг стальной конструкционный 210 мм 18ХГТ,210,86990,т,1,0,0,https://www.kavstal.ru/public/assets/images/products/Качественные_и_специальные_стали/СТАЛЬ_СОРТ_Х_Т_КАЛИБРОВКА_КРУГ/круг_стальной.webp,листовой прокат;сталь сорт констр круг;18хгт;210;220;230;240;250;круг;стальной;конструкционный;мм,18ХГТ,210 ; 220; 230; 240; 250,ГОСТ 2590-2006,т
Качественные и специальные стали,СТАЛЬ СОРТ КОНСТР КРУГ,18ХГТ,Круг стальной конструкционный 270 мм 18ХГТ,Круг стальной конструкционный 270 мм 18ХГТ,270,99990,т,1,0,0,https://www.kavstal.ru/public/assets/images/products/Качественные_и_специальные_стали/СТАЛЬ_СОРТ_Х_Т_КАЛИБРОВКА_КРУГ/круг_стальной.webp,листовой прокат;сталь сорт констр круг;18хгт;270;280;290;круг;стальной;конструкционный;мм,18ХГТ,270 ; 280; 290,ГОСТ 2590-2006,т
Качественные и специальные стали,СТАЛЬ СОРТ КОНСТР КРУГ,18ХГТ,Круг стальной конструкционный 300 мм 18ХГТ,Круг стальной конструкционный 300 мм 18ХГТ,300,119990,т,1,0,0,https://www.kavstal.ru/public/assets/images/products/Качественные_и_специальные_стали/СТАЛЬ_СОРТ_Х_Т_КАЛИБРОВКА_КРУГ/круг_стальной.webp,листовой прокат;сталь сорт констр круг;18хгт;300;круг;стальной;конструкционный;мм,18ХГТ,300,ГОСТ 2590-2006,т
Качественные и специальные стали,СТАЛЬ СОРТ КОНСТР КРУГ,20Х,Круг стальной конструкционный 20 мм 20Х,Круг стальной конструкционный 20 мм 20Х,20,53990,т,1,0,0,https://www.kavstal.ru/public/assets/images/products/Качественные_и_специальные_стали/СТАЛЬ_СОРТ_Х_Т_КАЛИБРОВКА_КРУГ/круг_стальной.webp,листовой прокат;сталь сорт констр круг;20х;20;25;30;34;36;40;50;56;60;65;70;75;80;круг;стальной;конструкционный;мм,20Х,20 ; 25; 30; 34; 36; 40; 50; 56; 60; 65; 70; 75; 80,ГОСТ 2590-2006,т
Качественные и специальные стали,СТАЛЬ СОРТ КОНСТР КРУГ,20Х,Круг стальной конструкционный 90 мм 20Х,Круг стальной конструкционный 90 мм 20Х,90,58990,т,1,0,0,https://www.kavstal.ru/public/assets/images/products/Качественные_и_специальные_стали/СТАЛЬ_СОРТ_Х_Т_КАЛИБРОВКА_КРУГ/круг_стальной.webp,листовой прокат;сталь сорт констр круг;20х;90;100;110;120;130;140;150;160;170;180;круг;стальной;конструкционный;мм,20Х,90 ; 100; 110; 120; 130; 140; 150; 160; 170; 180,ГОСТ 2590-2006,т
Качественные и специальные стали,СТАЛЬ СОРТ КОНСТР КРУГ,20Х,Круг стальной конструкционный 210 мм 20Х,Круг стальной конструкционный 210 мм 20Х,210,73990,т,1,0,0,https://www.kavstal.ru/public/assets/images/products/Качественные_и_специальные_стали/СТАЛЬ_СОРТ_Х_Т_КАЛИБРОВКА_КРУГ/круг_стальной.webp,листовой прокат;сталь сорт констр круг;20х;210;220;круг;стальной;конструкционный;мм,20Х,210 ; 220,ГОСТ 2590-2006,т
Качественные и специальные стали,СТАЛЬ СОРТ КОНСТР КРУГ,20Х,Круг стальной конструкционный 250 мм 20Х,Круг стальной конструкционный 250 мм 20Х,250,79990,т,1,0,0,https://www.kavstal.ru/public/assets/images/products/Качественные_и_специальные_стали/СТАЛЬ_СОРТ_Х_Т_КАЛИБРОВКА_КРУГ/круг_стальной.webp,листовой прокат;сталь сорт констр круг;20х;250;круг;стальной;конструкционный;мм,20Х,250,ГОСТ 2590-2006,т
Качественные и специальные стали,СТАЛЬ СОРТ КОНСТР КРУГ,20Х,Круг стальной конструкционный 260 мм 20Х,Круг стальной конструкционный 260 мм 20Х,260,94990,т,1,0,0,https://www.kavstal.ru/public/assets/images/products/Качественные_и_специальные_стали/СТАЛЬ_СОРТ_Х_Т_КАЛИБРОВКА_КРУГ/круг_стальной.webp,листовой прокат;сталь сорт констр круг;20х;260;270;280;круг;стальной;конструкционный;мм,20Х,260 ; 270; 280,ГОСТ 2590-2006,т
Качественные и специальные стали,СТАЛЬ СОРТ КОНСТР КРУГ,30ХГСА,Круг стальной конструкционный 16 мм 30ХГСА,Круг стальной конструкционный 16 мм 30ХГСА,16,56990,т,1,0,0,https://www.kavstal.ru/public/assets/images/products/Качественные_и_специальные_стали/СТАЛЬ_СОРТ_Х_Т_КАЛИБРОВКА_КРУГ/круг_стальной.webp,листовой прокат;сталь сорт констр круг;30хгса;16;20;25;30;36;40;45;50;56;60;65;70;75;80;круг;стальной;конструкционный;мм,30ХГСА,16 ; 20; 25; 30; 36; 40; 45; 50; 56; 60; 65; 70; 75; 80,ГОСТ 2590-2006,т
Качественные и специальные стали,СТАЛЬ СОРТ КОНСТР КРУГ,30ХГСА,Круг стальной конструкционный 90 мм 30ХГСА,Круг стальной конструкционный 90 мм 30ХГСА,90,59990,т,1,0,0,https://www.kavstal.ru/public/assets/images/products/Качественные_и_специальные_стали/СТАЛЬ_СОРТ_Х_Т_КАЛИБРОВКА_КРУГ/круг_стальной.webp,листовой прокат;сталь сорт констр круг;30хгса;90;95;100;круг;стальной;конструкционный;мм,30ХГСА,90 ; 95; 100,ГОСТ 2590-2006,т
Качественные и специальные стали,СТАЛЬ СОРТ КОНСТР КРУГ,30ХГСА,Круг стальной конструкционный 110 мм 30ХГСА,Круг стальной конструкционный 110 мм 30ХГСА,110,63990,т,1,0,0,https://www.kavstal.ru/public/assets/images/products/Качественные_и_специальные_стали/СТАЛЬ_СОРТ_Х_Т_КАЛИБРОВКА_КРУГ/круг_стальной.webp,листовой прокат;сталь сорт констр круг;30хгса;110;120;130;140;150;160;круг;стальной;конструкционный;мм,30ХГСА,110 ; 120; 130; 140; 150; 160,ГОСТ 2590-2006,т
Качественные и специальные стали,СТАЛЬ СОРТ КОНСТР КРУГ,30ХГСА,Круг стальной конструкционный 170 мм 30ХГСА,Круг стальной конструкционный 170 мм 30ХГСА,170,70990,т,1,0,0,https://www.kavstal.ru/public/assets/images/products/Качественные_и_специальные_стали/СТАЛЬ_СОРТ_Х_Т_КАЛИБРОВКА_КРУГ/круг_стальной.webp,листовой прокат;сталь сорт констр круг;30хгса;170;180;круг;стальной;конструкционный;мм,30ХГСА,170 ; 180,ГОСТ 2590-2006,т
Качественные и специальные стали,СТАЛЬ СОРТ КОНСТР КРУГ,30ХГСА,Круг стальной конструкционный 220 мм 30ХГСА,Круг стальной конструкционный 220 мм 30ХГСА,220,86990,т,1,0,0,https://www.kavstal.ru/public/assets/images/products/Качественные_и_специальные_стали/СТАЛЬ_СОРТ_Х_Т_КАЛИБРОВКА_КРУГ/круг_стальной.webp,листовой прокат;сталь сорт констр круг;30хгса;220;230;250;круг;стальной;конструкционный;мм,30ХГСА,220 ; 230; 250,ГОСТ 2590-2006,т
Качественные и специальные стали,СТАЛЬ СОРТ КОНСТР КРУГ,30ХГСА,Круг стальной конструкционный 260 мм 30ХГСА,Круг стальной конструкционный 260 мм 30ХГСА,260,92990,т,1,0,0,https://www.kavstal.ru/public/assets/images/products/Качественные_и_специальные_стали/СТАЛЬ_СОРТ_Х_Т_КАЛИБРОВКА_КРУГ/круг_стальной.webp,листовой прокат;сталь сорт констр круг;30хгса;260;круг;стальной;конструкционный;мм,30ХГСА,260,ГОСТ 2590-2006,т
Качественные и специальные стали,СТАЛЬ СОРТ КОНСТР КРУГ,30ХГСА,Круг стальной конструкционный 280 мм 30ХГСА,Круг стальной конструкционный 280 мм 30ХГСА,280,99990,т,1,0,0,https://www.kavstal.ru/public/assets/images/products/Качественные_и_специальные_стали/СТАЛЬ_СОРТ_Х_Т_КАЛИБРОВКА_КРУГ/круг_стальной.webp,листовой прокат;сталь сорт констр круг;30хгса;280;круг;стальной;конструкционный;мм,30ХГСА,280,ГОСТ 2590-2006,т
Качественные и специальные стали,СТАЛЬ СОРТ КОНСТР КРУГ,38Х2МЮА,Круг стальной конструкционный 60 мм 38Х2МЮА,Круг стальной конструкционный 60 мм 38Х2МЮА,60,115990,т,1,0,0,https://www.kavstal.ru/public/assets/images/products/Качественные_и_специальные_стали/СТАЛЬ_СОРТ_Х_Т_КАЛИБРОВКА_КРУГ/круг_стальной.webp,листовой прокат;сталь сорт констр круг;38х2мюа;60;70;80;90;100;круг;стальной;конструкционный;мм,38Х2МЮА,60 ; 70; 80; 90; 100,ГОСТ 2590-2006,т
Качественные и специальные стали,СТАЛЬ СОРТ КОНСТР КРУГ,38Х2МЮА,Круг стальной конструкционный 110 мм 38Х2МЮА,Круг стальной конструкционный 110 мм 38Х2МЮА,110,119990,т,1,0,0,https://www.kavstal.ru/public/assets/images/products/Качественные_и_специальные_стали/СТАЛЬ_СОРТ_Х_Т_КАЛИБРОВКА_КРУГ/круг_стальной.webp,листовой прокат;сталь сорт констр круг;38х2мюа;110;120;круг;стальной;конструкционный;мм,38Х2МЮА,110 ; 120,ГОСТ 2590-2006,т
Качественные и специальные стали,СТАЛЬ СОРТ КОНСТР КРУГ,38Х2МЮА,Круг стальной конструкционный 140 мм 38Х2МЮА,Круг стальной конструкционный 140 мм 38Х2МЮА,140,121990,т,1,0,0,https://www.kavstal.ru/public/assets/images/products/Качественные_и_специальные_стали/СТАЛЬ_СОРТ_Х_Т_КАЛИБРОВКА_КРУГ/круг_стальной.webp,листовой прокат;сталь сорт констр круг;38х2мюа;140;150;160;170;180;круг;стальной;конструкционный;мм,38Х2МЮА,140 ; 150; 160; 170; 180,ГОСТ 2590-2006,т
Качественные и специальные стали,СТАЛЬ СОРТ КОНСТР КРУГ,38Х2МЮА,Круг стальной конструкционный 190 мм 38Х2МЮА,Круг стальной конструкционный 190 мм 38Х2МЮА,190,124990,т,1,0,0,https://www.kavstal.ru/public/assets/images/products/Качественные_и_специальные_стали/СТАЛЬ_СОРТ_Х_Т_КАЛИБРОВКА_КРУГ/круг_стальной.webp,листовой прокат;сталь сорт констр круг;38х2мюа;190;200;210;220;круг;стальной;конструкционный;мм,38Х2МЮА,190 ; 200; 210; 220,ГОСТ 2590-2006,т
Качественные и специальные стали,СТАЛЬ СОРТ КОНСТР КРУГ,38Х2МЮА,Круг стальной конструкционный 250 мм 38Х2МЮА,Круг стальной конструкционный 250 мм 38Х2МЮА,250,129990,т,1,0,0,https://www.kavstal.ru/public/assets/images/products/Качественные_и_специальные_стали/СТАЛЬ_СОРТ_Х_Т_КАЛИБРОВКА_КРУГ/круг_стальной.webp,листовой прокат;сталь сорт констр круг;38х2мюа;250;круг;стальной;конструкционный;мм,38Х2МЮА,250,ГОСТ 2590-2006,т
Качественные и специальные стали,СТАЛЬ СОРТ КОНСТР КРУГ,40Х,Круг стальной конструкционный 12 мм 40Х,Круг стальной конструкционный 12 мм 40Х,12,59990,т,1,0,0,https://www.kavstal.ru/public/assets/images/products/Качественные_и_специальные_стали/СТАЛЬ_СОРТ_Х_Т_КАЛИБРОВКА_КРУГ/круг_стальной.webp,листовой прокат;сталь сорт констр круг;40х;12;круг;стальной;конструкционный;мм,40Х,12,ГОСТ 2590-2006,т
Качественные и специальные стали,СТАЛЬ СОРТ КОНСТР КРУГ,40Х,Круг стальной конструкционный 14 мм 40Х,Круг стальной конструкционный 14 мм 40Х,14,51990,т,1,0,0,https://www.kavstal.ru/public/assets/images/products/Качественные_и_специальные_стали/СТАЛЬ_СОРТ_Х_Т_КАЛИБРОВКА_КРУГ/круг_стальной.webp,листовой прокат;сталь сорт констр круг;40х;14;16;18;20;22;24;26;30;32;34;35;36;38;40;42;45;48;50;52;60;65;70;75;80;круг;стальной;конструкционный;мм,40Х,14 ; 16; 18; 20; 22; 24; 26; 30; 32; 34; 35; 36; 38; 40; 42; 45; 48; 50; 52; 60; 65; 70; 75; 80,ГОСТ 2590-2006,т
Качественные и специальные стали,СТАЛЬ СОРТ КОНСТР КРУГ,40Х,Круг стальной конструкционный 85 мм 40Х,Круг стальной конструкционный 85 мм 40Х,85,54990,т,1,0,0,https://www.kavstal.ru/public/assets/images/products/Качественные_и_специальные_стали/СТАЛЬ_СОРТ_Х_Т_КАЛИБРОВКА_КРУГ/круг_стальной.webp,листовой прокат;сталь сорт констр круг;40х;85;90;95;100;круг;стальной;конструкционный;мм,40Х,85 ; 90; 95; 100,ГОСТ 2590-2006,т
Качественные и специальные стали,СТАЛЬ СОРТ КОНСТР КРУГ,40Х,Круг стальной конструкционный 120 мм 40Х,Круг стальной конструкционный 120 мм 40Х,120,57990,т,1,0,0,https://www.kavstal.ru/public/assets/images/products/Качественные_и_специальные_стали/СТАЛЬ_СОРТ_Х_Т_КАЛИБРОВКА_КРУГ/круг_стальной.webp,листовой прокат;сталь сорт констр круг;40х;120;130;140;160;170;180;круг;стальной;конструкционный;мм,40Х,120 ; 130; 140; 160; 170; 180,ГОСТ 2590-2006,т
Качественные и специальные стали,СТАЛЬ СОРТ КОНСТР КРУГ,40Х,Круг стальной конструкционный 200 мм 40Х,Круг стальной конструкционный 200 мм 40Х,200,69990,т,1,0,0,https://www.kavstal.ru/public/assets/images/products/Качественные_и_специальные_стали/СТАЛЬ_СОРТ_Х_Т_КАЛИБРОВКА_КРУГ/круг_стальной.webp,листовой прокат;сталь сорт констр круг;40х;200;круг;стальной;конструкционный;мм,40Х,200,ГОСТ 2590-2006,т
Качественные и специальные стали,СТАЛЬ СОРТ КОНСТР КРУГ,40Х,Круг стальной конструкционный 220 мм 40Х,Круг стальной конструкционный 220 мм 40Х,220,72990,т,1,0,0,https://www.kavstal.ru/public/assets/images/products/Качественные_и_специальные_стали/СТАЛЬ_СОРТ_Х_Т_КАЛИБРОВКА_КРУГ/круг_стальной.webp,листовой прокат;сталь сорт констр круг;40х;220;круг;стальной;конструкционный;мм,40Х,220,ГОСТ 2590-2006,т
Качественные и специальные стали,СТАЛЬ СОРТ КОНСТР КРУГ,40Х,Круг стальной конструкционный 250 мм 40Х,Круг стальной конструкционный 250 мм 40Х,250,78990,т,1,0,0,https://www.kavstal.ru/public/assets/images/products/Качественные_и_специальные_стали/СТАЛЬ_СОРТ_Х_Т_КАЛИБРОВКА_КРУГ/круг_стальной.webp,листовой прокат;сталь сорт констр круг;40х;250;круг;стальной;конструкционный;мм,40Х,250,ГОСТ 2590-2006,т
Качественные и специальные стали,СТАЛЬ СОРТ КОНСТР КРУГ,40Х,Круг стальной конструкционный 260 мм 40Х,Круг стальной конструкционный 260 мм 40Х,260,89990,т,1,0,0,https://www.kavstal.ru/public/assets/images/products/Качественные_и_специальные_стали/СТАЛЬ_СОРТ_Х_Т_КАЛИБРОВКА_КРУГ/круг_стальной.webp,листовой прокат;сталь сорт констр круг;40х;260;круг;стальной;конструкционный;мм,40Х,260,ГОСТ 2590-2006,т
Качественные и специальные стали,СТАЛЬ СОРТ КОНСТР КРУГ,40Х,Круг стальной конструкционный 280 мм 40Х,Круг стальной конструкционный 280 мм 40Х,280,94990,т,1,0,0,https://www.kavstal.ru/public/assets/images/products/Качественные_и_специальные_стали/СТАЛЬ_СОРТ_Х_Т_КАЛИБРОВКА_КРУГ/круг_стальной.webp,листовой прокат;сталь сорт констр круг;40х;280;290;круг;стальной;конструкционный;мм,40Х,280 ; 290,ГОСТ 2590-2006,т
Качественные и специальные стали,СТАЛЬ СОРТ КОНСТР КРУГ,Ст20,Круг стальной конструкционный 10 мм Ст20,Круг стальной конструкционный 10 мм Ст20,10,55990,т,1,0,0,https://www.kavstal.ru/public/assets/images/products/Качественные_и_специальные_стали/СТАЛЬ_СОРТ_Х_Т_КАЛИБРОВКА_КРУГ/круг_стальной.webp,листовой прокат;сталь сорт констр круг;ст20;10;12;круг;стальной;конструкционный;мм,Ст20,10 ; 12,ГОСТ 2590-2006,т
Качественные и специальные стали,СТАЛЬ СОРТ КОНСТР КРУГ,Ст20,Круг стальной конструкционный 14 мм Ст20,Круг стальной конструкционный 14 мм Ст20,14,48990,т,1,0,0,https://www.kavstal.ru/public/assets/images/products/Качественные_и_специальные_стали/СТАЛЬ_СОРТ_Х_Т_КАЛИБРОВКА_КРУГ/круг_стальной.webp,листовой прокат;сталь сорт констр круг;ст20;14;16;18;20;22;24;25;26;28;30;32;34;36;38;40;42;45;48;50;52;56;60;65;70;75;80;круг;стальной;конструкционный;мм,Ст20,14 ; 16; 18; 20; 22; 24; 25; 26; 28; 30; 32; 34; 36; 38; 40; 42; 45; 48; 50; 52; 56; 60; 65; 70; 75; 80,ГОСТ 2590-2006,т
Качественные и специальные стали,СТАЛЬ СОРТ КОНСТР КРУГ,Ст20,Круг стальной конструкционный 85 мм Ст20,Круг стальной конструкционный 85 мм Ст20,85,51990,т,1,0,0,https://www.kavstal.ru/public/assets/images/products/Качественные_и_специальные_стали/СТАЛЬ_СОРТ_Х_Т_КАЛИБРОВКА_КРУГ/круг_стальной.webp,листовой прокат;сталь сорт констр круг;ст20;85;90;100;круг;стальной;конструкционный;мм,Ст20,85 ; 90; 100,ГОСТ 2590-2006,т
Качественные и специальные стали,СТАЛЬ СОРТ КОНСТР КРУГ,Ст20,Круг стальной конструкционный 105 мм Ст20,Круг стальной конструкционный 105 мм Ст20,105,54590,т,1,0,0,https://www.kavstal.ru/public/assets/images/products/Качественные_и_специальные_стали/СТАЛЬ_СОРТ_Х_Т_КАЛИБРОВКА_КРУГ/круг_стальной.webp,листовой прокат;сталь сорт констр круг;ст20;105;110;120;130;140;150;160;170;180;круг;стальной;конструкционный;мм,Ст20,105 ; 110; 120; 130; 140; 150; 160; 170; 180,ГОСТ 2590-2006,т
Качественные и специальные стали,СТАЛЬ СОРТ КОНСТР КРУГ,Ст20,Круг стальной конструкционный 190 мм Ст20,Круг стальной конструкционный 190 мм Ст20,190,63990,т,1,0,0,https://www.kavstal.ru/public/assets/images/products/Качественные_и_специальные_стали/СТАЛЬ_СОРТ_Х_Т_КАЛИБРОВКА_КРУГ/круг_стальной.webp,листовой прокат;сталь сорт констр круг;ст20;190;200;круг;стальной;конструкционный;мм,Ст20,190 ; 200,ГОСТ 2590-2006,т
Качественные и специальные стали,СТАЛЬ СОРТ КОНСТР КРУГ,Ст20,Круг стальной конструкционный 210 мм Ст20,Круг стальной конструкционный 210 мм Ст20,210,67590,т,1,0,0,https://www.kavstal.ru/public/assets/images/products/Качественные_и_специальные_стали/СТАЛЬ_СОРТ_Х_Т_КАЛИБРОВКА_КРУГ/круг_стальной.webp,листовой прокат;сталь сорт констр круг;ст20;210;220;230;240;круг;стальной;конструкционный;мм,Ст20,210 ; 220; 230; 240,ГОСТ 2590-2006,т
Качественные и специальные стали,СТАЛЬ СОРТ КОНСТР КРУГ,Ст35,Круг стальной конструкционный 12 мм Ст35,Круг стальной конструкционный 12 мм Ст35,12,55990,т,1,0,0,https://www.kavstal.ru/public/assets/images/products/Качественные_и_специальные_стали/СТАЛЬ_СОРТ_Х_Т_КАЛИБРОВКА_КРУГ/круг_стальной.webp,листовой прокат;сталь сорт констр круг;ст35;12;круг;стальной;конструкционный;мм,Ст35,12,ГОСТ 2590-2006,т
Качественные и специальные стали,СТАЛЬ СОРТ КОНСТР КРУГ,Ст35,Круг стальной конструкционный 14 мм Ст35,Круг стальной конструкционный 14 мм Ст35,14,48990,т,1,0,0,https://www.kavstal.ru/public/assets/images/products/Качественные_и_специальные_стали/СТАЛЬ_СОРТ_Х_Т_КАЛИБРОВКА_КРУГ/круг_стальной.webp,листовой прокат;сталь сорт констр круг;ст35;14;16;18;20;22;24;25;26;28;30;32;34;36;38;40;45;50;52;54;56;60;65;70;75;круг;стальной;конструкционный;мм,Ст35,14 ; 16; 18; 20; 22; 24; 25; 26; 28; 30; 32; 34; 36; 38; 40; 45; 50; 52; 54; 56; 60; 65; 70; 75,ГОСТ 2590-2006,т
Качественные и специальные стали,СТАЛЬ СОРТ КОНСТР КРУГ,Ст35,Круг стальной конструкционный 85 мм Ст35,Круг стальной конструкционный 85 мм Ст35,85,51990,т,1,0,0,https://www.kavstal.ru/public/assets/images/products/Качественные_и_специальные_стали/СТАЛЬ_СОРТ_Х_Т_КАЛИБРОВКА_КРУГ/круг_стальной.webp,листовой прокат;сталь сорт констр круг;ст35;85;90;95;100;круг;стальной;конструкционный;мм,Ст35,85 ; 90; 95; 100,ГОСТ 2590-2006,т
Качественные и специальные стали,СТАЛЬ СОРТ КОНСТР КРУГ,Ст35,Круг стальной конструкционный 105 мм Ст35,Круг стальной конструкционный 105 мм Ст35,105,54590,т,1,0,0,https://www.kavstal.ru/public/assets/images/products/Качественные_и_специальные_стали/СТАЛЬ_СОРТ_Х_Т_КАЛИБРОВКА_КРУГ/круг_стальной.webp,листовой прокат;сталь сорт констр круг;ст35;105;110;115;120;125;130;140;160;170;круг;стальной;конструкционный;мм,Ст35,105 ; 110; 115; 120; 125; 130; 140; 160; 170,ГОСТ 2590-2006,т
Качественные и специальные стали,СТАЛЬ СОРТ КОНСТР КРУГ,Ст35,Круг стальной конструкционный 200 мм Ст35,Круг стальной конструкционный 200 мм Ст35,200,63990,т,1,0,0,https://www.kavstal.ru/public/assets/images/products/Качественные_и_специальные_стали/СТАЛЬ_СОРТ_Х_Т_КАЛИБРОВКА_КРУГ/круг_стальной.webp,листовой прокат;сталь сорт констр круг;ст35;200;круг;стальной;конструкционный;мм,Ст35,200,ГОСТ 2590-2006,т
Качественные и специальные стали,СТАЛЬ СОРТ КОНСТР КРУГ,Ст35,Круг стальной конструкционный 210 мм Ст35,Круг стальной конструкционный 210 мм Ст35,210,67590,т,1,0,0,https://www.kavstal.ru/public/assets/images/products/Качественные_и_специальные_стали/СТАЛЬ_СОРТ_Х_Т_КАЛИБРОВКА_КРУГ/круг_стальной.webp,листовой прокат;сталь сорт констр круг;ст35;210;240;250;круг;стальной;конструкционный;мм,Ст35,210 ; 240; 250,ГОСТ 2590-2006,т
Качественные и специальные стали,СТАЛЬ СОРТ КОНСТР КРУГ,Ст35,Круг стальной конструкционный 270 мм Ст35,Круг стальной конструкционный 270 мм Ст35,270,79990,т,1,0,0,https://www.kavstal.ru/public/assets/images/products/Качественные_и_специальные_стали/СТАЛЬ_СОРТ_Х_Т_КАЛИБРОВКА_КРУГ/круг_стальной.webp,листовой прокат;сталь сорт констр круг;ст35;270;круг;стальной;конструкционный;мм,Ст35,270,ГОСТ 2590-2006,т
Качественные и специальные стали,СТАЛЬ СОРТ КОНСТР КРУГ,Ст35,Круг стальной конструкционный 280 мм Ст35,Круг стальной конструкционный 280 мм Ст35,280,87990,т,1,0,0,https://www.kavstal.ru/public/assets/images/products/Качественные_и_специальные_стали/СТАЛЬ_СОРТ_Х_Т_КАЛИБРОВКА_КРУГ/круг_стальной.webp,листовой прокат;сталь сорт констр круг;ст35;280;круг;стальной;конструкционный;мм,Ст35,280,ГОСТ 2590-2006,т
Качественные и специальные стали,СТАЛЬ СОРТ КОНСТР КРУГ,Ст45,Круг стальной конструкционный 12 мм Ст45,Круг стальной конструкционный 12 мм Ст45,12,55990,т,1,0,0,https://www.kavstal.ru/public/assets/images/products/Качественные_и_специальные_стали/СТАЛЬ_СОРТ_Х_Т_КАЛИБРОВКА_КРУГ/круг_стальной.webp,листовой прокат;сталь сорт констр круг;ст45;12;круг;стальной;конструкционный;мм,Ст45,12,ГОСТ 2590-2006,т
Качественные и специальные стали,СТАЛЬ СОРТ КОНСТР КРУГ,Ст45,Круг стальной конструкционный 14 мм Ст45,Круг стальной конструкционный 14 мм Ст45,14,48990,т,1,0,0,https://www.kavstal.ru/public/assets/images/products/Качественные_и_специальные_стали/СТАЛЬ_СОРТ_Х_Т_КАЛИБРОВКА_КРУГ/круг_стальной.webp,листовой прокат;сталь сорт констр круг;ст45;14;16;18;20;22;24;25;26;28;30;32;34;35;36;38;40;42;45;46;48;50;52;54;56;60;65;70;75;80;круг;стальной;конструкционный;мм,Ст45,14 ; 16; 18; 20; 22; 24; 25; 26; 28; 30; 32; 34; 35; 36; 38; 40; 42; 45; 46; 48; 50; 52; 54; 56; 60; 65; 70; 75; 80,ГОСТ 2590-2006,т
Качественные и специальные стали,СТАЛЬ СОРТ КОНСТР КРУГ,Ст45,Круг стальной конструкционный 85 мм Ст45,Круг стальной конструкционный 85 мм Ст45,85,51990,т,1,0,0,https://www.kavstal.ru/public/assets/images/products/Качественные_и_специальные_стали/СТАЛЬ_СОРТ_Х_Т_КАЛИБРОВКА_КРУГ/круг_стальной.webp,листовой прокат;сталь сорт констр круг;ст45;85;90;95;100;круг;стальной;конструкционный;мм,Ст45,85 ; 90; 95; 100,ГОСТ 2590-2006,т
Качественные и специальные стали,СТАЛЬ СОРТ КОНСТР КРУГ,Ст45,Круг стальной конструкционный 110 мм Ст45,Круг стальной конструкционный 110 мм Ст45,110,54590,т,1,0,0,https://www.kavstal.ru/public/assets/images/products/Качественные_и_специальные_стали/СТАЛЬ_СОРТ_Х_Т_КАЛИБРОВКА_КРУГ/круг_стальной.webp,листовой прокат;сталь сорт констр круг;ст45;110;120;130;140;150;160;170;180;круг;стальной;конструкционный;мм,Ст45,110 ; 120; 130; 140; 150; 160; 170; 180,ГОСТ 2590-2006,т
Качественные и специальные стали,СТАЛЬ СОРТ КОНСТР КРУГ,Ст45,Круг стальной конструкционный 200 мм Ст45,Круг стальной конструкционный 200 мм Ст45,200,63990,т,1,0,0,https://www.kavstal.ru/public/assets/images/products/Качественные_и_специальные_стали/СТАЛЬ_СОРТ_Х_Т_КАЛИБРОВКА_КРУГ/круг_стальной.webp,листовой прокат;сталь сорт констр круг;ст45;200;круг;стальной;конструкционный;мм,Ст45,200,ГОСТ 2590-2006,т
Качественные и специальные стали,СТАЛЬ СОРТ КОНСТР КРУГ,Ст45,Круг стальной конструкционный 210 мм Ст45,Круг стальной конструкционный 210 мм Ст45,210,67590,т,1,0,0,https://www.kavstal.ru/public/assets/images/products/Качественные_и_специальные_стали/СТАЛЬ_СОРТ_Х_Т_КАЛИБРОВКА_КРУГ/круг_стальной.webp,листовой прокат;сталь сорт констр круг;ст45;210;220;230;240;250;круг;стальной;конструкционный;мм,Ст45,210 ; 220; 230; 240; 250,ГОСТ 2590-2006,т
Качественные и специальные стали,СТАЛЬ СОРТ КОНСТР КРУГ,Ст45,Круг стальной конструкционный 260 мм Ст45,Круг стальной конструкционный 260 мм Ст45,260,79990,т,1,0,0,https://www.kavstal.ru/public/assets/images/products/Качественные_и_специальные_стали/СТАЛЬ_СОРТ_Х_Т_КАЛИБРОВКА_КРУГ/круг_стальной.webp,листовой прокат;сталь сорт констр круг;ст45;260;270;круг;стальной;конструкционный;мм,Ст45,260 ; 270,ГОСТ 2590-2006,т
Качественные и специальные стали,СТАЛЬ СОРТ КОНСТР КРУГ,Ст65Г,Круг стальной конструкционный 10 мм Ст65Г,Круг стальной конструкционный 10 мм Ст65Г,10,74990,т,1,0,0,https://www.kavstal.ru/public/assets/images/products/Качественные_и_специальные_стали/СТАЛЬ_СОРТ_Х_Т_КАЛИБРОВКА_КРУГ/круг_стальной.webp,листовой прокат;сталь сорт констр круг;ст65г;10;круг;стальной;конструкционный;мм,Ст65Г,10,ГОСТ 2590-2006,т
Качественные и специальные стали,СТАЛЬ СОРТ КОНСТР КРУГ,Ст65Г,Круг стальной конструкционный 12 мм Ст65Г,Круг стальной конструкционный 12 мм Ст65Г,12,72990,т,1,0,0,https://www.kavstal.ru/public/assets/images/products/Качественные_и_специальные_стали/СТАЛЬ_СОРТ_Х_Т_КАЛИБРОВКА_КРУГ/круг_стальной.webp,листовой прокат;сталь сорт констр круг;ст65г;12;14;20;30;40;50;60;70;80;90;100;110;140;150;160;170;180;круг;стальной;конструкционный;мм,Ст65Г,12 ; 14; 20; 30; 40; 50; 60; 70; 80; 90; 100; 110; 140; 150; 160; 170; 180,ГОСТ 2590-2006,т
Качественные и специальные стали,СТАЛЬ СОРТ КОНСТР КРУГ,Ст65Г,Круг стальной конструкционный 200 мм Ст65Г,Круг стальной конструкционный 200 мм Ст65Г,200,79990,т,1,0,0,https://www.kavstal.ru/public/assets/images/products/Качественные_и_специальные_стали/СТАЛЬ_СОРТ_Х_Т_КАЛИБРОВКА_КРУГ/круг_стальной.webp,листовой прокат;сталь сорт констр круг;ст65г;200;210;220;круг;стальной;конструкционный;мм,Ст65Г,200 ; 210; 220,ГОСТ 2590-2006,т
Качественные и специальные стали,СТАЛЬ СОРТ КОНСТР КРУГ,Ст65Г,Круг стальной конструкционный 230 мм Ст65Г,Круг стальной конструкционный 230 мм Ст65Г,230,89990,т,1,0,0,https://www.kavstal.ru/public/assets/images/products/Качественные_и_специальные_стали/СТАЛЬ_СОРТ_Х_Т_КАЛИБРОВКА_КРУГ/круг_стальной.webp,листовой прокат;сталь сорт констр круг;ст65г;230;круг;стальной;конструкционный;мм,Ст65Г,230,ГОСТ 2590-2006,т
Качественные и специальные стали,СТАЛЬ СОРТ КОНСТР ШЕСТИГРАННИК,09Г2С,Сталь Сорт Констр Шестигранник 14 09Г2С,"СТАЛЬ СОРТ КОНСТР ШЕСТИГРАННИК марки 09Г2С, размер 14 ; 17; 19; 22; 24; 27; 30; 32; 36; 41",14,79990,т,1,0,0,https://www.kavstal.ru/public/assets/images/products/Качественные_и_специальные_стали/СТАЛЬ_СОРТ_КОНСТР_ШЕСТИГРАННИК/шестигранник_1.webp,листовой прокат;сталь сорт констр шестигранник;09г2с;14;17;19;22;24;27;30;32;36;41;сталь;сорт;констр;шестигранник,09Г2С,14 ; 17; 19; 22; 24; 27; 30; 32; 36; 41,,т
Качественные и специальные стали,СТАЛЬ СОРТ КОНСТР ШЕСТИГРАННИК,09Г2С,Сталь Сорт Констр Шестигранник 46 09Г2С,"СТАЛЬ СОРТ КОНСТР ШЕСТИГРАННИК марки 09Г2С, размер 46 ; 50; 52; 55; 57; 65",46,85990,т,1,0,0,https://www.kavstal.ru/public/assets/images/products/Качественные_и_специальные_стали/СТАЛЬ_СОРТ_КОНСТР_ШЕСТИГРАННИК/шестигранник.webp,листовой прокат;сталь сорт констр шестигранник;09г2с;46;50;52;55;57;65;сталь;сорт;констр;шестигранник,09Г2С,46 ; 50; 52; 55; 57; 65,,т
Качественные и специальные стали,СТАЛЬ СОРТ КОНСТР ШЕСТИГРАННИК,09Г2С,Сталь Сорт Констр Шестигранник 75 09Г2С,"СТАЛЬ СОРТ КОНСТР ШЕСТИГРАННИК марки 09Г2С, размер 75",75,86990,т,1,0,0,https://www.kavstal.ru/public/assets/images/products/Качественные_и_специальные_стали/СТАЛЬ_СОРТ_КОНСТР_ШЕСТИГРАННИК/шестигранник_1.webp,листовой прокат;сталь сорт констр шестигранник;09г2с;75;сталь;сорт;констр;шестигранник,09Г2С,75,,т
Качественные и специальные стали,СТАЛЬ СОРТ КОНСТР ШЕСТИГРАННИК,40Х,Сталь Сорт Констр Шестигранник 14 40Х,"СТАЛЬ СОРТ КОНСТР ШЕСТИГРАННИК марки 40Х, размер 14 ; 17; 19; 22; 24; 27; 30; 32; 36; 41",14,79990,т,1,0,0,https://www.kavstal.ru/public/assets/images/products/Качественные_и_специальные_стали/СТАЛЬ_СОРТ_КОНСТР_ШЕСТИГРАННИК/шестигранник.webp,листовой прокат;сталь сорт констр шестигранник;40х;14;17;19;22;24;27;30;32;36;41;сталь;сорт;констр;шестигранник,40Х,14 ; 17; 19; 22; 24; 27; 30; 32; 36; 41,,т
Качественные и специальные стали,СТАЛЬ СОРТ КОНСТР ШЕСТИГРАННИК,40Х,Сталь Сорт Констр Шестигранник 46 40Х,"СТАЛЬ СОРТ КОНСТР ШЕСТИГРАННИК марки 40Х, размер 46 ; 55; 65",46,84990,т,1,0,0,https://www.kavstal.ru/public/assets/images/products/Качественные_и_специальные_стали/СТАЛЬ_СОРТ_КОНСТР_ШЕСТИГРАННИК/шестигранник_1.webp,листовой прокат;сталь сорт констр шестигранник;40х;46;55;65;сталь;сорт;констр;шестигранник,40Х,46 ; 55; 65,,т
Качественные и специальные стали,СТАЛЬ СОРТ КОНСТР ШЕСТИГРАННИК,Ст20,Сталь Сорт Констр Шестигранник 12 Ст20,"СТАЛЬ СОРТ КОНСТР ШЕСТИГРАННИК марки Ст20, размер 12 ; 14; 17; 19; 24; 27; 30; 32; 36; 41",12,73990,т,1,0,0,https://www.kavstal.ru/public/assets/images/products/Качественные_и_специальные_стали/СТАЛЬ_СОРТ_КОНСТР_ШЕСТИГРАННИК/шестигранник.webp,листовой прокат;сталь сорт констр шестигранник;ст20;12;14;17;19;24;27;30;32;36;41;сталь;сорт;констр;шестигранник,Ст20,12 ; 14; 17; 19; 24; 27; 30; 32; 36; 41,,т
Качественные и специальные стали,СТАЛЬ СОРТ КОНСТР ШЕСТИГРАННИК,Ст20,Сталь Сорт Констр Шестигранник 46 Ст20,"СТАЛЬ СОРТ КОНСТР ШЕСТИГРАННИК марки Ст20, размер 46 ; 50; 65",46,77990,т,1,0,0,https://www.kavstal.ru/public/assets/images/products/Качественные_и_специальные_стали/СТАЛЬ_СОРТ_КОНСТР_ШЕСТИГРАННИК/шестигранник_1.webp,листовой прокат;сталь сорт констр шестигранник;ст20;46;50;65;сталь;сорт;констр;шестигранник,Ст20,46 ; 50; 65,,т
Качественные и специальные стали,СТАЛЬ СОРТ КОНСТР ШЕСТИГРАННИК,Ст35,Сталь Сорт Констр Шестигранник 12 Ст35,"СТАЛЬ СОРТ КОНСТР ШЕСТИГРАННИК марки Ст35, размер 12 ; 14; 19; 22; 24; 27; 30; 32; 36",12,73990,т,1,0,0,https://www.kavstal.ru/public/assets/images/products/Качественные_и_специальные_стали/СТАЛЬ_СОРТ_КОНСТР_ШЕСТИГРАННИК/шестигранник.webp,листовой прокат;сталь сорт констр шестигранник;ст35;12;14;19;22;24;27;30;32;36;сталь;сорт;констр;шестигранник,Ст35,12 ; 14; 19; 22; 24; 27; 30; 32; 36,,т
Качественные и специальные стали,СТАЛЬ СОРТ КОНСТР ШЕСТИГРАННИК,Ст35,Сталь Сорт Констр Шестигранник 46 Ст35,"СТАЛЬ СОРТ КОНСТР ШЕСТИГРАННИК марки Ст35, размер 46 ; 50; 55; 65",46,77990,т,1,0,0,https://www.kavstal.ru/public/assets/images/products/Качественные_и_специальные_стали/СТАЛЬ_СОРТ_КОНСТР_ШЕСТИГРАННИК/шестигранник_1.webp,листовой прокат;сталь сорт констр шестигранник;ст35;46;50;55;65;сталь;сорт;констр;шестигранник,Ст35,46 ; 50; 55; 65,,т
Качественные и специальные стали,СТАЛЬ СОРТ КОНСТР ШЕСТИГРАННИК,Ст45,Сталь Сорт Констр Шестигранник 12 Ст45,"СТАЛЬ СОРТ КОНСТР ШЕСТИГРАННИК марки Ст45, размер 12 ; 14; 17; 19; 22; 24; 27; 30; 32; 36; 41",12,73990,т,1,0,0,https://www.kavstal.ru/public/assets/images/products/Качественные_и_специальные_стали/СТАЛЬ_СОРТ_КОНСТР_ШЕСТИГРАННИК/шестигранник.webp,листовой прокат;сталь сорт констр шестигранник;ст45;12;14;17;19;22;24;27;30;32;36;41;сталь;сорт;констр;шестигранник,Ст45,12 ; 14; 17; 19; 22; 24; 27; 30; 32; 36; 41,,т
Качественные и специальные стали,СТАЛЬ СОРТ КОНСТР ШЕСТИГРАННИК,Ст45,Сталь Сорт Констр Шестигранник 46 Ст45,"СТАЛЬ СОРТ КОНСТР ШЕСТИГРАННИК марки Ст45, размер 46 ; 50; 55",46,77990,т,1,0,0,https://www.kavstal.ru/public/assets/images/products/Качественные_и_специальные_стали/СТАЛЬ_СОРТ_КОНСТР_ШЕСТИГРАННИК/шестигранник_1.webp,листовой прокат;сталь сорт констр шестигранник;ст45;46;50;55;сталь;сорт;констр;шестигранник,Ст45,46 ; 50; 55,,т
Качественные и специальные стали,СТАЛЬ СОРТ КОНСТР ШЕСТИГРАННИК,Ст45,Сталь Сорт Констр Шестигранник 75 Ст45,"СТАЛЬ СОРТ КОНСТР ШЕСТИГРАННИК марки Ст45, размер 75",75,80990,т,1,0,0,https://www.kavstal.ru/public/assets/images/products/Качественные_и_специальные_стали/СТАЛЬ_СОРТ_КОНСТР_ШЕСТИГРАННИК/шестигранник.webp,листовой прокат;сталь сорт констр шестигранник;ст45;75;сталь;сорт;констр;шестигранник,Ст45,75,,т
Качественные и специальные стали,СТАЛЬ КОНСТРУКЦИОННАЯ НИКЕЛ КРУГ,12Х2Н4А,Сталь Конструкционная Никел Круг 40 12Х2Н4А,"СТАЛЬ КОНСТРУКЦИОННАЯ НИКЕЛ КРУГ марки 12Х2Н4А, размер 40 ; 42; 45; 65",40,159990,т,1,0,0,https://www.kavstal.ru/public/assets/images/products/Качественные_и_специальные_стали/СТАЛЬ_КОНСТРУКЦИОННАЯ_НИКЕЛ_КРУГ/круг_стальной_2.webp,листовой прокат;сталь конструкционная никел круг;12х2н4а;40;42;45;65;сталь;конструкционная;никел;круг,12Х2Н4А,40 ; 42; 45; 65,ГОСТ 2590-2006,т
Качественные и специальные стали,СТАЛЬ КОНСТРУКЦИОННАЯ НИКЕЛ КРУГ,12ХН3А,Сталь Конструкционная Никел Круг 36 12ХН3А,"СТАЛЬ КОНСТРУКЦИОННАЯ НИКЕЛ КРУГ марки 12ХН3А, размер 36 ; 40; 50",36,179990,т,1,0,0,https://www.kavstal.ru/public/assets/images/products/Качественные_и_специальные_стали/СТАЛЬ_КОНСТРУКЦИОННАЯ_НИКЕЛ_КРУГ/круг_стальной_1.webp,листовой прокат;сталь конструкционная никел круг;12хн3а;36;40;50;сталь;конструкционная;никел;круг,12ХН3А,36 ; 40; 50,ГОСТ 2590-2006,т
Качественные и специальные стали,СТАЛЬ КОНСТРУКЦИОННАЯ НИКЕЛ КРУГ,12ХН3А,Сталь Конструкционная Никел Круг 60 12ХН3А,"СТАЛЬ КОНСТРУКЦИОННАЯ НИКЕЛ КРУГ марки 12ХН3А, размер 60 ; 65; 70; 80; 90; 100; 110; 120; 130; 150; 160; 170; 180",60,169990,т,1,0,0,https://www.kavstal.ru/public/assets/images/products/Качественные_и_специальные_стали/СТАЛЬ_КОНСТРУКЦИОННАЯ_НИКЕЛ_КРУГ/круг_стальной.webp,листовой прокат;сталь конструкционная никел круг;12хн3а;60;65;70;80;90;100;110;120;130;150;160;170;180;сталь;конструкционная;никел;круг,12ХН3А,60 ; 65; 70; 80; 90; 100; 110; 120; 130; 150; 160; 170; 180,ГОСТ 2590-2006,т
Качественные и специальные стали,СТАЛЬ КОНСТРУКЦИОННАЯ НИКЕЛ КРУГ,12ХН3А,Сталь Конструкционная Никел Круг 200 12ХН3А,"СТАЛЬ КОНСТРУКЦИОННАЯ НИКЕЛ КРУГ марки 12ХН3А, размер 200",200,179990,т,1,0,0,https://www.kavstal.ru/public/assets/images/products/Качественные_и_специальные_стали/СТАЛЬ_КОНСТРУКЦИОННАЯ_НИКЕЛ_КРУГ/круг_стальной_2.webp,листовой прокат;сталь конструкционная никел круг;12хн3а;200;сталь;конструкционная;никел;круг,12ХН3А,200,ГОСТ 2590-2006,т
Качественные и специальные стали,СТАЛЬ КОНСТРУКЦИОННАЯ НИКЕЛ КРУГ,12ХН3А,Сталь Конструкционная Никел Круг 210 12ХН3А,"СТАЛЬ КОНСТРУКЦИОННАЯ НИКЕЛ КРУГ марки 12ХН3А, размер 210 ; 220",210,189990,т,1,0,0,https://www.kavstal.ru/public/assets/images/products/Качественные_и_специальные_стали/СТАЛЬ_КОНСТРУКЦИОННАЯ_НИКЕЛ_КРУГ/круг_стальной_1.webp,листовой прокат;сталь конструкционная никел круг;12хн3а;210;220;сталь;конструкционная;никел;круг,12ХН3А,210 ; 220,ГОСТ 2590-2006,т
Качественные и специальные стали,СТАЛЬ КОНСТРУКЦИОННАЯ НИКЕЛ КРУГ,12ХН3А,Сталь Конструкционная Никел Круг 230 12ХН3А,"СТАЛЬ КОНСТРУКЦИОННАЯ НИКЕЛ КРУГ марки 12ХН3А, размер 230 ; 240; 250",230,199990,т,1,0,0,https://www.kavstal.ru/public/assets/images/products/Качественные_и_специальные_стали/СТАЛЬ_КОНСТРУКЦИОННАЯ_НИКЕЛ_КРУГ/круг_стальной.webp,листовой прокат;сталь конструкционная никел круг;12хн3а;230;240;250;сталь;конструкционная;никел;круг,12ХН3А,230 ; 240; 250,ГОСТ 2590-2006,т
Качественные и специальные стали,СТАЛЬ КОНСТРУКЦИОННАЯ НИКЕЛ КРУГ,20Х2Н4А,Сталь Конструкционная Никел Круг 90 20х2н4а,"СТАЛЬ КОНСТРУКЦИОННАЯ НИКЕЛ КРУГ марки 20Х2Н4А, размер 90",90,200230,т,1,0,0,https://www.kavstal.ru/public/assets/images/products/Качественные_и_специальные_стали/СТАЛЬ_КОНСТРУКЦИОННАЯ_НИКЕЛ_КРУГ/круг_стальной_2.webp,листовой прокат;сталь конструкционная никел круг;20х2н4а;90;сталь;конструкционная;никел;круг,20Х2Н4А,90,ГОСТ 2590-2006,т
Качественные и специальные стали,СТАЛЬ КОНСТРУКЦИОННАЯ НИКЕЛ КРУГ,20Х2Н4А,Сталь Конструкционная Никел Круг 100 20х2н4а,"СТАЛЬ КОНСТРУКЦИОННАЯ НИКЕЛ КРУГ марки 20Х2Н4А, размер 100",100,203940,т,1,0,0,https://www.kavstal.ru/public/assets/images/products/Качественные_и_специальные_стали/СТАЛЬ_КОНСТРУКЦИОННАЯ_НИКЕЛ_КРУГ/круг_стальной_1.webp,листовой прокат;сталь конструкционная никел круг;20х2н4а;100;сталь;конструкционная;никел;круг,20Х2Н4А,100,ГОСТ 2590-2006,т
Качественные и специальные стали,СТАЛЬ КОНСТРУКЦИОННАЯ НИКЕЛ КРУГ,20Х2Н4А,Сталь Конструкционная Никел Круг 120 20х2н4а,"СТАЛЬ КОНСТРУКЦИОННАЯ НИКЕЛ КРУГ марки 20Х2Н4А, размер 120 ; 180",120,179990,т,1,0,0,https://www.kavstal.ru/public/assets/images/products/Качественные_и_специальные_стали/СТАЛЬ_КОНСТРУКЦИОННАЯ_НИКЕЛ_КРУГ/круг_стальной.webp,листовой прокат;сталь конструкционная никел круг;20х2н4а;120;180;сталь;конструкционная;никел;круг,20Х2Н4А,120 ; 180,ГОСТ 2590-2006,т
Качественные и специальные стали,СТАЛЬ КОНСТРУКЦИОННАЯ НИКЕЛ КРУГ,40ХН,Сталь Конструкционная Никел Круг 10 40ХН,"СТАЛЬ КОНСТРУКЦИОННАЯ НИКЕЛ КРУГ марки 40ХН, размер 10",10,49990,т,1,0,0,https://www.kavstal.ru/public/assets/images/products/Качественные_и_специальные_стали/СТАЛЬ_КОНСТРУКЦИОННАЯ_НИКЕЛ_КРУГ/круг_стальной_2.webp,листовой прокат;сталь конструкционная никел круг;40хн;10;сталь;конструкционная;никел;круг,40ХН,10,ГОСТ 2590-2006,т
Качественные и специальные стали,СТАЛЬ КОНСТРУКЦИОННАЯ НИКЕЛ КРУГ,40ХН,Сталь Конструкционная Никел Круг 20 40ХН,"СТАЛЬ КОНСТРУКЦИОННАЯ НИКЕЛ КРУГ марки 40ХН, размер 20 ; 25; 30; 32",20,109990,т,1,0,0,https://www.kavstal.ru/public/assets/images/products/Качественные_и_специальные_стали/СТАЛЬ_КОНСТРУКЦИОННАЯ_НИКЕЛ_КРУГ/круг_стальной_1.webp,листовой прокат;сталь конструкционная никел круг;40хн;20;25;30;32;сталь;конструкционная;никел;круг,40ХН,20 ; 25; 30; 32,ГОСТ 2590-2006,т
Качественные и специальные стали,СТАЛЬ КОНСТРУКЦИОННАЯ НИКЕЛ КРУГ,40ХН,Сталь Конструкционная Никел Круг 36 40ХН,"СТАЛЬ КОНСТРУКЦИОННАЯ НИКЕЛ КРУГ марки 40ХН, размер 36 ; 40; 45",36,106990,т,1,0,0,https://www.kavstal.ru/public/assets/images/products/Качественные_и_специальные_стали/СТАЛЬ_КОНСТРУКЦИОННАЯ_НИКЕЛ_КРУГ/круг_стальной.webp,листовой прокат;сталь конструкционная никел круг;40хн;36;40;45;сталь;конструкционная;никел;круг,40ХН,36 ; 40; 45,ГОСТ 2590-2006,т
Качественные и специальные стали,СТАЛЬ КОНСТРУКЦИОННАЯ НИКЕЛ КРУГ,40ХН,Сталь Конструкционная Никел Круг 60 40ХН,"СТАЛЬ КОНСТРУКЦИОННАЯ НИКЕЛ КРУГ марки 40ХН, размер 60",60,102990,т,1,0,0,https://www.kavstal.ru/public/assets/images/products/Качественные_и_специальные_стали/СТАЛЬ_КОНСТРУКЦИОННАЯ_НИКЕЛ_КРУГ/круг_стальной_2.webp,листовой прокат;сталь конструкционная никел круг;40хн;60;сталь;конструкционная;никел;круг,40ХН,60,ГОСТ 2590-2006,т
Качественные и специальные стали,СТАЛЬ КОНСТРУКЦИОННАЯ НИКЕЛ КРУГ,40ХН,Сталь Конструкционная Никел Круг 65 40ХН,"СТАЛЬ КОНСТРУКЦИОННАЯ НИКЕЛ КРУГ марки 40ХН, размер 65",65,99990,т,1,0,0,https://www.kavstal.ru/public/assets/images/products/Качественные_и_специальные_стали/СТАЛЬ_КОНСТРУКЦИОННАЯ_НИКЕЛ_КРУГ/круг_стальной_1.webp,листовой прокат;сталь конструкционная никел круг;40хн;65;сталь;конструкционная;никел;круг,40ХН,65,ГОСТ 2590-2006,т
Качественные и специальные стали,СТАЛЬ КОНСТРУКЦИОННАЯ НИКЕЛ КРУГ,40ХН,Сталь Конструкционная Никел Круг 70 40ХН,"СТАЛЬ КОНСТРУКЦИОННАЯ НИКЕЛ КРУГ марки 40ХН, размер 70 ; 80; 90; 100",70,96990,т,1,0,0,https://www.kavstal.ru/public/assets/images/products/Качественные_и_специальные_стали/СТАЛЬ_КОНСТРУКЦИОННАЯ_НИКЕЛ_КРУГ/круг_стальной.webp,листовой прокат;сталь конструкционная никел круг;40хн;70;80;90;100;сталь;конструкционная;никел;круг,40ХН,70 ; 80; 90; 100,ГОСТ 2590-2006,т
Качественные и специальные стали,СТАЛЬ КОНСТРУКЦИОННАЯ НИКЕЛ КРУГ,40ХН,Сталь Конструкционная Никел Круг 110 40ХН,"СТАЛЬ КОНСТРУКЦИОННАЯ НИКЕЛ КРУГ марки 40ХН, размер 110 ; 120; 130; 150; 160; 170; 180",110,99990,т,1,0,0,https://www.kavstal.ru/public/assets/images/products/Качественные_и_специальные_стали/СТАЛЬ_КОНСТРУКЦИОННАЯ_НИКЕЛ_КРУГ/круг_стальной_2.webp,листовой прокат;сталь конструкционная никел круг;40хн;110;120;130;150;160;170;180;сталь;конструкционная;никел;круг,40ХН,110 ; 120; 130; 150; 160; 170; 180,ГОСТ 2590-2006,т
Качественные и специальные стали,СТАЛЬ КОНСТРУКЦИОННАЯ НИКЕЛ КРУГ,40ХН,Сталь Конструкционная Никел Круг 190 40ХН,"СТАЛЬ КОНСТРУКЦИОННАЯ НИКЕЛ КРУГ марки 40ХН, размер 190 ; 200",190,116990,т,1,0,0,https://www.kavstal.ru/public/assets/images/products/Качественные_и_специальные_стали/СТАЛЬ_КОНСТРУКЦИОННАЯ_НИКЕЛ_КРУГ/круг_стальной_1.webp,листовой прокат;сталь конструкционная никел круг;40хн;190;200;сталь;конструкционная;никел;круг,40ХН,190 ; 200,ГОСТ 2590-2006,т
Качественные и специальные стали,СТАЛЬ КОНСТРУКЦИОННАЯ НИКЕЛ КРУГ,40ХН,Сталь Конструкционная Никел Круг 210 40ХН,"СТАЛЬ КОНСТРУКЦИОННАЯ НИКЕЛ КРУГ марки 40ХН, размер 210 ; 220",210,119990,т,1,0,0,https://www.kavstal.ru/public/assets/images/products/Качественные_и_специальные_стали/СТАЛЬ_КОНСТРУКЦИОННАЯ_НИКЕЛ_КРУГ/круг_стальной.webp,листовой прокат;сталь конструкционная никел круг;40хн;210;220;сталь;конструкционная;никел;круг,40ХН,210 ; 220,ГОСТ 2590-2006,т
Качественные и специальные стали,СТАЛЬ КОНСТРУКЦИОННАЯ НИКЕЛ КРУГ,40ХН,Сталь Конструкционная Никел Круг 230 40ХН,"СТАЛЬ КОНСТРУКЦИОННАЯ НИКЕЛ КРУГ марки 40ХН, размер 230",230,125990,т,1,0,0,https://www.kavstal.ru/public/assets/images/products/Качественные_и_специальные_стали/СТАЛЬ_КОНСТРУКЦИОННАЯ_НИКЕЛ_КРУГ/круг_стальной_2.webp,листовой прокат;сталь конструкционная никел круг;40хн;230;сталь;конструкционная;никел;круг,40ХН,230,ГОСТ 2590-2006,т
Качественные и специальные стали,СТАЛЬ КОНСТРУКЦИОННАЯ НИКЕЛ КРУГ,40ХН,Сталь Конструкционная Никел Круг 260 40ХН,"СТАЛЬ КОНСТРУКЦИОННАЯ НИКЕЛ КРУГ марки 40ХН, размер 260",260,139990,т,1,0,0,https://www.kavstal.ru/public/assets/images/products/Качественные_и_специальные_стали/СТАЛЬ_КОНСТРУКЦИОННАЯ_НИКЕЛ_КРУГ/круг_стальной_1.webp,листовой прокат;сталь конструкционная никел круг;40хн;260;сталь;конструкционная;никел;круг,40ХН,260,ГОСТ 2590-2006,т
Качественные и специальные стали,СТАЛЬ КОНСТРУКЦИОННАЯ НИКЕЛ КРУГ,40ХН,Сталь Конструкционная Никел Круг 280 40ХН,"СТАЛЬ КОНСТРУКЦИОННАЯ НИКЕЛ КРУГ марки 40ХН, размер 280",280,144990,т,1,0,0,https://www.kavstal.ru/public/assets/images/products/Качественные_и_специальные_стали/СТАЛЬ_КОНСТРУКЦИОННАЯ_НИКЕЛ_КРУГ/круг_стальной.webp,листовой прокат;сталь конструкционная никел круг;40хн;280;сталь;конструкционная;никел;круг,40ХН,280,ГОСТ 2590-2006,т
Качественные и специальные стали,СТАЛЬ КОНСТРУКЦИОННАЯ НИКЕЛ КРУГ,40ХН2МА,Сталь Конструкционная Никел Круг 60 40ХН2МА,"СТАЛЬ КОНСТРУКЦИОННАЯ НИКЕЛ КРУГ марки 40ХН2МА, размер 60 ; 70; 80; 90; 100; 110; 120; 150; 160; 180; 200",60,129990,т,1,0,0,https://www.kavstal.ru/public/assets/images/products/Качественные_и_специальные_стали/СТАЛЬ_КОНСТРУКЦИОННАЯ_НИКЕЛ_КРУГ/круг_стальной_2.webp,листовой прокат;сталь конструкционная никел круг;40хн2ма;60;70;80;90;100;110;120;150;160;180;200;сталь;конструкционная;никел;круг,40ХН2МА,60 ; 70; 80; 90; 100; 110; 120; 150; 160; 180; 200,ГОСТ 2590-2006,т
Качественные и специальные стали,СТАЛЬ КОНСТРУКЦИОННАЯ НИКЕЛ КРУГ,40ХН2МА,Сталь Конструкционная Никел Круг 240 40ХН2МА,"СТАЛЬ КОНСТРУКЦИОННАЯ НИКЕЛ КРУГ марки 40ХН2МА, размер 240 ; 250",240,149990,т,1,0,0,https://www.kavstal.ru/public/assets/images/products/Качественные_и_специальные_стали/СТАЛЬ_КОНСТРУКЦИОННАЯ_НИКЕЛ_КРУГ/круг_стальной_1.webp,листовой прокат;сталь конструкционная никел круг;40хн2ма;240;250;сталь;конструкционная;никел;круг,40ХН2МА,240 ; 250,ГОСТ 2590-2006,т
Качественные и специальные стали,СТАЛЬ КОНСТРУКЦИОННАЯ НИКЕЛ КРУГ,40ХН2МА,Сталь Конструкционная Никел Круг 260 40ХН2МА,"СТАЛЬ КОНСТРУКЦИОННАЯ НИКЕЛ КРУГ марки 40ХН2МА, размер 260 ; 280",260,159990,т,1,0,0,https://www.kavstal.ru/public/assets/images/products/Качественные_и_специальные_стали/СТАЛЬ_КОНСТРУКЦИОННАЯ_НИКЕЛ_КРУГ/круг_стальной.webp,листовой прокат;сталь конструкционная никел круг;40хн2ма;260;280;сталь;конструкционная;никел;круг,40ХН2МА,260 ; 280,ГОСТ 2590-2006,т
Качественные и специальные стали,СТАЛЬ КОНСТРУКЦИОННАЯ НИКЕЛ КВАДРАТ,40ХНВ,Сталь Конструкционная Никел Квадрат 200 40ХНВ,"СТАЛЬ КОНСТРУКЦИОННАЯ НИКЕЛ КВАДРАТ марки 40ХНВ, размер 200",200,115990,т,1,0,0,https://www.kavstal.ru/public/assets/images/products/Качественные_и_специальные_стали/СТАЛЬ_КОНСТРУКЦИОННАЯ_НИКЕЛ_КВАДРАТ/квадрат_стальной.webp,листовой прокат;сталь конструкционная никел квадрат;40хнв;200;сталь;конструкционная;никел;квадрат,40ХНВ,200,ГОСТ 2591-2006,т
Качественные и специальные стали,СТАЛЬ СОРТ СПЕЦ СВ-МИ КРУГ,03ВИ б/с,Сталь Сорт Спец Св-ми Круг 130 03ви б/с,"СТАЛЬ СОРТ СПЕЦ СВ-МИ КРУГ марки 03ВИ б/с, размер 130",130,157500,т,1,0,0,https://www.kavstal.ru/public/assets/images/products/Качественные_и_специальные_стали/СТАЛЬ_СОРТ_Х_Т_КАЛИБРОВКА_КРУГ/круг_стальной.webp,листовой прокат;сталь сорт спец св-ми круг;03ви б/с;130;сталь;сорт;спец;св-ми;круг;03ви;б/с,03ВИ б/с,130,ГОСТ 2590-2006,т
Качественные и специальные стали,СТАЛЬ СОРТ ИНСТРУМ КРУГ,9Х1 б/с,Сталь Сорт Инструм Круг 40 9Х1 б/с,"СТАЛЬ СОРТ ИНСТРУМ КРУГ марки 9Х1 б/с, размер 40",40,47990,т,1,0,0,https://www.kavstal.ru/public/assets/images/products/Качественные_и_специальные_стали/СТАЛЬ_СОРТ_ИНСТРУМ_КРУГ/круг_стальной.webp,листовой прокат;сталь сорт инструм круг;9х1 б/с;40;сталь;сорт;инструм;круг;9х1;б/с,9Х1 б/с,40,ГОСТ 2590-2006,т
Качественные и специальные стали,СТАЛЬ СОРТ ИНСТРУМ КРУГ,9ХС,Сталь Сорт Инструм Круг 16 9ХС,"СТАЛЬ СОРТ ИНСТРУМ КРУГ марки 9ХС, размер 16 ; 18; 20; 26; 30",16,102990,т,1,0,0,https://www.kavstal.ru/public/assets/images/products/Качественные_и_специальные_стали/СТАЛЬ_СОРТ_ИНСТРУМ_КРУГ/круг_стальной.webp,листовой прокат;сталь сорт инструм круг;9хс;16;18;20;26;30;сталь;сорт;инструм;круг,9ХС,16 ; 18; 20; 26; 30,ГОСТ 2590-2006,т
Качественные и специальные стали,СТАЛЬ СОРТ ИНСТРУМ КРУГ,9ХС,Сталь Сорт Инструм Круг 40 9ХС,"СТАЛЬ СОРТ ИНСТРУМ КРУГ марки 9ХС, размер 40 ; 45; 50; 60; 65; 70; 80; 90; 100; 110; 120; 130; 160; 170; 200; 210; 220",40,99990,т,1,0,0,https://www.kavstal.ru/public/assets/images/products/Качественные_и_специальные_стали/СТАЛЬ_СОРТ_ИНСТРУМ_КРУГ/круг_стальной.webp,листовой прокат;сталь сорт инструм круг;9хс;40;45;50;60;65;70;80;90;100;110;120;130;160;170;200;210;220;сталь;сорт;инструм;круг,9ХС,40 ; 45; 50; 60; 65; 70; 80; 90; 100; 110; 120; 130; 160; 170; 200; 210; 220,ГОСТ 2590-2006,т
Качественные и специальные стали,СТАЛЬ СОРТ ИНСТРУМ КРУГ,У8А,Сталь Сорт Инструм Круг 10 У8А,"СТАЛЬ СОРТ ИНСТРУМ КРУГ марки У8А, размер 10",10,79990,т,1,0,0,https://www.kavstal.ru/public/assets/images/products/Качественные_и_специальные_стали/СТАЛЬ_СОРТ_ИНСТРУМ_КРУГ/круг_стальной.webp,листовой прокат;сталь сорт инструм круг;у8а;10;сталь;сорт;инструм;круг,У8А,10,ГОСТ 2590-2006,т
Качественные и специальные стали,СТАЛЬ СОРТ ИНСТРУМ КРУГ,У8А,Сталь Сорт Инструм Круг 12 У8А,"СТАЛЬ СОРТ ИНСТРУМ КРУГ марки У8А, размер 12 ; 14",12,75990,т,1,0,0,https://www.kavstal.ru/public/assets/images/products/Качественные_и_специальные_стали/СТАЛЬ_СОРТ_ИНСТРУМ_КРУГ/круг_стальной.webp,листовой прокат;сталь сорт инструм круг;у8а;12;14;сталь;сорт;инструм;круг,У8А,12 ; 14,ГОСТ 2590-2006,т
Качественные и специальные стали,СТАЛЬ СОРТ ИНСТРУМ КРУГ,У8А,Сталь Сорт Инструм Круг 16 У8А,"СТАЛЬ СОРТ ИНСТРУМ КРУГ марки У8А, размер 16 ; 18; 20; 22; 25; 28; 30; 32; 35; 36; 45; 50; 60; 65; 70",16,73990,т,1,0,0,https://www.kavstal.ru/public/assets/images/products/Качественные_и_специальные_стали/СТАЛЬ_СОРТ_ИНСТРУМ_КРУГ/круг_стальной.webp,листовой прокат;сталь сорт инструм круг;у8а;16;18;20;22;25;28;30;32;35;36;45;50;60;65;70;сталь;сорт;инструм;круг,У8А,16 ; 18; 20; 22; 25; 28; 30; 32; 35; 36; 45; 50; 60; 65; 70,ГОСТ 2590-2006,т
Качественные и специальные стали,СТАЛЬ СОРТ ИНСТРУМ КРУГ,У8А,Сталь Сорт Инструм Круг 80 У8А,"СТАЛЬ СОРТ ИНСТРУМ КРУГ марки У8А, размер 80 ; 90; 100; 110; 120",80,74990,т,1,0,0,https://www.kavstal.ru/public/assets/images/products/Качественные_и_специальные_стали/СТАЛЬ_СОРТ_ИНСТРУМ_КРУГ/круг_стальной.webp,листовой прокат;сталь сорт инструм круг;у8а;80;90;100;110;120;сталь;сорт;инструм;круг,У8А,80 ; 90; 100; 110; 120,ГОСТ 2590-2006,т
Качественные и специальные стали,СТАЛЬ СОРТ ИНСТРУМ КРУГ,У8А,Сталь Сорт Инструм Круг 150 У8А,"СТАЛЬ СОРТ ИНСТРУМ КРУГ марки У8А, размер 150 ; 160; 170",150,76990,т,1,0,0,https://www.kavstal.ru/public/assets/images/products/Качественные_и_специальные_стали/СТАЛЬ_СОРТ_ИНСТРУМ_КРУГ/круг_стальной.webp,листовой прокат;сталь сорт инструм круг;у8а;150;160;170;сталь;сорт;инструм;круг,У8А,150 ; 160; 170,ГОСТ 2590-2006,т
Качественные и специальные стали,СТАЛЬ СОРТ ИНСТРУМ КРУГ,ЭК-80Ш,Сталь Сорт Инструм Круг 50 ЭК-80Ш,"СТАЛЬ СОРТ ИНСТРУМ КРУГ марки ЭК-80Ш, размер 50 ; 55",50,99990,т,1,0,0,https://www.kavstal.ru/public/assets/images/products/Качественные_и_специальные_стали/СТАЛЬ_СОРТ_ИНСТРУМ_КРУГ/круг_стальной.webp,листовой прокат;сталь сорт инструм круг;эк-80ш;50;55;сталь;сорт;инструм;круг,ЭК-80Ш,50 ; 55,ГОСТ 2590-2006,т
Качественные и специальные стали,ПОКОВКА,40Х прессовая с отжигом Иран,ПОКОВКА 360 40Х прессовая с отжигом Иран,"ПОКОВКА марки 40Х прессовая с отжигом Иран, размер 360",360,156000,т,1,0,0,https://www.kavstal.ru/public/assets/images/products/Качественные_и_специальные_стали/ПОКОВКА/поковка.webp,листовой прокат;поковка;40х прессовая с отжигом иран;360,40Х прессовая с отжигом Иран,360,,т
Качественные и специальные стали,ПОКОВКА,Ст20 прессовая с отжигом Иран,ПОКОВКА 370 Ст20 прессовая с отжигом Иран,"ПОКОВКА марки Ст20 прессовая с отжигом Иран, размер 370",370,152000,т,1,0,0,https://www.kavstal.ru/public/assets/images/products/Качественные_и_специальные_стали/ПОКОВКА/поковка.webp,листовой прокат;поковка;ст20 прессовая с отжигом иран;370,Ст20 прессовая с отжигом Иран,370,,т
Качественные и специальные стали,ПОКОВКА,Ст45 прессовая с отжигом Иран,ПОКОВКА 360 Ст45 прессовая с отжигом Иран,"ПОКОВКА марки Ст45 прессовая с отжигом Иран, размер 360 ; 510",360,152000,т,1,0,0,https://www.kavstal.ru/public/assets/images/products/Качественные_и_специальные_стали/ПОКОВКА/поковка.webp,листовой прокат;поковка;ст45 прессовая с отжигом иран;360;510,Ст45 прессовая с отжигом Иран,360 ; 510,,т
Качественные и специальные стали,СТАЛЬ СОРТ Х/Т КАЛИБРОВКА КРУГ,40Х,Сталь Сорт Х/т Калибровка Круг 4 40Х,"СТАЛЬ СОРТ Х/Т КАЛИБРОВКА КРУГ марки 40Х, размер 4",4,111490,т,1,0,0,https://www.kavstal.ru/public/assets/images/products/Качественные_и_специальные_стали/СТАЛЬ_СОРТ_Х_Т_КАЛИБРОВКА_КРУГ/круг_стальной.webp,метизы;сталь сорт х/т калибровка круг;40х;4;сталь;сорт;х/т;калибровка;круг,40Х,4,ГОСТ 2590-2006,т
Качественные и специальные стали,СТАЛЬ СОРТ Х/Т КАЛИБРОВКА КРУГ,40Х,Сталь Сорт Х/т Калибровка Круг 6 40Х,"СТАЛЬ СОРТ Х/Т КАЛИБРОВКА КРУГ марки 40Х, размер 6",6,110490,т,1,0,0,https://www.kavstal.ru/public/assets/images/products/Качественные_и_специальные_стали/СТАЛЬ_СОРТ_Х_Т_КАЛИБРОВКА_КРУГ/круг_стальной.webp,метизы;сталь сорт х/т калибровка круг;40х;6;сталь;сорт;х/т;калибровка;круг,40Х,6,ГОСТ 2590-2006,т
Качественные и специальные стали,СТАЛЬ СОРТ Х/Т КАЛИБРОВКА КРУГ,40Х,Сталь Сорт Х/т Калибровка Круг 7 40Х,"СТАЛЬ СОРТ Х/Т КАЛИБРОВКА КРУГ марки 40Х, размер 7",7,117490,т,1,0,0,https://www.kavstal.ru/public/assets/images/products/Качественные_и_специальные_стали/СТАЛЬ_СОРТ_Х_Т_КАЛИБРОВКА_КРУГ/круг_стальной.webp,метизы;сталь сорт х/т калибровка круг;40х;7;сталь;сорт;х/т;калибровка;круг,40Х,7,ГОСТ 2590-2006,т
Качественные и специальные стали,СТАЛЬ СОРТ Х/Т КАЛИБРОВКА КРУГ,40Х,Сталь Сорт Х/т Калибровка Круг 8 40Х,"СТАЛЬ СОРТ Х/Т КАЛИБРОВКА КРУГ марки 40Х, размер 8 ; 10",8,105490,т,1,0,0,https://www.kavstal.ru/public/assets/images/products/Качественные_и_специальные_стали/СТАЛЬ_СОРТ_Х_Т_КАЛИБРОВКА_КРУГ/круг_стальной.webp,метизы;сталь сорт х/т калибровка круг;40х;8;10;сталь;сорт;х/т;калибровка;круг,40Х,8 ; 10,ГОСТ 2590-2006,т
Качественные и специальные стали,СТАЛЬ СОРТ Х/Т КАЛИБРОВКА КРУГ,40Х,Сталь Сорт Х/т Калибровка Круг 11 40Х,"СТАЛЬ СОРТ Х/Т КАЛИБРОВКА КРУГ марки 40Х, размер 11",11,107490,т,1,0,0,https://www.kavstal.ru/public/assets/images/products/Качественные_и_специальные_стали/СТАЛЬ_СОРТ_Х_Т_КАЛИБРОВКА_КРУГ/круг_стальной.webp,метизы;сталь сорт х/т калибровка круг;40х;11;сталь;сорт;х/т;калибровка;круг,40Х,11,ГОСТ 2590-2006,т
Качественные и специальные стали,СТАЛЬ СОРТ Х/Т КАЛИБРОВКА КРУГ,40Х,Сталь Сорт Х/т Калибровка Круг 12 40Х,"СТАЛЬ СОРТ Х/Т КАЛИБРОВКА КРУГ марки 40Х, размер 12",12,105490,т,1,0,0,https://www.kavstal.ru/public/assets/images/products/Качественные_и_специальные_стали/СТАЛЬ_СОРТ_Х_Т_КАЛИБРОВКА_КРУГ/круг_стальной.webp,метизы;сталь сорт х/т калибровка круг;40х;12;сталь;сорт;х/т;калибровка;круг,40Х,12,ГОСТ 2590-2006,т
Качественные и специальные стали,СТАЛЬ СОРТ Х/Т КАЛИБРОВКА КРУГ,40Х,Сталь Сорт Х/т Калибровка Круг 13 40Х,"СТАЛЬ СОРТ Х/Т КАЛИБРОВКА КРУГ марки 40Х, размер 13 ; 14; 16; 18",13,104490,т,1,0,0,https://www.kavstal.ru/public/assets/images/products/Качественные_и_специальные_стали/СТАЛЬ_СОРТ_Х_Т_КАЛИБРОВКА_КРУГ/круг_стальной.webp,метизы;сталь сорт х/т калибровка круг;40х;13;14;16;18;сталь;сорт;х/т;калибровка;круг,40Х,13 ; 14; 16; 18,ГОСТ 2590-2006,т
Качественные и специальные стали,СТАЛЬ СОРТ Х/Т КАЛИБРОВКА КРУГ,40Х,Сталь Сорт Х/т Калибровка Круг 20 40Х,"СТАЛЬ СОРТ Х/Т КАЛИБРОВКА КРУГ марки 40Х, размер 20",20,103490,т,1,0,0,https://www.kavstal.ru/public/assets/images/products/Качественные_и_специальные_стали/СТАЛЬ_СОРТ_Х_Т_КАЛИБРОВКА_КРУГ/круг_стальной.webp,метизы;сталь сорт х/т калибровка круг;40х;20;сталь;сорт;х/т;калибровка;круг,40Х,20,ГОСТ 2590-2006,т
Качественные и специальные стали,СТАЛЬ СОРТ Х/Т КАЛИБРОВКА КРУГ,40Х,Сталь Сорт Х/т Калибровка Круг 22 40Х,"СТАЛЬ СОРТ Х/Т КАЛИБРОВКА КРУГ марки 40Х, размер 22",22,101490,т,1,0,0,https://www.kavstal.ru/public/assets/images/products/Качественные_и_специальные_стали/СТАЛЬ_СОРТ_Х_Т_КАЛИБРОВКА_КРУГ/круг_стальной.webp,метизы;сталь сорт х/т калибровка круг;40х;22;сталь;сорт;х/т;калибровка;круг,40Х,22,ГОСТ 2590-2006,т
Качественные и специальные стали,СТАЛЬ СОРТ Х/Т КАЛИБРОВКА КРУГ,40Х,Сталь Сорт Х/т Калибровка Круг 24 40Х,"СТАЛЬ СОРТ Х/Т КАЛИБРОВКА КРУГ марки 40Х, размер 24 ; 25; 26",24,99490,т,1,0,0,https://www.kavstal.ru/public/assets/images/products/Качественные_и_специальные_стали/СТАЛЬ_СОРТ_Х_Т_КАЛИБРОВКА_КРУГ/круг_стальной.webp,метизы;сталь сорт х/т калибровка круг;40х;24;25;26;сталь;сорт;х/т;калибровка;круг,40Х,24 ; 25; 26,ГОСТ 2590-2006,т
Качественные и специальные стали,СТАЛЬ СОРТ Х/Т КАЛИБРОВКА КРУГ,40Х,Сталь Сорт Х/т Калибровка Круг 27 40Х,"СТАЛЬ СОРТ Х/Т КАЛИБРОВКА КРУГ марки 40Х, размер 27 ; 28; 30; 32",27,97490,т,1,0,0,https://www.kavstal.ru/public/assets/images/products/Качественные_и_специальные_стали/СТАЛЬ_СОРТ_Х_Т_КАЛИБРОВКА_КРУГ/круг_стальной.webp,метизы;сталь сорт х/т калибровка круг;40х;27;28;30;32;сталь;сорт;х/т;калибровка;круг,40Х,27 ; 28; 30; 32,ГОСТ 2590-2006,т
Качественные и специальные стали,СТАЛЬ СОРТ Х/Т КАЛИБРОВКА КРУГ,40Х,Сталь Сорт Х/т Калибровка Круг 34 40Х,"СТАЛЬ СОРТ Х/Т КАЛИБРОВКА КРУГ марки 40Х, размер 34 ; 35; 36; 40; 45",34,96490,т,1,0,0,https://www.kavstal.ru/public/assets/images/products/Качественные_и_специальные_стали/СТАЛЬ_СОРТ_Х_Т_КАЛИБРОВКА_КРУГ/круг_стальной.webp,метизы;сталь сорт х/т калибровка круг;40х;34;35;36;40;45;сталь;сорт;х/т;калибровка;круг,40Х,34 ; 35; 36; 40; 45,ГОСТ 2590-2006,т
Качественные и специальные стали,СТАЛЬ СОРТ Х/Т КАЛИБРОВКА КРУГ,40Х,Сталь Сорт Х/т Калибровка Круг 52 40Х,"СТАЛЬ СОРТ Х/Т КАЛИБРОВКА КРУГ марки 40Х, размер 52 ; 60",52,99490,т,1,0,0,https://www.kavstal.ru/public/assets/images/products/Качественные_и_специальные_стали/СТАЛЬ_СОРТ_Х_Т_КАЛИБРОВКА_КРУГ/круг_стальной.webp,метизы;сталь сорт х/т калибровка круг;40х;52;60;сталь;сорт;х/т;калибровка;круг,40Х,52 ; 60,ГОСТ 2590-2006,т
Качественные и специальные стали,СТАЛЬ СОРТ Х/Т КАЛИБРОВКА КРУГ,А-12,Сталь Сорт Х/т Калибровка Круг 3 А-12,"СТАЛЬ СОРТ Х/Т КАЛИБРОВКА КРУГ марки А-12, размер 3 ; 4",3,152490,т,1,0,0,https://www.kavstal.ru/public/assets/images/products/Качественные_и_специальные_стали/СТАЛЬ_СОРТ_Х_Т_КАЛИБРОВКА_КРУГ/круг_стальной.webp,метизы;сталь сорт х/т калибровка круг;а-12;3;4;сталь;сорт;х/т;калибровка;круг,А-12,3 ; 4,ГОСТ 2590-2006,т
Качественные и специальные стали,СТАЛЬ СОРТ Х/Т КАЛИБРОВКА КРУГ,А-12,Сталь Сорт Х/т Калибровка Круг 5 А-12,"СТАЛЬ СОРТ Х/Т КАЛИБРОВКА КРУГ марки А-12, размер 5 ; 6; 7",5,124490,т,1,0,0,https://www.kavstal.ru/public/assets/images/products/Качественные_и_специальные_стали/СТАЛЬ_СОРТ_Х_Т_КАЛИБРОВКА_КРУГ/круг_стальной.webp,метизы;сталь сорт х/т калибровка круг;а-12;5;6;7;сталь;сорт;х/т;калибровка;круг,А-12,5 ; 6; 7,ГОСТ 2590-2006,т
Качественные и специальные стали,СТАЛЬ СОРТ Х/Т КАЛИБРОВКА КРУГ,А-12,Сталь Сорт Х/т Калибровка Круг 8 А-12,"СТАЛЬ СОРТ Х/Т КАЛИБРОВКА КРУГ марки А-12, размер 8 ; 9; 10",8,121490,т,1,0,0,https://www.kavstal.ru/public/assets/images/products/Качественные_и_специальные_стали/СТАЛЬ_СОРТ_Х_Т_КАЛИБРОВКА_КРУГ/круг_стальной.webp,метизы;сталь сорт х/т калибровка круг;а-12;8;9;10;сталь;сорт;х/т;калибровка;круг,А-12,8 ; 9; 10,ГОСТ 2590-2006,т
Качественные и специальные стали,СТАЛЬ СОРТ Х/Т КАЛИБРОВКА КРУГ,А-12,Сталь Сорт Х/т Калибровка Круг 11 А-12,"СТАЛЬ СОРТ Х/Т КАЛИБРОВКА КРУГ марки А-12, размер 11 ; 12; 13; 14; 15; 16; 17; 18; 19",11,116490,т,1,0,0,https://www.kavstal.ru/public/assets/images/products/Качественные_и_специальные_стали/СТАЛЬ_СОРТ_Х_Т_КАЛИБРОВКА_КРУГ/круг_стальной.webp,метизы;сталь сорт х/т калибровка круг;а-12;11;12;13;14;15;16;17;18;19;сталь;сорт;х/т;калибровка;круг,А-12,11 ; 12; 13; 14; 15; 16; 17; 18; 19,ГОСТ 2590-2006,т
Качественные и специальные стали,СТАЛЬ СОРТ Х/Т КАЛИБРОВКА КРУГ,А-12,Сталь Сорт Х/т Калибровка Круг 20 А-12,"СТАЛЬ СОРТ Х/Т КАЛИБРОВКА КРУГ марки А-12, размер 20 ; 21; 22; 24; 25; 26; 28; 30; 32",20,105490,т,1,0,0,https://www.kavstal.ru/public/assets/images/products/Качественные_и_специальные_стали/СТАЛЬ_СОРТ_Х_Т_КАЛИБРОВКА_КРУГ/круг_стальной.webp,метизы;сталь сорт х/т калибровка круг;а-12;20;21;22;24;25;26;28;30;32;сталь;сорт;х/т;калибровка;круг,А-12,20 ; 21; 22; 24; 25; 26; 28; 30; 32,ГОСТ 2590-2006,т
Качественные и специальные стали,СТАЛЬ СОРТ Х/Т КАЛИБРОВКА КРУГ,А-12,Сталь Сорт Х/т Калибровка Круг 35 А-12,"СТАЛЬ СОРТ Х/Т КАЛИБРОВКА КРУГ марки А-12, размер 35",35,111490,т,1,0,0,https://www.kavstal.ru/public/assets/images/products/Качественные_и_специальные_стали/СТАЛЬ_СОРТ_Х_Т_КАЛИБРОВКА_КРУГ/круг_стальной.webp,метизы;сталь сорт х/т калибровка круг;а-12;35;сталь;сорт;х/т;калибровка;круг,А-12,35,ГОСТ 2590-2006,т
Качественные и специальные стали,СТАЛЬ СОРТ Х/Т КАЛИБРОВКА КРУГ,А-12,Сталь Сорт Х/т Калибровка Круг 40 А-12,"СТАЛЬ СОРТ Х/Т КАЛИБРОВКА КРУГ марки А-12, размер 40",40,118490,т,1,0,0,https://www.kavstal.ru/public/assets/images/products/Качественные_и_специальные_стали/СТАЛЬ_СОРТ_Х_Т_КАЛИБРОВКА_КРУГ/круг_стальной.webp,метизы;сталь сорт х/т калибровка круг;а-12;40;сталь;сорт;х/т;калибровка;круг,А-12,40,ГОСТ 2590-2006,т
Качественные и специальные стали,СТАЛЬ СОРТ Х/Т КАЛИБРОВКА КРУГ,А-12,Сталь Сорт Х/т Калибровка Круг 48 А-12,"СТАЛЬ СОРТ Х/Т КАЛИБРОВКА КРУГ марки А-12, размер 48 ; 50",48,111490,т,1,0,0,https://www.kavstal.ru/public/assets/images/products/Качественные_и_специальные_стали/СТАЛЬ_СОРТ_Х_Т_КАЛИБРОВКА_КРУГ/круг_стальной.webp,метизы;сталь сорт х/т калибровка круг;а-12;48;50;сталь;сорт;х/т;калибровка;круг,А-12,48 ; 50,ГОСТ 2590-2006,т
Качественные и специальные стали,СТАЛЬ СОРТ Х/Т КАЛИБРОВКА КРУГ,Ст10,Сталь Сорт Х/т Калибровка Круг 3 Ст10,"СТАЛЬ СОРТ Х/Т КАЛИБРОВКА КРУГ марки Ст10, размер 3",3,123490,т,1,0,0,https://www.kavstal.ru/public/assets/images/products/Качественные_и_специальные_стали/СТАЛЬ_СОРТ_Х_Т_КАЛИБРОВКА_КРУГ/круг_стальной.webp,метизы;сталь сорт х/т калибровка круг;ст10;3;сталь;сорт;х/т;калибровка;круг,Ст10,3,ГОСТ 2590-2006,т
Качественные и специальные стали,СТАЛЬ СОРТ Х/Т КАЛИБРОВКА КРУГ,Ст10,Сталь Сорт Х/т Калибровка Круг 4 Ст10,"СТАЛЬ СОРТ Х/Т КАЛИБРОВКА КРУГ марки Ст10, размер 4",4,110490,т,1,0,0,https://www.kavstal.ru/public/assets/images/products/Качественные_и_специальные_стали/СТАЛЬ_СОРТ_Х_Т_КАЛИБРОВКА_КРУГ/круг_стальной.webp,метизы;сталь сорт х/т калибровка круг;ст10;4;сталь;сорт;х/т;калибровка;круг,Ст10,4,ГОСТ 2590-2006,т
Качественные и специальные стали,СТАЛЬ СОРТ Х/Т КАЛИБРОВКА КРУГ,Ст10,Сталь Сорт Х/т Калибровка Круг 5 Ст10,"СТАЛЬ СОРТ Х/Т КАЛИБРОВКА КРУГ марки Ст10, размер 5 ; 6",5,103490,т,1,0,0,https://www.kavstal.ru/public/assets/images/products/Качественные_и_специальные_стали/СТАЛЬ_СОРТ_Х_Т_КАЛИБРОВКА_КРУГ/круг_стальной.webp,метизы;сталь сорт х/т калибровка круг;ст10;5;6;сталь;сорт;х/т;калибровка;круг,Ст10,5 ; 6,ГОСТ 2590-2006,т
Качественные и специальные стали,СТАЛЬ СОРТ Х/Т КАЛИБРОВКА КРУГ,Ст10,Сталь Сорт Х/т Калибровка Круг 7 Ст10,"СТАЛЬ СОРТ Х/Т КАЛИБРОВКА КРУГ марки Ст10, размер 7 ; 8; 9; 10; 11; 12; 13; 14; 16; 17; 18; 19",7,96490,т,1,0,0,https://www.kavstal.ru/public/assets/images/products/Качественные_и_специальные_стали/СТАЛЬ_СОРТ_Х_Т_КАЛИБРОВКА_КРУГ/круг_стальной.webp,метизы;сталь сорт х/т калибровка круг;ст10;7;8;9;10;11;12;13;14;16;17;18;19;сталь;сорт;х/т;калибровка;круг,Ст10,7 ; 8; 9; 10; 11; 12; 13; 14; 16; 17; 18; 19,ГОСТ 2590-2006,т
Качественные и специальные стали,СТАЛЬ СОРТ Х/Т КАЛИБРОВКА КРУГ,Ст10,Сталь Сорт Х/т Калибровка Круг 20 Ст10,"СТАЛЬ СОРТ Х/Т КАЛИБРОВКА КРУГ марки Ст10, размер 20 ; 22; 24; 25; 26; 28; 32; 34; 36; 38; 40",20,93490,т,1,0,0,https://www.kavstal.ru/public/assets/images/products/Качественные_и_специальные_стали/СТАЛЬ_СОРТ_Х_Т_КАЛИБРОВКА_КРУГ/круг_стальной.webp,метизы;сталь сорт х/т калибровка круг;ст10;20;22;24;25;26;28;32;34;36;38;40;сталь;сорт;х/т;калибровка;круг,Ст10,20 ; 22; 24; 25; 26; 28; 32; 34; 36; 38; 40,ГОСТ 2590-2006,т
Качественные и специальные стали,СТАЛЬ СОРТ Х/Т КАЛИБРОВКА КРУГ,Ст10,Сталь Сорт Х/т Калибровка Круг 50 Ст10,"СТАЛЬ СОРТ Х/Т КАЛИБРОВКА КРУГ марки Ст10, размер 50 ; 52",50,104490,т,1,0,0,https://www.kavstal.ru/public/assets/images/products/Качественные_и_специальные_стали/СТАЛЬ_СОРТ_Х_Т_КАЛИБРОВКА_КРУГ/круг_стальной.webp,метизы;сталь сорт х/т калибровка круг;ст10;50;52;сталь;сорт;х/т;калибровка;круг,Ст10,50 ; 52,ГОСТ 2590-2006,т
Качественные и специальные стали,СТАЛЬ СОРТ Х/Т КАЛИБРОВКА КРУГ,Ст10,Сталь Сорт Х/т Калибровка Круг 60 Ст10,"СТАЛЬ СОРТ Х/Т КАЛИБРОВКА КРУГ марки Ст10, размер 60",60,111490,т,1,0,0,https://www.kavstal.ru/public/assets/images/products/Качественные_и_специальные_стали/СТАЛЬ_СОРТ_Х_Т_КАЛИБРОВКА_КРУГ/круг_стальной.webp,метизы;сталь сорт х/т калибровка круг;ст10;60;сталь;сорт;х/т;калибровка;круг,Ст10,60,ГОСТ 2590-2006,т
Качественные и специальные стали,СТАЛЬ СОРТ Х/Т КАЛИБРОВКА КРУГ,Ст20,Сталь Сорт Х/т Калибровка Круг 3 Ст20,"СТАЛЬ СОРТ Х/Т КАЛИБРОВКА КРУГ марки Ст20, размер 3",3,126490,т,1,0,0,https://www.kavstal.ru/public/assets/images/products/Качественные_и_специальные_стали/СТАЛЬ_СОРТ_Х_Т_КАЛИБРОВКА_КРУГ/круг_стальной.webp,метизы;сталь сорт х/т калибровка круг;ст20;3;сталь;сорт;х/т;калибровка;круг,Ст20,3,ГОСТ 2590-2006,т
Качественные и специальные стали,СТАЛЬ СОРТ Х/Т КАЛИБРОВКА КРУГ,Ст20,Сталь Сорт Х/т Калибровка Круг 4 Ст20,"СТАЛЬ СОРТ Х/Т КАЛИБРОВКА КРУГ марки Ст20, размер 4",4,110490,т,1,0,0,https://www.kavstal.ru/public/assets/images/products/Качественные_и_специальные_стали/СТАЛЬ_СОРТ_Х_Т_КАЛИБРОВКА_КРУГ/круг_стальной.webp,метизы;сталь сорт х/т калибровка круг;ст20;4;сталь;сорт;х/т;калибровка;круг,Ст20,4,ГОСТ 2590-2006,т
Качественные и специальные стали,СТАЛЬ СОРТ Х/Т КАЛИБРОВКА КРУГ,Ст20,Сталь Сорт Х/т Калибровка Круг 5 Ст20,"СТАЛЬ СОРТ Х/Т КАЛИБРОВКА КРУГ марки Ст20, размер 5 ; 6; 7",5,103490,т,1,0,0,https://www.kavstal.ru/public/assets/images/products/Качественные_и_специальные_стали/СТАЛЬ_СОРТ_Х_Т_КАЛИБРОВКА_КРУГ/круг_стальной.webp,метизы;сталь сорт х/т калибровка круг;ст20;5;6;7;сталь;сорт;х/т;калибровка;круг,Ст20,5 ; 6; 7,ГОСТ 2590-2006,т
Качественные и специальные стали,СТАЛЬ СОРТ Х/Т КАЛИБРОВКА КРУГ,Ст20,Сталь Сорт Х/т Калибровка Круг 8 Ст20,"СТАЛЬ СОРТ Х/Т КАЛИБРОВКА КРУГ марки Ст20, размер 8 ; 9; 10; 11; 12; 13; 14; 15; 16; 17; 18; 19",8,96490,т,1,0,0,https://www.kavstal.ru/public/assets/images/products/Качественные_и_специальные_стали/СТАЛЬ_СОРТ_Х_Т_КАЛИБРОВКА_КРУГ/круг_стальной.webp,метизы;сталь сорт х/т калибровка круг;ст20;8;9;10;11;12;13;14;15;16;17;18;19;сталь;сорт;х/т;калибровка;круг,Ст20,8 ; 9; 10; 11; 12; 13; 14; 15; 16; 17; 18; 19,ГОСТ 2590-2006,т
Качественные и специальные стали,СТАЛЬ СОРТ Х/Т КАЛИБРОВКА КРУГ,Ст20,Сталь Сорт Х/т Калибровка Круг 20 Ст20,"СТАЛЬ СОРТ Х/Т КАЛИБРОВКА КРУГ марки Ст20, размер 20 ; 22; 23; 24; 25; 26; 27; 30; 34; 35; 38; 40; 42",20,93490,т,1,0,0,https://www.kavstal.ru/public/assets/images/products/Качественные_и_специальные_стали/СТАЛЬ_СОРТ_Х_Т_КАЛИБРОВКА_КРУГ/круг_стальной.webp,метизы;сталь сорт х/т калибровка круг;ст20;20;22;23;24;25;26;27;30;34;35;38;40;42;сталь;сорт;х/т;калибровка;круг,Ст20,20 ; 22; 23; 24; 25; 26; 27; 30; 34; 35; 38; 40; 42,ГОСТ 2590-2006,т
Качественные и специальные стали,СТАЛЬ СОРТ Х/Т КАЛИБРОВКА КРУГ,Ст20,Сталь Сорт Х/т Калибровка Круг 50 Ст20,"СТАЛЬ СОРТ Х/Т КАЛИБРОВКА КРУГ марки Ст20, размер 50 ; 56; 60",50,104490,т,1,0,0,https://www.kavstal.ru/public/assets/images/products/Качественные_и_специальные_стали/СТАЛЬ_СОРТ_Х_Т_КАЛИБРОВКА_КРУГ/круг_стальной.webp,метизы;сталь сорт х/т калибровка круг;ст20;50;56;60;сталь;сорт;х/т;калибровка;круг,Ст20,50 ; 56; 60,ГОСТ 2590-2006,т
Качественные и специальные стали,СТАЛЬ СОРТ Х/Т КАЛИБРОВКА КРУГ,Ст35,Сталь Сорт Х/т Калибровка Круг 3 Ст35,"СТАЛЬ СОРТ Х/Т КАЛИБРОВКА КРУГ марки Ст35, размер 3",3,127490,т,1,0,0,https://www.kavstal.ru/public/assets/images/products/Качественные_и_специальные_стали/СТАЛЬ_СОРТ_Х_Т_КАЛИБРОВКА_КРУГ/круг_стальной.webp,метизы;сталь сорт х/т калибровка круг;ст35;3;сталь;сорт;х/т;калибровка;круг,Ст35,3,ГОСТ 2590-2006,т
Качественные и специальные стали,СТАЛЬ СОРТ Х/Т КАЛИБРОВКА КРУГ,Ст35,Сталь Сорт Х/т Калибровка Круг 4 Ст35,"СТАЛЬ СОРТ Х/Т КАЛИБРОВКА КРУГ марки Ст35, размер 4",4,110490,т,1,0,0,https://www.kavstal.ru/public/assets/images/products/Качественные_и_специальные_стали/СТАЛЬ_СОРТ_Х_Т_КАЛИБРОВКА_КРУГ/круг_стальной.webp,метизы;сталь сорт х/т калибровка круг;ст35;4;сталь;сорт;х/т;калибровка;круг,Ст35,4,ГОСТ 2590-2006,т
Качественные и специальные стали,СТАЛЬ СОРТ Х/Т КАЛИБРОВКА КРУГ,Ст35,Сталь Сорт Х/т Калибровка Круг 5 Ст35,"СТАЛЬ СОРТ Х/Т КАЛИБРОВКА КРУГ марки Ст35, размер 5 ; 6",5,103490,т,1,0,0,https://www.kavstal.ru/public/assets/images/products/Качественные_и_специальные_стали/СТАЛЬ_СОРТ_Х_Т_КАЛИБРОВКА_КРУГ/круг_стальной.webp,метизы;сталь сорт х/т калибровка круг;ст35;5;6;сталь;сорт;х/т;калибровка;круг,Ст35,5 ; 6,ГОСТ 2590-2006,т
Качественные и специальные стали,СТАЛЬ СОРТ Х/Т КАЛИБРОВКА КРУГ,Ст35,Сталь Сорт Х/т Калибровка Круг 7 Ст35,"СТАЛЬ СОРТ Х/Т КАЛИБРОВКА КРУГ марки Ст35, размер 7",7,100000,т,1,0,0,https://www.kavstal.ru/public/assets/images/products/Качественные_и_специальные_стали/СТАЛЬ_СОРТ_Х_Т_КАЛИБРОВКА_КРУГ/круг_стальной.webp,метизы;сталь сорт х/т калибровка круг;ст35;7;сталь;сорт;х/т;калибровка;круг,Ст35,7,ГОСТ 2590-2006,т
Качественные и специальные стали,СТАЛЬ СОРТ Х/Т КАЛИБРОВКА КРУГ,Ст35,Сталь Сорт Х/т Калибровка Круг 8 Ст35,"СТАЛЬ СОРТ Х/Т КАЛИБРОВКА КРУГ марки Ст35, размер 8",8,103490,т,1,0,0,https://www.kavstal.ru/public/assets/images/products/Качественные_и_специальные_стали/СТАЛЬ_СОРТ_Х_Т_КАЛИБРОВКА_КРУГ/круг_стальной.webp,метизы;сталь сорт х/т калибровка круг;ст35;8;сталь;сорт;х/т;калибровка;круг,Ст35,8,ГОСТ 2590-2006,т
Качественные и специальные стали,СТАЛЬ СОРТ Х/Т КАЛИБРОВКА КРУГ,Ст35,Сталь Сорт Х/т Калибровка Круг 9 Ст35,"СТАЛЬ СОРТ Х/Т КАЛИБРОВКА КРУГ марки Ст35, размер 9 ; 10; 11; 12; 13; 14; 15; 16; 17",9,96490,т,1,0,0,https://www.kavstal.ru/public/assets/images/products/Качественные_и_специальные_стали/СТАЛЬ_СОРТ_Х_Т_КАЛИБРОВКА_КРУГ/круг_стальной.webp,метизы;сталь сорт х/т калибровка круг;ст35;9;10;11;12;13;14;15;16;17;сталь;сорт;х/т;калибровка;круг,Ст35,9 ; 10; 11; 12; 13; 14; 15; 16; 17,ГОСТ 2590-2006,т
Качественные и специальные стали,СТАЛЬ СОРТ Х/Т КАЛИБРОВКА КРУГ,Ст35,Сталь Сорт Х/т Калибровка Круг 18 Ст35,"СТАЛЬ СОРТ Х/Т КАЛИБРОВКА КРУГ марки Ст35, размер 18",18,90490,т,1,0,0,https://www.kavstal.ru/public/assets/images/products/Качественные_и_специальные_стали/СТАЛЬ_СОРТ_Х_Т_КАЛИБРОВКА_КРУГ/круг_стальной.webp,метизы;сталь сорт х/т калибровка круг;ст35;18;сталь;сорт;х/т;калибровка;круг,Ст35,18,ГОСТ 2590-2006,т
Качественные и специальные стали,СТАЛЬ СОРТ Х/Т КАЛИБРОВКА КРУГ,Ст35,Сталь Сорт Х/т Калибровка Круг 20 Ст35,"СТАЛЬ СОРТ Х/Т КАЛИБРОВКА КРУГ марки Ст35, размер 20 ; 22; 24; 25; 26; 27; 28; 30; 31; 32; 34; 35; 36; 38; 42; 45",20,93490,т,1,0,0,https://www.kavstal.ru/public/assets/images/products/Качественные_и_специальные_стали/СТАЛЬ_СОРТ_Х_Т_КАЛИБРОВКА_КРУГ/круг_стальной.webp,метизы;сталь сорт х/т калибровка круг;ст35;20;22;24;25;26;27;28;30;31;32;34;35;36;38;42;45;сталь;сорт;х/т;калибровка;круг,Ст35,20 ; 22; 24; 25; 26; 27; 28; 30; 31; 32; 34; 35; 36; 38; 42; 45,ГОСТ 2590-2006,т
Качественные и специальные стали,СТАЛЬ СОРТ Х/Т КАЛИБРОВКА КРУГ,Ст35,Сталь Сорт Х/т Калибровка Круг 46 Ст35,"СТАЛЬ СОРТ Х/Т КАЛИБРОВКА КРУГ марки Ст35, размер 46 ; 48",46,92490,т,1,0,0,https://www.kavstal.ru/public/assets/images/products/Качественные_и_специальные_стали/СТАЛЬ_СОРТ_Х_Т_КАЛИБРОВКА_КРУГ/круг_стальной.webp,метизы;сталь сорт х/т калибровка круг;ст35;46;48;сталь;сорт;х/т;калибровка;круг,Ст35,46 ; 48,ГОСТ 2590-2006,т
Качественные и специальные стали,СТАЛЬ СОРТ Х/Т КАЛИБРОВКА КРУГ,Ст35,Сталь Сорт Х/т Калибровка Круг 50 Ст35,"СТАЛЬ СОРТ Х/Т КАЛИБРОВКА КРУГ марки Ст35, размер 50",50,104490,т,1,0,0,https://www.kavstal.ru/public/assets/images/products/Качественные_и_специальные_стали/СТАЛЬ_СОРТ_Х_Т_КАЛИБРОВКА_КРУГ/круг_стальной.webp,метизы;сталь сорт х/т калибровка круг;ст35;50;сталь;сорт;х/т;калибровка;круг,Ст35,50,ГОСТ 2590-2006,т
Качественные и специальные стали,СТАЛЬ СОРТ Х/Т КАЛИБРОВКА КРУГ,Ст45,Сталь Сорт Х/т Калибровка Круг 3 Ст45,"СТАЛЬ СОРТ Х/Т КАЛИБРОВКА КРУГ марки Ст45, размер 3",3,123490,т,1,0,0,https://www.kavstal.ru/public/assets/images/products/Качественные_и_специальные_стали/СТАЛЬ_СОРТ_Х_Т_КАЛИБРОВКА_КРУГ/круг_стальной.webp,метизы;сталь сорт х/т калибровка круг;ст45;3;сталь;сорт;х/т;калибровка;круг,Ст45,3,ГОСТ 2590-2006,т
Качественные и специальные стали,СТАЛЬ СОРТ Х/Т КАЛИБРОВКА КРУГ,Ст45,Сталь Сорт Х/т Калибровка Круг 4 Ст45,"СТАЛЬ СОРТ Х/Т КАЛИБРОВКА КРУГ марки Ст45, размер 4",4,110490,т,1,0,0,https://www.kavstal.ru/public/assets/images/products/Качественные_и_специальные_стали/СТАЛЬ_СОРТ_Х_Т_КАЛИБРОВКА_КРУГ/круг_стальной.webp,метизы;сталь сорт х/т калибровка круг;ст45;4;сталь;сорт;х/т;калибровка;круг,Ст45,4,ГОСТ 2590-2006,т
Качественные и специальные стали,СТАЛЬ СОРТ Х/Т КАЛИБРОВКА КРУГ,Ст45,Сталь Сорт Х/т Калибровка Круг 5 Ст45,"СТАЛЬ СОРТ Х/Т КАЛИБРОВКА КРУГ марки Ст45, размер 5 ; 6",5,103490,т,1,0,0,https://www.kavstal.ru/public/assets/images/products/Качественные_и_специальные_стали/СТАЛЬ_СОРТ_Х_Т_КАЛИБРОВКА_КРУГ/круг_стальной.webp,метизы;сталь сорт х/т калибровка круг;ст45;5;6;сталь;сорт;х/т;калибровка;круг,Ст45,5 ; 6,ГОСТ 2590-2006,т
Качественные и специальные стали,СТАЛЬ СОРТ Х/Т КАЛИБРОВКА КРУГ,Ст45,Сталь Сорт Х/т Калибровка Круг 7 Ст45,"СТАЛЬ СОРТ Х/Т КАЛИБРОВКА КРУГ марки Ст45, размер 7",7,98490,т,1,0,0,https://www.kavstal.ru/public/assets/images/products/Качественные_и_специальные_стали/СТАЛЬ_СОРТ_Х_Т_КАЛИБРОВКА_КРУГ/круг_стальной.webp,метизы;сталь сорт х/т калибровка круг;ст45;7;сталь;сорт;х/т;калибровка;круг,Ст45,7,ГОСТ 2590-2006,т
Качественные и специальные стали,СТАЛЬ СОРТ Х/Т КАЛИБРОВКА КРУГ,Ст45,Сталь Сорт Х/т Калибровка Круг 8 Ст45,"СТАЛЬ СОРТ Х/Т КАЛИБРОВКА КРУГ марки Ст45, размер 8 ; 9; 10; 11; 12; 13; 14; 15; 16; 17; 18",8,96490,т,1,0,0,https://www.kavstal.ru/public/assets/images/products/Качественные_и_специальные_стали/СТАЛЬ_СОРТ_Х_Т_КАЛИБРОВКА_КРУГ/круг_стальной.webp,метизы;сталь сорт х/т калибровка круг;ст45;8;9;10;11;12;13;14;15;16;17;18;сталь;сорт;х/т;калибровка;круг,Ст45,8 ; 9; 10; 11; 12; 13; 14; 15; 16; 17; 18,ГОСТ 2590-2006,т
Качественные и специальные стали,СТАЛЬ СОРТ Х/Т КАЛИБРОВКА КРУГ,Ст45,Сталь Сорт Х/т Калибровка Круг 20 Ст45,"СТАЛЬ СОРТ Х/Т КАЛИБРОВКА КРУГ марки Ст45, размер 20 ; 21; 22; 23; 24; 25; 26; 27; 28; 30; 32; 34; 35; 36; 38; 40; 41; 42; 45; 46",20,93490,т,1,0,0,https://www.kavstal.ru/public/assets/images/products/Качественные_и_специальные_стали/СТАЛЬ_СОРТ_Х_Т_КАЛИБРОВКА_КРУГ/круг_стальной.webp,метизы;сталь сорт х/т калибровка круг;ст45;20;21;22;23;24;25;26;27;28;30;32;34;35;36;38;40;41;42;45;46;сталь;сорт;х/т;калибровка;круг,Ст45,20 ; 21; 22; 23; 24; 25; 26; 27; 28; 30; 32; 34; 35; 36; 38; 40; 41; 42; 45; 46,ГОСТ 2590-2006,т
Качественные и специальные стали,СТАЛЬ СОРТ Х/Т КАЛИБРОВКА КРУГ,Ст45,Сталь Сорт Х/т Калибровка Круг 50 Ст45,"СТАЛЬ СОРТ Х/Т КАЛИБРОВКА КРУГ марки Ст45, размер 50 ; 52; 56; 60",50,104490,т,1,0,0,https://www.kavstal.ru/public/assets/images/products/Качественные_и_специальные_стали/СТАЛЬ_СОРТ_Х_Т_КАЛИБРОВКА_КРУГ/круг_стальной.webp,метизы;сталь сорт х/т калибровка круг;ст45;50;52;56;60;сталь;сорт;х/т;калибровка;круг,Ст45,50 ; 52; 56; 60,ГОСТ 2590-2006,т
Качественные и специальные стали,СТАЛЬ ФАСОН ПРОФИЛИ ПОЛОСА,Ст45 6,Сталь Фасон Профили Полоса 24 Ст45 6,"СТАЛЬ ФАСОН ПРОФИЛИ ПОЛОСА марки Ст45 6, размер 24",24,235990,т,1,0,0,https://www.kavstal.ru/public/assets/images/products/Качественные_и_специальные_стали/СТАЛЬ_ФАСОН_ПРОФИЛИ_ПОЛОСА/полоса_стальная.webp,метизы;сталь фасон профили полоса;ст45 6;24;сталь;фасон;профили;полоса;ст45,Ст45 6,24,ГОСТ 103-2006,т
Качественные и специальные стали,СТАЛЬ ФАСОН ПРОФИЛИ ПОЛОСА,Ст45 8,Сталь Фасон Профили Полоса 7 Ст45 8,"СТАЛЬ ФАСОН ПРОФИЛИ ПОЛОСА марки Ст45 8, размер 7",7,258990,т,1,0,0,https://www.kavstal.ru/public/assets/images/products/Качественные_и_специальные_стали/СТАЛЬ_ФАСОН_ПРОФИЛИ_ПОЛОСА/полоса_стальная.webp,метизы;сталь фасон профили полоса;ст45 8;7;сталь;фасон;профили;полоса;ст45,Ст45 8,7,ГОСТ 103-2006,т
Качественные и специальные стали,СТАЛЬ ФАСОН ПРОФИЛИ ПОЛОСА,Ст45 10,Сталь Фасон Профили Полоса 8 Ст45 10,"СТАЛЬ ФАСОН ПРОФИЛИ ПОЛОСА марки Ст45 10, размер 8",8,235990,т,1,0,0,https://www.kavstal.ru/public/assets/images/products/Качественные_и_специальные_стали/СТАЛЬ_ФАСОН_ПРОФИЛИ_ПОЛОСА/полоса_стальная.webp,метизы;сталь фасон профили полоса;ст45 10;8;сталь;фасон;профили;полоса;ст45;10,Ст45 10,8,ГОСТ 103-2006,т
Качественные и специальные стали,СТАЛЬ ФАСОН ПРОФИЛИ ПОЛОСА,Ст45 12,Сталь Фасон Профили Полоса 20 Ст45 12,"СТАЛЬ ФАСОН ПРОФИЛИ ПОЛОСА марки Ст45 12, размер 20",20,245990,т,1,0,0,https://www.kavstal.ru/public/assets/images/products/Качественные_и_специальные_стали/СТАЛЬ_ФАСОН_ПРОФИЛИ_ПОЛОСА/полоса_стальная.webp,метизы;сталь фасон профили полоса;ст45 12;20;сталь;фасон;профили;полоса;ст45;12,Ст45 12,20,ГОСТ 103-2006,т
Качественные и специальные стали,СТАЛЬ ФАСОН ПРОФИЛИ ПОЛОСА,Ст45 14,Сталь Фасон Профили Полоса 22 Ст45 14,"СТАЛЬ ФАСОН ПРОФИЛИ ПОЛОСА марки Ст45 14, размер 22",22,235990,т,1,0,0,https://www.kavstal.ru/public/assets/images/products/Качественные_и_специальные_стали/СТАЛЬ_ФАСОН_ПРОФИЛИ_ПОЛОСА/полоса_стальная.webp,метизы;сталь фасон профили полоса;ст45 14;22;сталь;фасон;профили;полоса;ст45;14,Ст45 14,22,ГОСТ 103-2006,т
Качественные и специальные стали,СТАЛЬ ФАСОН ПРОФИЛИ ПОЛОСА,Ст45 16,Сталь Фасон Профили Полоса 28 Ст45 16,"СТАЛЬ ФАСОН ПРОФИЛИ ПОЛОСА марки Ст45 16, размер 28",28,257990,т,1,0,0,https://www.kavstal.ru/public/assets/images/products/Качественные_и_специальные_стали/СТАЛЬ_ФАСОН_ПРОФИЛИ_ПОЛОСА/полоса_стальная.webp,метизы;сталь фасон профили полоса;ст45 16;28;сталь;фасон;профили;полоса;ст45;16,Ст45 16,28,ГОСТ 103-2006,т
Качественные и специальные стали,СТАЛЬ ФАСОН ПРОФИЛИ ПОЛОСА,Ст45 25,Сталь Фасон Профили Полоса 14 Ст45 25,"СТАЛЬ ФАСОН ПРОФИЛИ ПОЛОСА марки Ст45 25, размер 14",14,262990,т,1,0,0,https://www.kavstal.ru/public/assets/images/products/Качественные_и_специальные_стали/СТАЛЬ_ФАСОН_ПРОФИЛИ_ПОЛОСА/полоса_стальная.webp,метизы;сталь фасон профили полоса;ст45 25;14;сталь;фасон;профили;полоса;ст45;25,Ст45 25,14,ГОСТ 103-2006,т
Качественные и специальные стали,СТАЛЬ ФАСОН ПРОФИЛИ ПОЛОСА,Ст45 32,Сталь Фасон Профили Полоса 18 Ст45 32,"СТАЛЬ ФАСОН ПРОФИЛИ ПОЛОСА марки Ст45 32, размер 18",18,232990,т,1,0,0,https://www.kavstal.ru/public/assets/images/products/Качественные_и_специальные_стали/СТАЛЬ_ФАСОН_ПРОФИЛИ_ПОЛОСА/полоса_стальная.webp,метизы;сталь фасон профили полоса;ст45 32;18;сталь;фасон;профили;полоса;ст45;32,Ст45 32,18,ГОСТ 103-2006,т
Качественные и специальные стали,СТАЛЬ ФАСОН ПРОФИЛИ ПОЛОСА,Ст45 9,Сталь Фасон Профили Полоса 14 Ст45 9,"СТАЛЬ ФАСОН ПРОФИЛИ ПОЛОСА марки Ст45 9, размер 14",14,257990,т,1,0,0,https://www.kavstal.ru/public/assets/images/products/Качественные_и_специальные_стали/СТАЛЬ_ФАСОН_ПРОФИЛИ_ПОЛОСА/полоса_стальная.webp,метизы;сталь фасон профили полоса;ст45 9;14;сталь;фасон;профили;полоса;ст45,Ст45 9,14,ГОСТ 103-2006,т
Качественные и специальные стали,СТАЛЬ ФАСОН ПРОФИЛИ ПОЛОСА,Ст45 10,Сталь Фасон Профили Полоса 16 Ст45 10,"СТАЛЬ ФАСОН ПРОФИЛИ ПОЛОСА марки Ст45 10, размер 16",16,274990,т,1,0,0,https://www.kavstal.ru/public/assets/images/products/Качественные_и_специальные_стали/СТАЛЬ_ФАСОН_ПРОФИЛИ_ПОЛОСА/полоса_стальная.webp,метизы;сталь фасон профили полоса;ст45 10;16;сталь;фасон;профили;полоса;ст45;10,Ст45 10,16,ГОСТ 103-2006,т
Качественные и специальные стали,СТАЛЬ ФАСОН ПРОФИЛИ ПОЛОСА,Ст45 11,Сталь Фасон Профили Полоса 18 Ст45 11,"СТАЛЬ ФАСОН ПРОФИЛИ ПОЛОСА марки Ст45 11, размер 18",18,267990,т,1,0,0,https://www.kavstal.ru/public/assets/images/products/Качественные_и_специальные_стали/СТАЛЬ_ФАСОН_ПРОФИЛИ_ПОЛОСА/полоса_стальная.webp,метизы;сталь фасон профили полоса;ст45 11;18;сталь;фасон;профили;полоса;ст45;11,Ст45 11,18,ГОСТ 103-2006,т
Качественные и специальные стали,СТАЛЬ СЕРЕБРЯНКА,20Х20Н10,Сталь Серебрянка 12.3 20Х20Н10,"СТАЛЬ СЕРЕБРЯНКА марки 20Х20Н10, размер 12.3 ; 12.5",12.3,177470,т,1,0,0,https://www.kavstal.ru/public/assets/images/products/Качественные_и_специальные_стали/СТАЛЬ_СЕРЕБРЯНКА/круг_стальной.webp,метизы;сталь серебрянка;20х20н10;12;3;5;сталь;серебрянка;12.3,20Х20Н10,12.3 ; 12.5,,т
Качественные и специальные стали,СТАЛЬ СЕРЕБРЯНКА,У7А,Сталь Серебрянка 3 У7А,"СТАЛЬ СЕРЕБРЯНКА марки У7А, размер 3",3,147090,т,1,0,0,https://www.kavstal.ru/public/assets/images/products/Качественные_и_специальные_стали/СТАЛЬ_СЕРЕБРЯНКА/круг_стальной.webp,метизы;сталь серебрянка;у7а;3;сталь;серебрянка,У7А,3,,т
Качественные и специальные стали,ПРОВОЛОКА НИХРОМОВАЯ,Х15Н60,Проволока Нихромовая 1 Х15Н60,"ПРОВОЛОКА НИХРОМОВАЯ марки Х15Н60, размер 1",1,1311900,т,1,0,0,https://www.kavstal.ru/public/assets/images/products/Качественные_и_специальные_стали/ПРОВОЛОКА_НИХРОМОВАЯ/проволока.webp,метизы;проволока нихромовая;х15н60;1;проволока;нихромовая,Х15Н60,1,,т
Качественные и специальные стали,ПРОВОЛОКА НИХРОМОВАЯ,Х15Н60,Проволока Нихромовая 1.4 Х15Н60,"ПРОВОЛОКА НИХРОМОВАЯ марки Х15Н60, размер 1.4 ; 1.8; 2.5",1.4,1263900,т,1,0,0,https://www.kavstal.ru/public/assets/images/products/Качественные_и_специальные_стали/ПРОВОЛОКА_НИХРОМОВАЯ/проволока.webp,метизы;проволока нихромовая;х15н60;1;4;8;2;5;проволока;нихромовая;1.4,Х15Н60,1.4 ; 1.8; 2.5,,т
Качественные и специальные стали,ПРОВОЛОКА НИХРОМОВАЯ,Х15Н60,Проволока Нихромовая 3.5 Х15Н60,"ПРОВОЛОКА НИХРОМОВАЯ марки Х15Н60, размер 3.5",3.5,1251690,т,1,0,0,https://www.kavstal.ru/public/assets/images/products/Качественные_и_специальные_стали/ПРОВОЛОКА_НИХРОМОВАЯ/проволока.webp,метизы;проволока нихромовая;х15н60;3;5;проволока;нихромовая;3.5,Х15Н60,3.5,,т
Качественные и специальные стали,ПРОВОЛОКА НИХРОМОВАЯ,Х15Н60,Проволока Нихромовая 5 Х15Н60,"ПРОВОЛОКА НИХРОМОВАЯ марки Х15Н60, размер 5",5,806470,т,1,0,0,https://www.kavstal.ru/public/assets/images/products/Качественные_и_специальные_стали/ПРОВОЛОКА_НИХРОМОВАЯ/проволока.webp,метизы;проволока нихромовая;х15н60;5;проволока;нихромовая,Х15Н60,5,,т
Качественные и специальные стали,ПРОВОЛОКА НИХРОМОВАЯ,Х15Н60 б/с,Проволока Нихромовая 0.16 Х15Н60 б/с,"ПРОВОЛОКА НИХРОМОВАЯ марки Х15Н60 б/с, размер 0.16",0.16,1368190,т,1,0,0,https://www.kavstal.ru/public/assets/images/products/Качественные_и_специальные_стали/ПРОВОЛОКА_НИХРОМОВАЯ/проволока.webp,метизы;проволока нихромовая;х15н60 б/с;16;проволока;нихромовая;0.16;х15н60;б/с,Х15Н60 б/с,0.16,,т
Качественные и специальные стали,ПРОВОЛОКА НИХРОМОВАЯ,Х15Н60-Н,Проволока Нихромовая 0.1 Х15Н60-Н,"ПРОВОЛОКА НИХРОМОВАЯ марки Х15Н60-Н, размер 0.1",0.1,1582390,т,1,0,0,https://www.kavstal.ru/public/assets/images/products/Качественные_и_специальные_стали/ПРОВОЛОКА_НИХРОМОВАЯ/проволока.webp,метизы;проволока нихромовая;х15н60-н;1;проволока;нихромовая;0.1,Х15Н60-Н,0.1,,т
Качественные и специальные стали,ПРОВОЛОКА НИХРОМОВАЯ,Х20Н80-Н,Проволока Нихромовая 3.5 Х20Н80-Н,"ПРОВОЛОКА НИХРОМОВАЯ марки Х20Н80-Н, размер 3.5",3.5,1490990,т,1,0,0,https://www.kavstal.ru/public/assets/images/products/Качественные_и_специальные_стали/ПРОВОЛОКА_НИХРОМОВАЯ/проволока.webp,метизы;проволока нихромовая;х20н80-н;3;5;проволока;нихромовая;3.5,Х20Н80-Н,3.5,,т
Качественные и специальные стали,ЛЕНТА ИЗ ПРЕЦИЗ СПЛАВОВ,40КХНМ 105,"Лента Из Прециз Сплавов 0,2 40КХНМ 105","ЛЕНТА ИЗ ПРЕЦИЗ СПЛАВОВ марки 40КХНМ 105, размер 0,2",0,2641590,т,1,0,0,https://www.kavstal.ru/public/assets/images/products/Качественные_и_специальные_стали/ЛЕНТА_ИЗ_ПРЕЦИЗ_СПЛАВОВ/лента_из_прециз_сплавов.webp,метизы;лента из прециз сплавов;40кхнм 105;2;лента;из;прециз;сплавов;40кхнм;105,40КХНМ 105,"0,2",,т
Качественные и специальные стали,ЛЕНТА ИЗ ПРЕЦИЗ СПЛАВОВ,40КХНМ 200,"Лента Из Прециз Сплавов 0,1 40КХНМ 200","ЛЕНТА ИЗ ПРЕЦИЗ СПЛАВОВ марки 40КХНМ 200, размер 0,1 ; 0,25",0,2641590,т,1,0,0,https://www.kavstal.ru/public/assets/images/products/Качественные_и_специальные_стали/ЛЕНТА_ИЗ_ПРЕЦИЗ_СПЛАВОВ/лента_из_прециз_сплавов.webp,метизы;лента из прециз сплавов;40кхнм 200;1;25;лента;из;прециз;сплавов;40кхнм;200,40КХНМ 200,"0,1 ; 0,25",,т
Качественные и специальные стали,ЛЕНТА ИЗ ПРЕЦИЗ СПЛАВОВ,Х23Ю5 20,Лента Из Прециз Сплавов 3 Х23Ю5 20,"ЛЕНТА ИЗ ПРЕЦИЗ СПЛАВОВ марки Х23Ю5 20, размер 3",3,184190,т,1,0,0,https://www.kavstal.ru/public/assets/images/products/Качественные_и_специальные_стали/ЛЕНТА_ИЗ_ПРЕЦИЗ_СПЛАВОВ/лента_из_прециз_сплавов.webp,метизы;лента из прециз сплавов;х23ю5 20;3;лента;из;прециз;сплавов;х23ю5;20,Х23Ю5 20,3,,т
Качественные и специальные стали,ЛЕНТА ИЗ ПРЕЦИЗ СПЛАВОВ,ЭП-78-ВН 200,"Лента Из Прециз Сплавов 0,4 ЭП-78-ВН 200","ЛЕНТА ИЗ ПРЕЦИЗ СПЛАВОВ марки ЭП-78-ВН 200, размер 0,4",0,360590,т,1,0,0,https://www.kavstal.ru/public/assets/images/products/Качественные_и_специальные_стали/ЛЕНТА_ИЗ_ПРЕЦИЗ_СПЛАВОВ/лента_из_прециз_сплавов.webp,метизы;лента из прециз сплавов;эп-78-вн 200;4;лента;из;прециз;сплавов;эп-78-вн;200,ЭП-78-ВН 200,"0,4",,т
Качественные и специальные стали,ЛЕНТА НИХРОМОВАЯ,Х15Н60 15,Лента Нихромовая 1 Х15Н60 15,"ЛЕНТА НИХРОМОВАЯ марки Х15Н60 15, размер 1",1,745610,т,1,0,0,https://www.kavstal.ru/public/assets/images/products/Качественные_и_специальные_стали/ЛЕНТА_НИХРОМОВАЯ/лента_нихромовая.webp,метизы;лента нихромовая;х15н60 15;1;лента;нихромовая;х15н60;15,Х15Н60 15,1,,т
Качественные и специальные стали,ЛЕНТА НИХРОМОВАЯ,Х15Н60 25,Лента Нихромовая 2 Х15Н60 25,"ЛЕНТА НИХРОМОВАЯ марки Х15Н60 25, размер 2",2,681090,т,1,0,0,https://www.kavstal.ru/public/assets/images/products/Качественные_и_специальные_стали/ЛЕНТА_НИХРОМОВАЯ/лента_нихромовая.webp,метизы;лента нихромовая;х15н60 25;2;лента;нихромовая;х15н60;25,Х15Н60 25,2,,т
Качественные и специальные стали,ЛЕНТА НИХРОМОВАЯ,Х20Н80 12,"Лента Нихромовая 1,2 Х20Н80 12","ЛЕНТА НИХРОМОВАЯ марки Х20Н80 12, размер 1,2",1,840190,т,1,0,0,https://www.kavstal.ru/public/assets/images/products/Качественные_и_специальные_стали/ЛЕНТА_НИХРОМОВАЯ/лента_нихромовая.webp,метизы;лента нихромовая;х20н80 12;1;2;лента;нихромовая;х20н80;12,Х20Н80 12,"1,2",,т
Качественные и специальные стали,ЛЕНТА НИХРОМОВАЯ,Х20Н80 15,"Лента Нихромовая 1,5 Х20Н80 15","ЛЕНТА НИХРОМОВАЯ марки Х20Н80 15, размер 1,5",1,840190,т,1,0,0,https://www.kavstal.ru/public/assets/images/products/Качественные_и_специальные_стали/ЛЕНТА_НИХРОМОВАЯ/лента_нихромовая.webp,метизы;лента нихромовая;х20н80 15;1;5;лента;нихромовая;х20н80;15,Х20Н80 15,"1,5",,т
Качественные и специальные стали,СТАЛЬ СОРТ Х/Т КАЛИБРОВКА ШЕСТИГРАННИК,40Х,Сталь Сорт Х/т Калибровка Шестигранник 13 40Х,"СТАЛЬ СОРТ Х/Т КАЛИБРОВКА ШЕСТИГРАННИК марки 40Х, размер 13 ; 14",13,117490,т,1,0,0,https://www.kavstal.ru/public/assets/images/products/Качественные_и_специальные_стали/СТАЛЬ_СОРТ_Х_Т_КАЛИБРОВКА_ШЕСТИГРАННИК/шестигранник_1.webp,метизы;сталь сорт х/т калибровка шестигранник;40х;13;14;сталь;сорт;х/т;калибровка;шестигранник,40Х,13 ; 14,,т
Качественные и специальные стали,СТАЛЬ СОРТ Х/Т КАЛИБРОВКА ШЕСТИГРАННИК,40Х,Сталь Сорт Х/т Калибровка Шестигранник 17 40Х,"СТАЛЬ СОРТ Х/Т КАЛИБРОВКА ШЕСТИГРАННИК марки 40Х, размер 17 ; 19",17,119490,т,1,0,0,https://www.kavstal.ru/public/assets/images/products/Качественные_и_специальные_стали/СТАЛЬ_СОРТ_Х_Т_КАЛИБРОВКА_ШЕСТИГРАННИК/шестигранник.webp,метизы;сталь сорт х/т калибровка шестигранник;40х;17;19;сталь;сорт;х/т;калибровка;шестигранник,40Х,17 ; 19,,т
Качественные и специальные стали,СТАЛЬ СОРТ Х/Т КАЛИБРОВКА ШЕСТИГРАННИК,40Х,Сталь Сорт Х/т Калибровка Шестигранник 22 40Х,"СТАЛЬ СОРТ Х/Т КАЛИБРОВКА ШЕСТИГРАННИК марки 40Х, размер 22",22,118490,т,1,0,0,https://www.kavstal.ru/public/assets/images/products/Качественные_и_специальные_стали/СТАЛЬ_СОРТ_Х_Т_КАЛИБРОВКА_ШЕСТИГРАННИК/шестигранник_1.webp,метизы;сталь сорт х/т калибровка шестигранник;40х;22;сталь;сорт;х/т;калибровка;шестигранник,40Х,22,,т
Качественные и специальные стали,СТАЛЬ СОРТ Х/Т КАЛИБРОВКА ШЕСТИГРАННИК,40Х,Сталь Сорт Х/т Калибровка Шестигранник 24 40Х,"СТАЛЬ СОРТ Х/Т КАЛИБРОВКА ШЕСТИГРАННИК марки 40Х, размер 24 ; 27; 30",24,117490,т,1,0,0,https://www.kavstal.ru/public/assets/images/products/Качественные_и_специальные_стали/СТАЛЬ_СОРТ_Х_Т_КАЛИБРОВКА_ШЕСТИГРАННИК/шестигранник.webp,метизы;сталь сорт х/т калибровка шестигранник;40х;24;27;30;сталь;сорт;х/т;калибровка;шестигранник,40Х,24 ; 27; 30,,т
Качественные и специальные стали,СТАЛЬ СОРТ Х/Т КАЛИБРОВКА ШЕСТИГРАННИК,40Х,Сталь Сорт Х/т Калибровка Шестигранник 32 40Х,"СТАЛЬ СОРТ Х/Т КАЛИБРОВКА ШЕСТИГРАННИК марки 40Х, размер 32",32,112490,т,1,0,0,https://www.kavstal.ru/public/assets/images/products/Качественные_и_специальные_стали/СТАЛЬ_СОРТ_Х_Т_КАЛИБРОВКА_ШЕСТИГРАННИК/шестигранник_1.webp,метизы;сталь сорт х/т калибровка шестигранник;40х;32;сталь;сорт;х/т;калибровка;шестигранник,40Х,32,,т
Качественные и специальные стали,СТАЛЬ СОРТ Х/Т КАЛИБРОВКА ШЕСТИГРАННИК,40Х,Сталь Сорт Х/т Калибровка Шестигранник 41 40Х,"СТАЛЬ СОРТ Х/Т КАЛИБРОВКА ШЕСТИГРАННИК марки 40Х, размер 41 ; 46",41,103490,т,1,0,0,https://www.kavstal.ru/public/assets/images/products/Качественные_и_специальные_стали/СТАЛЬ_СОРТ_Х_Т_КАЛИБРОВКА_ШЕСТИГРАННИК/шестигранник.webp,метизы;сталь сорт х/т калибровка шестигранник;40х;41;46;сталь;сорт;х/т;калибровка;шестигранник,40Х,41 ; 46,,т
Качественные и специальные стали,СТАЛЬ СОРТ Х/Т КАЛИБРОВКА ШЕСТИГРАННИК,А-12,Сталь Сорт Х/т Калибровка Шестигранник 6 А-12,"СТАЛЬ СОРТ Х/Т КАЛИБРОВКА ШЕСТИГРАННИК марки А-12, размер 6 ; 7",6,134490,т,1,0,0,https://www.kavstal.ru/public/assets/images/products/Качественные_и_специальные_стали/СТАЛЬ_СОРТ_Х_Т_КАЛИБРОВКА_ШЕСТИГРАННИК/шестигранник_1.webp,метизы;сталь сорт х/т калибровка шестигранник;а-12;6;7;сталь;сорт;х/т;калибровка;шестигранник,А-12,6 ; 7,,т
Качественные и специальные стали,СТАЛЬ СОРТ Х/Т КАЛИБРОВКА ШЕСТИГРАННИК,А-12,Сталь Сорт Х/т Калибровка Шестигранник 8 А-12,"СТАЛЬ СОРТ Х/Т КАЛИБРОВКА ШЕСТИГРАННИК марки А-12, размер 8",8,133490,т,1,0,0,https://www.kavstal.ru/public/assets/images/products/Качественные_и_специальные_стали/СТАЛЬ_СОРТ_Х_Т_КАЛИБРОВКА_ШЕСТИГРАННИК/шестигранник.webp,метизы;сталь сорт х/т калибровка шестигранник;а-12;8;сталь;сорт;х/т;калибровка;шестигранник,А-12,8,,т
Качественные и специальные стали,СТАЛЬ СОРТ Х/Т КАЛИБРОВКА ШЕСТИГРАННИК,А-12,Сталь Сорт Х/т Калибровка Шестигранник 10 А-12,"СТАЛЬ СОРТ Х/Т КАЛИБРОВКА ШЕСТИГРАННИК марки А-12, размер 10",10,120490,т,1,0,0,https://www.kavstal.ru/public/assets/images/products/Качественные_и_специальные_стали/СТАЛЬ_СОРТ_Х_Т_КАЛИБРОВКА_ШЕСТИГРАННИК/шестигранник_1.webp,метизы;сталь сорт х/т калибровка шестигранник;а-12;10;сталь;сорт;х/т;калибровка;шестигранник,А-12,10,,т
Качественные и специальные стали,СТАЛЬ СОРТ Х/Т КАЛИБРОВКА ШЕСТИГРАННИК,А-12,Сталь Сорт Х/т Калибровка Шестигранник 12 А-12,"СТАЛЬ СОРТ Х/Т КАЛИБРОВКА ШЕСТИГРАННИК марки А-12, размер 12 ; 13; 14; 17; 19; 21",12,118490,т,1,0,0,https://www.kavstal.ru/public/assets/images/products/Качественные_и_специальные_стали/СТАЛЬ_СОРТ_Х_Т_КАЛИБРОВКА_ШЕСТИГРАННИК/шестигранник.webp,метизы;сталь сорт х/т калибровка шестигранник;а-12;12;13;14;17;19;21;сталь;сорт;х/т;калибровка;шестигранник,А-12,12 ; 13; 14; 17; 19; 21,,т
Качественные и специальные стали,СТАЛЬ СОРТ Х/Т КАЛИБРОВКА ШЕСТИГРАННИК,А-12,Сталь Сорт Х/т Калибровка Шестигранник 22 А-12,"СТАЛЬ СОРТ Х/Т КАЛИБРОВКА ШЕСТИГРАННИК марки А-12, размер 22 ; 24",22,110490,т,1,0,0,https://www.kavstal.ru/public/assets/images/products/Качественные_и_специальные_стали/СТАЛЬ_СОРТ_Х_Т_КАЛИБРОВКА_ШЕСТИГРАННИК/шестигранник_1.webp,метизы;сталь сорт х/т калибровка шестигранник;а-12;22;24;сталь;сорт;х/т;калибровка;шестигранник,А-12,22 ; 24,,т
Качественные и специальные стали,СТАЛЬ СОРТ Х/Т КАЛИБРОВКА ШЕСТИГРАННИК,А-12,Сталь Сорт Х/т Калибровка Шестигранник 27 А-12,"СТАЛЬ СОРТ Х/Т КАЛИБРОВКА ШЕСТИГРАННИК марки А-12, размер 27",27,114490,т,1,0,0,https://www.kavstal.ru/public/assets/images/products/Качественные_и_специальные_стали/СТАЛЬ_СОРТ_Х_Т_КАЛИБРОВКА_ШЕСТИГРАННИК/шестигранник.webp,метизы;сталь сорт х/т калибровка шестигранник;а-12;27;сталь;сорт;х/т;калибровка;шестигранник,А-12,27,,т
Качественные и специальные стали,СТАЛЬ СОРТ Х/Т КАЛИБРОВКА ШЕСТИГРАННИК,А-12,Сталь Сорт Х/т Калибровка Шестигранник 30 А-12,"СТАЛЬ СОРТ Х/Т КАЛИБРОВКА ШЕСТИГРАННИК марки А-12, размер 30 ; 32; 36",30,112490,т,1,0,0,https://www.kavstal.ru/public/assets/images/products/Качественные_и_специальные_стали/СТАЛЬ_СОРТ_Х_Т_КАЛИБРОВКА_ШЕСТИГРАННИК/шестигранник_1.webp,метизы;сталь сорт х/т калибровка шестигранник;а-12;30;32;36;сталь;сорт;х/т;калибровка;шестигранник,А-12,30 ; 32; 36,,т
Качественные и специальные стали,СТАЛЬ СОРТ Х/Т КАЛИБРОВКА ШЕСТИГРАННИК,Ст10,Сталь Сорт Х/т Калибровка Шестигранник 8 Ст10,"СТАЛЬ СОРТ Х/Т КАЛИБРОВКА ШЕСТИГРАННИК марки Ст10, размер 8 ; 10",8,105490,т,1,0,0,https://www.kavstal.ru/public/assets/images/products/Качественные_и_специальные_стали/СТАЛЬ_СОРТ_Х_Т_КАЛИБРОВКА_ШЕСТИГРАННИК/шестигранник.webp,метизы;сталь сорт х/т калибровка шестигранник;ст10;8;10;сталь;сорт;х/т;калибровка;шестигранник,Ст10,8 ; 10,,т
Качественные и специальные стали,СТАЛЬ СОРТ Х/Т КАЛИБРОВКА ШЕСТИГРАННИК,Ст10,Сталь Сорт Х/т Калибровка Шестигранник 12 Ст10,"СТАЛЬ СОРТ Х/Т КАЛИБРОВКА ШЕСТИГРАННИК марки Ст10, размер 12 ; 13; 14; 17; 22; 24",12,103490,т,1,0,0,https://www.kavstal.ru/public/assets/images/products/Качественные_и_специальные_стали/СТАЛЬ_СОРТ_Х_Т_КАЛИБРОВКА_ШЕСТИГРАННИК/шестигранник_1.webp,метизы;сталь сорт х/т калибровка шестигранник;ст10;12;13;14;17;22;24;сталь;сорт;х/т;калибровка;шестигранник,Ст10,12 ; 13; 14; 17; 22; 24,,т
Качественные и специальные стали,СТАЛЬ СОРТ Х/Т КАЛИБРОВКА ШЕСТИГРАННИК,Ст10,Сталь Сорт Х/т Калибровка Шестигранник 27 Ст10,"СТАЛЬ СОРТ Х/Т КАЛИБРОВКА ШЕСТИГРАННИК марки Ст10, размер 27 ; 30",27,105490,т,1,0,0,https://www.kavstal.ru/public/assets/images/products/Качественные_и_специальные_стали/СТАЛЬ_СОРТ_Х_Т_КАЛИБРОВКА_ШЕСТИГРАННИК/шестигранник.webp,метизы;сталь сорт х/т калибровка шестигранник;ст10;27;30;сталь;сорт;х/т;калибровка;шестигранник,Ст10,27 ; 30,,т
Качественные и специальные стали,СТАЛЬ СОРТ Х/Т КАЛИБРОВКА ШЕСТИГРАННИК,Ст10,Сталь Сорт Х/т Калибровка Шестигранник 60 Ст10,"СТАЛЬ СОРТ Х/Т КАЛИБРОВКА ШЕСТИГРАННИК марки Ст10, размер 60",60,148490,т,1,0,0,https://www.kavstal.ru/public/assets/images/products/Качественные_и_специальные_стали/СТАЛЬ_СОРТ_Х_Т_КАЛИБРОВКА_ШЕСТИГРАННИК/шестигранник_1.webp,метизы;сталь сорт х/т калибровка шестигранник;ст10;60;сталь;сорт;х/т;калибровка;шестигранник,Ст10,60,,т
Качественные и специальные стали,СТАЛЬ СОРТ Х/Т КАЛИБРОВКА ШЕСТИГРАННИК,Ст20,Сталь Сорт Х/т Калибровка Шестигранник 6 Ст20,"СТАЛЬ СОРТ Х/Т КАЛИБРОВКА ШЕСТИГРАННИК марки Ст20, размер 6 ; 7",6,108490,т,1,0,0,https://www.kavstal.ru/public/assets/images/products/Качественные_и_специальные_стали/СТАЛЬ_СОРТ_Х_Т_КАЛИБРОВКА_ШЕСТИГРАННИК/шестигранник.webp,метизы;сталь сорт х/т калибровка шестигранник;ст20;6;7;сталь;сорт;х/т;калибровка;шестигранник,Ст20,6 ; 7,,т
Качественные и специальные стали,СТАЛЬ СОРТ Х/Т КАЛИБРОВКА ШЕСТИГРАННИК,Ст20,Сталь Сорт Х/т Калибровка Шестигранник 8 Ст20,"СТАЛЬ СОРТ Х/Т КАЛИБРОВКА ШЕСТИГРАННИК марки Ст20, размер 8 ; 10",8,104490,т,1,0,0,https://www.kavstal.ru/public/assets/images/products/Качественные_и_специальные_стали/СТАЛЬ_СОРТ_Х_Т_КАЛИБРОВКА_ШЕСТИГРАННИК/шестигранник_1.webp,метизы;сталь сорт х/т калибровка шестигранник;ст20;8;10;сталь;сорт;х/т;калибровка;шестигранник,Ст20,8 ; 10,,т
Качественные и специальные стали,СТАЛЬ СОРТ Х/Т КАЛИБРОВКА ШЕСТИГРАННИК,Ст20,Сталь Сорт Х/т Калибровка Шестигранник 12 Ст20,"СТАЛЬ СОРТ Х/Т КАЛИБРОВКА ШЕСТИГРАННИК марки Ст20, размер 12",12,102490,т,1,0,0,https://www.kavstal.ru/public/assets/images/products/Качественные_и_специальные_стали/СТАЛЬ_СОРТ_Х_Т_КАЛИБРОВКА_ШЕСТИГРАННИК/шестигранник.webp,метизы;сталь сорт х/т калибровка шестигранник;ст20;12;сталь;сорт;х/т;калибровка;шестигранник,Ст20,12,,т
Качественные и специальные стали,СТАЛЬ СОРТ Х/Т КАЛИБРОВКА ШЕСТИГРАННИК,Ст20,Сталь Сорт Х/т Калибровка Шестигранник 14 Ст20,"СТАЛЬ СОРТ Х/Т КАЛИБРОВКА ШЕСТИГРАННИК марки Ст20, размер 14 ; 17",14,104490,т,1,0,0,https://www.kavstal.ru/public/assets/images/products/Качественные_и_специальные_стали/СТАЛЬ_СОРТ_Х_Т_КАЛИБРОВКА_ШЕСТИГРАННИК/шестигранник_1.webp,метизы;сталь сорт х/т калибровка шестигранник;ст20;14;17;сталь;сорт;х/т;калибровка;шестигранник,Ст20,14 ; 17,,т
Качественные и специальные стали,СТАЛЬ СОРТ Х/Т КАЛИБРОВКА ШЕСТИГРАННИК,Ст20,Сталь Сорт Х/т Калибровка Шестигранник 19 Ст20,"СТАЛЬ СОРТ Х/Т КАЛИБРОВКА ШЕСТИГРАННИК марки Ст20, размер 19 ; 22; 24; 27; 32; 36; 41; 46",19,102490,т,1,0,0,https://www.kavstal.ru/public/assets/images/products/Качественные_и_специальные_стали/СТАЛЬ_СОРТ_Х_Т_КАЛИБРОВКА_ШЕСТИГРАННИК/шестигранник.webp,метизы;сталь сорт х/т калибровка шестигранник;ст20;19;22;24;27;32;36;41;46;сталь;сорт;х/т;калибровка;шестигранник,Ст20,19 ; 22; 24; 27; 32; 36; 41; 46,,т
Качественные и специальные стали,СТАЛЬ СОРТ Х/Т КАЛИБРОВКА ШЕСТИГРАННИК,Ст20,Сталь Сорт Х/т Калибровка Шестигранник 50 Ст20,"СТАЛЬ СОРТ Х/Т КАЛИБРОВКА ШЕСТИГРАННИК марки Ст20, размер 50",50,117490,т,1,0,0,https://www.kavstal.ru/public/assets/images/products/Качественные_и_специальные_стали/СТАЛЬ_СОРТ_Х_Т_КАЛИБРОВКА_ШЕСТИГРАННИК/шестигранник_1.webp,метизы;сталь сорт х/т калибровка шестигранник;ст20;50;сталь;сорт;х/т;калибровка;шестигранник,Ст20,50,,т
Качественные и специальные стали,СТАЛЬ СОРТ Х/Т КАЛИБРОВКА ШЕСТИГРАННИК,Ст20,Сталь Сорт Х/т Калибровка Шестигранник 55 Ст20,"СТАЛЬ СОРТ Х/Т КАЛИБРОВКА ШЕСТИГРАННИК марки Ст20, размер 55",55,99490,т,1,0,0,https://www.kavstal.ru/public/assets/images/products/Качественные_и_специальные_стали/СТАЛЬ_СОРТ_Х_Т_КАЛИБРОВКА_ШЕСТИГРАННИК/шестигранник.webp,метизы;сталь сорт х/т калибровка шестигранник;ст20;55;сталь;сорт;х/т;калибровка;шестигранник,Ст20,55,,т
Качественные и специальные стали,СТАЛЬ СОРТ Х/Т КАЛИБРОВКА ШЕСТИГРАННИК,Ст20,Сталь Сорт Х/т Калибровка Шестигранник 60 Ст20,"СТАЛЬ СОРТ Х/Т КАЛИБРОВКА ШЕСТИГРАННИК марки Ст20, размер 60",60,148490,т,1,0,0,https://www.kavstal.ru/public/assets/images/products/Качественные_и_специальные_стали/СТАЛЬ_СОРТ_Х_Т_КАЛИБРОВКА_ШЕСТИГРАННИК/шестигранник_1.webp,метизы;сталь сорт х/т калибровка шестигранник;ст20;60;сталь;сорт;х/т;калибровка;шестигранник,Ст20,60,,т
Качественные и специальные стали,СТАЛЬ СОРТ Х/Т КАЛИБРОВКА ШЕСТИГРАННИК,Ст35,Сталь Сорт Х/т Калибровка Шестигранник 8 Ст35,"СТАЛЬ СОРТ Х/Т КАЛИБРОВКА ШЕСТИГРАННИК марки Ст35, размер 8",8,127490,т,1,0,0,https://www.kavstal.ru/public/assets/images/products/Качественные_и_специальные_стали/СТАЛЬ_СОРТ_Х_Т_КАЛИБРОВКА_ШЕСТИГРАННИК/шестигранник.webp,метизы;сталь сорт х/т калибровка шестигранник;ст35;8;сталь;сорт;х/т;калибровка;шестигранник,Ст35,8,,т
Качественные и специальные стали,СТАЛЬ СОРТ Х/Т КАЛИБРОВКА ШЕСТИГРАННИК,Ст35,Сталь Сорт Х/т Калибровка Шестигранник 10 Ст35,"СТАЛЬ СОРТ Х/Т КАЛИБРОВКА ШЕСТИГРАННИК марки Ст35, размер 10 ; 12",10,109490,т,1,0,0,https://www.kavstal.ru/public/assets/images/products/Качественные_и_специальные_стали/СТАЛЬ_СОРТ_Х_Т_КАЛИБРОВКА_ШЕСТИГРАННИК/шестигранник_1.webp,метизы;сталь сорт х/т калибровка шестигранник;ст35;10;12;сталь;сорт;х/т;калибровка;шестигранник,Ст35,10 ; 12,,т
Качественные и специальные стали,СТАЛЬ СОРТ Х/Т КАЛИБРОВКА ШЕСТИГРАННИК,Ст35,Сталь Сорт Х/т Калибровка Шестигранник 13 Ст35,"СТАЛЬ СОРТ Х/Т КАЛИБРОВКА ШЕСТИГРАННИК марки Ст35, размер 13",13,108490,т,1,0,0,https://www.kavstal.ru/public/assets/images/products/Качественные_и_специальные_стали/СТАЛЬ_СОРТ_Х_Т_КАЛИБРОВКА_ШЕСТИГРАННИК/шестигранник.webp,метизы;сталь сорт х/т калибровка шестигранник;ст35;13;сталь;сорт;х/т;калибровка;шестигранник,Ст35,13,,т
Качественные и специальные стали,СТАЛЬ СОРТ Х/Т КАЛИБРОВКА ШЕСТИГРАННИК,Ст35,Сталь Сорт Х/т Калибровка Шестигранник 14 Ст35,"СТАЛЬ СОРТ Х/Т КАЛИБРОВКА ШЕСТИГРАННИК марки Ст35, размер 14 ; 17; 19",14,107490,т,1,0,0,https://www.kavstal.ru/public/assets/images/products/Качественные_и_специальные_стали/СТАЛЬ_СОРТ_Х_Т_КАЛИБРОВКА_ШЕСТИГРАННИК/шестигранник_1.webp,метизы;сталь сорт х/т калибровка шестигранник;ст35;14;17;19;сталь;сорт;х/т;калибровка;шестигранник,Ст35,14 ; 17; 19,,т
Качественные и специальные стали,СТАЛЬ СОРТ Х/Т КАЛИБРОВКА ШЕСТИГРАННИК,Ст35,Сталь Сорт Х/т Калибровка Шестигранник 22 Ст35,"СТАЛЬ СОРТ Х/Т КАЛИБРОВКА ШЕСТИГРАННИК марки Ст35, размер 22",22,97490,т,1,0,0,https://www.kavstal.ru/public/assets/images/products/Качественные_и_специальные_стали/СТАЛЬ_СОРТ_Х_Т_КАЛИБРОВКА_ШЕСТИГРАННИК/шестигранник.webp,метизы;сталь сорт х/т калибровка шестигранник;ст35;22;сталь;сорт;х/т;калибровка;шестигранник,Ст35,22,,т
Качественные и специальные стали,СТАЛЬ СОРТ Х/Т КАЛИБРОВКА ШЕСТИГРАННИК,Ст35,Сталь Сорт Х/т Калибровка Шестигранник 24 Ст35,"СТАЛЬ СОРТ Х/Т КАЛИБРОВКА ШЕСТИГРАННИК марки Ст35, размер 24",24,95490,т,1,0,0,https://www.kavstal.ru/public/assets/images/products/Качественные_и_специальные_стали/СТАЛЬ_СОРТ_Х_Т_КАЛИБРОВКА_ШЕСТИГРАННИК/шестигранник_1.webp,метизы;сталь сорт х/т калибровка шестигранник;ст35;24;сталь;сорт;х/т;калибровка;шестигранник,Ст35,24,,т
Качественные и специальные стали,СТАЛЬ СОРТ Х/Т КАЛИБРОВКА ШЕСТИГРАННИК,Ст35,Сталь Сорт Х/т Калибровка Шестигранник 27 Ст35,"СТАЛЬ СОРТ Х/Т КАЛИБРОВКА ШЕСТИГРАННИК марки Ст35, размер 27",27,108490,т,1,0,0,https://www.kavstal.ru/public/assets/images/products/Качественные_и_специальные_стали/СТАЛЬ_СОРТ_Х_Т_КАЛИБРОВКА_ШЕСТИГРАННИК/шестигранник.webp,метизы;сталь сорт х/т калибровка шестигранник;ст35;27;сталь;сорт;х/т;калибровка;шестигранник,Ст35,27,,т
Качественные и специальные стали,СТАЛЬ СОРТ Х/Т КАЛИБРОВКА ШЕСТИГРАННИК,Ст35,Сталь Сорт Х/т Калибровка Шестигранник 30 Ст35,"СТАЛЬ СОРТ Х/Т КАЛИБРОВКА ШЕСТИГРАННИК марки Ст35, размер 30 ; 32; 36; 41",30,100490,т,1,0,0,https://www.kavstal.ru/public/assets/images/products/Качественные_и_специальные_стали/СТАЛЬ_СОРТ_Х_Т_КАЛИБРОВКА_ШЕСТИГРАННИК/шестигранник_1.webp,метизы;сталь сорт х/т калибровка шестигранник;ст35;30;32;36;41;сталь;сорт;х/т;калибровка;шестигранник,Ст35,30 ; 32; 36; 41,,т
Качественные и специальные стали,СТАЛЬ СОРТ Х/Т КАЛИБРОВКА ШЕСТИГРАННИК,Ст35,Сталь Сорт Х/т Калибровка Шестигранник 46 Ст35,"СТАЛЬ СОРТ Х/Т КАЛИБРОВКА ШЕСТИГРАННИК марки Ст35, размер 46",46,101490,т,1,0,0,https://www.kavstal.ru/public/assets/images/products/Качественные_и_специальные_стали/СТАЛЬ_СОРТ_Х_Т_КАЛИБРОВКА_ШЕСТИГРАННИК/шестигранник.webp,метизы;сталь сорт х/т калибровка шестигранник;ст35;46;сталь;сорт;х/т;калибровка;шестигранник,Ст35,46,,т
Качественные и специальные стали,СТАЛЬ СОРТ Х/Т КАЛИБРОВКА ШЕСТИГРАННИК,Ст35,Сталь Сорт Х/т Калибровка Шестигранник 50 Ст35,"СТАЛЬ СОРТ Х/Т КАЛИБРОВКА ШЕСТИГРАННИК марки Ст35, размер 50 ; 55",50,116490,т,1,0,0,https://www.kavstal.ru/public/assets/images/products/Качественные_и_специальные_стали/СТАЛЬ_СОРТ_Х_Т_КАЛИБРОВКА_ШЕСТИГРАННИК/шестигранник_1.webp,метизы;сталь сорт х/т калибровка шестигранник;ст35;50;55;сталь;сорт;х/т;калибровка;шестигранник,Ст35,50 ; 55,,т
Качественные и специальные стали,СТАЛЬ СОРТ Х/Т КАЛИБРОВКА ШЕСТИГРАННИК,Ст45,Сталь Сорт Х/т Калибровка Шестигранник 6 Ст45,"СТАЛЬ СОРТ Х/Т КАЛИБРОВКА ШЕСТИГРАННИК марки Ст45, размер 6",6,117490,т,1,0,0,https://www.kavstal.ru/public/assets/images/products/Качественные_и_специальные_стали/СТАЛЬ_СОРТ_Х_Т_КАЛИБРОВКА_ШЕСТИГРАННИК/шестигранник.webp,метизы;сталь сорт х/т калибровка шестигранник;ст45;6;сталь;сорт;х/т;калибровка;шестигранник,Ст45,6,,т
Качественные и специальные стали,СТАЛЬ СОРТ Х/Т КАЛИБРОВКА ШЕСТИГРАННИК,Ст45,Сталь Сорт Х/т Калибровка Шестигранник 8 Ст45,"СТАЛЬ СОРТ Х/Т КАЛИБРОВКА ШЕСТИГРАННИК марки Ст45, размер 8",8,118490,т,1,0,0,https://www.kavstal.ru/public/assets/images/products/Качественные_и_специальные_стали/СТАЛЬ_СОРТ_Х_Т_КАЛИБРОВКА_ШЕСТИГРАННИК/шестигранник_1.webp,метизы;сталь сорт х/т калибровка шестигранник;ст45;8;сталь;сорт;х/т;калибровка;шестигранник,Ст45,8,,т
Качественные и специальные стали,СТАЛЬ СОРТ Х/Т КАЛИБРОВКА ШЕСТИГРАННИК,Ст45,Сталь Сорт Х/т Калибровка Шестигранник 10 Ст45,"СТАЛЬ СОРТ Х/Т КАЛИБРОВКА ШЕСТИГРАННИК марки Ст45, размер 10",10,106490,т,1,0,0,https://www.kavstal.ru/public/assets/images/products/Качественные_и_специальные_стали/СТАЛЬ_СОРТ_Х_Т_КАЛИБРОВКА_ШЕСТИГРАННИК/шестигранник.webp,метизы;сталь сорт х/т калибровка шестигранник;ст45;10;сталь;сорт;х/т;калибровка;шестигранник,Ст45,10,,т
Качественные и специальные стали,СТАЛЬ СОРТ Х/Т КАЛИБРОВКА ШЕСТИГРАННИК,Ст45,Сталь Сорт Х/т Калибровка Шестигранник 11 Ст45,"СТАЛЬ СОРТ Х/Т КАЛИБРОВКА ШЕСТИГРАННИК марки Ст45, размер 11",11,104490,т,1,0,0,https://www.kavstal.ru/public/assets/images/products/Качественные_и_специальные_стали/СТАЛЬ_СОРТ_Х_Т_КАЛИБРОВКА_ШЕСТИГРАННИК/шестигранник_1.webp,метизы;сталь сорт х/т калибровка шестигранник;ст45;11;сталь;сорт;х/т;калибровка;шестигранник,Ст45,11,,т
Качественные и специальные стали,СТАЛЬ СОРТ Х/Т КАЛИБРОВКА ШЕСТИГРАННИК,Ст45,Сталь Сорт Х/т Калибровка Шестигранник 12 Ст45,"СТАЛЬ СОРТ Х/Т КАЛИБРОВКА ШЕСТИГРАННИК марки Ст45, размер 12 ; 13",12,106490,т,1,0,0,https://www.kavstal.ru/public/assets/images/products/Качественные_и_специальные_стали/СТАЛЬ_СОРТ_Х_Т_КАЛИБРОВКА_ШЕСТИГРАННИК/шестигранник.webp,метизы;сталь сорт х/т калибровка шестигранник;ст45;12;13;сталь;сорт;х/т;калибровка;шестигранник,Ст45,12 ; 13,,т
Качественные и специальные стали,СТАЛЬ СОРТ Х/Т КАЛИБРОВКА ШЕСТИГРАННИК,Ст45,Сталь Сорт Х/т Калибровка Шестигранник 14 Ст45,"СТАЛЬ СОРТ Х/Т КАЛИБРОВКА ШЕСТИГРАННИК марки Ст45, размер 14 ; 17; 19",14,104490,т,1,0,0,https://www.kavstal.ru/public/assets/images/products/Качественные_и_специальные_стали/СТАЛЬ_СОРТ_Х_Т_КАЛИБРОВКА_ШЕСТИГРАННИК/шестигранник_1.webp,метизы;сталь сорт х/т калибровка шестигранник;ст45;14;17;19;сталь;сорт;х/т;калибровка;шестигранник,Ст45,14 ; 17; 19,,т
Качественные и специальные стали,СТАЛЬ СОРТ Х/Т КАЛИБРОВКА ШЕСТИГРАННИК,Ст45,Сталь Сорт Х/т Калибровка Шестигранник 22 Ст45,"СТАЛЬ СОРТ Х/Т КАЛИБРОВКА ШЕСТИГРАННИК марки Ст45, размер 22",22,100490,т,1,0,0,https://www.kavstal.ru/public/assets/images/products/Качественные_и_специальные_стали/СТАЛЬ_СОРТ_Х_Т_КАЛИБРОВКА_ШЕСТИГРАННИК/шестигранник.webp,метизы;сталь сорт х/т калибровка шестигранник;ст45;22;сталь;сорт;х/т;калибровка;шестигранник,Ст45,22,,т
Качественные и специальные стали,СТАЛЬ СОРТ Х/Т КАЛИБРОВКА ШЕСТИГРАННИК,Ст45,Сталь Сорт Х/т Калибровка Шестигранник 30 Ст45,"СТАЛЬ СОРТ Х/Т КАЛИБРОВКА ШЕСТИГРАННИК марки Ст45, размер 30",30,103490,т,1,0,0,https://www.kavstal.ru/public/assets/images/products/Качественные_и_специальные_стали/СТАЛЬ_СОРТ_Х_Т_КАЛИБРОВКА_ШЕСТИГРАННИК/шестигранник_1.webp,метизы;сталь сорт х/т калибровка шестигранник;ст45;30;сталь;сорт;х/т;калибровка;шестигранник,Ст45,30,,т
Качественные и специальные стали,СТАЛЬ СОРТ Х/Т КАЛИБРОВКА ШЕСТИГРАННИК,Ст45,Сталь Сорт Х/т Калибровка Шестигранник 32 Ст45,"СТАЛЬ СОРТ Х/Т КАЛИБРОВКА ШЕСТИГРАННИК марки Ст45, размер 32",32,102490,т,1,0,0,https://www.kavstal.ru/public/assets/images/products/Качественные_и_специальные_стали/СТАЛЬ_СОРТ_Х_Т_КАЛИБРОВКА_ШЕСТИГРАННИК/шестигранник.webp,метизы;сталь сорт х/т калибровка шестигранник;ст45;32;сталь;сорт;х/т;калибровка;шестигранник,Ст45,32,,т
Качественные и специальные стали,СТАЛЬ СОРТ Х/Т КАЛИБРОВКА ШЕСТИГРАННИК,Ст45,Сталь Сорт Х/т Калибровка Шестигранник 36 Ст45,"СТАЛЬ СОРТ Х/Т КАЛИБРОВКА ШЕСТИГРАННИК марки Ст45, размер 36",36,94490,т,1,0,0,https://www.kavstal.ru/public/assets/images/products/Качественные_и_специальные_стали/СТАЛЬ_СОРТ_Х_Т_КАЛИБРОВКА_ШЕСТИГРАННИК/шестигранник_1.webp,метизы;сталь сорт х/т калибровка шестигранник;ст45;36;сталь;сорт;х/т;калибровка;шестигранник,Ст45,36,,т
Качественные и специальные стали,СТАЛЬ СОРТ Х/Т КАЛИБРОВКА ШЕСТИГРАННИК,Ст45,Сталь Сорт Х/т Калибровка Шестигранник 46 Ст45,"СТАЛЬ СОРТ Х/Т КАЛИБРОВКА ШЕСТИГРАННИК марки Ст45, размер 46",46,107490,т,1,0,0,https://www.kavstal.ru/public/assets/images/products/Качественные_и_специальные_стали/СТАЛЬ_СОРТ_Х_Т_КАЛИБРОВКА_ШЕСТИГРАННИК/шестигранник.webp,метизы;сталь сорт х/т калибровка шестигранник;ст45;46;сталь;сорт;х/т;калибровка;шестигранник,Ст45,46,,т
Качественные и специальные стали,СТАЛЬ СОРТ Х/Т КАЛИБРОВКА ШЕСТИГРАННИК,Ст45,Сталь Сорт Х/т Калибровка Шестигранник 50 Ст45,"СТАЛЬ СОРТ Х/Т КАЛИБРОВКА ШЕСТИГРАННИК марки Ст45, размер 50",50,117490,т,1,0,0,https://www.kavstal.ru/public/assets/images/products/Качественные_и_специальные_стали/СТАЛЬ_СОРТ_Х_Т_КАЛИБРОВКА_ШЕСТИГРАННИК/шестигранник_1.webp,метизы;сталь сорт х/т калибровка шестигранник;ст45;50;сталь;сорт;х/т;калибровка;шестигранник,Ст45,50,,т
Качественные и специальные стали,СТАЛЬ СОРТ Х/Т КАЛИБРОВКА ШЕСТИГРАННИК,Ст45,Сталь Сорт Х/т Калибровка Шестигранник 55 Ст45,"СТАЛЬ СОРТ Х/Т КАЛИБРОВКА ШЕСТИГРАННИК марки Ст45, размер 55",55,110490,т,1,0,0,https://www.kavstal.ru/public/assets/images/products/Качественные_и_специальные_стали/СТАЛЬ_СОРТ_Х_Т_КАЛИБРОВКА_ШЕСТИГРАННИК/шестигранник.webp,метизы;сталь сорт х/т калибровка шестигранник;ст45;55;сталь;сорт;х/т;калибровка;шестигранник,Ст45,55,,т
Качественные и специальные стали,СТАЛЬ СОРТ Х/Т КАЛИБРОВКА ШЕСТИГРАННИК,Ст45,Сталь Сорт Х/т Калибровка Шестигранник 60 Ст45,"СТАЛЬ СОРТ Х/Т КАЛИБРОВКА ШЕСТИГРАННИК марки Ст45, размер 60",60,148490,т,1,0,0,https://www.kavstal.ru/public/assets/images/products/Качественные_и_специальные_стали/СТАЛЬ_СОРТ_Х_Т_КАЛИБРОВКА_ШЕСТИГРАННИК/шестигранник_1.webp,метизы;сталь сорт х/т калибровка шестигранник;ст45;60;сталь;сорт;х/т;калибровка;шестигранник,Ст45,60,,т
Качественные и специальные стали,СТАЛЬ ФАСОН ПРОФИЛИ КВАДРАТ,Ст10,Сталь Фасон Профили Квадрат 30 Ст10,"СТАЛЬ ФАСОН ПРОФИЛИ КВАДРАТ марки Ст10, размер 30",30,233990,т,1,0,0,https://www.kavstal.ru/public/assets/images/products/Качественные_и_специальные_стали/СТАЛЬ_ФАСОН_ПРОФИЛИ_КВАДРАТ/квадрат_стальной.webp,метизы;сталь фасон профили квадрат;ст10;30;сталь;фасон;профили;квадрат,Ст10,30,ГОСТ 2591-2006,т
Качественные и специальные стали,СТАЛЬ ФАСОН ПРОФИЛИ КВАДРАТ,Ст20,Сталь Фасон Профили Квадрат 5 Ст20,"СТАЛЬ ФАСОН ПРОФИЛИ КВАДРАТ марки Ст20, размер 5",5,221990,т,1,0,0,https://www.kavstal.ru/public/assets/images/products/Качественные_и_специальные_стали/СТАЛЬ_ФАСОН_ПРОФИЛИ_КВАДРАТ/квадрат_стальной_1.webp,метизы;сталь фасон профили квадрат;ст20;5;сталь;фасон;профили;квадрат,Ст20,5,ГОСТ 2591-2006,т
Качественные и специальные стали,СТАЛЬ ФАСОН ПРОФИЛИ КВАДРАТ,Ст20,Сталь Фасон Профили Квадрат 6 Ст20,"СТАЛЬ ФАСОН ПРОФИЛИ КВАДРАТ марки Ст20, размер 6",6,217990,т,1,0,0,https://www.kavstal.ru/public/assets/images/products/Качественные_и_специальные_стали/СТАЛЬ_ФАСОН_ПРОФИЛИ_КВАДРАТ/квадрат_стальной.webp,метизы;сталь фасон профили квадрат;ст20;6;сталь;фасон;профили;квадрат,Ст20,6,ГОСТ 2591-2006,т
Качественные и специальные стали,СТАЛЬ ФАСОН ПРОФИЛИ КВАДРАТ,Ст20,Сталь Фасон Профили Квадрат 7 Ст20,"СТАЛЬ ФАСОН ПРОФИЛИ КВАДРАТ марки Ст20, размер 7",7,222990,т,1,0,0,https://www.kavstal.ru/public/assets/images/products/Качественные_и_специальные_стали/СТАЛЬ_ФАСОН_ПРОФИЛИ_КВАДРАТ/квадрат_стальной_1.webp,метизы;сталь фасон профили квадрат;ст20;7;сталь;фасон;профили;квадрат,Ст20,7,ГОСТ 2591-2006,т
Качественные и специальные стали,СТАЛЬ ФАСОН ПРОФИЛИ КВАДРАТ,Ст20,Сталь Фасон Профили Квадрат 8 Ст20,"СТАЛЬ ФАСОН ПРОФИЛИ КВАДРАТ марки Ст20, размер 8",8,212990,т,1,0,0,https://www.kavstal.ru/public/assets/images/products/Качественные_и_специальные_стали/СТАЛЬ_ФАСОН_ПРОФИЛИ_КВАДРАТ/квадрат_стальной.webp,метизы;сталь фасон профили квадрат;ст20;8;сталь;фасон;профили;квадрат,Ст20,8,ГОСТ 2591-2006,т
Качественные и специальные стали,СТАЛЬ ФАСОН ПРОФИЛИ КВАДРАТ,Ст20,Сталь Фасон Профили Квадрат 10 Ст20,"СТАЛЬ ФАСОН ПРОФИЛИ КВАДРАТ марки Ст20, размер 10",10,223990,т,1,0,0,https://www.kavstal.ru/public/assets/images/products/Качественные_и_специальные_стали/СТАЛЬ_ФАСОН_ПРОФИЛИ_КВАДРАТ/квадрат_стальной_1.webp,метизы;сталь фасон профили квадрат;ст20;10;сталь;фасон;профили;квадрат,Ст20,10,ГОСТ 2591-2006,т
Качественные и специальные стали,СТАЛЬ ФАСОН ПРОФИЛИ КВАДРАТ,Ст20,Сталь Фасон Профили Квадрат 12 Ст20,"СТАЛЬ ФАСОН ПРОФИЛИ КВАДРАТ марки Ст20, размер 12",12,229990,т,1,0,0,https://www.kavstal.ru/public/assets/images/products/Качественные_и_специальные_стали/СТАЛЬ_ФАСОН_ПРОФИЛИ_КВАДРАТ/квадрат_стальной.webp,метизы;сталь фасон профили квадрат;ст20;12;сталь;фасон;профили;квадрат,Ст20,12,ГОСТ 2591-2006,т
Качественные и специальные стали,СТАЛЬ ФАСОН ПРОФИЛИ КВАДРАТ,Ст20,Сталь Фасон Профили Квадрат 18 Ст20,"СТАЛЬ ФАСОН ПРОФИЛИ КВАДРАТ марки Ст20, размер 18 ; 20",18,230990,т,1,0,0,https://www.kavstal.ru/public/assets/images/products/Качественные_и_специальные_стали/СТАЛЬ_ФАСОН_ПРОФИЛИ_КВАДРАТ/квадрат_стальной_1.webp,метизы;сталь фасон профили квадрат;ст20;18;20;сталь;фасон;профили;квадрат,Ст20,18 ; 20,ГОСТ 2591-2006,т
Качественные и специальные стали,СТАЛЬ ФАСОН ПРОФИЛИ КВАДРАТ,Ст20,Сталь Фасон Профили Квадрат 25 Ст20,"СТАЛЬ ФАСОН ПРОФИЛИ КВАДРАТ марки Ст20, размер 25",25,239990,т,1,0,0,https://www.kavstal.ru/public/assets/images/products/Качественные_и_специальные_стали/СТАЛЬ_ФАСОН_ПРОФИЛИ_КВАДРАТ/квадрат_стальной.webp,метизы;сталь фасон профили квадрат;ст20;25;сталь;фасон;профили;квадрат,Ст20,25,ГОСТ 2591-2006,т
Качественные и специальные стали,СТАЛЬ ФАСОН ПРОФИЛИ КВАДРАТ,Ст20,Сталь Фасон Профили Квадрат 26 Ст20,"СТАЛЬ ФАСОН ПРОФИЛИ КВАДРАТ марки Ст20, размер 26",26,236990,т,1,0,0,https://www.kavstal.ru/public/assets/images/products/Качественные_и_специальные_стали/СТАЛЬ_ФАСОН_ПРОФИЛИ_КВАДРАТ/квадрат_стальной_1.webp,метизы;сталь фасон профили квадрат;ст20;26;сталь;фасон;профили;квадрат,Ст20,26,ГОСТ 2591-2006,т
Качественные и специальные стали,СТАЛЬ ФАСОН ПРОФИЛИ КВАДРАТ,Ст20,Сталь Фасон Профили Квадрат 30 Ст20,"СТАЛЬ ФАСОН ПРОФИЛИ КВАДРАТ марки Ст20, размер 30",30,234990,т,1,0,0,https://www.kavstal.ru/public/assets/images/products/Качественные_и_специальные_стали/СТАЛЬ_ФАСОН_ПРОФИЛИ_КВАДРАТ/квадрат_стальной.webp,метизы;сталь фасон профили квадрат;ст20;30;сталь;фасон;профили;квадрат,Ст20,30,ГОСТ 2591-2006,т
Качественные и специальные стали,СТАЛЬ ФАСОН ПРОФИЛИ КВАДРАТ,Ст35,Сталь Фасон Профили Квадрат 22 Ст35,"СТАЛЬ ФАСОН ПРОФИЛИ КВАДРАТ марки Ст35, размер 22",22,224990,т,1,0,0,https://www.kavstal.ru/public/assets/images/products/Качественные_и_специальные_стали/СТАЛЬ_ФАСОН_ПРОФИЛИ_КВАДРАТ/квадрат_стальной_1.webp,метизы;сталь фасон профили квадрат;ст35;22;сталь;фасон;профили;квадрат,Ст35,22,ГОСТ 2591-2006,т
Качественные и специальные стали,СТАЛЬ ФАСОН ПРОФИЛИ КВАДРАТ,Ст35,Сталь Фасон Профили Квадрат 27 Ст35,"СТАЛЬ ФАСОН ПРОФИЛИ КВАДРАТ марки Ст35, размер 27",27,229990,т,1,0,0,https://www.kavstal.ru/public/assets/images/products/Качественные_и_специальные_стали/СТАЛЬ_ФАСОН_ПРОФИЛИ_КВАДРАТ/квадрат_стальной.webp,метизы;сталь фасон профили квадрат;ст35;27;сталь;фасон;профили;квадрат,Ст35,27,ГОСТ 2591-2006,т
Качественные и специальные стали,СТАЛЬ ФАСОН ПРОФИЛИ КВАДРАТ,Ст35,Сталь Фасон Профили Квадрат 30 Ст35,"СТАЛЬ ФАСОН ПРОФИЛИ КВАДРАТ марки Ст35, размер 30",30,232990,т,1,0,0,https://www.kavstal.ru/public/assets/images/products/Качественные_и_специальные_стали/СТАЛЬ_ФАСОН_ПРОФИЛИ_КВАДРАТ/квадрат_стальной_1.webp,метизы;сталь фасон профили квадрат;ст35;30;сталь;фасон;профили;квадрат,Ст35,30,ГОСТ 2591-2006,т
Качественные и специальные стали,СТАЛЬ ФАСОН ПРОФИЛИ КВАДРАТ,Ст45,Сталь Фасон Профили Квадрат 4 Ст45,"СТАЛЬ ФАСОН ПРОФИЛИ КВАДРАТ марки Ст45, размер 4",4,233990,т,1,0,0,https://www.kavstal.ru/public/assets/images/products/Качественные_и_специальные_стали/СТАЛЬ_ФАСОН_ПРОФИЛИ_КВАДРАТ/квадрат_стальной.webp,метизы;сталь фасон профили квадрат;ст45;4;сталь;фасон;профили;квадрат,Ст45,4,ГОСТ 2591-2006,т
Качественные и специальные стали,СТАЛЬ ФАСОН ПРОФИЛИ КВАДРАТ,Ст45,Сталь Фасон Профили Квадрат 7 Ст45,"СТАЛЬ ФАСОН ПРОФИЛИ КВАДРАТ марки Ст45, размер 7",7,232990,т,1,0,0,https://www.kavstal.ru/public/assets/images/products/Качественные_и_специальные_стали/СТАЛЬ_ФАСОН_ПРОФИЛИ_КВАДРАТ/квадрат_стальной_1.webp,метизы;сталь фасон профили квадрат;ст45;7;сталь;фасон;профили;квадрат,Ст45,7,ГОСТ 2591-2006,т
Качественные и специальные стали,СТАЛЬ ФАСОН ПРОФИЛИ КВАДРАТ,Ст45,Сталь Фасон Профили Квадрат 8 Ст45,"СТАЛЬ ФАСОН ПРОФИЛИ КВАДРАТ марки Ст45, размер 8",8,228990,т,1,0,0,https://www.kavstal.ru/public/assets/images/products/Качественные_и_специальные_стали/СТАЛЬ_ФАСОН_ПРОФИЛИ_КВАДРАТ/квадрат_стальной.webp,метизы;сталь фасон профили квадрат;ст45;8;сталь;фасон;профили;квадрат,Ст45,8,ГОСТ 2591-2006,т
Качественные и специальные стали,СТАЛЬ ФАСОН ПРОФИЛИ КВАДРАТ,Ст45,Сталь Фасон Профили Квадрат 10 Ст45,"СТАЛЬ ФАСОН ПРОФИЛИ КВАДРАТ марки Ст45, размер 10",10,235990,т,1,0,0,https://www.kavstal.ru/public/assets/images/products/Качественные_и_специальные_стали/СТАЛЬ_ФАСОН_ПРОФИЛИ_КВАДРАТ/квадрат_стальной_1.webp,метизы;сталь фасон профили квадрат;ст45;10;сталь;фасон;профили;квадрат,Ст45,10,ГОСТ 2591-2006,т
Качественные и специальные стали,СТАЛЬ ФАСОН ПРОФИЛИ КВАДРАТ,Ст45,Сталь Фасон Профили Квадрат 12 Ст45,"СТАЛЬ ФАСОН ПРОФИЛИ КВАДРАТ марки Ст45, размер 12",12,225990,т,1,0,0,https://www.kavstal.ru/public/assets/images/products/Качественные_и_специальные_стали/СТАЛЬ_ФАСОН_ПРОФИЛИ_КВАДРАТ/квадрат_стальной.webp,метизы;сталь фасон профили квадрат;ст45;12;сталь;фасон;профили;квадрат,Ст45,12,ГОСТ 2591-2006,т
Качественные и специальные стали,СТАЛЬ ФАСОН ПРОФИЛИ КВАДРАТ,Ст45,Сталь Фасон Профили Квадрат 14 Ст45,"СТАЛЬ ФАСОН ПРОФИЛИ КВАДРАТ марки Ст45, размер 14 ; 16",14,224990,т,1,0,0,https://www.kavstal.ru/public/assets/images/products/Качественные_и_специальные_стали/СТАЛЬ_ФАСОН_ПРОФИЛИ_КВАДРАТ/квадрат_стальной_1.webp,метизы;сталь фасон профили квадрат;ст45;14;16;сталь;фасон;профили;квадрат,Ст45,14 ; 16,ГОСТ 2591-2006,т
Качественные и специальные стали,СТАЛЬ ФАСОН ПРОФИЛИ КВАДРАТ,Ст45,Сталь Фасон Профили Квадрат 17 Ст45,"СТАЛЬ ФАСОН ПРОФИЛИ КВАДРАТ марки Ст45, размер 17 ; 18",17,234990,т,1,0,0,https://www.kavstal.ru/public/assets/images/products/Качественные_и_специальные_стали/СТАЛЬ_ФАСОН_ПРОФИЛИ_КВАДРАТ/квадрат_стальной.webp,метизы;сталь фасон профили квадрат;ст45;17;18;сталь;фасон;профили;квадрат,Ст45,17 ; 18,ГОСТ 2591-2006,т
Качественные и специальные стали,СТАЛЬ ФАСОН ПРОФИЛИ КВАДРАТ,Ст45,Сталь Фасон Профили Квадрат 19 Ст45,"СТАЛЬ ФАСОН ПРОФИЛИ КВАДРАТ марки Ст45, размер 19",19,217990,т,1,0,0,https://www.kavstal.ru/public/assets/images/products/Качественные_и_специальные_стали/СТАЛЬ_ФАСОН_ПРОФИЛИ_КВАДРАТ/квадрат_стальной_1.webp,метизы;сталь фасон профили квадрат;ст45;19;сталь;фасон;профили;квадрат,Ст45,19,ГОСТ 2591-2006,т
Качественные и специальные стали,СТАЛЬ ФАСОН ПРОФИЛИ КВАДРАТ,Ст45,Сталь Фасон Профили Квадрат 20 Ст45,"СТАЛЬ ФАСОН ПРОФИЛИ КВАДРАТ марки Ст45, размер 20 ; 22",20,225990,т,1,0,0,https://www.kavstal.ru/public/assets/images/products/Качественные_и_специальные_стали/СТАЛЬ_ФАСОН_ПРОФИЛИ_КВАДРАТ/квадрат_стальной.webp,метизы;сталь фасон профили квадрат;ст45;20;22;сталь;фасон;профили;квадрат,Ст45,20 ; 22,ГОСТ 2591-2006,т
Качественные и специальные стали,СТАЛЬ ФАСОН ПРОФИЛИ КВАДРАТ,Ст45,Сталь Фасон Профили Квадрат 24 Ст45,"СТАЛЬ ФАСОН ПРОФИЛИ КВАДРАТ марки Ст45, размер 24",24,219990,т,1,0,0,https://www.kavstal.ru/public/assets/images/products/Качественные_и_специальные_стали/СТАЛЬ_ФАСОН_ПРОФИЛИ_КВАДРАТ/квадрат_стальной_1.webp,метизы;сталь фасон профили квадрат;ст45;24;сталь;фасон;профили;квадрат,Ст45,24,ГОСТ 2591-2006,т
Качественные и специальные стали,СТАЛЬ ФАСОН ПРОФИЛИ КВАДРАТ,Ст45,Сталь Фасон Профили Квадрат 25 Ст45,"СТАЛЬ ФАСОН ПРОФИЛИ КВАДРАТ марки Ст45, размер 25 ; 26; 28",25,225990,т,1,0,0,https://www.kavstal.ru/public/assets/images/products/Качественные_и_специальные_стали/СТАЛЬ_ФАСОН_ПРОФИЛИ_КВАДРАТ/квадрат_стальной.webp,метизы;сталь фасон профили квадрат;ст45;25;26;28;сталь;фасон;профили;квадрат,Ст45,25 ; 26; 28,ГОСТ 2591-2006,т
Качественные и специальные стали,СТАЛЬ ФАСОН ПРОФИЛИ КВАДРАТ,Ст45,Сталь Фасон Профили Квадрат 30 Ст45,"СТАЛЬ ФАСОН ПРОФИЛИ КВАДРАТ марки Ст45, размер 30",30,223990,т,1,0,0,https://www.kavstal.ru/public/assets/images/products/Качественные_и_специальные_стали/СТАЛЬ_ФАСОН_ПРОФИЛИ_КВАДРАТ/квадрат_стальной_1.webp,метизы;сталь фасон профили квадрат;ст45;30;сталь;фасон;профили;квадрат,Ст45,30,ГОСТ 2591-2006,т
Качественные и специальные стали,ПРОВОЛОКА АРМИР ДЛЯ ЖБК,неликвид,Проволока Армир Для Жбк 5 неликвид,"ПРОВОЛОКА АРМИР ДЛЯ ЖБК марки неликвид, размер 5",5,49990,т,1,0,0,https://www.kavstal.ru/public/assets/images/products/Качественные_и_специальные_стали/ПРОВОЛОКА_АРМИР_ДЛЯ_ЖБК/проволока.webp,метизы;проволока армир для жбк;неликвид;5;проволока;армир;для;жбк,неликвид,5,,т
Качественные и специальные стали,ПРОВОЛОКА КАЧ ПРУЖИННАЯ,60С2А,Проволока Кач Пружинная 2.5 60С2А,"ПРОВОЛОКА КАЧ ПРУЖИННАЯ марки 60С2А, размер 2.5",2.5,192990,т,1,0,0,https://www.kavstal.ru/public/assets/images/products/Качественные_и_специальные_стали/ПРОВОЛОКА_КАЧ_ПРУЖИННАЯ/проволока.webp,метизы;проволока кач пружинная;60с2а;2;5;проволока;кач;пружинная;2.5,60С2А,2.5,,т
Качественные и специальные стали,ПРОВОЛОКА КАЧ ПРУЖИННАЯ,60С2А,Проволока Кач Пружинная 4 60С2А,"ПРОВОЛОКА КАЧ ПРУЖИННАЯ марки 60С2А, размер 4",4,191990,т,1,0,0,https://www.kavstal.ru/public/assets/images/products/Качественные_и_специальные_стали/ПРОВОЛОКА_КАЧ_ПРУЖИННАЯ/проволока.webp,метизы;проволока кач пружинная;60с2а;4;проволока;кач;пружинная,60С2А,4,,т
Качественные и специальные стали,ПРОВОЛОКА КАЧ ПРУЖИННАЯ,60С2А,Проволока Кач Пружинная 5 60С2А,"ПРОВОЛОКА КАЧ ПРУЖИННАЯ марки 60С2А, размер 5",5,181990,т,1,0,0,https://www.kavstal.ru/public/assets/images/products/Качественные_и_специальные_стали/ПРОВОЛОКА_КАЧ_ПРУЖИННАЯ/проволока.webp,метизы;проволока кач пружинная;60с2а;5;проволока;кач;пружинная,60С2А,5,,т
Качественные и специальные стали,ПРОВОЛОКА КАЧ ПРУЖИННАЯ,60С2А,Проволока Кач Пружинная 6 60С2А,"ПРОВОЛОКА КАЧ ПРУЖИННАЯ марки 60С2А, размер 6",6,180990,т,1,0,0,https://www.kavstal.ru/public/assets/images/products/Качественные_и_специальные_стали/ПРОВОЛОКА_КАЧ_ПРУЖИННАЯ/проволока.webp,метизы;проволока кач пружинная;60с2а;6;проволока;кач;пружинная,60С2А,6,,т
Качественные и специальные стали,ПРОВОЛОКА КАЧ ПРУЖИННАЯ,60С2А,Проволока Кач Пружинная 7 60С2А,"ПРОВОЛОКА КАЧ ПРУЖИННАЯ марки 60С2А, размер 7",7,179990,т,1,0,0,https://www.kavstal.ru/public/assets/images/products/Качественные_и_специальные_стали/ПРОВОЛОКА_КАЧ_ПРУЖИННАЯ/проволока.webp,метизы;проволока кач пружинная;60с2а;7;проволока;кач;пружинная,60С2А,7,,т
Качественные и специальные стали,ПРОВОЛОКА КАЧ ПРУЖИННАЯ,60С2А,Проволока Кач Пружинная 8 60С2А,"ПРОВОЛОКА КАЧ ПРУЖИННАЯ марки 60С2А, размер 8 ; 10",8,176990,т,1,0,0,https://www.kavstal.ru/public/assets/images/products/Качественные_и_специальные_стали/ПРОВОЛОКА_КАЧ_ПРУЖИННАЯ/проволока.webp,метизы;проволока кач пружинная;60с2а;8;10;проволока;кач;пружинная,60С2А,8 ; 10,,т
Качественные и специальные стали,ПРОВОЛОКА КАЧ Х/В,Ст10,Проволока Кач Х/в 2.6 Ст10,"ПРОВОЛОКА КАЧ Х/В марки Ст10, размер 2.6",2.6,169990,т,1,0,0,https://www.kavstal.ru/public/assets/images/products/Качественные_и_специальные_стали/ПРОВОЛОКА_КАЧ_Х_В/проволока.webp,метизы;проволока кач х/в;ст10;2;6;проволока;кач;х/в;2.6,Ст10,2.6,,т
Качественные и специальные стали,ПРОВОЛОКА КАЧ Х/В,Ст10,Проволока Кач Х/в 4.5 Ст10,"ПРОВОЛОКА КАЧ Х/В марки Ст10, размер 4.5",4.5,161990,т,1,0,0,https://www.kavstal.ru/public/assets/images/products/Качественные_и_специальные_стали/ПРОВОЛОКА_КАЧ_Х_В/проволока.webp,метизы;проволока кач х/в;ст10;4;5;проволока;кач;х/в;4.5,Ст10,4.5,,т
Качественные и специальные стали,ПРОВОЛОКА КАЧ Х/В,Ст10,Проволока Кач Х/в 5 Ст10,"ПРОВОЛОКА КАЧ Х/В марки Ст10, размер 5 ; 5.2; 5.3; 6",5,160990,т,1,0,0,https://www.kavstal.ru/public/assets/images/products/Качественные_и_специальные_стали/ПРОВОЛОКА_КАЧ_Х_В/проволока.webp,метизы;проволока кач х/в;ст10;5;2;3;6;проволока;кач;х/в,Ст10,5 ; 5.2; 5.3; 6,,т
Качественные и специальные стали,СТАЛЬ СОРТ НЕРЖ ЖАРОПР ШЕСТИГРАННИК,20Х13,Сталь Сорт Нерж Жаропр Шестигранник 14 20Х13,"СТАЛЬ СОРТ НЕРЖ ЖАРОПР ШЕСТИГРАННИК марки 20Х13, размер 14 ; 22; 27",14,299000,т,1,0,0,https://www.kavstal.ru/public/assets/images/products/Качественные_и_специальные_стали/СТАЛЬ_СОРТ_Х_Т_КАЛИБРОВКА_ШЕСТИГРАННИК/шестигранник.webp,нержавеющая сталь;сталь сорт нерж жаропр шестигранник;20х13;14;22;27;сталь;сорт;нерж;жаропр;шестигранник,20Х13,14 ; 22; 27,,т
Качественные и специальные стали,СТАЛЬ СОРТ НЕРЖ ЖАРОПР ШЕСТИГРАННИК,AISI 420 20Х13,Сталь Сорт Нерж Жаропр Шестигранник 10 AISI 420 20Х13,"СТАЛЬ СОРТ НЕРЖ ЖАРОПР ШЕСТИГРАННИК марки AISI 420 20Х13, размер 10 ; 12; 13",10,270000,т,1,0,0,https://www.kavstal.ru/public/assets/images/products/Качественные_и_специальные_стали/СТАЛЬ_СОРТ_Х_Т_КАЛИБРОВКА_ШЕСТИГРАННИК/шестигранник.webp,нержавеющая сталь;сталь сорт нерж жаропр шестигранник;aisi 420 20х13;10;12;13;сталь;сорт;нерж;жаропр;шестигранник;aisi;420;20х13,AISI 420 20Х13,10 ; 12; 13,,т
Качественные и специальные стали,СТАЛЬ СОРТ НЕРЖ ЖАРОПР ШЕСТИГРАННИК,AISI 420 20Х13,Сталь Сорт Нерж Жаропр Шестигранник 14 AISI 420 20Х13,"СТАЛЬ СОРТ НЕРЖ ЖАРОПР ШЕСТИГРАННИК марки AISI 420 20Х13, размер 14 ; 19; 22; 24; 27; 30; 32; 36; 41",14,259000,т,1,0,0,https://www.kavstal.ru/public/assets/images/products/Качественные_и_специальные_стали/СТАЛЬ_СОРТ_Х_Т_КАЛИБРОВКА_ШЕСТИГРАННИК/шестигранник.webp,нержавеющая сталь;сталь сорт нерж жаропр шестигранник;aisi 420 20х13;14;19;22;24;27;30;32;36;41;сталь;сорт;нерж;жаропр;шестигранник;aisi;420;20х13,AISI 420 20Х13,14 ; 19; 22; 24; 27; 30; 32; 36; 41,,т
Качественные и специальные стали,СТАЛЬ СОРТ НЕРЖ ЖАРОПР КРУГ,08Х13,Сталь Сорт Нерж Жаропр Круг 140 08Х13,"СТАЛЬ СОРТ НЕРЖ ЖАРОПР КРУГ марки 08Х13, размер 140",140,200000,т,1,0,0,https://www.kavstal.ru/public/assets/images/products/Нержавеющая_сталь/СТАЛЬ_СОРТ_НЕРЖ_НИКЕЛ_КРУГ/сталь_сорт_нерж_никел_круг.webp,нержавеющая сталь;сталь сорт нерж жаропр круг;08х13;140;сталь;сорт;нерж;жаропр;круг,08Х13,140,ГОСТ 2590-2006,т
Качественные и специальные стали,СТАЛЬ СОРТ НЕРЖ ЖАРОПР КРУГ,08Х13-Ш Электрошлаковый переплав,Сталь Сорт Нерж Жаропр Круг 50 08х13-ш Электрошлаковый переплав,"СТАЛЬ СОРТ НЕРЖ ЖАРОПР КРУГ марки 08Х13-Ш Электрошлаковый переплав, размер 50 ; 55; 65; 80; 90; 100; 120; 135",50,305000,т,1,0,0,https://www.kavstal.ru/public/assets/images/products/Нержавеющая_сталь/СТАЛЬ_СОРТ_НЕРЖ_НИКЕЛ_КРУГ/сталь_сорт_нерж_никел_круг.webp,нержавеющая сталь;сталь сорт нерж жаропр круг;08х13-ш электрошлаковый переплав;50;55;65;80;90;100;120;135;сталь;сорт;нерж;жаропр;круг;08х13-ш;электрошлаковый;переплав,08Х13-Ш Электрошлаковый переплав,50 ; 55; 65; 80; 90; 100; 120; 135,ГОСТ 2590-2006,т
Качественные и специальные стали,СТАЛЬ СОРТ НЕРЖ ЖАРОПР КРУГ,12Х13,Сталь Сорт Нерж Жаропр Круг 75 12х13,"СТАЛЬ СОРТ НЕРЖ ЖАРОПР КРУГ марки 12Х13, размер 75 ; 85; 90",75,200000,т,1,0,0,https://www.kavstal.ru/public/assets/images/products/Нержавеющая_сталь/СТАЛЬ_СОРТ_НЕРЖ_НИКЕЛ_КРУГ/сталь_сорт_нерж_никел_круг.webp,нержавеющая сталь;сталь сорт нерж жаропр круг;12х13;75;85;90;сталь;сорт;нерж;жаропр;круг,12Х13,75 ; 85; 90,ГОСТ 2590-2006,т
Качественные и специальные стали,СТАЛЬ СОРТ НЕРЖ ЖАРОПР КРУГ,12Х13-Ш Электрошлаковый переплав,Сталь Сорт Нерж Жаропр Круг 60 12х13-ш Электрошлаковый переплав,"СТАЛЬ СОРТ НЕРЖ ЖАРОПР КРУГ марки 12Х13-Ш Электрошлаковый переплав, размер 60 ; 64",60,305000,т,1,0,0,https://www.kavstal.ru/public/assets/images/products/Нержавеющая_сталь/СТАЛЬ_СОРТ_НЕРЖ_НИКЕЛ_КРУГ/сталь_сорт_нерж_никел_круг.webp,нержавеющая сталь;сталь сорт нерж жаропр круг;12х13-ш электрошлаковый переплав;60;64;сталь;сорт;нерж;жаропр;круг;12х13-ш;электрошлаковый;переплав,12Х13-Ш Электрошлаковый переплав,60 ; 64,ГОСТ 2590-2006,т
Качественные и специальные стали,СТАЛЬ СОРТ НЕРЖ ЖАРОПР КРУГ,20Х13,Сталь Сорт Нерж Жаропр Круг 10 20Х13,"СТАЛЬ СОРТ НЕРЖ ЖАРОПР КРУГ марки 20Х13, размер 10 ; 12; 14; 18; 20",10,234000,т,1,0,0,https://www.kavstal.ru/public/assets/images/products/Нержавеющая_сталь/СТАЛЬ_СОРТ_НЕРЖ_НИКЕЛ_КРУГ/сталь_сорт_нерж_никел_круг.webp,нержавеющая сталь;сталь сорт нерж жаропр круг;20х13;10;12;14;18;20;сталь;сорт;нерж;жаропр;круг,20Х13,10 ; 12; 14; 18; 20,ГОСТ 2590-2006,т
Качественные и специальные стали,СТАЛЬ СОРТ НЕРЖ ЖАРОПР КРУГ,20Х13,Сталь Сорт Нерж Жаропр Круг 24 20Х13,"СТАЛЬ СОРТ НЕРЖ ЖАРОПР КРУГ марки 20Х13, размер 24",24,233000,т,1,0,0,https://www.kavstal.ru/public/assets/images/products/Нержавеющая_сталь/СТАЛЬ_СОРТ_НЕРЖ_НИКЕЛ_КРУГ/сталь_сорт_нерж_никел_круг.webp,нержавеющая сталь;сталь сорт нерж жаропр круг;20х13;24;сталь;сорт;нерж;жаропр;круг,20Х13,24,ГОСТ 2590-2006,т
Качественные и специальные стали,СТАЛЬ СОРТ НЕРЖ ЖАРОПР КРУГ,20Х13,Сталь Сорт Нерж Жаропр Круг 25 20Х13,"СТАЛЬ СОРТ НЕРЖ ЖАРОПР КРУГ марки 20Х13, размер 25",25,229000,т,1,0,0,https://www.kavstal.ru/public/assets/images/products/Нержавеющая_сталь/СТАЛЬ_СОРТ_НЕРЖ_НИКЕЛ_КРУГ/сталь_сорт_нерж_никел_круг.webp,нержавеющая сталь;сталь сорт нерж жаропр круг;20х13;25;сталь;сорт;нерж;жаропр;круг,20Х13,25,ГОСТ 2590-2006,т
Качественные и специальные стали,СТАЛЬ СОРТ НЕРЖ ЖАРОПР КРУГ,20Х13,Сталь Сорт Нерж Жаропр Круг 26 20Х13,"СТАЛЬ СОРТ НЕРЖ ЖАРОПР КРУГ марки 20Х13, размер 26",26,224000,т,1,0,0,https://www.kavstal.ru/public/assets/images/products/Нержавеющая_сталь/СТАЛЬ_СОРТ_НЕРЖ_НИКЕЛ_КРУГ/сталь_сорт_нерж_никел_круг.webp,нержавеющая сталь;сталь сорт нерж жаропр круг;20х13;26;сталь;сорт;нерж;жаропр;круг,20Х13,26,ГОСТ 2590-2006,т
Качественные и специальные стали,СТАЛЬ СОРТ НЕРЖ ЖАРОПР КРУГ,20Х13,Сталь Сорт Нерж Жаропр Круг 32 20Х13,"СТАЛЬ СОРТ НЕРЖ ЖАРОПР КРУГ марки 20Х13, размер 32 ; 34; 36; 38; 40; 42; 45; 48; 52; 55; 56; 60; 65; 70; 80; 85; 90; 95; 100; 105; 110; 120; 130; 140; 150; 160; 170; 180",32,204000,т,1,0,0,https://www.kavstal.ru/public/assets/images/products/Нержавеющая_сталь/СТАЛЬ_СОРТ_НЕРЖ_НИКЕЛ_КРУГ/сталь_сорт_нерж_никел_круг.webp,нержавеющая сталь;сталь сорт нерж жаропр круг;20х13;32;34;36;38;40;42;45;48;52;55;56;60;65;70;80;85;90;95;100;105;110;120;130;140;150;160;170;180;сталь;сорт;нерж;жаропр;круг,20Х13,32 ; 34; 36; 38; 40; 42; 45; 48; 52; 55; 56; 60; 65; 70; 80; 85; 90; 95; 100; 105; 110; 120; 130; 140; 150; 160; 170; 180,ГОСТ 2590-2006,т
Качественные и специальные стали,СТАЛЬ СОРТ НЕРЖ ЖАРОПР КРУГ,20Х13,Сталь Сорт Нерж Жаропр Круг 190 20Х13,"СТАЛЬ СОРТ НЕРЖ ЖАРОПР КРУГ марки 20Х13, размер 190",190,205000,т,1,0,0,https://www.kavstal.ru/public/assets/images/products/Нержавеющая_сталь/СТАЛЬ_СОРТ_НЕРЖ_НИКЕЛ_КРУГ/сталь_сорт_нерж_никел_круг.webp,нержавеющая сталь;сталь сорт нерж жаропр круг;20х13;190;сталь;сорт;нерж;жаропр;круг,20Х13,190,ГОСТ 2590-2006,т
Качественные и специальные стали,СТАЛЬ СОРТ НЕРЖ ЖАРОПР КРУГ,20Х13,Сталь Сорт Нерж Жаропр Круг 200 20Х13,"СТАЛЬ СОРТ НЕРЖ ЖАРОПР КРУГ марки 20Х13, размер 200",200,204000,т,1,0,0,https://www.kavstal.ru/public/assets/images/products/Нержавеющая_сталь/СТАЛЬ_СОРТ_НЕРЖ_НИКЕЛ_КРУГ/сталь_сорт_нерж_никел_круг.webp,нержавеющая сталь;сталь сорт нерж жаропр круг;20х13;200;сталь;сорт;нерж;жаропр;круг,20Х13,200,ГОСТ 2590-2006,т
Качественные и специальные стали,СТАЛЬ СОРТ НЕРЖ ЖАРОПР КРУГ,20Х13,Сталь Сорт Нерж Жаропр Круг 210 20Х13,"СТАЛЬ СОРТ НЕРЖ ЖАРОПР КРУГ марки 20Х13, размер 210 ; 220",210,234000,т,1,0,0,https://www.kavstal.ru/public/assets/images/products/Нержавеющая_сталь/СТАЛЬ_СОРТ_НЕРЖ_НИКЕЛ_КРУГ/сталь_сорт_нерж_никел_круг.webp,нержавеющая сталь;сталь сорт нерж жаропр круг;20х13;210;220;сталь;сорт;нерж;жаропр;круг,20Х13,210 ; 220,ГОСТ 2590-2006,т
Качественные и специальные стали,СТАЛЬ СОРТ НЕРЖ ЖАРОПР КРУГ,20Х13,Сталь Сорт Нерж Жаропр Круг 230 20Х13,"СТАЛЬ СОРТ НЕРЖ ЖАРОПР КРУГ марки 20Х13, размер 230 ; 240",230,249000,т,1,0,0,https://www.kavstal.ru/public/assets/images/products/Нержавеющая_сталь/СТАЛЬ_СОРТ_НЕРЖ_НИКЕЛ_КРУГ/сталь_сорт_нерж_никел_круг.webp,нержавеющая сталь;сталь сорт нерж жаропр круг;20х13;230;240;сталь;сорт;нерж;жаропр;круг,20Х13,230 ; 240,ГОСТ 2590-2006,т
Качественные и специальные стали,СТАЛЬ СОРТ НЕРЖ ЖАРОПР КРУГ,20Х13,Сталь Сорт Нерж Жаропр Круг 250 20Х13,"СТАЛЬ СОРТ НЕРЖ ЖАРОПР КРУГ марки 20Х13, размер 250",250,251000,т,1,0,0,https://www.kavstal.ru/public/assets/images/products/Нержавеющая_сталь/СТАЛЬ_СОРТ_НЕРЖ_НИКЕЛ_КРУГ/сталь_сорт_нерж_никел_круг.webp,нержавеющая сталь;сталь сорт нерж жаропр круг;20х13;250;сталь;сорт;нерж;жаропр;круг,20Х13,250,ГОСТ 2590-2006,т
Качественные и специальные стали,СТАЛЬ СОРТ НЕРЖ ЖАРОПР КРУГ,20Х13,Сталь Сорт Нерж Жаропр Круг 260 20Х13,"СТАЛЬ СОРТ НЕРЖ ЖАРОПР КРУГ марки 20Х13, размер 260 ; 270",260,260000,т,1,0,0,https://www.kavstal.ru/public/assets/images/products/Нержавеющая_сталь/СТАЛЬ_СОРТ_НЕРЖ_НИКЕЛ_КРУГ/сталь_сорт_нерж_никел_круг.webp,нержавеющая сталь;сталь сорт нерж жаропр круг;20х13;260;270;сталь;сорт;нерж;жаропр;круг,20Х13,260 ; 270,ГОСТ 2590-2006,т
Качественные и специальные стали,СТАЛЬ СОРТ НЕРЖ ЖАРОПР КРУГ,20Х13,Сталь Сорт Нерж Жаропр Круг 280 20Х13,"СТАЛЬ СОРТ НЕРЖ ЖАРОПР КРУГ марки 20Х13, размер 280",280,262000,т,1,0,0,https://www.kavstal.ru/public/assets/images/products/Нержавеющая_сталь/СТАЛЬ_СОРТ_НЕРЖ_НИКЕЛ_КРУГ/сталь_сорт_нерж_никел_круг.webp,нержавеющая сталь;сталь сорт нерж жаропр круг;20х13;280;сталь;сорт;нерж;жаропр;круг,20Х13,280,ГОСТ 2590-2006,т
Качественные и специальные стали,СТАЛЬ СОРТ НЕРЖ ЖАРОПР КРУГ,30Х13,Сталь Сорт Нерж Жаропр Круг 14 30х13,"СТАЛЬ СОРТ НЕРЖ ЖАРОПР КРУГ марки 30Х13, размер 14",14,243000,т,1,0,0,https://www.kavstal.ru/public/assets/images/products/Нержавеющая_сталь/СТАЛЬ_СОРТ_НЕРЖ_НИКЕЛ_КРУГ/сталь_сорт_нерж_никел_круг.webp,нержавеющая сталь;сталь сорт нерж жаропр круг;30х13;14;сталь;сорт;нерж;жаропр;круг,30Х13,14,ГОСТ 2590-2006,т
Качественные и специальные стали,СТАЛЬ СОРТ НЕРЖ ЖАРОПР КРУГ,30Х13,Сталь Сорт Нерж Жаропр Круг 16 30х13,"СТАЛЬ СОРТ НЕРЖ ЖАРОПР КРУГ марки 30Х13, размер 16",16,239000,т,1,0,0,https://www.kavstal.ru/public/assets/images/products/Нержавеющая_сталь/СТАЛЬ_СОРТ_НЕРЖ_НИКЕЛ_КРУГ/сталь_сорт_нерж_никел_круг.webp,нержавеющая сталь;сталь сорт нерж жаропр круг;30х13;16;сталь;сорт;нерж;жаропр;круг,30Х13,16,ГОСТ 2590-2006,т
Качественные и специальные стали,СТАЛЬ СОРТ НЕРЖ ЖАРОПР КРУГ,30Х13,Сталь Сорт Нерж Жаропр Круг 20 30х13,"СТАЛЬ СОРТ НЕРЖ ЖАРОПР КРУГ марки 30Х13, размер 20",20,258000,т,1,0,0,https://www.kavstal.ru/public/assets/images/products/Нержавеющая_сталь/СТАЛЬ_СОРТ_НЕРЖ_НИКЕЛ_КРУГ/сталь_сорт_нерж_никел_круг.webp,нержавеющая сталь;сталь сорт нерж жаропр круг;30х13;20;сталь;сорт;нерж;жаропр;круг,30Х13,20,ГОСТ 2590-2006,т
Качественные и специальные стали,СТАЛЬ СОРТ НЕРЖ ЖАРОПР КРУГ,30Х13,Сталь Сорт Нерж Жаропр Круг 22 30х13,"СТАЛЬ СОРТ НЕРЖ ЖАРОПР КРУГ марки 30Х13, размер 22",22,259000,т,1,0,0,https://www.kavstal.ru/public/assets/images/products/Нержавеющая_сталь/СТАЛЬ_СОРТ_НЕРЖ_НИКЕЛ_КРУГ/сталь_сорт_нерж_никел_круг.webp,нержавеющая сталь;сталь сорт нерж жаропр круг;30х13;22;сталь;сорт;нерж;жаропр;круг,30Х13,22,ГОСТ 2590-2006,т
Качественные и специальные стали,СТАЛЬ СОРТ НЕРЖ ЖАРОПР КРУГ,30Х13,Сталь Сорт Нерж Жаропр Круг 25 30х13,"СТАЛЬ СОРТ НЕРЖ ЖАРОПР КРУГ марки 30Х13, размер 25",25,239000,т,1,0,0,https://www.kavstal.ru/public/assets/images/products/Нержавеющая_сталь/СТАЛЬ_СОРТ_НЕРЖ_НИКЕЛ_КРУГ/сталь_сорт_нерж_никел_круг.webp,нержавеющая сталь;сталь сорт нерж жаропр круг;30х13;25;сталь;сорт;нерж;жаропр;круг,30Х13,25,ГОСТ 2590-2006,т
Качественные и специальные стали,СТАЛЬ СОРТ НЕРЖ ЖАРОПР КРУГ,30Х13,Сталь Сорт Нерж Жаропр Круг 28 30х13,"СТАЛЬ СОРТ НЕРЖ ЖАРОПР КРУГ марки 30Х13, размер 28 ; 30",28,213000,т,1,0,0,https://www.kavstal.ru/public/assets/images/products/Нержавеющая_сталь/СТАЛЬ_СОРТ_НЕРЖ_НИКЕЛ_КРУГ/сталь_сорт_нерж_никел_круг.webp,нержавеющая сталь;сталь сорт нерж жаропр круг;30х13;28;30;сталь;сорт;нерж;жаропр;круг,30Х13,28 ; 30,ГОСТ 2590-2006,т
Качественные и специальные стали,СТАЛЬ СОРТ НЕРЖ ЖАРОПР КРУГ,30Х13,Сталь Сорт Нерж Жаропр Круг 32 30х13,"СТАЛЬ СОРТ НЕРЖ ЖАРОПР КРУГ марки 30Х13, размер 32 ; 34; 35; 38; 40; 42; 45; 50; 56; 60; 75; 80; 90; 95; 100; 110; 120; 130; 140; 150; 170; 180",32,209000,т,1,0,0,https://www.kavstal.ru/public/assets/images/products/Нержавеющая_сталь/СТАЛЬ_СОРТ_НЕРЖ_НИКЕЛ_КРУГ/сталь_сорт_нерж_никел_круг.webp,нержавеющая сталь;сталь сорт нерж жаропр круг;30х13;32;34;35;38;40;42;45;50;56;60;75;80;90;95;100;110;120;130;140;150;170;180;сталь;сорт;нерж;жаропр;круг,30Х13,32 ; 34; 35; 38; 40; 42; 45; 50; 56; 60; 75; 80; 90; 95; 100; 110; 120; 130; 140; 150; 170; 180,ГОСТ 2590-2006,т
Качественные и специальные стали,СТАЛЬ СОРТ НЕРЖ ЖАРОПР КРУГ,30Х13,Сталь Сорт Нерж Жаропр Круг 190 30х13,"СТАЛЬ СОРТ НЕРЖ ЖАРОПР КРУГ марки 30Х13, размер 190",190,204000,т,1,0,0,https://www.kavstal.ru/public/assets/images/products/Нержавеющая_сталь/СТАЛЬ_СОРТ_НЕРЖ_НИКЕЛ_КРУГ/сталь_сорт_нерж_никел_круг.webp,нержавеющая сталь;сталь сорт нерж жаропр круг;30х13;190;сталь;сорт;нерж;жаропр;круг,30Х13,190,ГОСТ 2590-2006,т
Качественные и специальные стали,СТАЛЬ СОРТ НЕРЖ ЖАРОПР КРУГ,40Х13,Сталь Сорт Нерж Жаропр Круг 10 40х13,"СТАЛЬ СОРТ НЕРЖ ЖАРОПР КРУГ марки 40Х13, размер 10 ; 12; 14; 16; 18; 20; 22; 24; 25; 26",10,234000,т,1,0,0,https://www.kavstal.ru/public/assets/images/products/Нержавеющая_сталь/СТАЛЬ_СОРТ_НЕРЖ_НИКЕЛ_КРУГ/сталь_сорт_нерж_никел_круг.webp,нержавеющая сталь;сталь сорт нерж жаропр круг;40х13;10;12;14;16;18;20;22;24;25;26;сталь;сорт;нерж;жаропр;круг,40Х13,10 ; 12; 14; 16; 18; 20; 22; 24; 25; 26,ГОСТ 2590-2006,т
Качественные и специальные стали,СТАЛЬ СОРТ НЕРЖ ЖАРОПР КРУГ,40Х13,Сталь Сорт Нерж Жаропр Круг 28 40х13,"СТАЛЬ СОРТ НЕРЖ ЖАРОПР КРУГ марки 40Х13, размер 28 ; 30; 35; 36; 38",28,204000,т,1,0,0,https://www.kavstal.ru/public/assets/images/products/Нержавеющая_сталь/СТАЛЬ_СОРТ_НЕРЖ_НИКЕЛ_КРУГ/сталь_сорт_нерж_никел_круг.webp,нержавеющая сталь;сталь сорт нерж жаропр круг;40х13;28;30;35;36;38;сталь;сорт;нерж;жаропр;круг,40Х13,28 ; 30; 35; 36; 38,ГОСТ 2590-2006,т
Качественные и специальные стали,СТАЛЬ СОРТ НЕРЖ ЖАРОПР КРУГ,40Х13,Сталь Сорт Нерж Жаропр Круг 40 40х13,"СТАЛЬ СОРТ НЕРЖ ЖАРОПР КРУГ марки 40Х13, размер 40",40,203000,т,1,0,0,https://www.kavstal.ru/public/assets/images/products/Нержавеющая_сталь/СТАЛЬ_СОРТ_НЕРЖ_НИКЕЛ_КРУГ/сталь_сорт_нерж_никел_круг.webp,нержавеющая сталь;сталь сорт нерж жаропр круг;40х13;40;сталь;сорт;нерж;жаропр;круг,40Х13,40,ГОСТ 2590-2006,т
Качественные и специальные стали,СТАЛЬ СОРТ НЕРЖ ЖАРОПР КРУГ,40Х13,Сталь Сорт Нерж Жаропр Круг 42 40х13,"СТАЛЬ СОРТ НЕРЖ ЖАРОПР КРУГ марки 40Х13, размер 42 ; 45; 48; 50",42,204000,т,1,0,0,https://www.kavstal.ru/public/assets/images/products/Нержавеющая_сталь/СТАЛЬ_СОРТ_НЕРЖ_НИКЕЛ_КРУГ/сталь_сорт_нерж_никел_круг.webp,нержавеющая сталь;сталь сорт нерж жаропр круг;40х13;42;45;48;50;сталь;сорт;нерж;жаропр;круг,40Х13,42 ; 45; 48; 50,ГОСТ 2590-2006,т
Качественные и специальные стали,СТАЛЬ СОРТ НЕРЖ ЖАРОПР КРУГ,40Х13,Сталь Сорт Нерж Жаропр Круг 52 40х13,"СТАЛЬ СОРТ НЕРЖ ЖАРОПР КРУГ марки 40Х13, размер 52",52,209000,т,1,0,0,https://www.kavstal.ru/public/assets/images/products/Нержавеющая_сталь/СТАЛЬ_СОРТ_НЕРЖ_НИКЕЛ_КРУГ/сталь_сорт_нерж_никел_круг.webp,нержавеющая сталь;сталь сорт нерж жаропр круг;40х13;52;сталь;сорт;нерж;жаропр;круг,40Х13,52,ГОСТ 2590-2006,т
Качественные и специальные стали,СТАЛЬ СОРТ НЕРЖ ЖАРОПР КРУГ,40Х13,Сталь Сорт Нерж Жаропр Круг 55 40х13,"СТАЛЬ СОРТ НЕРЖ ЖАРОПР КРУГ марки 40Х13, размер 55",55,204000,т,1,0,0,https://www.kavstal.ru/public/assets/images/products/Нержавеющая_сталь/СТАЛЬ_СОРТ_НЕРЖ_НИКЕЛ_КРУГ/сталь_сорт_нерж_никел_круг.webp,нержавеющая сталь;сталь сорт нерж жаропр круг;40х13;55;сталь;сорт;нерж;жаропр;круг,40Х13,55,ГОСТ 2590-2006,т
Качественные и специальные стали,СТАЛЬ СОРТ НЕРЖ ЖАРОПР КРУГ,40Х13,Сталь Сорт Нерж Жаропр Круг 56 40х13,"СТАЛЬ СОРТ НЕРЖ ЖАРОПР КРУГ марки 40Х13, размер 56",56,209000,т,1,0,0,https://www.kavstal.ru/public/assets/images/products/Нержавеющая_сталь/СТАЛЬ_СОРТ_НЕРЖ_НИКЕЛ_КРУГ/сталь_сорт_нерж_никел_круг.webp,нержавеющая сталь;сталь сорт нерж жаропр круг;40х13;56;сталь;сорт;нерж;жаропр;круг,40Х13,56,ГОСТ 2590-2006,т
Качественные и специальные стали,СТАЛЬ СОРТ НЕРЖ ЖАРОПР КРУГ,40Х13,Сталь Сорт Нерж Жаропр Круг 60 40х13,"СТАЛЬ СОРТ НЕРЖ ЖАРОПР КРУГ марки 40Х13, размер 60 ; 65; 70",60,204000,т,1,0,0,https://www.kavstal.ru/public/assets/images/products/Нержавеющая_сталь/СТАЛЬ_СОРТ_НЕРЖ_НИКЕЛ_КРУГ/сталь_сорт_нерж_никел_круг.webp,нержавеющая сталь;сталь сорт нерж жаропр круг;40х13;60;65;70;сталь;сорт;нерж;жаропр;круг,40Х13,60 ; 65; 70,ГОСТ 2590-2006,т
Качественные и специальные стали,СТАЛЬ СОРТ НЕРЖ ЖАРОПР КРУГ,40Х13,Сталь Сорт Нерж Жаропр Круг 75 40х13,"СТАЛЬ СОРТ НЕРЖ ЖАРОПР КРУГ марки 40Х13, размер 75",75,209000,т,1,0,0,https://www.kavstal.ru/public/assets/images/products/Нержавеющая_сталь/СТАЛЬ_СОРТ_НЕРЖ_НИКЕЛ_КРУГ/сталь_сорт_нерж_никел_круг.webp,нержавеющая сталь;сталь сорт нерж жаропр круг;40х13;75;сталь;сорт;нерж;жаропр;круг,40Х13,75,ГОСТ 2590-2006,т
Качественные и специальные стали,СТАЛЬ СОРТ НЕРЖ ЖАРОПР КРУГ,40Х13,Сталь Сорт Нерж Жаропр Круг 80 40х13,"СТАЛЬ СОРТ НЕРЖ ЖАРОПР КРУГ марки 40Х13, размер 80 ; 85; 90; 95; 100; 105; 110; 120; 130; 140; 170; 180; 190",80,204000,т,1,0,0,https://www.kavstal.ru/public/assets/images/products/Нержавеющая_сталь/СТАЛЬ_СОРТ_НЕРЖ_НИКЕЛ_КРУГ/сталь_сорт_нерж_никел_круг.webp,нержавеющая сталь;сталь сорт нерж жаропр круг;40х13;80;85;90;95;100;105;110;120;130;140;170;180;190;сталь;сорт;нерж;жаропр;круг,40Х13,80 ; 85; 90; 95; 100; 105; 110; 120; 130; 140; 170; 180; 190,ГОСТ 2590-2006,т
Качественные и специальные стали,СТАЛЬ СОРТ НЕРЖ ЖАРОПР КРУГ,40Х13,Сталь Сорт Нерж Жаропр Круг 200 40х13,"СТАЛЬ СОРТ НЕРЖ ЖАРОПР КРУГ марки 40Х13, размер 200",200,203000,т,1,0,0,https://www.kavstal.ru/public/assets/images/products/Нержавеющая_сталь/СТАЛЬ_СОРТ_НЕРЖ_НИКЕЛ_КРУГ/сталь_сорт_нерж_никел_круг.webp,нержавеющая сталь;сталь сорт нерж жаропр круг;40х13;200;сталь;сорт;нерж;жаропр;круг,40Х13,200,ГОСТ 2590-2006,т
Качественные и специальные стали,СТАЛЬ СОРТ НЕРЖ ЖАРОПР КРУГ,40Х13,Сталь Сорт Нерж Жаропр Круг 210 40х13,"СТАЛЬ СОРТ НЕРЖ ЖАРОПР КРУГ марки 40Х13, размер 210 ; 220",210,234000,т,1,0,0,https://www.kavstal.ru/public/assets/images/products/Нержавеющая_сталь/СТАЛЬ_СОРТ_НЕРЖ_НИКЕЛ_КРУГ/сталь_сорт_нерж_никел_круг.webp,нержавеющая сталь;сталь сорт нерж жаропр круг;40х13;210;220;сталь;сорт;нерж;жаропр;круг,40Х13,210 ; 220,ГОСТ 2590-2006,т
Качественные и специальные стали,СТАЛЬ СОРТ НЕРЖ ЖАРОПР КРУГ,40Х13,Сталь Сорт Нерж Жаропр Круг 230 40х13,"СТАЛЬ СОРТ НЕРЖ ЖАРОПР КРУГ марки 40Х13, размер 230",230,244000,т,1,0,0,https://www.kavstal.ru/public/assets/images/products/Нержавеющая_сталь/СТАЛЬ_СОРТ_НЕРЖ_НИКЕЛ_КРУГ/сталь_сорт_нерж_никел_круг.webp,нержавеющая сталь;сталь сорт нерж жаропр круг;40х13;230;сталь;сорт;нерж;жаропр;круг,40Х13,230,ГОСТ 2590-2006,т
Качественные и специальные стали,СТАЛЬ СОРТ НЕРЖ ЖАРОПР КРУГ,95Х18,Сталь Сорт Нерж Жаропр Круг 14 95х18,"СТАЛЬ СОРТ НЕРЖ ЖАРОПР КРУГ марки 95Х18, размер 14 ; 16; 18; 20; 25; 26",14,374000,т,1,0,0,https://www.kavstal.ru/public/assets/images/products/Нержавеющая_сталь/СТАЛЬ_СОРТ_НЕРЖ_НИКЕЛ_КРУГ/сталь_сорт_нерж_никел_круг.webp,нержавеющая сталь;сталь сорт нерж жаропр круг;95х18;14;16;18;20;25;26;сталь;сорт;нерж;жаропр;круг,95Х18,14 ; 16; 18; 20; 25; 26,ГОСТ 2590-2006,т
Качественные и специальные стали,СТАЛЬ СОРТ НЕРЖ ЖАРОПР КРУГ,95Х18,Сталь Сорт Нерж Жаропр Круг 30 95х18,"СТАЛЬ СОРТ НЕРЖ ЖАРОПР КРУГ марки 95Х18, размер 30 ; 36; 45; 50; 60; 65; 70; 75; 80; 85; 90; 100; 110; 120; 130; 150",30,369000,т,1,0,0,https://www.kavstal.ru/public/assets/images/products/Нержавеющая_сталь/СТАЛЬ_СОРТ_НЕРЖ_НИКЕЛ_КРУГ/сталь_сорт_нерж_никел_круг.webp,нержавеющая сталь;сталь сорт нерж жаропр круг;95х18;30;36;45;50;60;65;70;75;80;85;90;100;110;120;130;150;сталь;сорт;нерж;жаропр;круг,95Х18,30 ; 36; 45; 50; 60; 65; 70; 75; 80; 85; 90; 100; 110; 120; 130; 150,ГОСТ 2590-2006,т
Качественные и специальные стали,СТАЛЬ СОРТ НЕРЖ ЖАРОПР КРУГ,AISI 420 20Х13,Сталь Сорт Нерж Жаропр Круг 38 AISI 420 20Х13,"СТАЛЬ СОРТ НЕРЖ ЖАРОПР КРУГ марки AISI 420 20Х13, размер 38 ; 40; 42; 45; 48; 50; 52; 55; 60; 65; 75; 80; 85; 90; 100",38,166000,т,1,0,0,https://www.kavstal.ru/public/assets/images/products/Нержавеющая_сталь/СТАЛЬ_СОРТ_НЕРЖ_НИКЕЛ_КРУГ/сталь_сорт_нерж_никел_круг.webp,нержавеющая сталь;сталь сорт нерж жаропр круг;aisi 420 20х13;38;40;42;45;48;50;52;55;60;65;75;80;85;90;100;сталь;сорт;нерж;жаропр;круг;aisi;420;20х13,AISI 420 20Х13,38 ; 40; 42; 45; 48; 50; 52; 55; 60; 65; 75; 80; 85; 90; 100,ГОСТ 2590-2006,т
Качественные и специальные стали,СТАЛЬ СОРТ НЕРЖ ЖАРОПР КРУГ,AISI 420 20Х13,Сталь Сорт Нерж Жаропр Круг 110 AISI 420 20Х13,"СТАЛЬ СОРТ НЕРЖ ЖАРОПР КРУГ марки AISI 420 20Х13, размер 110 ; 120; 130; 140; 150; 160; 170",110,177000,т,1,0,0,https://www.kavstal.ru/public/assets/images/products/Нержавеющая_сталь/СТАЛЬ_СОРТ_НЕРЖ_НИКЕЛ_КРУГ/сталь_сорт_нерж_никел_круг.webp,нержавеющая сталь;сталь сорт нерж жаропр круг;aisi 420 20х13;110;120;130;140;150;160;170;сталь;сорт;нерж;жаропр;круг;aisi;420;20х13,AISI 420 20Х13,110 ; 120; 130; 140; 150; 160; 170,ГОСТ 2590-2006,т
Качественные и специальные стали,СТАЛЬ СОРТ НЕРЖ ЖАРОПР КРУГ,AISI 420 20Х13,Сталь Сорт Нерж Жаропр Круг 210 AISI 420 20Х13,"СТАЛЬ СОРТ НЕРЖ ЖАРОПР КРУГ марки AISI 420 20Х13, размер 210 ; 220",210,193000,т,1,0,0,https://www.kavstal.ru/public/assets/images/products/Нержавеющая_сталь/СТАЛЬ_СОРТ_НЕРЖ_НИКЕЛ_КРУГ/сталь_сорт_нерж_никел_круг.webp,нержавеющая сталь;сталь сорт нерж жаропр круг;aisi 420 20х13;210;220;сталь;сорт;нерж;жаропр;круг;aisi;420;20х13,AISI 420 20Х13,210 ; 220,ГОСТ 2590-2006,т
Качественные и специальные стали,СТАЛЬ СОРТ НЕРЖ ЖАРОПР КРУГ,40Х13,Сталь Сорт Нерж Жаропр Круг 105 40х13,"СТАЛЬ СОРТ НЕРЖ ЖАРОПР КРУГ марки 40Х13, размер 105 ; 110",105,200000,т,1,0,0,https://www.kavstal.ru/public/assets/images/products/Нержавеющая_сталь/СТАЛЬ_СОРТ_НЕРЖ_НИКЕЛ_КРУГ/сталь_сорт_нерж_никел_круг.webp,нержавеющая сталь;сталь сорт нерж жаропр круг;40х13;105;110;сталь;сорт;нерж;жаропр;круг,40Х13,105 ; 110,ГОСТ 2590-2006,т
Качественные и специальные стали,СТАЛЬ СОРТ НЕРЖ ЖАРОПР КРУГ,AISI 420 20Х13,Сталь Сорт Нерж Жаропр Круг 320 AISI 420 20Х13,"СТАЛЬ СОРТ НЕРЖ ЖАРОПР КРУГ марки AISI 420 20Х13, размер 320 ; 330; 350; 450",320,235000,т,1,0,0,https://www.kavstal.ru/public/assets/images/products/Нержавеющая_сталь/СТАЛЬ_СОРТ_НЕРЖ_НИКЕЛ_КРУГ/сталь_сорт_нерж_никел_круг.webp,нержавеющая сталь;сталь сорт нерж жаропр круг;aisi 420 20х13;320;330;350;450;сталь;сорт;нерж;жаропр;круг;aisi;420;20х13,AISI 420 20Х13,320 ; 330; 350; 450,ГОСТ 2590-2006,т
Качественные и специальные стали,СТАЛЬ СОРТ НЕРЖ ЖАРОПР КРУГ,30Х13,Сталь Сорт Нерж Жаропр Круг 130 30х13,"СТАЛЬ СОРТ НЕРЖ ЖАРОПР КРУГ марки 30Х13, размер 130",130,200000,т,1,0,0,https://www.kavstal.ru/public/assets/images/products/Нержавеющая_сталь/СТАЛЬ_СОРТ_НЕРЖ_НИКЕЛ_КРУГ/сталь_сорт_нерж_никел_круг.webp,нержавеющая сталь;сталь сорт нерж жаропр круг;30х13;130;сталь;сорт;нерж;жаропр;круг,30Х13,130,ГОСТ 2590-2006,т
Качественные и специальные стали,СТАЛЬ СОРТ НЕРЖ ЖАРОПР КРУГ,30Х13,Сталь Сорт Нерж Жаропр Круг 270 30х13,"СТАЛЬ СОРТ НЕРЖ ЖАРОПР КРУГ марки 30Х13, размер 270 ; 290",270,275000,т,1,0,0,https://www.kavstal.ru/public/assets/images/products/Нержавеющая_сталь/СТАЛЬ_СОРТ_НЕРЖ_НИКЕЛ_КРУГ/сталь_сорт_нерж_никел_круг.webp,нержавеющая сталь;сталь сорт нерж жаропр круг;30х13;270;290;сталь;сорт;нерж;жаропр;круг,30Х13,270 ; 290,ГОСТ 2590-2006,т
Качественные и специальные стали,СТАЛЬ СОРТ НЕРЖ ЖАРОПР КРУГ,40Х13,Сталь Сорт Нерж Жаропр Круг 170 40х13,"СТАЛЬ СОРТ НЕРЖ ЖАРОПР КРУГ марки 40Х13, размер 170 ; 190",170,200000,т,1,0,0,https://www.kavstal.ru/public/assets/images/products/Нержавеющая_сталь/СТАЛЬ_СОРТ_НЕРЖ_НИКЕЛ_КРУГ/сталь_сорт_нерж_никел_круг.webp,нержавеющая сталь;сталь сорт нерж жаропр круг;40х13;170;190;сталь;сорт;нерж;жаропр;круг,40Х13,170 ; 190,ГОСТ 2590-2006,т
Качественные и специальные стали,СТАЛЬ СОРТ НЕРЖ ЖАРОПР КРУГ,30Х13,Сталь Сорт Нерж Жаропр Круг 3.7 30х13,"СТАЛЬ СОРТ НЕРЖ ЖАРОПР КРУГ марки 30Х13, размер 3.7",3.7,300000,т,1,0,0,https://www.kavstal.ru/public/assets/images/products/Нержавеющая_сталь/СТАЛЬ_СОРТ_НЕРЖ_НИКЕЛ_КРУГ/сталь_сорт_нерж_никел_круг.webp,нержавеющая сталь;сталь сорт нерж жаропр круг;30х13;3;7;сталь;сорт;нерж;жаропр;круг;3.7,30Х13,3.7,ГОСТ 2590-2006,т
Качественные и специальные стали,СТАЛЬ СОРТ НЕРЖ ЖАРОПР КРУГ,30Х13,Сталь Сорт Нерж Жаропр Круг 8.2 30х13,"СТАЛЬ СОРТ НЕРЖ ЖАРОПР КРУГ марки 30Х13, размер 8.2",8.2,285000,т,1,0,0,https://www.kavstal.ru/public/assets/images/products/Нержавеющая_сталь/СТАЛЬ_СОРТ_НЕРЖ_НИКЕЛ_КРУГ/сталь_сорт_нерж_никел_круг.webp,нержавеющая сталь;сталь сорт нерж жаропр круг;30х13;8;2;сталь;сорт;нерж;жаропр;круг;8.2,30Х13,8.2,ГОСТ 2590-2006,т
Качественные и специальные стали,СТАЛЬ СОРТ НЕРЖ ЖАРОПР КРУГ,30Х13,Сталь Сорт Нерж Жаропр Круг 26 30х13,"СТАЛЬ СОРТ НЕРЖ ЖАРОПР КРУГ марки 30Х13, размер 26 ; 40; 65; 85",26,240000,т,1,0,0,https://www.kavstal.ru/public/assets/images/products/Нержавеющая_сталь/СТАЛЬ_СОРТ_НЕРЖ_НИКЕЛ_КРУГ/сталь_сорт_нерж_никел_круг.webp,нержавеющая сталь;сталь сорт нерж жаропр круг;30х13;26;40;65;85;сталь;сорт;нерж;жаропр;круг,30Х13,26 ; 40; 65; 85,ГОСТ 2590-2006,т
Качественные и специальные стали,СТАЛЬ СОРТ НЕРЖ ЖАРОПР КРУГ,40Х13,Сталь Сорт Нерж Жаропр Круг 5 40х13,"СТАЛЬ СОРТ НЕРЖ ЖАРОПР КРУГ марки 40Х13, размер 5 ; 6; 8; 10; 12; 14; 16; 18; 20; 22; 25; 28; 36; 38; 40; 45; 60; 70; 80; 95; 100",5,200000,т,1,0,0,https://www.kavstal.ru/public/assets/images/products/Нержавеющая_сталь/СТАЛЬ_СОРТ_НЕРЖ_НИКЕЛ_КРУГ/сталь_сорт_нерж_никел_круг.webp,нержавеющая сталь;сталь сорт нерж жаропр круг;40х13;5;6;8;10;12;14;16;18;20;22;25;28;36;38;40;45;60;70;80;95;100;сталь;сорт;нерж;жаропр;круг,40Х13,5 ; 6; 8; 10; 12; 14; 16; 18; 20; 22; 25; 28; 36; 38; 40; 45; 60; 70; 80; 95; 100,ГОСТ 2590-2006,т
Качественные и специальные стали,СТАЛЬ СОРТ НЕРЖ ЖАРОПР КРУГ,40Х13 импорт,Сталь Сорт Нерж Жаропр Круг 30 40х13 импорт,"СТАЛЬ СОРТ НЕРЖ ЖАРОПР КРУГ марки 40Х13 импорт, размер 30 ; 32; 34",30,200000,т,1,0,0,https://www.kavstal.ru/public/assets/images/products/Нержавеющая_сталь/СТАЛЬ_СОРТ_НЕРЖ_НИКЕЛ_КРУГ/сталь_сорт_нерж_никел_круг.webp,нержавеющая сталь;сталь сорт нерж жаропр круг;40х13 импорт;30;32;34;сталь;сорт;нерж;жаропр;круг;40х13;импорт,40Х13 импорт,30 ; 32; 34,ГОСТ 2590-2006,т
Качественные и специальные стали,СТАЛЬ СОРТ НЕРЖ ЖАРОПР КРУГ,AISI 420 20Х13,Сталь Сорт Нерж Жаропр Круг 3 AISI 420 20Х13,"СТАЛЬ СОРТ НЕРЖ ЖАРОПР КРУГ марки AISI 420 20Х13, размер 3",3,225000,т,1,0,0,https://www.kavstal.ru/public/assets/images/products/Нержавеющая_сталь/СТАЛЬ_СОРТ_НЕРЖ_НИКЕЛ_КРУГ/сталь_сорт_нерж_никел_круг.webp,нержавеющая сталь;сталь сорт нерж жаропр круг;aisi 420 20х13;3;сталь;сорт;нерж;жаропр;круг;aisi;420;20х13,AISI 420 20Х13,3,ГОСТ 2590-2006,т
Качественные и специальные стали,СТАЛЬ СОРТ НЕРЖ ЖАРОПР КРУГ,AISI 420 20Х13,Сталь Сорт Нерж Жаропр Круг 4 AISI 420 20Х13,"СТАЛЬ СОРТ НЕРЖ ЖАРОПР КРУГ марки AISI 420 20Х13, размер 4",4,220000,т,1,0,0,https://www.kavstal.ru/public/assets/images/products/Нержавеющая_сталь/СТАЛЬ_СОРТ_НЕРЖ_НИКЕЛ_КРУГ/сталь_сорт_нерж_никел_круг.webp,нержавеющая сталь;сталь сорт нерж жаропр круг;aisi 420 20х13;4;сталь;сорт;нерж;жаропр;круг;aisi;420;20х13,AISI 420 20Х13,4,ГОСТ 2590-2006,т
Качественные и специальные стали,СТАЛЬ СОРТ НЕРЖ ЖАРОПР КРУГ,AISI 420 20Х13,Сталь Сорт Нерж Жаропр Круг 5 AISI 420 20Х13,"СТАЛЬ СОРТ НЕРЖ ЖАРОПР КРУГ марки AISI 420 20Х13, размер 5 ; 6; 7; 8; 10; 12; 14; 14.6; 16; 18; 18; 20; 22",5,166000,т,1,0,0,https://www.kavstal.ru/public/assets/images/products/Нержавеющая_сталь/СТАЛЬ_СОРТ_НЕРЖ_НИКЕЛ_КРУГ/сталь_сорт_нерж_никел_круг.webp,нержавеющая сталь;сталь сорт нерж жаропр круг;aisi 420 20х13;5;6;7;8;10;12;14;16;18;20;22;сталь;сорт;нерж;жаропр;круг;aisi;420;20х13,AISI 420 20Х13,5 ; 6; 7; 8; 10; 12; 14; 14.6; 16; 18; 18; 20; 22,ГОСТ 2590-2006,т
Качественные и специальные стали,СТАЛЬ СОРТ НЕРЖ ЖАРОПР КРУГ,AISI 420 20Х13,Сталь Сорт Нерж Жаропр Круг 24 AISI 420 20Х13,"СТАЛЬ СОРТ НЕРЖ ЖАРОПР КРУГ марки AISI 420 20Х13, размер 24",24,165850,т,1,0,0,https://www.kavstal.ru/public/assets/images/products/Нержавеющая_сталь/СТАЛЬ_СОРТ_НЕРЖ_НИКЕЛ_КРУГ/сталь_сорт_нерж_никел_круг.webp,нержавеющая сталь;сталь сорт нерж жаропр круг;aisi 420 20х13;24;сталь;сорт;нерж;жаропр;круг;aisi;420;20х13,AISI 420 20Х13,24,ГОСТ 2590-2006,т
Качественные и специальные стали,СТАЛЬ СОРТ НЕРЖ ЖАРОПР КРУГ,AISI 420 20Х13,Сталь Сорт Нерж Жаропр Круг 25 AISI 420 20Х13,"СТАЛЬ СОРТ НЕРЖ ЖАРОПР КРУГ марки AISI 420 20Х13, размер 25 ; 26; 28; 28; 30; 32; 34; 35; 36",25,166000,т,1,0,0,https://www.kavstal.ru/public/assets/images/products/Нержавеющая_сталь/СТАЛЬ_СОРТ_НЕРЖ_НИКЕЛ_КРУГ/сталь_сорт_нерж_никел_круг.webp,нержавеющая сталь;сталь сорт нерж жаропр круг;aisi 420 20х13;25;26;28;30;32;34;35;36;сталь;сорт;нерж;жаропр;круг;aisi;420;20х13,AISI 420 20Х13,25 ; 26; 28; 28; 30; 32; 34; 35; 36,ГОСТ 2590-2006,т
Качественные и специальные стали,СТАЛЬ СОРТ НЕРЖ ЖАРОПР КРУГ,AISI 420QT800,Сталь Сорт Нерж Жаропр Круг 26 AISI 420qt800,"СТАЛЬ СОРТ НЕРЖ ЖАРОПР КРУГ марки AISI 420QT800, размер 26",26,208000,т,1,0,0,https://www.kavstal.ru/public/assets/images/products/Нержавеющая_сталь/СТАЛЬ_СОРТ_НЕРЖ_НИКЕЛ_КРУГ/сталь_сорт_нерж_никел_круг.webp,нержавеющая сталь;сталь сорт нерж жаропр круг;aisi 420qt800;26;сталь;сорт;нерж;жаропр;круг;aisi;420qt800,AISI 420QT800,26,ГОСТ 2590-2006,т
Качественные и специальные стали,СТАЛЬ СОРТ НЕРЖ ЖАРОПР КРУГ,AISI 430F,Сталь Сорт Нерж Жаропр Круг 35 AISI 430f,"СТАЛЬ СОРТ НЕРЖ ЖАРОПР КРУГ марки AISI 430F, размер 35",35,240000,т,1,0,0,https://www.kavstal.ru/public/assets/images/products/Нержавеющая_сталь/СТАЛЬ_СОРТ_НЕРЖ_НИКЕЛ_КРУГ/сталь_сорт_нерж_никел_круг.webp,нержавеющая сталь;сталь сорт нерж жаропр круг;aisi 430f;35;сталь;сорт;нерж;жаропр;круг;aisi;430f,AISI 430F,35,ГОСТ 2590-2006,т
Качественные и специальные стали,СТАЛЬ СОРТ НЕРЖ ЖАРОПР КРУГ,AISI410 08Х13,Сталь Сорт Нерж Жаропр Круг 26 Aisi410 08Х13,"СТАЛЬ СОРТ НЕРЖ ЖАРОПР КРУГ марки AISI410 08Х13, размер 26",26,175000,т,1,0,0,https://www.kavstal.ru/public/assets/images/products/Нержавеющая_сталь/СТАЛЬ_СОРТ_НЕРЖ_НИКЕЛ_КРУГ/сталь_сорт_нерж_никел_круг.webp,нержавеющая сталь;сталь сорт нерж жаропр круг;aisi410 08х13;26;сталь;сорт;нерж;жаропр;круг;aisi410;08х13,AISI410 08Х13,26,ГОСТ 2590-2006,т
Качественные и специальные стали,СТАЛЬ СОРТ КОНСТР КРУГ,Ст3,Круг стальной конструкционный 10 мм Ст3,Круг стальной конструкционный 10 мм Ст3,10,53990,т,1,0,0,https://www.kavstal.ru/public/assets/images/products/Качественные_и_специальные_стали/СТАЛЬ_СОРТ_Х_Т_КАЛИБРОВКА_КРУГ/круг_стальной.webp,балашиха;сталь сорт констр круг;ст3;10;круг;стальной;конструкционный;мм,Ст3,10,ГОСТ 2590-2006,т
Качественные и специальные стали,СТАЛЬ СОРТ КОНСТР КРУГ,Ст3,Круг стальной конструкционный 12 мм Ст3,Круг стальной конструкционный 12 мм Ст3,12,49990,т,1,0,0,https://www.kavstal.ru/public/assets/images/products/Качественные_и_специальные_стали/СТАЛЬ_СОРТ_Х_Т_КАЛИБРОВКА_КРУГ/круг_стальной.webp,балашиха;сталь сорт констр круг;ст3;12;круг;стальной;конструкционный;мм,Ст3,12,ГОСТ 2590-2006,т
Качественные и специальные стали,СТАЛЬ СОРТ КОНСТР КРУГ,Ст3,Круг стальной конструкционный 14 мм Ст3,Круг стальной конструкционный 14 мм Ст3,14,47990,т,1,0,0,https://www.kavstal.ru/public/assets/images/products/Качественные_и_специальные_стали/СТАЛЬ_СОРТ_Х_Т_КАЛИБРОВКА_КРУГ/круг_стальной.webp,балашиха;сталь сорт констр круг;ст3;14;18;20;25;круг;стальной;конструкционный;мм,Ст3,14 ; 18; 20; 25,ГОСТ 2590-2006,т
Качественные и специальные стали,СТАЛЬ СОРТ КОНСТР КРУГ,Ст3 оцинк,Круг стальной конструкционный 12 мм Ст3 оцинк,Круг стальной конструкционный 12 мм Ст3 оцинк,12,102990,т,1,0,0,https://www.kavstal.ru/public/assets/images/products/Качественные_и_специальные_стали/СТАЛЬ_СОРТ_Х_Т_КАЛИБРОВКА_КРУГ/круг_стальной.webp,балашиха;сталь сорт констр круг;ст3 оцинк;12;круг;стальной;конструкционный;мм;ст3;оцинк,Ст3 оцинк,12,ГОСТ 2590-2006,т
Качественные и специальные стали,СТАЛЬ СОРТ КОНСТР КРУГ,Ст3 оцинк,Круг стальной конструкционный 16 мм Ст3 оцинк,Круг стальной конструкционный 16 мм Ст3 оцинк,16,99990,т,1,0,0,https://www.kavstal.ru/public/assets/images/products/Качественные_и_специальные_стали/СТАЛЬ_СОРТ_Х_Т_КАЛИБРОВКА_КРУГ/круг_стальной.webp,балашиха;сталь сорт констр круг;ст3 оцинк;16;18;круг;стальной;конструкционный;мм;ст3;оцинк,Ст3 оцинк,16 ; 18,ГОСТ 2590-2006,т
Качественные и специальные стали,СТАЛЬ СОРТ КОНСТР КРУГ,Ст3 оцинк К,Круг стальной конструкционный 8 мм Ст3 оцинк К,Круг стальной конструкционный 8 мм Ст3 оцинк К,8,101250,т,1,0,0,https://www.kavstal.ru/public/assets/images/products/Качественные_и_специальные_стали/СТАЛЬ_СОРТ_Х_Т_КАЛИБРОВКА_КРУГ/круг_стальной.webp,балашиха;сталь сорт констр круг;ст3 оцинк к;8;круг;стальной;конструкционный;мм;ст3;оцинк,Ст3 оцинк К,8,ГОСТ 2590-2006,т
Качественные и специальные стали,СТАЛЬ СОРТ КОНСТР КРУГ,Ст3,Круг стальной конструкционный 10 мм Ст3,Круг стальной конструкционный 10 мм Ст3,10,53990,т,1,0,0,https://www.kavstal.ru/public/assets/images/products/Качественные_и_специальные_стали/СТАЛЬ_СОРТ_Х_Т_КАЛИБРОВКА_КРУГ/круг_стальной.webp,профнастил;сталь сорт констр круг;ст3;10;круг;стальной;конструкционный;мм,Ст3,10,ГОСТ 2590-2006,т
Качественные и специальные стали,СТАЛЬ СОРТ КОНСТР КРУГ,Ст3,Круг стальной конструкционный 12 мм Ст3,Круг стальной конструкционный 12 мм Ст3,12,49990,т,1,0,0,https://www.kavstal.ru/public/assets/images/products/Качественные_и_специальные_стали/СТАЛЬ_СОРТ_Х_Т_КАЛИБРОВКА_КРУГ/круг_стальной.webp,профнастил;сталь сорт констр круг;ст3;12;круг;стальной;конструкционный;мм,Ст3,12,ГОСТ 2590-2006,т
Качественные и специальные стали,СТАЛЬ СОРТ КОНСТР КРУГ,Ст3,Круг стальной конструкционный 16 мм Ст3,Круг стальной конструкционный 16 мм Ст3,16,47990,т,1,0,0,https://www.kavstal.ru/public/assets/images/products/Качественные_и_специальные_стали/СТАЛЬ_СОРТ_Х_Т_КАЛИБРОВКА_КРУГ/круг_стальной.webp,профнастил;сталь сорт констр круг;ст3;16;20;25;30;круг;стальной;конструкционный;мм,Ст3,16 ; 20; 25; 30,ГОСТ 2590-2006,т
