категория,подкатегория,марка,название,описание,диаметр,цена,единица,в_наличии,рейтинг,отзывы,фото,ключевые_слова,spec_Марка,spec_Размер,spec_ГОСТ,spec_Единица
Листовой прокат,СТАЛЬ ЛИСТОВАЯ Г/К ОБЫЧ КАЧЕСТВА,Ст3,Лист г/к 1.8 мм Ст3,Лист г/к 1.8 мм Ст3,1.8,57990,т,1,0,0,https://www.kavstal.ru/public/assets/images/products/Листовой_прокат/СТАЛЬ_ЛИСТ_Г_К_КОНСТРУКЦИОННАЯ/лист.webp,крепеж;сталь листовая г/к обыч качества;ст3;1;8;лист;г/к;1.8;мм,Ст3,1.8,,т
Листовой прокат,СТАЛЬ ЛИСТОВАЯ Г/К ОБЫЧ КАЧЕСТВА,Ст3,Лист г/к 3 мм Ст3,Лист г/к 3 мм Ст3,3,56990,т,1,0,0,https://www.kavstal.ru/public/assets/images/products/Листовой_прокат/СТАЛЬ_ЛИСТ_Г_К_КОНСТРУКЦИОННАЯ/лист.webp,крепеж;сталь листовая г/к обыч качества;ст3;3;лист;г/к;мм,Ст3,3,,т
Листовой прокат,СТАЛЬ ЛИСТОВАЯ Г/К ОБЫЧ КАЧЕСТВА,Ст3 н/обр,Лист г/к 1.8 мм Ст3 (необрезанный),Лист г/к 1.8 мм Ст3 (необрезанный),1.8,57990,т,1,0,0,https://www.kavstal.ru/public/assets/images/products/Листовой_прокат/СТАЛЬ_ЛИСТ_Г_К_КОНСТРУКЦИОННАЯ/лист.webp,крепеж;сталь листовая г/к обыч качества;ст3 н/обр;1;8;лист;г/к;1.8;мм;ст3;необрезанный,Ст3 н/обр,1.8,,т
Листовой прокат,СТАЛЬ ЛИСТОВАЯ Г/К ОБЫЧ КАЧЕСТВА,Ст3 н/обр,Лист г/к 1.8 мм Ст3 (необрезанный),Лист г/к 1.8 мм Ст3 (необрезанный),1.8,59490,теор.т,1,0,0,https://www.kavstal.ru/public/assets/images/products/Листовой_прокат/СТАЛЬ_ЛИСТ_Г_К_КОНСТРУКЦИОННАЯ/лист.webp,крепеж;сталь листовая г/к обыч качества;ст3 н/обр;1;8;лист;г/к;1.8;мм;ст3;необрезанный,Ст3 н/обр,1.8,,теор.т
Листовой прокат,СТАЛЬ ЛИСТОВАЯ Г/К ОБЫЧ КАЧЕСТВА,Ст3 н/обр,Лист г/к 7 мм Ст3 (необрезанный),Лист г/к 7 мм Ст3 (необрезанный),7,52490,т,1,0,0,https://www.kavstal.ru/public/assets/images/products/Листовой_прокат/СТАЛЬ_ЛИСТ_Г_К_КОНСТРУКЦИОННАЯ/лист.webp,крепеж;сталь листовая г/к обыч качества;ст3 н/обр;7;лист;г/к;мм;ст3;необрезанный,Ст3 н/обр,7,,т
Листовой прокат,СТАЛЬ ЛИСТОВАЯ Г/К ОБЫЧ КАЧЕСТВА,Ст3 н/обр,Лист г/к 7 мм Ст3 (необрезанный),Лист г/к 7 мм Ст3 (необрезанный),7,55490,т,1,0,0,https://www.kavstal.ru/public/assets/images/products/Листовой_прокат/СТАЛЬ_ЛИСТ_Г_К_КОНСТРУКЦИОННАЯ/лист.webp,крепеж;сталь листовая г/к обыч качества;ст3 н/обр;7;лист;г/к;мм;ст3;необрезанный,Ст3 н/обр,7,,т
Листовой прокат,СТАЛЬ ЛИСТОВАЯ Г/К ОБЫЧ КАЧЕСТВА,Ст3 неконд,Лист г/к 2.5 мм Ст3 неконд,Лист г/к 2.5 мм Ст3 неконд,2.5,9000,т,1,0,0,https://www.kavstal.ru/public/assets/images/products/Листовой_прокат/СТАЛЬ_ЛИСТ_Г_К_КОНСТРУКЦИОННАЯ/лист.webp,крепеж;сталь листовая г/к обыч качества;ст3 неконд;2;5;лист;г/к;2.5;мм;ст3;неконд,Ст3 неконд,2.5,,т
Листовой прокат,СТАЛЬ ЛИСТОВАЯ Г/К ОБЫЧ КАЧЕСТВА,Ст3 обр,Лист г/к 16 мм Ст3 (обрезанный),Лист г/к 16 мм Ст3 (обрезанный),16,52990,т,1,0,0,https://www.kavstal.ru/public/assets/images/products/Листовой_прокат/СТАЛЬ_ЛИСТ_Г_К_КОНСТРУКЦИОННАЯ/лист.webp,крепеж;сталь листовая г/к обыч качества;ст3 обр;16;лист;г/к;мм;ст3;обрезанный,Ст3 обр,16,,т
Листовой прокат,СТАЛЬ ЛИСТОВАЯ Г/К ОБЫЧ КАЧЕСТВА,Ст3 обр УЗК,Лист г/к 10 мм Ст3 обр УЗК,Лист г/к 10 мм Ст3 обр УЗК,10,78990,т,1,0,0,https://www.kavstal.ru/public/assets/images/products/Листовой_прокат/СТАЛЬ_ЛИСТ_Г_К_КОНСТРУКЦИОННАЯ/лист.webp,крепеж;сталь листовая г/к обыч качества;ст3 обр узк;10;лист;г/к;мм;ст3;обр;узк,Ст3 обр УЗК,10,,т
Листовой прокат,СТАЛЬ ЛИСТОВАЯ Г/К ОБЫЧ КАЧЕСТВА,Ст3 н/обр,Лист г/к 1.5 мм Ст3 (необрезанный),Лист г/к 1.5 мм Ст3 (необрезанный),1.5,64990,т,1,0,0,https://www.kavstal.ru/public/assets/images/products/Листовой_прокат/СТАЛЬ_ЛИСТ_Г_К_КОНСТРУКЦИОННАЯ/лист.webp,крепеж;сталь листовая г/к обыч качества;ст3 н/обр;1;5;лист;г/к;1.5;мм;ст3;необрезанный,Ст3 н/обр,1.5,,т
Листовой прокат,СТАЛЬ ЛИСТОВАЯ Г/К ОБЫЧ КАЧЕСТВА,Ст3 н/обр,Лист г/к 1.8 мм Ст3 (необрезанный),Лист г/к 1.8 мм Ст3 (необрезанный),1.8,57990,т,1,0,0,https://www.kavstal.ru/public/assets/images/products/Листовой_прокат/СТАЛЬ_ЛИСТ_Г_К_КОНСТРУКЦИОННАЯ/лист.webp,крепеж;сталь листовая г/к обыч качества;ст3 н/обр;1;8;лист;г/к;1.8;мм;ст3;необрезанный,Ст3 н/обр,1.8,,т
Листовой прокат,СТАЛЬ ЛИСТОВАЯ Г/К ОБЫЧ КАЧЕСТВА,Ст3 н/обр,Лист г/к 1.8 мм Ст3 (необрезанный),Лист г/к 1.8 мм Ст3 (необрезанный),1.8,59490,т,1,0,0,https://www.kavstal.ru/public/assets/images/products/Листовой_прокат/СТАЛЬ_ЛИСТ_Г_К_КОНСТРУКЦИОННАЯ/лист.webp,крепеж;сталь листовая г/к обыч качества;ст3 н/обр;1;8;лист;г/к;1.8;мм;ст3;необрезанный,Ст3 н/обр,1.8,,т
Листовой прокат,СТАЛЬ ЛИСТОВАЯ Г/К ОБЫЧ КАЧЕСТВА,Ст3 н/обр,Лист г/к 2 мм Ст3 (необрезанный),Лист г/к 2 мм Ст3 (необрезанный),2,55990,т,1,0,0,https://www.kavstal.ru/public/assets/images/products/Листовой_прокат/СТАЛЬ_ЛИСТ_Г_К_КОНСТРУКЦИОННАЯ/лист.webp,крепеж;сталь листовая г/к обыч качества;ст3 н/обр;2;лист;г/к;мм;ст3;необрезанный,Ст3 н/обр,2,,т
Листовой прокат,СТАЛЬ ЛИСТОВАЯ Г/К ОБЫЧ КАЧЕСТВА,Ст3 н/обр,Лист г/к 2 мм Ст3 (необрезанный),Лист г/к 2 мм Ст3 (необрезанный),2,56990,т,1,0,0,https://www.kavstal.ru/public/assets/images/products/Листовой_прокат/СТАЛЬ_ЛИСТ_Г_К_КОНСТРУКЦИОННАЯ/лист.webp,крепеж;сталь листовая г/к обыч качества;ст3 н/обр;2;лист;г/к;мм;ст3;необрезанный,Ст3 н/обр,2,,т
Листовой прокат,СТАЛЬ ЛИСТОВАЯ Г/К ОБЫЧ КАЧЕСТВА,Ст3 н/обр,Лист г/к 2.5 мм Ст3 (необрезанный),Лист г/к 2.5 мм Ст3 (необрезанный),2.5,56490,т,1,0,0,https://www.kavstal.ru/public/assets/images/products/Листовой_прокат/СТАЛЬ_ЛИСТ_Г_К_КОНСТРУКЦИОННАЯ/лист.webp,крепеж;сталь листовая г/к обыч качества;ст3 н/обр;2;5;лист;г/к;2.5;мм;ст3;необрезанный,Ст3 н/обр,2.5,,т
Листовой прокат,СТАЛЬ ЛИСТОВАЯ Г/К ОБЫЧ КАЧЕСТВА,Ст3 н/обр,Лист г/к 2.5 мм Ст3 (необрезанный),Лист г/к 2.5 мм Ст3 (необрезанный),2.5,58490,т,1,0,0,https://www.kavstal.ru/public/assets/images/products/Листовой_прокат/СТАЛЬ_ЛИСТ_Г_К_КОНСТРУКЦИОННАЯ/лист.webp,крепеж;сталь листовая г/к обыч качества;ст3 н/обр;2;5;лист;г/к;2.5;мм;ст3;необрезанный,Ст3 н/обр,2.5,,т
Листовой прокат,СТАЛЬ ЛИСТОВАЯ Г/К ОБЫЧ КАЧЕСТВА,Ст3 н/обр,Лист г/к 3 мм Ст3 (необрезанный),Лист г/к 3 мм Ст3 (необрезанный),3,56990,т,1,0,0,https://www.kavstal.ru/public/assets/images/products/Листовой_прокат/СТАЛЬ_ЛИСТ_Г_К_КОНСТРУКЦИОННАЯ/лист.webp,крепеж;сталь листовая г/к обыч качества;ст3 н/обр;3;лист;г/к;мм;ст3;необрезанный,Ст3 н/обр,3,,т
Листовой прокат,СТАЛЬ ЛИСТОВАЯ Г/К ОБЫЧ КАЧЕСТВА,Ст3 н/обр,Лист г/к 4 мм Ст3 (необрезанный),Лист г/к 4 мм Ст3 (необрезанный),4,55990,т,1,0,0,https://www.kavstal.ru/public/assets/images/products/Листовой_прокат/СТАЛЬ_ЛИСТ_Г_К_КОНСТРУКЦИОННАЯ/лист.webp,крепеж;сталь листовая г/к обыч качества;ст3 н/обр;4;5;лист;г/к;мм;ст3;необрезанный,Ст3 н/обр,4 ; 5,,т
Листовой прокат,СТАЛЬ ЛИСТОВАЯ Г/К ОБЫЧ КАЧЕСТВА,Ст3 н/обр,Лист г/к 5 мм Ст3 (необрезанный),Лист г/к 5 мм Ст3 (необрезанный),5,57990,т,1,0,0,https://www.kavstal.ru/public/assets/images/products/Листовой_прокат/СТАЛЬ_ЛИСТ_Г_К_КОНСТРУКЦИОННАЯ/лист.webp,крепеж;сталь листовая г/к обыч качества;ст3 н/обр;5;лист;г/к;мм;ст3;необрезанный,Ст3 н/обр,5,,т
Листовой прокат,СТАЛЬ ЛИСТОВАЯ Г/К ОБЫЧ КАЧЕСТВА,Ст3 н/обр,Лист г/к 5 мм Ст3 (необрезанный),Лист г/к 5 мм Ст3 (необрезанный),5,55990,теор.т,1,0,0,https://www.kavstal.ru/public/assets/images/products/Листовой_прокат/СТАЛЬ_ЛИСТ_Г_К_КОНСТРУКЦИОННАЯ/лист.webp,крепеж;сталь листовая г/к обыч качества;ст3 н/обр;5;6;лист;г/к;мм;ст3;необрезанный,Ст3 н/обр,5 ; 6,,теор.т
Листовой прокат,СТАЛЬ ЛИСТОВАЯ Г/К ОБЫЧ КАЧЕСТВА,Ст3 н/обр,Лист г/к 7 мм Ст3 (необрезанный),Лист г/к 7 мм Ст3 (необрезанный),7,53490,т,1,0,0,https://www.kavstal.ru/public/assets/images/products/Листовой_прокат/СТАЛЬ_ЛИСТ_Г_К_КОНСТРУКЦИОННАЯ/лист.webp,крепеж;сталь листовая г/к обыч качества;ст3 н/обр;7;лист;г/к;мм;ст3;необрезанный,Ст3 н/обр,7,,т
Листовой прокат,СТАЛЬ ЛИСТОВАЯ Г/К ОБЫЧ КАЧЕСТВА,Ст3 н/обр,Лист г/к 7 мм Ст3 (необрезанный),Лист г/к 7 мм Ст3 (необрезанный),7,53990,т,1,0,0,https://www.kavstal.ru/public/assets/images/products/Листовой_прокат/СТАЛЬ_ЛИСТ_Г_К_КОНСТРУКЦИОННАЯ/лист.webp,крепеж;сталь листовая г/к обыч качества;ст3 н/обр;7;лист;г/к;мм;ст3;необрезанный,Ст3 н/обр,7,,т
Листовой прокат,СТАЛЬ ЛИСТОВАЯ Г/К ОБЫЧ КАЧЕСТВА,Ст3 н/обр,Лист г/к 7 мм Ст3 (необрезанный),Лист г/к 7 мм Ст3 (необрезанный),7,55490,т,1,0,0,https://www.kavstal.ru/public/assets/images/products/Листовой_прокат/СТАЛЬ_ЛИСТ_Г_К_КОНСТРУКЦИОННАЯ/лист.webp,крепеж;сталь листовая г/к обыч качества;ст3 н/обр;7;лист;г/к;мм;ст3;необрезанный,Ст3 н/обр,7,,т
Листовой прокат,СТАЛЬ ЛИСТОВАЯ Г/К ОБЫЧ КАЧЕСТВА,Ст3 н/обр,Лист г/к 8 мм Ст3 (необрезанный),Лист г/к 8 мм Ст3 (необрезанный),8,52990,т,1,0,0,https://www.kavstal.ru/public/assets/images/products/Листовой_прокат/СТАЛЬ_ЛИСТ_Г_К_КОНСТРУКЦИОННАЯ/лист.webp,крепеж;сталь листовая г/к обыч качества;ст3 н/обр;8;лист;г/к;мм;ст3;необрезанный,Ст3 н/обр,8,,т
Листовой прокат,СТАЛЬ ЛИСТОВАЯ Г/К ОБЫЧ КАЧЕСТВА,Ст3 н/обр,Лист г/к 8 мм Ст3 (необрезанный),Лист г/к 8 мм Ст3 (необрезанный),8,53990,т,1,0,0,https://www.kavstal.ru/public/assets/images/products/Листовой_прокат/СТАЛЬ_ЛИСТ_Г_К_КОНСТРУКЦИОННАЯ/лист.webp,крепеж;сталь листовая г/к обыч качества;ст3 н/обр;8;лист;г/к;мм;ст3;необрезанный,Ст3 н/обр,8,,т
Листовой прокат,СТАЛЬ ЛИСТОВАЯ Г/К ОБЫЧ КАЧЕСТВА,Ст3 н/обр,Лист г/к 8 мм Ст3 (необрезанный),Лист г/к 8 мм Ст3 (необрезанный),8,54490,т,1,0,0,https://www.kavstal.ru/public/assets/images/products/Листовой_прокат/СТАЛЬ_ЛИСТ_Г_К_КОНСТРУКЦИОННАЯ/лист.webp,крепеж;сталь листовая г/к обыч качества;ст3 н/обр;8;лист;г/к;мм;ст3;необрезанный,Ст3 н/обр,8,,т
Листовой прокат,СТАЛЬ ЛИСТОВАЯ Г/К ОБЫЧ КАЧЕСТВА,Ст3 н/обр,Лист г/к 8 мм Ст3 (необрезанный),Лист г/к 8 мм Ст3 (необрезанный),8,54990,т,1,0,0,https://www.kavstal.ru/public/assets/images/products/Листовой_прокат/СТАЛЬ_ЛИСТ_Г_К_КОНСТРУКЦИОННАЯ/лист.webp,крепеж;сталь листовая г/к обыч качества;ст3 н/обр;8;лист;г/к;мм;ст3;необрезанный,Ст3 н/обр,8,,т
Листовой прокат,СТАЛЬ ЛИСТОВАЯ Г/К ОБЫЧ КАЧЕСТВА,Ст3 н/обр,Лист г/к 8 мм Ст3 (необрезанный),Лист г/к 8 мм Ст3 (необрезанный),8,53990,теор.т,1,0,0,https://www.kavstal.ru/public/assets/images/products/Листовой_прокат/СТАЛЬ_ЛИСТ_Г_К_КОНСТРУКЦИОННАЯ/лист.webp,крепеж;сталь листовая г/к обыч качества;ст3 н/обр;8;лист;г/к;мм;ст3;необрезанный,Ст3 н/обр,8,,теор.т
Листовой прокат,СТАЛЬ ЛИСТОВАЯ Г/К ОБЫЧ КАЧЕСТВА,Ст3 н/обр,Лист г/к 8 мм Ст3 (необрезанный),Лист г/к 8 мм Ст3 (необрезанный),8,54490,теор.т,1,0,0,https://www.kavstal.ru/public/assets/images/products/Листовой_прокат/СТАЛЬ_ЛИСТ_Г_К_КОНСТРУКЦИОННАЯ/лист.webp,крепеж;сталь листовая г/к обыч качества;ст3 н/обр;8;лист;г/к;мм;ст3;необрезанный,Ст3 н/обр,8,,теор.т
Листовой прокат,СТАЛЬ ЛИСТОВАЯ Г/К ОБЫЧ КАЧЕСТВА,Ст3 н/обр,Лист г/к 9 мм Ст3 (необрезанный),Лист г/к 9 мм Ст3 (необрезанный),9,53990,т,1,0,0,https://www.kavstal.ru/public/assets/images/products/Листовой_прокат/СТАЛЬ_ЛИСТ_Г_К_КОНСТРУКЦИОННАЯ/лист.webp,крепеж;сталь листовая г/к обыч качества;ст3 н/обр;9;лист;г/к;мм;ст3;необрезанный,Ст3 н/обр,9,,т
Листовой прокат,СТАЛЬ ЛИСТОВАЯ Г/К ОБЫЧ КАЧЕСТВА,Ст3 н/обр,Лист г/к 10 мм Ст3 (необрезанный),Лист г/к 10 мм Ст3 (необрезанный),10,53490,т,1,0,0,https://www.kavstal.ru/public/assets/images/products/Листовой_прокат/СТАЛЬ_ЛИСТ_Г_К_КОНСТРУКЦИОННАЯ/лист.webp,крепеж;сталь листовая г/к обыч качества;ст3 н/обр;10;лист;г/к;мм;ст3;необрезанный,Ст3 н/обр,10,,т
Листовой прокат,СТАЛЬ ЛИСТОВАЯ Г/К ОБЫЧ КАЧЕСТВА,Ст3 н/обр,Лист г/к 10 мм Ст3 (необрезанный),Лист г/к 10 мм Ст3 (необрезанный),10,53990,т,1,0,0,https://www.kavstal.ru/public/assets/images/products/Листовой_прокат/СТАЛЬ_ЛИСТ_Г_К_КОНСТРУКЦИОННАЯ/лист.webp,крепеж;сталь листовая г/к обыч качества;ст3 н/обр;10;лист;г/к;мм;ст3;необрезанный,Ст3 н/обр,10,,т
Листовой прокат,СТАЛЬ ЛИСТОВАЯ Г/К ОБЫЧ КАЧЕСТВА,Ст3 н/обр,Лист г/к 12 мм Ст3 (необрезанный),Лист г/к 12 мм Ст3 (необрезанный),12,52490,т,1,0,0,https://www.kavstal.ru/public/assets/images/products/Листовой_прокат/СТАЛЬ_ЛИСТ_Г_К_КОНСТРУКЦИОННАЯ/лист.webp,крепеж;сталь листовая г/к обыч качества;ст3 н/обр;12;лист;г/к;мм;ст3;необрезанный,Ст3 н/обр,12,,т
Листовой прокат,СТАЛЬ ЛИСТОВАЯ Г/К ОБЫЧ КАЧЕСТВА,Ст3 н/обр,Лист г/к 12 мм Ст3 (необрезанный),Лист г/к 12 мм Ст3 (необрезанный),12,53490,т,1,0,0,https://www.kavstal.ru/public/assets/images/products/Листовой_прокат/СТАЛЬ_ЛИСТ_Г_К_КОНСТРУКЦИОННАЯ/лист.webp,крепеж;сталь листовая г/к обыч качества;ст3 н/обр;12;лист;г/к;мм;ст3;необрезанный,Ст3 н/обр,12,,т
Листовой прокат,СТАЛЬ ЛИСТОВАЯ Г/К ОБЫЧ КАЧЕСТВА,Ст3 н/обр,Лист г/к 14 мм Ст3 (необрезанный),Лист г/к 14 мм Ст3 (необрезанный),14,52990,т,1,0,0,https://www.kavstal.ru/public/assets/images/products/Листовой_прокат/СТАЛЬ_ЛИСТ_Г_К_КОНСТРУКЦИОННАЯ/лист.webp,крепеж;сталь листовая г/к обыч качества;ст3 н/обр;14;лист;г/к;мм;ст3;необрезанный,Ст3 н/обр,14,,т
Листовой прокат,СТАЛЬ ЛИСТОВАЯ Г/К ОБЫЧ КАЧЕСТВА,Ст3 н/обр,Лист г/к 14 мм Ст3 (необрезанный),Лист г/к 14 мм Ст3 (необрезанный),14,53490,т,1,0,0,https://www.kavstal.ru/public/assets/images/products/Листовой_прокат/СТАЛЬ_ЛИСТ_Г_К_КОНСТРУКЦИОННАЯ/лист.webp,крепеж;сталь листовая г/к обыч качества;ст3 н/обр;14;лист;г/к;мм;ст3;необрезанный,Ст3 н/обр,14,,т
Листовой прокат,СТАЛЬ ЛИСТОВАЯ Г/К ОБЫЧ КАЧЕСТВА,Ст3 н/обр,Лист г/к 16 мм Ст3 (необрезанный),Лист г/к 16 мм Ст3 (необрезанный),16,52990,т,1,0,0,https://www.kavstal.ru/public/assets/images/products/Листовой_прокат/СТАЛЬ_ЛИСТ_Г_К_КОНСТРУКЦИОННАЯ/лист.webp,крепеж;сталь листовая г/к обыч качества;ст3 н/обр;16;лист;г/к;мм;ст3;необрезанный,Ст3 н/обр,16,,т
Листовой прокат,СТАЛЬ ЛИСТОВАЯ Г/К ОБЫЧ КАЧЕСТВА,Ст3 н/обр,Лист г/к 16 мм Ст3 (необрезанный),Лист г/к 16 мм Ст3 (необрезанный),16,53490,т,1,0,0,https://www.kavstal.ru/public/assets/images/products/Листовой_прокат/СТАЛЬ_ЛИСТ_Г_К_КОНСТРУКЦИОННАЯ/лист.webp,крепеж;сталь листовая г/к обыч качества;ст3 н/обр;16;лист;г/к;мм;ст3;необрезанный,Ст3 н/обр,16,,т
Листовой прокат,СТАЛЬ ЛИСТОВАЯ Г/К ОБЫЧ КАЧЕСТВА,Ст3 н/обр,Лист г/к 16 мм Ст3 (необрезанный),Лист г/к 16 мм Ст3 (необрезанный),16,53990,т,1,0,0,https://www.kavstal.ru/public/assets/images/products/Листовой_прокат/СТАЛЬ_ЛИСТ_Г_К_КОНСТРУКЦИОННАЯ/лист.webp,крепеж;сталь листовая г/к обыч качества;ст3 н/обр;16;лист;г/к;мм;ст3;необрезанный,Ст3 н/обр,16,,т
Листовой прокат,СТАЛЬ ЛИСТОВАЯ Г/К ОБЫЧ КАЧЕСТВА,Ст3 н/обр,Лист г/к 18 мм Ст3 (необрезанный),Лист г/к 18 мм Ст3 (необрезанный),18,55490,т,1,0,0,https://www.kavstal.ru/public/assets/images/products/Листовой_прокат/СТАЛЬ_ЛИСТ_Г_К_КОНСТРУКЦИОННАЯ/лист.webp,крепеж;сталь листовая г/к обыч качества;ст3 н/обр;18;20;лист;г/к;мм;ст3;необрезанный,Ст3 н/обр,18 ; 20,,т
Листовой прокат,СТАЛЬ ЛИСТОВАЯ Г/К ОБЫЧ КАЧЕСТВА,Ст3 н/обр,Лист г/к 20 мм Ст3 (необрезанный),Лист г/к 20 мм Ст3 (необрезанный),20,59990,т,1,0,0,https://www.kavstal.ru/public/assets/images/products/Листовой_прокат/СТАЛЬ_ЛИСТ_Г_К_КОНСТРУКЦИОННАЯ/лист.webp,крепеж;сталь листовая г/к обыч качества;ст3 н/обр;20;лист;г/к;мм;ст3;необрезанный,Ст3 н/обр,20,,т
Листовой прокат,СТАЛЬ ЛИСТОВАЯ Г/К ОБЫЧ КАЧЕСТВА,Ст3 н/обр,Лист г/к 35 мм Ст3 (необрезанный),Лист г/к 35 мм Ст3 (необрезанный),35,55490,т,1,0,0,https://www.kavstal.ru/public/assets/images/products/Листовой_прокат/СТАЛЬ_ЛИСТ_Г_К_КОНСТРУКЦИОННАЯ/лист.webp,крепеж;сталь листовая г/к обыч качества;ст3 н/обр;35;36;40;лист;г/к;мм;ст3;необрезанный,Ст3 н/обр,35 ; 36; 40,,т
Листовой прокат,СТАЛЬ ЛИСТОВАЯ Г/К ОБЫЧ КАЧЕСТВА,Ст3 н/обр,Лист г/к 60 мм Ст3 (необрезанный),Лист г/к 60 мм Ст3 (необрезанный),60,69990,т,1,0,0,https://www.kavstal.ru/public/assets/images/products/Листовой_прокат/СТАЛЬ_ЛИСТ_Г_К_КОНСТРУКЦИОННАЯ/лист.webp,крепеж;сталь листовая г/к обыч качества;ст3 н/обр;60;лист;г/к;мм;ст3;необрезанный,Ст3 н/обр,60,,т
Листовой прокат,СТАЛЬ ЛИСТОВАЯ Г/К ОБЫЧ КАЧЕСТВА,Ст3 н/обр,Лист г/к 70 мм Ст3 (необрезанный),Лист г/к 70 мм Ст3 (необрезанный),70,84990,т,1,0,0,https://www.kavstal.ru/public/assets/images/products/Листовой_прокат/СТАЛЬ_ЛИСТ_Г_К_КОНСТРУКЦИОННАЯ/лист.webp,крепеж;сталь листовая г/к обыч качества;ст3 н/обр;70;лист;г/к;мм;ст3;необрезанный,Ст3 н/обр,70,,т
Листовой прокат,СТАЛЬ ЛИСТОВАЯ Г/К ОБЫЧ КАЧЕСТВА,Ст3 н/обр,Лист г/к 90 мм Ст3 (необрезанный),Лист г/к 90 мм Ст3 (необрезанный),90,91990,т,1,0,0,https://www.kavstal.ru/public/assets/images/products/Листовой_прокат/СТАЛЬ_ЛИСТ_Г_К_КОНСТРУКЦИОННАЯ/лист.webp,крепеж;сталь листовая г/к обыч качества;ст3 н/обр;90;лист;г/к;мм;ст3;необрезанный,Ст3 н/обр,90,,т
Листовой прокат,СТАЛЬ ЛИСТОВАЯ Г/К ОБЫЧ КАЧЕСТВА,Ст3 н/обр,Лист г/к 110 мм Ст3 (необрезанный),Лист г/к 110 мм Ст3 (необрезанный),110,89990,т,1,0,0,https://www.kavstal.ru/public/assets/images/products/Листовой_прокат/СТАЛЬ_ЛИСТ_Г_К_КОНСТРУКЦИОННАЯ/лист.webp,крепеж;сталь листовая г/к обыч качества;ст3 н/обр;110;130;140;лист;г/к;мм;ст3;необрезанный,Ст3 н/обр,110 ; 130; 140,,т
Листовой прокат,СТАЛЬ ЛИСТОВАЯ Г/К ОБЫЧ КАЧЕСТВА,Ст3 н/обр,Лист г/к 150 мм Ст3 (необрезанный),Лист г/к 150 мм Ст3 (необрезанный),150,94990,т,1,0,0,https://www.kavstal.ru/public/assets/images/products/Листовой_прокат/СТАЛЬ_ЛИСТ_Г_К_КОНСТРУКЦИОННАЯ/лист.webp,крепеж;сталь листовая г/к обыч качества;ст3 н/обр;150;лист;г/к;мм;ст3;необрезанный,Ст3 н/обр,150,,т
Листовой прокат,СТАЛЬ ЛИСТОВАЯ Г/К ОБЫЧ КАЧЕСТВА,Ст3 н/обр УЗК,Лист г/к 60 мм Ст3 н/обр УЗК,Лист г/к 60 мм Ст3 н/обр УЗК,60,66048,т,1,0,0,https://www.kavstal.ru/public/assets/images/products/Листовой_прокат/СТАЛЬ_ЛИСТ_Г_К_КОНСТРУКЦИОННАЯ/лист.webp,крепеж;сталь листовая г/к обыч качества;ст3 н/обр узк;60;лист;г/к;мм;ст3;н/обр;узк,Ст3 н/обр УЗК,60,,т
Листовой прокат,СТАЛЬ ЛИСТОВАЯ Г/К ОБЫЧ КАЧЕСТВА,Ст3 н/обр уценка,Лист г/к 1.5 мм Ст3 н/обр уценка,Лист г/к 1.5 мм Ст3 н/обр уценка,1.5,66048,т,1,0,0,https://www.kavstal.ru/public/assets/images/products/Листовой_прокат/СТАЛЬ_ЛИСТ_Г_К_КОНСТРУКЦИОННАЯ/лист.webp,крепеж;сталь листовая г/к обыч качества;ст3 н/обр уценка;1;5;лист;г/к;1.5;мм;ст3;н/обр;уценка,Ст3 н/обр уценка,1.5,,т
Листовой прокат,СТАЛЬ ЛИСТОВАЯ Г/К ОБЫЧ КАЧЕСТВА,Ст3 обр,Лист г/к 4 мм Ст3 (обрезанный),Лист г/к 4 мм Ст3 (обрезанный),4,55990,т,1,0,0,https://www.kavstal.ru/public/assets/images/products/Листовой_прокат/СТАЛЬ_ЛИСТ_Г_К_КОНСТРУКЦИОННАЯ/лист.webp,крепеж;сталь листовая г/к обыч качества;ст3 обр;4;5;6;лист;г/к;мм;ст3;обрезанный,Ст3 обр,4 ; 5; 6,,т
Листовой прокат,СТАЛЬ ЛИСТОВАЯ Г/К ОБЫЧ КАЧЕСТВА,Ст3 обр,Лист г/к 8 мм Ст3 (обрезанный),Лист г/к 8 мм Ст3 (обрезанный),8,53990,т,1,0,0,https://www.kavstal.ru/public/assets/images/products/Листовой_прокат/СТАЛЬ_ЛИСТ_Г_К_КОНСТРУКЦИОННАЯ/лист.webp,крепеж;сталь листовая г/к обыч качества;ст3 обр;8;лист;г/к;мм;ст3;обрезанный,Ст3 обр,8,,т
Листовой прокат,СТАЛЬ ЛИСТОВАЯ Г/К ОБЫЧ КАЧЕСТВА,Ст3 обр,Лист г/к 8 мм Ст3 (обрезанный),Лист г/к 8 мм Ст3 (обрезанный),8,54490,т,1,0,0,https://www.kavstal.ru/public/assets/images/products/Листовой_прокат/СТАЛЬ_ЛИСТ_Г_К_КОНСТРУКЦИОННАЯ/лист.webp,крепеж;сталь листовая г/к обыч качества;ст3 обр;8;лист;г/к;мм;ст3;обрезанный,Ст3 обр,8,,т
Листовой прокат,СТАЛЬ ЛИСТОВАЯ Г/К ОБЫЧ КАЧЕСТВА,Ст3 обр,Лист г/к 8 мм Ст3 (обрезанный),Лист г/к 8 мм Ст3 (обрезанный),8,54990,т,1,0,0,https://www.kavstal.ru/public/assets/images/products/Листовой_прокат/СТАЛЬ_ЛИСТ_Г_К_КОНСТРУКЦИОННАЯ/лист.webp,крепеж;сталь листовая г/к обыч качества;ст3 обр;8;лист;г/к;мм;ст3;обрезанный,Ст3 обр,8,,т
Листовой прокат,СТАЛЬ ЛИСТОВАЯ Г/К ОБЫЧ КАЧЕСТВА,Ст3 обр,Лист г/к 8 мм Ст3 (обрезанный),Лист г/к 8 мм Ст3 (обрезанный),8,74000,т,1,0,0,https://www.kavstal.ru/public/assets/images/products/Листовой_прокат/СТАЛЬ_ЛИСТ_Г_К_КОНСТРУКЦИОННАЯ/лист.webp,крепеж;сталь листовая г/к обыч качества;ст3 обр;8;лист;г/к;мм;ст3;обрезанный,Ст3 обр,8,,т
Листовой прокат,СТАЛЬ ЛИСТОВАЯ Г/К ОБЫЧ КАЧЕСТВА,Ст3 обр,Лист г/к 8 мм Ст3 (обрезанный),Лист г/к 8 мм Ст3 (обрезанный),8,78990,т,1,0,0,https://www.kavstal.ru/public/assets/images/products/Листовой_прокат/СТАЛЬ_ЛИСТ_Г_К_КОНСТРУКЦИОННАЯ/лист.webp,крепеж;сталь листовая г/к обыч качества;ст3 обр;8;лист;г/к;мм;ст3;обрезанный,Ст3 обр,8,,т
Листовой прокат,СТАЛЬ ЛИСТОВАЯ Г/К ОБЫЧ КАЧЕСТВА,Ст3 обр,Лист г/к 9 мм Ст3 (обрезанный),Лист г/к 9 мм Ст3 (обрезанный),9,53990,т,1,0,0,https://www.kavstal.ru/public/assets/images/products/Листовой_прокат/СТАЛЬ_ЛИСТ_Г_К_КОНСТРУКЦИОННАЯ/лист.webp,крепеж;сталь листовая г/к обыч качества;ст3 обр;9;лист;г/к;мм;ст3;обрезанный,Ст3 обр,9,,т
Листовой прокат,СТАЛЬ ЛИСТОВАЯ Г/К ОБЫЧ КАЧЕСТВА,Ст3 обр,Лист г/к 10 мм Ст3 (обрезанный),Лист г/к 10 мм Ст3 (обрезанный),10,53490,т,1,0,0,https://www.kavstal.ru/public/assets/images/products/Листовой_прокат/СТАЛЬ_ЛИСТ_Г_К_КОНСТРУКЦИОННАЯ/лист.webp,крепеж;сталь листовая г/к обыч качества;ст3 обр;10;лист;г/к;мм;ст3;обрезанный,Ст3 обр,10,,т
Листовой прокат,СТАЛЬ ЛИСТОВАЯ Г/К ОБЫЧ КАЧЕСТВА,Ст3 обр,Лист г/к 10 мм Ст3 (обрезанный),Лист г/к 10 мм Ст3 (обрезанный),10,53990,т,1,0,0,https://www.kavstal.ru/public/assets/images/products/Листовой_прокат/СТАЛЬ_ЛИСТ_Г_К_КОНСТРУКЦИОННАЯ/лист.webp,крепеж;сталь листовая г/к обыч качества;ст3 обр;10;лист;г/к;мм;ст3;обрезанный,Ст3 обр,10,,т
Листовой прокат,СТАЛЬ ЛИСТОВАЯ Г/К ОБЫЧ КАЧЕСТВА,Ст3 обр,Лист г/к 12 мм Ст3 (обрезанный),Лист г/к 12 мм Ст3 (обрезанный),12,52490,т,1,0,0,https://www.kavstal.ru/public/assets/images/products/Листовой_прокат/СТАЛЬ_ЛИСТ_Г_К_КОНСТРУКЦИОННАЯ/лист.webp,крепеж;сталь листовая г/к обыч качества;ст3 обр;12;лист;г/к;мм;ст3;обрезанный,Ст3 обр,12,,т
Листовой прокат,СТАЛЬ ЛИСТОВАЯ Г/К ОБЫЧ КАЧЕСТВА,Ст3 обр,Лист г/к 12 мм Ст3 (обрезанный),Лист г/к 12 мм Ст3 (обрезанный),12,53490,т,1,0,0,https://www.kavstal.ru/public/assets/images/products/Листовой_прокат/СТАЛЬ_ЛИСТ_Г_К_КОНСТРУКЦИОННАЯ/лист.webp,крепеж;сталь листовая г/к обыч качества;ст3 обр;12;лист;г/к;мм;ст3;обрезанный,Ст3 обр,12,,т
Листовой прокат,СТАЛЬ ЛИСТОВАЯ Г/К ОБЫЧ КАЧЕСТВА,Ст3 обр,Лист г/к 14 мм Ст3 (обрезанный),Лист г/к 14 мм Ст3 (обрезанный),14,52990,т,1,0,0,https://www.kavstal.ru/public/assets/images/products/Листовой_прокат/СТАЛЬ_ЛИСТ_Г_К_КОНСТРУКЦИОННАЯ/лист.webp,крепеж;сталь листовая г/к обыч качества;ст3 обр;14;лист;г/к;мм;ст3;обрезанный,Ст3 обр,14,,т
Листовой прокат,СТАЛЬ ЛИСТОВАЯ Г/К ОБЫЧ КАЧЕСТВА,Ст3 обр,Лист г/к 14 мм Ст3 (обрезанный),Лист г/к 14 мм Ст3 (обрезанный),14,53490,т,1,0,0,https://www.kavstal.ru/public/assets/images/products/Листовой_прокат/СТАЛЬ_ЛИСТ_Г_К_КОНСТРУКЦИОННАЯ/лист.webp,крепеж;сталь листовая г/к обыч качества;ст3 обр;14;лист;г/к;мм;ст3;обрезанный,Ст3 обр,14,,т
Листовой прокат,СТАЛЬ ЛИСТОВАЯ Г/К ОБЫЧ КАЧЕСТВА,Ст3 обр,Лист г/к 16 мм Ст3 (обрезанный),Лист г/к 16 мм Ст3 (обрезанный),16,52990,т,1,0,0,https://www.kavstal.ru/public/assets/images/products/Листовой_прокат/СТАЛЬ_ЛИСТ_Г_К_КОНСТРУКЦИОННАЯ/лист.webp,крепеж;сталь листовая г/к обыч качества;ст3 обр;16;лист;г/к;мм;ст3;обрезанный,Ст3 обр,16,,т
Листовой прокат,СТАЛЬ ЛИСТОВАЯ Г/К ОБЫЧ КАЧЕСТВА,Ст3 обр,Лист г/к 16 мм Ст3 (обрезанный),Лист г/к 16 мм Ст3 (обрезанный),16,53490,т,1,0,0,https://www.kavstal.ru/public/assets/images/products/Листовой_прокат/СТАЛЬ_ЛИСТ_Г_К_КОНСТРУКЦИОННАЯ/лист.webp,крепеж;сталь листовая г/к обыч качества;ст3 обр;16;лист;г/к;мм;ст3;обрезанный,Ст3 обр,16,,т
Листовой прокат,СТАЛЬ ЛИСТОВАЯ Г/К ОБЫЧ КАЧЕСТВА,Ст3 обр,Лист г/к 16 мм Ст3 (обрезанный),Лист г/к 16 мм Ст3 (обрезанный),16,53990,т,1,0,0,https://www.kavstal.ru/public/assets/images/products/Листовой_прокат/СТАЛЬ_ЛИСТ_Г_К_КОНСТРУКЦИОННАЯ/лист.webp,крепеж;сталь листовая г/к обыч качества;ст3 обр;16;лист;г/к;мм;ст3;обрезанный,Ст3 обр,16,,т
Листовой прокат,СТАЛЬ ЛИСТОВАЯ Г/К ОБЫЧ КАЧЕСТВА,Ст3 обр,Лист г/к 18 мм Ст3 (обрезанный),Лист г/к 18 мм Ст3 (обрезанный),18,55490,т,1,0,0,https://www.kavstal.ru/public/assets/images/products/Листовой_прокат/СТАЛЬ_ЛИСТ_Г_К_КОНСТРУКЦИОННАЯ/лист.webp,крепеж;сталь листовая г/к обыч качества;ст3 обр;18;20;лист;г/к;мм;ст3;обрезанный,Ст3 обр,18 ; 20,,т
Листовой прокат,СТАЛЬ ЛИСТОВАЯ Г/К ОБЫЧ КАЧЕСТВА,Ст3 обр,Лист г/к 20 мм Ст3 (обрезанный),Лист г/к 20 мм Ст3 (обрезанный),20,59990,т,1,0,0,https://www.kavstal.ru/public/assets/images/products/Листовой_прокат/СТАЛЬ_ЛИСТ_Г_К_КОНСТРУКЦИОННАЯ/лист.webp,крепеж;сталь листовая г/к обыч качества;ст3 обр;20;лист;г/к;мм;ст3;обрезанный,Ст3 обр,20,,т
Листовой прокат,СТАЛЬ ЛИСТОВАЯ Г/К ОБЫЧ КАЧЕСТВА,Ст3 обр,Лист г/к 22 мм Ст3 (обрезанный),Лист г/к 22 мм Ст3 (обрезанный),22,55490,т,1,0,0,https://www.kavstal.ru/public/assets/images/products/Листовой_прокат/СТАЛЬ_ЛИСТ_Г_К_КОНСТРУКЦИОННАЯ/лист.webp,крепеж;сталь листовая г/к обыч качества;ст3 обр;22;24;25;лист;г/к;мм;ст3;обрезанный,Ст3 обр,22 ; 24; 25,,т
Листовой прокат,СТАЛЬ ЛИСТОВАЯ Г/К ОБЫЧ КАЧЕСТВА,Ст3 обр,Лист г/к 25 мм Ст3 (обрезанный),Лист г/к 25 мм Ст3 (обрезанный),25,64990,т,1,0,0,https://www.kavstal.ru/public/assets/images/products/Листовой_прокат/СТАЛЬ_ЛИСТ_Г_К_КОНСТРУКЦИОННАЯ/лист.webp,крепеж;сталь листовая г/к обыч качества;ст3 обр;25;лист;г/к;мм;ст3;обрезанный,Ст3 обр,25,,т
Листовой прокат,СТАЛЬ ЛИСТОВАЯ Г/К ОБЫЧ КАЧЕСТВА,Ст3 обр,Лист г/к 28 мм Ст3 (обрезанный),Лист г/к 28 мм Ст3 (обрезанный),28,55490,т,1,0,0,https://www.kavstal.ru/public/assets/images/products/Листовой_прокат/СТАЛЬ_ЛИСТ_Г_К_КОНСТРУКЦИОННАЯ/лист.webp,крепеж;сталь листовая г/к обыч качества;ст3 обр;28;30;32;35;36;40;45;50;лист;г/к;мм;ст3;обрезанный,Ст3 обр,28 ; 30; 32; 35; 36; 40; 45; 50,,т
Листовой прокат,СТАЛЬ ЛИСТОВАЯ Г/К ОБЫЧ КАЧЕСТВА,Ст3 обр,Лист г/к 70 мм Ст3 (обрезанный),Лист г/к 70 мм Ст3 (обрезанный),70,84990,т,1,0,0,https://www.kavstal.ru/public/assets/images/products/Листовой_прокат/СТАЛЬ_ЛИСТ_Г_К_КОНСТРУКЦИОННАЯ/лист.webp,крепеж;сталь листовая г/к обыч качества;ст3 обр;70;лист;г/к;мм;ст3;обрезанный,Ст3 обр,70,,т
Листовой прокат,СТАЛЬ ЛИСТОВАЯ Г/К ОБЫЧ КАЧЕСТВА,Ст3 обр,Лист г/к 70 мм Ст3 (обрезанный),Лист г/к 70 мм Ст3 (обрезанный),70,92990,т,1,0,0,https://www.kavstal.ru/public/assets/images/products/Листовой_прокат/СТАЛЬ_ЛИСТ_Г_К_КОНСТРУКЦИОННАЯ/лист.webp,крепеж;сталь листовая г/к обыч качества;ст3 обр;70;лист;г/к;мм;ст3;обрезанный,Ст3 обр,70,,т
Листовой прокат,СТАЛЬ ЛИСТОВАЯ Г/К ОБЫЧ КАЧЕСТВА,Ст3 обр,Лист г/к 80 мм Ст3 (обрезанный),Лист г/к 80 мм Ст3 (обрезанный),80,89990,т,1,0,0,https://www.kavstal.ru/public/assets/images/products/Листовой_прокат/СТАЛЬ_ЛИСТ_Г_К_КОНСТРУКЦИОННАЯ/лист.webp,крепеж;сталь листовая г/к обыч качества;ст3 обр;80;лист;г/к;мм;ст3;обрезанный,Ст3 обр,80,,т
Листовой прокат,СТАЛЬ ЛИСТОВАЯ Г/К ОБЫЧ КАЧЕСТВА,Ст3 обр,Лист г/к 90 мм Ст3 (обрезанный),Лист г/к 90 мм Ст3 (обрезанный),90,87990,т,1,0,0,https://www.kavstal.ru/public/assets/images/products/Листовой_прокат/СТАЛЬ_ЛИСТ_Г_К_КОНСТРУКЦИОННАЯ/лист.webp,крепеж;сталь листовая г/к обыч качества;ст3 обр;90;лист;г/к;мм;ст3;обрезанный,Ст3 обр,90,,т
Листовой прокат,СТАЛЬ ЛИСТОВАЯ Г/К ОБЫЧ КАЧЕСТВА,Ст3 обр,Лист г/к 110 мм Ст3 (обрезанный),Лист г/к 110 мм Ст3 (обрезанный),110,89990,т,1,0,0,https://www.kavstal.ru/public/assets/images/products/Листовой_прокат/СТАЛЬ_ЛИСТ_Г_К_КОНСТРУКЦИОННАЯ/лист.webp,крепеж;сталь листовая г/к обыч качества;ст3 обр;110;120;лист;г/к;мм;ст3;обрезанный,Ст3 обр,110 ; 120,,т
Листовой прокат,СТАЛЬ ЛИСТОВАЯ Г/К ОБЫЧ КАЧЕСТВА,Ст3 обр УЗК,Лист г/к 8 мм Ст3 обр УЗК,Лист г/к 8 мм Ст3 обр УЗК,8,53990,т,1,0,0,https://www.kavstal.ru/public/assets/images/products/Листовой_прокат/СТАЛЬ_ЛИСТ_Г_К_КОНСТРУКЦИОННАЯ/лист.webp,крепеж;сталь листовая г/к обыч качества;ст3 обр узк;8;лист;г/к;мм;ст3;обр;узк,Ст3 обр УЗК,8,,т
Листовой прокат,СТАЛЬ ЛИСТОВАЯ Г/К ОБЫЧ КАЧЕСТВА,Ст3 обр УЗК,Лист г/к 8 мм Ст3 обр УЗК,Лист г/к 8 мм Ст3 обр УЗК,8,54490,т,1,0,0,https://www.kavstal.ru/public/assets/images/products/Листовой_прокат/СТАЛЬ_ЛИСТ_Г_К_КОНСТРУКЦИОННАЯ/лист.webp,крепеж;сталь листовая г/к обыч качества;ст3 обр узк;8;лист;г/к;мм;ст3;обр;узк,Ст3 обр УЗК,8,,т
Листовой прокат,СТАЛЬ ЛИСТОВАЯ Г/К ОБЫЧ КАЧЕСТВА,Ст3 обр УЗК,Лист г/к 10 мм Ст3 обр УЗК,Лист г/к 10 мм Ст3 обр УЗК,10,53490,т,1,0,0,https://www.kavstal.ru/public/assets/images/products/Листовой_прокат/СТАЛЬ_ЛИСТ_Г_К_КОНСТРУКЦИОННАЯ/лист.webp,крепеж;сталь листовая г/к обыч качества;ст3 обр узк;10;лист;г/к;мм;ст3;обр;узк,Ст3 обр УЗК,10,,т
Листовой прокат,СТАЛЬ ЛИСТОВАЯ Г/К ОБЫЧ КАЧЕСТВА,Ст3 обр УЗК,Лист г/к 10 мм Ст3 обр УЗК,Лист г/к 10 мм Ст3 обр УЗК,10,53990,т,1,0,0,https://www.kavstal.ru/public/assets/images/products/Листовой_прокат/СТАЛЬ_ЛИСТ_Г_К_КОНСТРУКЦИОННАЯ/лист.webp,крепеж;сталь листовая г/к обыч качества;ст3 обр узк;10;лист;г/к;мм;ст3;обр;узк,Ст3 обр УЗК,10,,т
Листовой прокат,СТАЛЬ ЛИСТОВАЯ Г/К ОБЫЧ КАЧЕСТВА,Ст3 обр УЗК,Лист г/к 12 мм Ст3 обр УЗК,Лист г/к 12 мм Ст3 обр УЗК,12,53490,т,1,0,0,https://www.kavstal.ru/public/assets/images/products/Листовой_прокат/СТАЛЬ_ЛИСТ_Г_К_КОНСТРУКЦИОННАЯ/лист.webp,крепеж;сталь листовая г/к обыч качества;ст3 обр узк;12;16;лист;г/к;мм;ст3;обр;узк,Ст3 обр УЗК,12 ; 16,,т
Листовой прокат,СТАЛЬ ЛИСТОВАЯ Г/К ОБЫЧ КАЧЕСТВА,Ст3 обр УЗК,Лист г/к 20 мм Ст3 обр УЗК,Лист г/к 20 мм Ст3 обр УЗК,20,55490,т,1,0,0,https://www.kavstal.ru/public/assets/images/products/Листовой_прокат/СТАЛЬ_ЛИСТ_Г_К_КОНСТРУКЦИОННАЯ/лист.webp,крепеж;сталь листовая г/к обыч качества;ст3 обр узк;20;25;28;30;40;лист;г/к;мм;ст3;обр;узк,Ст3 обр УЗК,20 ; 25; 28; 30; 40,,т
Листовой прокат,ЛИСТ РИФЛЕНЫЙ,ромб,Лист рифленый 2.5 мм ромб,Лист рифленый 2.5 мм ромб,2.5,4457,шт,1,0,0,https://www.kavstal.ru/public/assets/images/products/Листовой_прокат/ЛИСТ_РИФЛЕНЫЙ/лист_рифлёный_ромб.webp,крепеж;лист рифленый;ромб;2;5;лист;рифленый;2.5;мм,ромб,2.5,,шт
Листовой прокат,ЛИСТ РИФЛЕНЫЙ,чечев,Лист рифленый 2.5 мм чечев,Лист рифленый 2.5 мм чечев,2.5,3971,шт,1,0,0,https://www.kavstal.ru/public/assets/images/products/Листовой_прокат/ЛИСТ_РИФЛЕНЫЙ/лист_рифлёный_чечевица.webp,крепеж;лист рифленый;чечев;2;5;лист;рифленый;2.5;мм,чечев,2.5,,шт
Листовой прокат,ЛИСТ РИФЛЕНЫЙ,н/обр ромб,Лист рифленый 2.5 мм н/обр ромб,Лист рифленый 2.5 мм н/обр ромб,2.5,71808,т,1,0,0,https://www.kavstal.ru/public/assets/images/products/Листовой_прокат/ЛИСТ_РИФЛЕНЫЙ/лист_рифлёный_ромб.webp,крепеж;лист рифленый;н/обр ромб;2;5;лист;рифленый;2.5;мм;н/обр;ромб,н/обр ромб,2.5,,т
Листовой прокат,ЛИСТ РИФЛЕНЫЙ,н/обр ромб,Лист рифленый 3 мм н/обр ромб,Лист рифленый 3 мм н/обр ромб,3,71808,т,1,0,0,https://www.kavstal.ru/public/assets/images/products/Листовой_прокат/ЛИСТ_РИФЛЕНЫЙ/лист_рифлёный_ромб.webp,крепеж;лист рифленый;н/обр ромб;3;лист;рифленый;мм;н/обр;ромб,н/обр ромб,3,,т
Листовой прокат,ЛИСТ РИФЛЕНЫЙ,н/обр ромб,Лист рифленый 3 мм н/обр ромб,Лист рифленый 3 мм н/обр ромб,3,71808,т,1,0,0,https://www.kavstal.ru/public/assets/images/products/Листовой_прокат/ЛИСТ_РИФЛЕНЫЙ/лист_рифлёный_ромб.webp,крепеж;лист рифленый;н/обр ромб;3;лист;рифленый;мм;н/обр;ромб,н/обр ромб,3,,т
Листовой прокат,ЛИСТ РИФЛЕНЫЙ,н/обр ромб,Лист рифленый 4 мм н/обр ромб,Лист рифленый 4 мм н/обр ромб,4,71808,т,1,0,0,https://www.kavstal.ru/public/assets/images/products/Листовой_прокат/ЛИСТ_РИФЛЕНЫЙ/лист_рифлёный_ромб.webp,крепеж;лист рифленый;н/обр ромб;4;лист;рифленый;мм;н/обр;ромб,н/обр ромб,4,,т
Листовой прокат,ЛИСТ РИФЛЕНЫЙ,н/обр ромб,Лист рифленый 4 мм н/обр ромб,Лист рифленый 4 мм н/обр ромб,4,71808,т,1,0,0,https://www.kavstal.ru/public/assets/images/products/Листовой_прокат/ЛИСТ_РИФЛЕНЫЙ/лист_рифлёный_ромб.webp,крепеж;лист рифленый;н/обр ромб;4;лист;рифленый;мм;н/обр;ромб,н/обр ромб,4,,т
Листовой прокат,ЛИСТ РИФЛЕНЫЙ,н/обр ромб,Лист рифленый 5 мм н/обр ромб,Лист рифленый 5 мм н/обр ромб,5,71808,т,1,0,0,https://www.kavstal.ru/public/assets/images/products/Листовой_прокат/ЛИСТ_РИФЛЕНЫЙ/лист_рифлёный_ромб.webp,крепеж;лист рифленый;н/обр ромб;5;лист;рифленый;мм;н/обр;ромб,н/обр ромб,5,,т
Листовой прокат,ЛИСТ РИФЛЕНЫЙ,н/обр ромб,Лист рифленый 5 мм н/обр ромб,Лист рифленый 5 мм н/обр ромб,5,71808,т,1,0,0,https://www.kavstal.ru/public/assets/images/products/Листовой_прокат/ЛИСТ_РИФЛЕНЫЙ/лист_рифлёный_ромб.webp,крепеж;лист рифленый;н/обр ромб;5;лист;рифленый;мм;н/обр;ромб,н/обр ромб,5,,т
Листовой прокат,ЛИСТ РИФЛЕНЫЙ,н/обр ромб,Лист рифленый 5 мм н/обр ромб,Лист рифленый 5 мм н/обр ромб,5,71808,т,1,0,0,https://www.kavstal.ru/public/assets/images/products/Листовой_прокат/ЛИСТ_РИФЛЕНЫЙ/лист_рифлёный_ромб.webp,крепеж;лист рифленый;н/обр ромб;5;лист;рифленый;мм;н/обр;ромб,н/обр ромб,5,,т
Листовой прокат,ЛИСТ РИФЛЕНЫЙ,н/обр ромб,Лист рифленый 6 мм н/обр ромб,Лист рифленый 6 мм н/обр ромб,6,71808,т,1,0,0,https://www.kavstal.ru/public/assets/images/products/Листовой_прокат/ЛИСТ_РИФЛЕНЫЙ/лист_рифлёный_ромб.webp,крепеж;лист рифленый;н/обр ромб;6;лист;рифленый;мм;н/обр;ромб,н/обр ромб,6,,т
Листовой прокат,ЛИСТ РИФЛЕНЫЙ,н/обр ромб,Лист рифленый 6 мм н/обр ромб,Лист рифленый 6 мм н/обр ромб,6,71808,т,1,0,0,https://www.kavstal.ru/public/assets/images/products/Листовой_прокат/ЛИСТ_РИФЛЕНЫЙ/лист_рифлёный_ромб.webp,крепеж;лист рифленый;н/обр ромб;6;лист;рифленый;мм;н/обр;ромб,н/обр ромб,6,,т
Листовой прокат,ЛИСТ РИФЛЕНЫЙ,н/обр ромб,Лист рифленый 8 мм н/обр ромб,Лист рифленый 8 мм н/обр ромб,8,71808,т,1,0,0,https://www.kavstal.ru/public/assets/images/products/Листовой_прокат/ЛИСТ_РИФЛЕНЫЙ/лист_рифлёный_ромб.webp,крепеж;лист рифленый;н/обр ромб;8;лист;рифленый;мм;н/обр;ромб,н/обр ромб,8,,т
Листовой прокат,ЛИСТ РИФЛЕНЫЙ,н/обр ромб,Лист рифленый 10 мм н/обр ромб,Лист рифленый 10 мм н/обр ромб,10,71808,т,1,0,0,https://www.kavstal.ru/public/assets/images/products/Листовой_прокат/ЛИСТ_РИФЛЕНЫЙ/лист_рифлёный_ромб.webp,крепеж;лист рифленый;н/обр ромб;10;лист;рифленый;мм;н/обр;ромб,н/обр ромб,10,,т
Листовой прокат,ЛИСТ РИФЛЕНЫЙ,н/обр чечев,Лист рифленый 2.5 мм н/обр чечев,Лист рифленый 2.5 мм н/обр чечев,2.5,71808,т,1,0,0,https://www.kavstal.ru/public/assets/images/products/Листовой_прокат/ЛИСТ_РИФЛЕНЫЙ/лист_рифлёный_чечевица.webp,крепеж;лист рифленый;н/обр чечев;2;5;лист;рифленый;2.5;мм;н/обр;чечев,н/обр чечев,2.5,,т
Листовой прокат,ЛИСТ РИФЛЕНЫЙ,н/обр чечев,Лист рифленый 3 мм н/обр чечев,Лист рифленый 3 мм н/обр чечев,3,71808,т,1,0,0,https://www.kavstal.ru/public/assets/images/products/Листовой_прокат/ЛИСТ_РИФЛЕНЫЙ/лист_рифлёный_чечевица.webp,крепеж;лист рифленый;н/обр чечев;3;лист;рифленый;мм;н/обр;чечев,н/обр чечев,3,,т
Листовой прокат,ЛИСТ РИФЛЕНЫЙ,н/обр чечев,Лист рифленый 3 мм н/обр чечев,Лист рифленый 3 мм н/обр чечев,3,71808,т,1,0,0,https://www.kavstal.ru/public/assets/images/products/Листовой_прокат/ЛИСТ_РИФЛЕНЫЙ/лист_рифлёный_чечевица.webp,крепеж;лист рифленый;н/обр чечев;3;лист;рифленый;мм;н/обр;чечев,н/обр чечев,3,,т
Листовой прокат,ЛИСТ РИФЛЕНЫЙ,н/обр чечев,Лист рифленый 3 мм н/обр чечев,Лист рифленый 3 мм н/обр чечев,3,71808,т,1,0,0,https://www.kavstal.ru/public/assets/images/products/Листовой_прокат/ЛИСТ_РИФЛЕНЫЙ/лист_рифлёный_чечевица.webp,крепеж;лист рифленый;н/обр чечев;3;лист;рифленый;мм;н/обр;чечев,н/обр чечев,3,,т
Листовой прокат,ЛИСТ РИФЛЕНЫЙ,н/обр чечев,Лист рифленый 4 мм н/обр чечев,Лист рифленый 4 мм н/обр чечев,4,71808,т,1,0,0,https://www.kavstal.ru/public/assets/images/products/Листовой_прокат/ЛИСТ_РИФЛЕНЫЙ/лист_рифлёный_чечевица.webp,крепеж;лист рифленый;н/обр чечев;4;лист;рифленый;мм;н/обр;чечев,н/обр чечев,4,,т
Листовой прокат,ЛИСТ РИФЛЕНЫЙ,н/обр чечев,Лист рифленый 4 мм н/обр чечев,Лист рифленый 4 мм н/обр чечев,4,71808,т,1,0,0,https://www.kavstal.ru/public/assets/images/products/Листовой_прокат/ЛИСТ_РИФЛЕНЫЙ/лист_рифлёный_чечевица.webp,крепеж;лист рифленый;н/обр чечев;4;лист;рифленый;мм;н/обр;чечев,н/обр чечев,4,,т
Листовой прокат,ЛИСТ РИФЛЕНЫЙ,н/обр чечев,Лист рифленый 4 мм н/обр чечев,Лист рифленый 4 мм н/обр чечев,4,71808,т,1,0,0,https://www.kavstal.ru/public/assets/images/products/Листовой_прокат/ЛИСТ_РИФЛЕНЫЙ/лист_рифлёный_чечевица.webp,крепеж;лист рифленый;н/обр чечев;4;5;лист;рифленый;мм;н/обр;чечев,н/обр чечев,4 ; 5,,т
Листовой прокат,ЛИСТ РИФЛЕНЫЙ,н/обр чечев,Лист рифленый 5 мм н/обр чечев,Лист рифленый 5 мм н/обр чечев,5,71808,т,1,0,0,https://www.kavstal.ru/public/assets/images/products/Листовой_прокат/ЛИСТ_РИФЛЕНЫЙ/лист_рифлёный_чечевица.webp,крепеж;лист рифленый;н/обр чечев;5;лист;рифленый;мм;н/обр;чечев,н/обр чечев,5,,т
Листовой прокат,ЛИСТ РИФЛЕНЫЙ,н/обр чечев,Лист рифленый 6 мм н/обр чечев,Лист рифленый 6 мм н/обр чечев,6,71808,т,1,0,0,https://www.kavstal.ru/public/assets/images/products/Листовой_прокат/ЛИСТ_РИФЛЕНЫЙ/лист_рифлёный_чечевица.webp,крепеж;лист рифленый;н/обр чечев;6;лист;рифленый;мм;н/обр;чечев,н/обр чечев,6,,т
Листовой прокат,ЛИСТ РИФЛЕНЫЙ,н/обр чечев,Лист рифленый 6 мм н/обр чечев,Лист рифленый 6 мм н/обр чечев,6,71808,т,1,0,0,https://www.kavstal.ru/public/assets/images/products/Листовой_прокат/ЛИСТ_РИФЛЕНЫЙ/лист_рифлёный_чечевица.webp,крепеж;лист рифленый;н/обр чечев;6;лист;рифленый;мм;н/обр;чечев,н/обр чечев,6,,т
Листовой прокат,ЛИСТ РИФЛЕНЫЙ,н/обр чечев,Лист рифленый 6 мм н/обр чечев,Лист рифленый 6 мм н/обр чечев,6,71808,т,1,0,0,https://www.kavstal.ru/public/assets/images/products/Листовой_прокат/ЛИСТ_РИФЛЕНЫЙ/лист_рифлёный_чечевица.webp,крепеж;лист рифленый;н/обр чечев;6;лист;рифленый;мм;н/обр;чечев,н/обр чечев,6,,т
Листовой прокат,ЛИСТ РИФЛЕНЫЙ,н/обр чечев,Лист рифленый 8 мм н/обр чечев,Лист рифленый 8 мм н/обр чечев,8,71808,т,1,0,0,https://www.kavstal.ru/public/assets/images/products/Листовой_прокат/ЛИСТ_РИФЛЕНЫЙ/лист_рифлёный_чечевица.webp,крепеж;лист рифленый;н/обр чечев;8;лист;рифленый;мм;н/обр;чечев,н/обр чечев,8,,т
Листовой прокат,ЛИСТ РИФЛЕНЫЙ,н/обр чечев,Лист рифленый 10 мм н/обр чечев,Лист рифленый 10 мм н/обр чечев,10,71808,т,1,0,0,https://www.kavstal.ru/public/assets/images/products/Листовой_прокат/ЛИСТ_РИФЛЕНЫЙ/лист_рифлёный_чечевица.webp,крепеж;лист рифленый;н/обр чечев;10;лист;рифленый;мм;н/обр;чечев,н/обр чечев,10,,т
Листовой прокат,ЛИСТ РИФЛЕНЫЙ,н/обр чечев,Лист рифленый 12 мм н/обр чечев,Лист рифленый 12 мм н/обр чечев,12,71808,т,1,0,0,https://www.kavstal.ru/public/assets/images/products/Листовой_прокат/ЛИСТ_РИФЛЕНЫЙ/лист_рифлёный_чечевица.webp,крепеж;лист рифленый;н/обр чечев;12;лист;рифленый;мм;н/обр;чечев,н/обр чечев,12,,т
Листовой прокат,ЛИСТ РИФЛЕНЫЙ,обр ромб,Лист рифленый 10 мм обр ромб,Лист рифленый 10 мм обр ромб,10,74800,т,1,0,0,https://www.kavstal.ru/public/assets/images/products/Листовой_прокат/ЛИСТ_РИФЛЕНЫЙ/лист_рифлёный_ромб.webp,крепеж;лист рифленый;обр ромб;10;лист;рифленый;мм;обр;ромб,обр ромб,10,,т
Листовой прокат,ПРОСЕЧНО-ВЫТЯЖНОЙ ЛИСТ,ПВЛ-204,Лист просечно-вытяжной ПВЛ-204,Лист просечно-вытяжной ПВЛ-204,204,68800,т,1,0,0,https://www.kavstal.ru/public/assets/images/products/Листовой_прокат/ПРОСЕЧНО-ВЫТЯЖНОЙ_ЛИСТ/лист_просечно_вытяжной.webp,крепеж;просечно-вытяжной лист;пвл-204;204;лист;просечно-вытяжной,ПВЛ-204,204,,т
Листовой прокат,ПРОСЕЧНО-ВЫТЯЖНОЙ ЛИСТ,ПВЛ-206,Лист просечно-вытяжной ПВЛ-206,Лист просечно-вытяжной ПВЛ-206,206,68800,т,1,0,0,https://www.kavstal.ru/public/assets/images/products/Листовой_прокат/ПРОСЕЧНО-ВЫТЯЖНОЙ_ЛИСТ/лист_просечно_вытяжной.webp,крепеж;просечно-вытяжной лист;пвл-206;206;лист;просечно-вытяжной,ПВЛ-206,206,,т
Листовой прокат,ПРОСЕЧНО-ВЫТЯЖНОЙ ЛИСТ,ПВЛ-208,Лист просечно-вытяжной ПВЛ-208,Лист просечно-вытяжной ПВЛ-208,208,68800,т,1,0,0,https://www.kavstal.ru/public/assets/images/products/Листовой_прокат/ПРОСЕЧНО-ВЫТЯЖНОЙ_ЛИСТ/лист_просечно_вытяжной.webp,крепеж;просечно-вытяжной лист;пвл-208;208;лист;просечно-вытяжной,ПВЛ-208,208,,т
Листовой прокат,ПРОСЕЧНО-ВЫТЯЖНОЙ ЛИСТ,ПВЛ-306,Лист просечно-вытяжной ПВЛ-306,Лист просечно-вытяжной ПВЛ-306,306,68800,т,1,0,0,https://www.kavstal.ru/public/assets/images/products/Листовой_прокат/ПРОСЕЧНО-ВЫТЯЖНОЙ_ЛИСТ/лист_просечно_вытяжной.webp,крепеж;просечно-вытяжной лист;пвл-306;306;лист;просечно-вытяжной,ПВЛ-306,306,,т
Листовой прокат,ПРОСЕЧНО-ВЫТЯЖНОЙ ЛИСТ,ПВЛ-308,Лист просечно-вытяжной ПВЛ-308,Лист просечно-вытяжной ПВЛ-308,308,68800,т,1,0,0,https://www.kavstal.ru/public/assets/images/products/Листовой_прокат/ПРОСЕЧНО-ВЫТЯЖНОЙ_ЛИСТ/лист_просечно_вытяжной.webp,крепеж;просечно-вытяжной лист;пвл-308;308;лист;просечно-вытяжной,ПВЛ-308,308,,т
Листовой прокат,ПРОСЕЧНО-ВЫТЯЖНОЙ ЛИСТ,ПВЛ-406,Лист просечно-вытяжной ПВЛ-406,Лист просечно-вытяжной ПВЛ-406,406,68800,т,1,0,0,https://www.kavstal.ru/public/assets/images/products/Листовой_прокат/ПРОСЕЧНО-ВЫТЯЖНОЙ_ЛИСТ/лист_просечно_вытяжной.webp,крепеж;просечно-вытяжной лист;пвл-406;406;лист;просечно-вытяжной,ПВЛ-406,406,,т
Листовой прокат,ПРОСЕЧНО-ВЫТЯЖНОЙ ЛИСТ,ПВЛ-406,Лист просечно-вытяжной ПВЛ-406,Лист просечно-вытяжной ПВЛ-406,406,69990,шт,1,0,0,https://www.kavstal.ru/public/assets/images/products/Листовой_прокат/ПРОСЕЧНО-ВЫТЯЖНОЙ_ЛИСТ/лист_просечно_вытяжной.webp,крепеж;просечно-вытяжной лист;пвл-406;406;лист;просечно-вытяжной,ПВЛ-406,406,,шт
Листовой прокат,ПРОСЕЧНО-ВЫТЯЖНОЙ ЛИСТ,ПВЛ-408,Лист просечно-вытяжной ПВЛ-408,Лист просечно-вытяжной ПВЛ-408,408,68800,т,1,0,0,https://www.kavstal.ru/public/assets/images/products/Листовой_прокат/ПРОСЕЧНО-ВЫТЯЖНОЙ_ЛИСТ/лист_просечно_вытяжной.webp,крепеж;просечно-вытяжной лист;пвл-408;408;лист;просечно-вытяжной,ПВЛ-408,408,,т
Листовой прокат,ПРОСЕЧНО-ВЫТЯЖНОЙ ЛИСТ,ПВЛ-410,Лист просечно-вытяжной ПВЛ-410,Лист просечно-вытяжной ПВЛ-410,410,68800,т,1,0,0,https://www.kavstal.ru/public/assets/images/products/Листовой_прокат/ПРОСЕЧНО-ВЫТЯЖНОЙ_ЛИСТ/лист_просечно_вытяжной.webp,крепеж;просечно-вытяжной лист;пвл-410;410;лист;просечно-вытяжной,ПВЛ-410,410,,т
Листовой прокат,ПРОСЕЧНО-ВЫТЯЖНОЙ ЛИСТ,ПВЛ-506,Лист просечно-вытяжной ПВЛ-506,Лист просечно-вытяжной ПВЛ-506,506,68800,т,1,0,0,https://www.kavstal.ru/public/assets/images/products/Листовой_прокат/ПРОСЕЧНО-ВЫТЯЖНОЙ_ЛИСТ/лист_просечно_вытяжной.webp,крепеж;просечно-вытяжной лист;пвл-506;506;лист;просечно-вытяжной,ПВЛ-506,506,,т
Листовой прокат,ПРОСЕЧНО-ВЫТЯЖНОЙ ЛИСТ,ПВЛ-508,Лист просечно-вытяжной ПВЛ-508,Лист просечно-вытяжной ПВЛ-508,508,68800,т,1,0,0,https://www.kavstal.ru/public/assets/images/products/Листовой_прокат/ПРОСЕЧНО-ВЫТЯЖНОЙ_ЛИСТ/лист_просечно_вытяжной.webp,крепеж;просечно-вытяжной лист;пвл-508;508;лист;просечно-вытяжной,ПВЛ-508,508,,т
Листовой прокат,ПРОСЕЧНО-ВЫТЯЖНОЙ ЛИСТ,ПВЛ-510,Лист просечно-вытяжной ПВЛ-510,Лист просечно-вытяжной ПВЛ-510,510,68800,т,1,0,0,https://www.kavstal.ru/public/assets/images/products/Листовой_прокат/ПРОСЕЧНО-ВЫТЯЖНОЙ_ЛИСТ/лист_просечно_вытяжной.webp,крепеж;просечно-вытяжной лист;пвл-510;510;лист;просечно-вытяжной,ПВЛ-510,510,,т
Листовой прокат,ПРОСЕЧНО-ВЫТЯЖНОЙ ЛИСТ,ПВЛ-510,Лист просечно-вытяжной ПВЛ-510,Лист просечно-вытяжной ПВЛ-510,510,68800,т,1,0,0,https://www.kavstal.ru/public/assets/images/products/Листовой_прокат/ПРОСЕЧНО-ВЫТЯЖНОЙ_ЛИСТ/лист_просечно_вытяжной.webp,крепеж;просечно-вытяжной лист;пвл-510;510;лист;просечно-вытяжной,ПВЛ-510,510,,т
Листовой прокат,ПРОСЕЧНО-ВЫТЯЖНОЙ ЛИСТ,ПВЛ-606,Лист просечно-вытяжной ПВЛ-606,Лист просечно-вытяжной ПВЛ-606,606,68800,т,1,0,0,https://www.kavstal.ru/public/assets/images/products/Листовой_прокат/ПРОСЕЧНО-ВЫТЯЖНОЙ_ЛИСТ/лист_просечно_вытяжной.webp,крепеж;просечно-вытяжной лист;пвл-606;606;лист;просечно-вытяжной,ПВЛ-606,606,,т
Листовой прокат,ПРОСЕЧНО-ВЫТЯЖНОЙ ЛИСТ,ПВЛ-608,Лист просечно-вытяжной ПВЛ-608,Лист просечно-вытяжной ПВЛ-608,608,68800,т,1,0,0,https://www.kavstal.ru/public/assets/images/products/Листовой_прокат/ПРОСЕЧНО-ВЫТЯЖНОЙ_ЛИСТ/лист_просечно_вытяжной.webp,крепеж;просечно-вытяжной лист;пвл-608;608;лист;просечно-вытяжной,ПВЛ-608,608,,т
Листовой прокат,ПРОСЕЧНО-ВЫТЯЖНОЙ ЛИСТ,ПВЛ-610,Лист просечно-вытяжной ПВЛ-610,Лист просечно-вытяжной ПВЛ-610,610,68800,т,1,0,0,https://www.kavstal.ru/public/assets/images/products/Листовой_прокат/ПРОСЕЧНО-ВЫТЯЖНОЙ_ЛИСТ/лист_просечно_вытяжной.webp,крепеж;просечно-вытяжной лист;пвл-610;610;лист;просечно-вытяжной,ПВЛ-610,610,,т
Листовой прокат,ПРОСЕЧНО-ВЫТЯЖНОЙ ЛИСТ,ПВЛ-406,Лист просечно-вытяжной ПВЛ-406,Лист просечно-вытяжной ПВЛ-406,4,68800,т,1,0,0,https://www.kavstal.ru/public/assets/images/products/Листовой_прокат/ПРОСЕЧНО-ВЫТЯЖНОЙ_ЛИСТ/лист_просечно_вытяжной.webp,крепеж;просечно-вытяжной лист;пвл-406;4;лист;просечно-вытяжной,ПВЛ-406,4,,т
Листовой прокат,ПРОСЕЧНО-ВЫТЯЖНОЙ ЛИСТ,ПВЛ-506,Лист просечно-вытяжной ПВЛ-506,Лист просечно-вытяжной ПВЛ-506,5,68800,т,1,0,0,https://www.kavstal.ru/public/assets/images/products/Листовой_прокат/ПРОСЕЧНО-ВЫТЯЖНОЙ_ЛИСТ/лист_просечно_вытяжной.webp,крепеж;просечно-вытяжной лист;пвл-506;5;лист;просечно-вытяжной,ПВЛ-506,5,,т
Листовой прокат,ПРОСЕЧНО-ВЫТЯЖНОЙ ЛИСТ,ПВЛ-508,Лист просечно-вытяжной ПВЛ-508,Лист просечно-вытяжной ПВЛ-508,5,68800,т,1,0,0,https://www.kavstal.ru/public/assets/images/products/Листовой_прокат/ПРОСЕЧНО-ВЫТЯЖНОЙ_ЛИСТ/лист_просечно_вытяжной.webp,крепеж;просечно-вытяжной лист;пвл-508;5;лист;просечно-вытяжной,ПВЛ-508,5,,т
Листовой прокат,СТАЛЬ ЛИСТОВАЯ Х/К,Ст08 неконд неконд,Лист х/к 3.9 мм Ст08 (некондиция),Лист х/к 3.9 мм Ст08 (некондиция),3.9,44280,т,1,0,0,https://www.kavstal.ru/public/assets/images/products/Листовой_прокат/СТАЛЬ_ЛИСТОВАЯ_Х_К/лист.webp,крепеж;сталь листовая х/к;ст08 неконд неконд;3;9;лист;х/к;3.9;мм;ст08;некондиция,Ст08 неконд неконд,3.9,,т
Листовой прокат,СТАЛЬ ЛИСТОВАЯ Х/К,Ст08пс,Лист х/к 1 мм Ст08пс,Лист х/к 1 мм Ст08пс,1,70990,т,1,0,0,https://www.kavstal.ru/public/assets/images/products/Листовой_прокат/СТАЛЬ_ЛИСТОВАЯ_Х_К/лист.webp,крепеж;сталь листовая х/к;ст08пс;1;лист;х/к;мм,Ст08пс,1,,т
Листовой прокат,СТАЛЬ ЛИСТОВАЯ Х/К,Ст08пс уценка,Лист х/к 0.7 мм Ст08пс уценка,Лист х/к 0.7 мм Ст08пс уценка,0.7,61990,т,1,0,0,https://www.kavstal.ru/public/assets/images/products/Листовой_прокат/СТАЛЬ_ЛИСТОВАЯ_Х_К/лист.webp,крепеж;сталь листовая х/к;ст08пс уценка;7;лист;х/к;0.7;мм;ст08пс;уценка,Ст08пс уценка,0.7,,т
Листовой прокат,СТАЛЬ ЛИСТОВАЯ Х/К,Ст08пс обр 1.5x3,Лист х/к 1.2 мм Ст08пс обр 1.5x3,Лист х/к 1.2 мм Ст08пс обр 1.5x3,1.2,70990,т,1,0,0,https://www.kavstal.ru/public/assets/images/products/Листовой_прокат/СТАЛЬ_ЛИСТОВАЯ_Х_К/лист.webp,крепеж;сталь листовая х/к;ст08пс обр 1.5x3;1;2;лист;х/к;1.2;мм;ст08пс;обр;1.5x3,Ст08пс обр 1.5x3,1.2,,т
Листовой прокат,СТАЛЬ ЛИСТОВАЯ Х/К,Ст08пс5,Лист х/к 0.5 мм Ст08пс5,Лист х/к 0.5 мм Ст08пс5,0.5,71990,т,1,0,0,https://www.kavstal.ru/public/assets/images/products/Листовой_прокат/СТАЛЬ_ЛИСТОВАЯ_Х_К/лист.webp,крепеж;сталь листовая х/к;ст08пс5;5;лист;х/к;0.5;мм,Ст08пс5,0.5,,т
Листовой прокат,СТАЛЬ ЛИСТОВАЯ Х/К,Ст08пс5,Лист х/к 0.6 мм Ст08пс5,Лист х/к 0.6 мм Ст08пс5,0.6,70990,т,1,0,0,https://www.kavstal.ru/public/assets/images/products/Листовой_прокат/СТАЛЬ_ЛИСТОВАЯ_Х_К/лист.webp,крепеж;сталь листовая х/к;ст08пс5;6;7;лист;х/к;0.6;мм,Ст08пс5,0.6 ; 0.7,,т
Листовой прокат,СТАЛЬ ЛИСТОВАЯ Х/К,Ст08пс5,Лист х/к 0.9 мм Ст08пс5,Лист х/к 0.9 мм Ст08пс5,0.9,73490,т,1,0,0,https://www.kavstal.ru/public/assets/images/products/Листовой_прокат/СТАЛЬ_ЛИСТОВАЯ_Х_К/лист.webp,крепеж;сталь листовая х/к;ст08пс5;9;лист;х/к;0.9;мм,Ст08пс5,0.9,,т
Листовой прокат,СТАЛЬ ЛИСТОВАЯ Х/К,Ст08пс5,Лист х/к 1 мм Ст08пс5,Лист х/к 1 мм Ст08пс5,1,70990,т,1,0,0,https://www.kavstal.ru/public/assets/images/products/Листовой_прокат/СТАЛЬ_ЛИСТОВАЯ_Х_К/лист.webp,крепеж;сталь листовая х/к;ст08пс5;1;2;лист;х/к;мм,Ст08пс5,1 ; 1.2,,т
Листовой прокат,СТАЛЬ ЛИСТОВАЯ Х/К,Ст08пс5,Лист х/к 1.4 мм Ст08пс5,Лист х/к 1.4 мм Ст08пс5,1.4,70790,т,1,0,0,https://www.kavstal.ru/public/assets/images/products/Листовой_прокат/СТАЛЬ_ЛИСТОВАЯ_Х_К/лист.webp,крепеж;сталь листовая х/к;ст08пс5;1;4;лист;х/к;1.4;мм,Ст08пс5,1.4,,т
Листовой прокат,СТАЛЬ ЛИСТОВАЯ Х/К,Ст08пс5,Лист х/к 1.5 мм Ст08пс5,Лист х/к 1.5 мм Ст08пс5,1.5,70390,т,1,0,0,https://www.kavstal.ru/public/assets/images/products/Листовой_прокат/СТАЛЬ_ЛИСТОВАЯ_Х_К/лист.webp,крепеж;сталь листовая х/к;ст08пс5;1;5;лист;х/к;1.5;мм,Ст08пс5,1.5,,т
Листовой прокат,СТАЛЬ ЛИСТОВАЯ Х/К,Ст08пс5,Лист х/к 1.8 мм Ст08пс5,Лист х/к 1.8 мм Ст08пс5,1.8,70190,т,1,0,0,https://www.kavstal.ru/public/assets/images/products/Листовой_прокат/СТАЛЬ_ЛИСТОВАЯ_Х_К/лист.webp,крепеж;сталь листовая х/к;ст08пс5;1;8;лист;х/к;1.8;мм,Ст08пс5,1.8,,т
Листовой прокат,СТАЛЬ ЛИСТОВАЯ Х/К,Ст08пс5,Лист х/к 2 мм Ст08пс5,Лист х/к 2 мм Ст08пс5,2,70990,т,1,0,0,https://www.kavstal.ru/public/assets/images/products/Листовой_прокат/СТАЛЬ_ЛИСТОВАЯ_Х_К/лист.webp,крепеж;сталь листовая х/к;ст08пс5;2;лист;х/к;мм,Ст08пс5,2,,т
Листовой прокат,СТАЛЬ ЛИСТОВАЯ Х/К,Ст08пс5,Лист х/к 2.5 мм Ст08пс5,Лист х/к 2.5 мм Ст08пс5,2.5,69990,т,1,0,0,https://www.kavstal.ru/public/assets/images/products/Листовой_прокат/СТАЛЬ_ЛИСТОВАЯ_Х_К/лист.webp,крепеж;сталь листовая х/к;ст08пс5;2;5;3;лист;х/к;2.5;мм,Ст08пс5,2.5 ; 3,,т
Листовой прокат,СТАЛЬ ЛИСТОВАЯ Х/К,Ст08пс5 неконд,Лист х/к 0.5 мм Ст08пс5 (некондиция),Лист х/к 0.5 мм Ст08пс5 (некондиция),0.5,44280,т,1,0,0,https://www.kavstal.ru/public/assets/images/products/Листовой_прокат/СТАЛЬ_ЛИСТОВАЯ_Х_К/лист.webp,крепеж;сталь листовая х/к;ст08пс5 неконд;5;лист;х/к;0.5;мм;ст08пс5;некондиция,Ст08пс5 неконд,0.5,,т
Листовой прокат,СТАЛЬ ЛИСТОВАЯ Х/К,Ст08пс5 уценка,Лист х/к 0.5 мм Ст08пс5 уценка,Лист х/к 0.5 мм Ст08пс5 уценка,0.5,71990,т,1,0,0,https://www.kavstal.ru/public/assets/images/products/Листовой_прокат/СТАЛЬ_ЛИСТОВАЯ_Х_К/лист.webp,крепеж;сталь листовая х/к;ст08пс5 уценка;5;лист;х/к;0.5;мм;ст08пс5;уценка,Ст08пс5 уценка,0.5,,т
Листовой прокат,СТАЛЬ ЛИСТОВАЯ Х/К,Ст08пс5 уценка,Лист х/к 1.2 мм Ст08пс5 уценка,Лист х/к 1.2 мм Ст08пс5 уценка,1.2,68990,т,1,0,0,https://www.kavstal.ru/public/assets/images/products/Листовой_прокат/СТАЛЬ_ЛИСТОВАЯ_Х_К/лист.webp,крепеж;сталь листовая х/к;ст08пс5 уценка;1;2;лист;х/к;1.2;мм;ст08пс5;уценка,Ст08пс5 уценка,1.2,,т
Листовой прокат,СТАЛЬ ЛИСТОВАЯ Х/К,Ст08пс5 уценка,Лист х/к 1.5 мм Ст08пс5 уценка,Лист х/к 1.5 мм Ст08пс5 уценка,1.5,71990,т,1,0,0,https://www.kavstal.ru/public/assets/images/products/Листовой_прокат/СТАЛЬ_ЛИСТОВАЯ_Х_К/лист.webp,крепеж;сталь листовая х/к;ст08пс5 уценка;1;5;лист;х/к;1.5;мм;ст08пс5;уценка,Ст08пс5 уценка,1.5,,т
Листовой прокат,СТАЛЬ ЛИСТОВАЯ Х/К,Ст08пс5 н/обр 2 сорт,Лист х/к 2.5 мм Ст08пс5 н/обр 2 сорт,Лист х/к 2.5 мм Ст08пс5 н/обр 2 сорт,2.5,70848,т,1,0,0,https://www.kavstal.ru/public/assets/images/products/Листовой_прокат/СТАЛЬ_ЛИСТОВАЯ_Х_К/лист.webp,крепеж;сталь листовая х/к;ст08пс5 н/обр 2 сорт;2;5;лист;х/к;2.5;мм;ст08пс5;н/обр;сорт,Ст08пс5 н/обр 2 сорт,2.5,,т
Листовой прокат,СТАЛЬ ЛИСТОВАЯ Х/К,Ст08пс5 обр,Лист х/к 3 мм Ст08пс5 обр,Лист х/к 3 мм Ст08пс5 обр,3,69990,т,1,0,0,https://www.kavstal.ru/public/assets/images/products/Листовой_прокат/СТАЛЬ_ЛИСТОВАЯ_Х_К/лист.webp,крепеж;сталь листовая х/к;ст08пс5 обр;3;лист;х/к;мм;ст08пс5;обр,Ст08пс5 обр,3,,т
Листовой прокат,СТАЛЬ ЛИСТОВАЯ Х/К,Ст08пс6,Лист х/к 0.45 мм Ст08пс6,Лист х/к 0.45 мм Ст08пс6,0.45,70990,т,1,0,0,https://www.kavstal.ru/public/assets/images/products/Листовой_прокат/СТАЛЬ_ЛИСТОВАЯ_Х_К/лист.webp,крепеж;сталь листовая х/к;ст08пс6;45;лист;х/к;0.45;мм,Ст08пс6,0.45,,т
Листовой прокат,СТАЛЬ ЛИСТОВАЯ Х/К,Ст08пс6,Лист х/к 0.5 мм Ст08пс6,Лист х/к 0.5 мм Ст08пс6,0.5,69990,т,1,0,0,https://www.kavstal.ru/public/assets/images/products/Листовой_прокат/СТАЛЬ_ЛИСТОВАЯ_Х_К/лист.webp,крепеж;сталь листовая х/к;ст08пс6;5;лист;х/к;0.5;мм,Ст08пс6,0.5,,т
Листовой прокат,СТАЛЬ ЛИСТОВАЯ Х/К,Ст08пс6,Лист х/к 0.5 мм Ст08пс6,Лист х/к 0.5 мм Ст08пс6,0.5,71990,т,1,0,0,https://www.kavstal.ru/public/assets/images/products/Листовой_прокат/СТАЛЬ_ЛИСТОВАЯ_Х_К/лист.webp,крепеж;сталь листовая х/к;ст08пс6;5;лист;х/к;0.5;мм,Ст08пс6,0.5,,т
Листовой прокат,СТАЛЬ ЛИСТОВАЯ Х/К,Ст08пс6,Лист х/к 0.5 мм Ст08пс6,Лист х/к 0.5 мм Ст08пс6,0.5,72990,т,1,0,0,https://www.kavstal.ru/public/assets/images/products/Листовой_прокат/СТАЛЬ_ЛИСТОВАЯ_Х_К/лист.webp,крепеж;сталь листовая х/к;ст08пс6;5;лист;х/к;0.5;мм,Ст08пс6,0.5,,т
Листовой прокат,СТАЛЬ ЛИСТОВАЯ Х/К,Ст08пс6,Лист х/к 0.6 мм Ст08пс6,Лист х/к 0.6 мм Ст08пс6,0.6,70990,т,1,0,0,https://www.kavstal.ru/public/assets/images/products/Листовой_прокат/СТАЛЬ_ЛИСТОВАЯ_Х_К/лист.webp,крепеж;сталь листовая х/к;ст08пс6;6;7;лист;х/к;0.6;мм,Ст08пс6,0.6 ; 0.7,,т
Листовой прокат,СТАЛЬ ЛИСТОВАЯ Х/К,Ст08пс6,Лист х/к 0.8 мм Ст08пс6,Лист х/к 0.8 мм Ст08пс6,0.8,69490,т,1,0,0,https://www.kavstal.ru/public/assets/images/products/Листовой_прокат/СТАЛЬ_ЛИСТОВАЯ_Х_К/лист.webp,крепеж;сталь листовая х/к;ст08пс6;8;лист;х/к;0.8;мм,Ст08пс6,0.8,,т
Листовой прокат,СТАЛЬ ЛИСТОВАЯ Х/К,Ст08пс6,Лист х/к 0.8 мм Ст08пс6,Лист х/к 0.8 мм Ст08пс6,0.8,73490,т,1,0,0,https://www.kavstal.ru/public/assets/images/products/Листовой_прокат/СТАЛЬ_ЛИСТОВАЯ_Х_К/лист.webp,крепеж;сталь листовая х/к;ст08пс6;8;лист;х/к;0.8;мм,Ст08пс6,0.8,,т
Листовой прокат,СТАЛЬ ЛИСТОВАЯ Х/К,Ст08пс6,Лист х/к 0.8 мм Ст08пс6,Лист х/к 0.8 мм Ст08пс6,0.8,74990,т,1,0,0,https://www.kavstal.ru/public/assets/images/products/Листовой_прокат/СТАЛЬ_ЛИСТОВАЯ_Х_К/лист.webp,крепеж;сталь листовая х/к;ст08пс6;8;лист;х/к;0.8;мм,Ст08пс6,0.8,,т
Листовой прокат,СТАЛЬ ЛИСТОВАЯ Х/К,Ст08пс6,Лист х/к 0.9 мм Ст08пс6,Лист х/к 0.9 мм Ст08пс6,0.9,73490,т,1,0,0,https://www.kavstal.ru/public/assets/images/products/Листовой_прокат/СТАЛЬ_ЛИСТОВАЯ_Х_К/лист.webp,крепеж;сталь листовая х/к;ст08пс6;9;лист;х/к;0.9;мм,Ст08пс6,0.9,,т
Листовой прокат,СТАЛЬ ЛИСТОВАЯ Х/К,Ст08пс6,Лист х/к 1 мм Ст08пс6,Лист х/к 1 мм Ст08пс6,1,68990,т,1,0,0,https://www.kavstal.ru/public/assets/images/products/Листовой_прокат/СТАЛЬ_ЛИСТОВАЯ_Х_К/лист.webp,крепеж;сталь листовая х/к;ст08пс6;1;лист;х/к;мм,Ст08пс6,1,,т
Листовой прокат,СТАЛЬ ЛИСТОВАЯ Х/К,Ст08пс6,Лист х/к 1 мм Ст08пс6,Лист х/к 1 мм Ст08пс6,1,70990,т,1,0,0,https://www.kavstal.ru/public/assets/images/products/Листовой_прокат/СТАЛЬ_ЛИСТОВАЯ_Х_К/лист.webp,крепеж;сталь листовая х/к;ст08пс6;1;лист;х/к;мм,Ст08пс6,1,,т
Листовой прокат,СТАЛЬ ЛИСТОВАЯ Х/К,Ст08пс6,Лист х/к 1.2 мм Ст08пс6,Лист х/к 1.2 мм Ст08пс6,1.2,68990,т,1,0,0,https://www.kavstal.ru/public/assets/images/products/Листовой_прокат/СТАЛЬ_ЛИСТОВАЯ_Х_К/лист.webp,крепеж;сталь листовая х/к;ст08пс6;1;2;лист;х/к;1.2;мм,Ст08пс6,1.2,,т
Листовой прокат,СТАЛЬ ЛИСТОВАЯ Х/К,Ст08пс6,Лист х/к 1.2 мм Ст08пс6,Лист х/к 1.2 мм Ст08пс6,1.2,70990,т,1,0,0,https://www.kavstal.ru/public/assets/images/products/Листовой_прокат/СТАЛЬ_ЛИСТОВАЯ_Х_К/лист.webp,крепеж;сталь листовая х/к;ст08пс6;1;2;лист;х/к;1.2;мм,Ст08пс6,1.2,,т
Листовой прокат,СТАЛЬ ЛИСТОВАЯ Х/К,Ст08пс6,Лист х/к 1.4 мм Ст08пс6,Лист х/к 1.4 мм Ст08пс6,1.4,68690,т,1,0,0,https://www.kavstal.ru/public/assets/images/products/Листовой_прокат/СТАЛЬ_ЛИСТОВАЯ_Х_К/лист.webp,крепеж;сталь листовая х/к;ст08пс6;1;4;лист;х/к;1.4;мм,Ст08пс6,1.4,,т
Листовой прокат,СТАЛЬ ЛИСТОВАЯ Х/К,Ст08пс6,Лист х/к 1.4 мм Ст08пс6,Лист х/к 1.4 мм Ст08пс6,1.4,70790,т,1,0,0,https://www.kavstal.ru/public/assets/images/products/Листовой_прокат/СТАЛЬ_ЛИСТОВАЯ_Х_К/лист.webp,крепеж;сталь листовая х/к;ст08пс6;1;4;лист;х/к;1.4;мм,Ст08пс6,1.4,,т
Листовой прокат,СТАЛЬ ЛИСТОВАЯ Х/К,Ст08пс6,Лист х/к 1.5 мм Ст08пс6,Лист х/к 1.5 мм Ст08пс6,1.5,68490,т,1,0,0,https://www.kavstal.ru/public/assets/images/products/Листовой_прокат/СТАЛЬ_ЛИСТОВАЯ_Х_К/лист.webp,крепеж;сталь листовая х/к;ст08пс6;1;5;лист;х/к;1.5;мм,Ст08пс6,1.5,,т
Листовой прокат,СТАЛЬ ЛИСТОВАЯ Х/К,Ст08пс6,Лист х/к 1.5 мм Ст08пс6,Лист х/к 1.5 мм Ст08пс6,1.5,70390,т,1,0,0,https://www.kavstal.ru/public/assets/images/products/Листовой_прокат/СТАЛЬ_ЛИСТОВАЯ_Х_К/лист.webp,крепеж;сталь листовая х/к;ст08пс6;1;5;лист;х/к;1.5;мм,Ст08пс6,1.5,,т
Листовой прокат,СТАЛЬ ЛИСТОВАЯ Х/К,Ст08пс6,Лист х/к 1.8 мм Ст08пс6,Лист х/к 1.8 мм Ст08пс6,1.8,70190,т,1,0,0,https://www.kavstal.ru/public/assets/images/products/Листовой_прокат/СТАЛЬ_ЛИСТОВАЯ_Х_К/лист.webp,крепеж;сталь листовая х/к;ст08пс6;1;8;лист;х/к;1.8;мм,Ст08пс6,1.8,,т
Листовой прокат,СТАЛЬ ЛИСТОВАЯ Х/К,Ст08пс6,Лист х/к 2 мм Ст08пс6,Лист х/к 2 мм Ст08пс6,2,67990,т,1,0,0,https://www.kavstal.ru/public/assets/images/products/Листовой_прокат/СТАЛЬ_ЛИСТОВАЯ_Х_К/лист.webp,крепеж;сталь листовая х/к;ст08пс6;2;лист;х/к;мм,Ст08пс6,2,,т
Листовой прокат,СТАЛЬ ЛИСТОВАЯ Х/К,Ст08пс6,Лист х/к 2 мм Ст08пс6,Лист х/к 2 мм Ст08пс6,2,70990,т,1,0,0,https://www.kavstal.ru/public/assets/images/products/Листовой_прокат/СТАЛЬ_ЛИСТОВАЯ_Х_К/лист.webp,крепеж;сталь листовая х/к;ст08пс6;2;лист;х/к;мм,Ст08пс6,2,,т
Листовой прокат,СТАЛЬ ЛИСТОВАЯ Х/К,Ст08пс6,Лист х/к 2.5 мм Ст08пс6,Лист х/к 2.5 мм Ст08пс6,2.5,69990,т,1,0,0,https://www.kavstal.ru/public/assets/images/products/Листовой_прокат/СТАЛЬ_ЛИСТОВАЯ_Х_К/лист.webp,крепеж;сталь листовая х/к;ст08пс6;2;5;лист;х/к;2.5;мм,Ст08пс6,2.5,,т
Листовой прокат,СТАЛЬ ЛИСТОВАЯ Х/К,Ст08пс6,Лист х/к 3 мм Ст08пс6,Лист х/к 3 мм Ст08пс6,3,67900,т,1,0,0,https://www.kavstal.ru/public/assets/images/products/Листовой_прокат/СТАЛЬ_ЛИСТОВАЯ_Х_К/лист.webp,крепеж;сталь листовая х/к;ст08пс6;3;лист;х/к;мм,Ст08пс6,3,,т
Листовой прокат,СТАЛЬ ЛИСТОВАЯ Х/К,Ст08пс6,Лист х/к 3 мм Ст08пс6,Лист х/к 3 мм Ст08пс6,3,69990,т,1,0,0,https://www.kavstal.ru/public/assets/images/products/Листовой_прокат/СТАЛЬ_ЛИСТОВАЯ_Х_К/лист.webp,крепеж;сталь листовая х/к;ст08пс6;3;лист;х/к;мм,Ст08пс6,3,,т
Листовой прокат,СТАЛЬ ЛИСТОВАЯ Х/К,Ст08пс6 2 сорт,Лист х/к 2 мм Ст08пс6 2 сорт,Лист х/к 2 мм Ст08пс6 2 сорт,2,69990,т,1,0,0,https://www.kavstal.ru/public/assets/images/products/Листовой_прокат/СТАЛЬ_ЛИСТОВАЯ_Х_К/лист.webp,крепеж;сталь листовая х/к;ст08пс6 2 сорт;2;лист;х/к;мм;ст08пс6;сорт,Ст08пс6 2 сорт,2,,т
Листовой прокат,СТАЛЬ ЛИСТОВАЯ Х/К,Ст08пс6 обр 1.5x3,Лист х/к 1 мм Ст08пс6 обр 1.5x3,Лист х/к 1 мм Ст08пс6 обр 1.5x3,1,70990,т,1,0,0,https://www.kavstal.ru/public/assets/images/products/Листовой_прокат/СТАЛЬ_ЛИСТОВАЯ_Х_К/лист.webp,крепеж;сталь листовая х/к;ст08пс6 обр 1.5x3;1;лист;х/к;мм;ст08пс6;обр;1.5x3,Ст08пс6 обр 1.5x3,1,,т
Листовой прокат,СТАЛЬ ЛИСТОВАЯ Х/К,Ст20,Лист х/к 1 мм Ст20,Лист х/к 1 мм Ст20,1,72990,т,1,0,0,https://www.kavstal.ru/public/assets/images/products/Листовой_прокат/СТАЛЬ_ЛИСТОВАЯ_Х_К/лист.webp,крепеж;сталь листовая х/к;ст20;1;5;2;3;лист;х/к;мм,Ст20,1 ; 1.5; 2; 3,,т
Листовой прокат,СТАЛЬ ЛИСТОВАЯ Х/К,Ст65Г,Лист х/к 2 мм Ст65Г,Лист х/к 2 мм Ст65Г,2,149990,т,1,0,0,https://www.kavstal.ru/public/assets/images/products/Листовой_прокат/СТАЛЬ_ЛИСТОВАЯ_Х_К/лист.webp,крепеж;сталь листовая х/к;ст65г;2;лист;х/к;мм,Ст65Г,2,,т
Листовой прокат,СТАЛЬ ЛИСТ Г/К КОНСТРУКЦИОННАЯ,30MnB5,Лист г/к конструкционный 10 мм 30MnB5,Лист г/к конструкционный 10 мм 30MnB5,10,109990,т,1,0,0,https://www.kavstal.ru/public/assets/images/products/Листовой_прокат/СТАЛЬ_ЛИСТ_Г_К_КОНСТРУКЦИОННАЯ/лист.webp,крепеж;сталь лист г/к конструкционная;30mnb5;10;12;лист;г/к;конструкционный;мм,30MnB5,10 ; 12,,т
Листовой прокат,СТАЛЬ ЛИСТ Г/К КОНСТРУКЦИОННАЯ,30ХГСА,Лист г/к конструкционный 16 мм 30ХГСА,Лист г/к конструкционный 16 мм 30ХГСА,16,119990,т,1,0,0,https://www.kavstal.ru/public/assets/images/products/Листовой_прокат/СТАЛЬ_ЛИСТ_Г_К_КОНСТРУКЦИОННАЯ/лист.webp,крепеж;сталь лист г/к конструкционная;30хгса;16;50;лист;г/к;конструкционный;мм,30ХГСА,16 ; 50,,т
Листовой прокат,СТАЛЬ ЛИСТ Г/К КОНСТРУКЦИОННАЯ,30ХГСА н/обр,Лист г/к конструкционный 2 мм 30ХГСА н/обр,Лист г/к конструкционный 2 мм 30ХГСА н/обр,2,66048,т,1,0,0,https://www.kavstal.ru/public/assets/images/products/Листовой_прокат/СТАЛЬ_ЛИСТ_Г_К_КОНСТРУКЦИОННАЯ/лист.webp,крепеж;сталь лист г/к конструкционная;30хгса н/обр;2;5;лист;г/к;конструкционный;мм;30хгса;н/обр,30ХГСА н/обр,2 ; 5,,т
Листовой прокат,СТАЛЬ ЛИСТ Г/К КОНСТРУКЦИОННАЯ,30ХГСА н/обр,Лист г/к конструкционный 10 мм 30ХГСА н/обр,Лист г/к конструкционный 10 мм 30ХГСА н/обр,10,66048,т,1,0,0,https://www.kavstal.ru/public/assets/images/products/Листовой_прокат/СТАЛЬ_ЛИСТ_Г_К_КОНСТРУКЦИОННАЯ/лист.webp,крепеж;сталь лист г/к конструкционная;30хгса н/обр;10;лист;г/к;конструкционный;мм;30хгса;н/обр,30ХГСА н/обр,10,,т
Листовой прокат,СТАЛЬ ЛИСТ Г/К КОНСТРУКЦИОННАЯ,30ХГСА н/обр.,Лист г/к конструкционный 3 мм 30ХГСА н/обр.,Лист г/к конструкционный 3 мм 30ХГСА н/обр.,3,66048,т,1,0,0,https://www.kavstal.ru/public/assets/images/products/Листовой_прокат/СТАЛЬ_ЛИСТ_Г_К_КОНСТРУКЦИОННАЯ/лист.webp,крепеж;сталь лист г/к конструкционная;30хгса н/обр.;3;лист;г/к;конструкционный;мм;30хгса;н/обр,30ХГСА н/обр.,3,,т
Листовой прокат,СТАЛЬ ЛИСТ Г/К КОНСТРУКЦИОННАЯ,30ХГСА обр,Лист г/к конструкционный 10 мм 30ХГСА обр,Лист г/к конструкционный 10 мм 30ХГСА обр,10,119990,т,1,0,0,https://www.kavstal.ru/public/assets/images/products/Листовой_прокат/СТАЛЬ_ЛИСТ_Г_К_КОНСТРУКЦИОННАЯ/лист.webp,крепеж;сталь лист г/к конструкционная;30хгса обр;10;16;30;лист;г/к;конструкционный;мм;30хгса;обр,30ХГСА обр,10 ; 16; 30,,т
Листовой прокат,СТАЛЬ ЛИСТ Г/К КОНСТРУКЦИОННАЯ,40Х,Лист г/к конструкционный 2 мм 40Х,Лист г/к конструкционный 2 мм 40Х,2,99990,т,1,0,0,https://www.kavstal.ru/public/assets/images/products/Листовой_прокат/СТАЛЬ_ЛИСТ_Г_К_КОНСТРУКЦИОННАЯ/лист.webp,крепеж;сталь лист г/к конструкционная;40х;2;лист;г/к;конструкционный;мм,40Х,2,,т
Листовой прокат,СТАЛЬ ЛИСТ Г/К КОНСТРУКЦИОННАЯ,40Х,Лист г/к конструкционный 3 мм 40Х,Лист г/к конструкционный 3 мм 40Х,3,95990,т,1,0,0,https://www.kavstal.ru/public/assets/images/products/Листовой_прокат/СТАЛЬ_ЛИСТ_Г_К_КОНСТРУКЦИОННАЯ/лист.webp,крепеж;сталь лист г/к конструкционная;40х;3;лист;г/к;конструкционный;мм,40Х,3,,т
Листовой прокат,СТАЛЬ ЛИСТ Г/К КОНСТРУКЦИОННАЯ,40Х,Лист г/к конструкционный 6 мм 40Х,Лист г/к конструкционный 6 мм 40Х,6,81990,т,1,0,0,https://www.kavstal.ru/public/assets/images/products/Листовой_прокат/СТАЛЬ_ЛИСТ_Г_К_КОНСТРУКЦИОННАЯ/лист.webp,крепеж;сталь лист г/к конструкционная;40х;6;лист;г/к;конструкционный;мм,40Х,6,,т
Листовой прокат,СТАЛЬ ЛИСТ Г/К КОНСТРУКЦИОННАЯ,40Х,Лист г/к конструкционный 16 мм 40Х,Лист г/к конструкционный 16 мм 40Х,16,104990,т,1,0,0,https://www.kavstal.ru/public/assets/images/products/Листовой_прокат/СТАЛЬ_ЛИСТ_Г_К_КОНСТРУКЦИОННАЯ/лист.webp,крепеж;сталь лист г/к конструкционная;40х;16;лист;г/к;конструкционный;мм,40Х,16,,т
Листовой прокат,СТАЛЬ ЛИСТ Г/К КОНСТРУКЦИОННАЯ,40Х,Лист г/к конструкционный 20 мм 40Х,Лист г/к конструкционный 20 мм 40Х,20,94990,т,1,0,0,https://www.kavstal.ru/public/assets/images/products/Листовой_прокат/СТАЛЬ_ЛИСТ_Г_К_КОНСТРУКЦИОННАЯ/лист.webp,крепеж;сталь лист г/к конструкционная;40х;20;30;лист;г/к;конструкционный;мм,40Х,20 ; 30,,т
Листовой прокат,СТАЛЬ ЛИСТ Г/К КОНСТРУКЦИОННАЯ,40Х,Лист г/к конструкционный 80 мм 40Х,Лист г/к конструкционный 80 мм 40Х,80,124990,т,1,0,0,https://www.kavstal.ru/public/assets/images/products/Листовой_прокат/СТАЛЬ_ЛИСТ_Г_К_КОНСТРУКЦИОННАЯ/лист.webp,крепеж;сталь лист г/к конструкционная;40х;80;90;100;лист;г/к;конструкционный;мм,40Х,80 ; 90; 100,,т
Листовой прокат,СТАЛЬ ЛИСТ Г/К КОНСТРУКЦИОННАЯ,40Х н/обр,Лист г/к конструкционный 4 мм 40Х н/обр,Лист г/к конструкционный 4 мм 40Х н/обр,4,66048,т,1,0,0,https://www.kavstal.ru/public/assets/images/products/Листовой_прокат/СТАЛЬ_ЛИСТ_Г_К_КОНСТРУКЦИОННАЯ/лист.webp,крепеж;сталь лист г/к конструкционная;40х н/обр;4;лист;г/к;конструкционный;мм;40х;н/обр,40Х н/обр,4,,т
Листовой прокат,СТАЛЬ ЛИСТ Г/К КОНСТРУКЦИОННАЯ,40Х н/обр,Лист г/к конструкционный 5 мм 40Х н/обр,Лист г/к конструкционный 5 мм 40Х н/обр,5,66048,т,1,0,0,https://www.kavstal.ru/public/assets/images/products/Листовой_прокат/СТАЛЬ_ЛИСТ_Г_К_КОНСТРУКЦИОННАЯ/лист.webp,крепеж;сталь лист г/к конструкционная;40х н/обр;5;6;лист;г/к;конструкционный;мм;40х;н/обр,40Х н/обр,5 ; 6,,т
Листовой прокат,СТАЛЬ ЛИСТ Г/К КОНСТРУКЦИОННАЯ,40Х н/обр,Лист г/к конструкционный 10 мм 40Х н/обр,Лист г/к конструкционный 10 мм 40Х н/обр,10,66048,т,1,0,0,https://www.kavstal.ru/public/assets/images/products/Листовой_прокат/СТАЛЬ_ЛИСТ_Г_К_КОНСТРУКЦИОННАЯ/лист.webp,крепеж;сталь лист г/к конструкционная;40х н/обр;10;лист;г/к;конструкционный;мм;40х;н/обр,40Х н/обр,10,,т
Листовой прокат,СТАЛЬ ЛИСТ Г/К КОНСТРУКЦИОННАЯ,40Х н/обр,Лист г/к конструкционный 12 мм 40Х н/обр,Лист г/к конструкционный 12 мм 40Х н/обр,12,66048,т,1,0,0,https://www.kavstal.ru/public/assets/images/products/Листовой_прокат/СТАЛЬ_ЛИСТ_Г_К_КОНСТРУКЦИОННАЯ/лист.webp,крепеж;сталь лист г/к конструкционная;40х н/обр;12;лист;г/к;конструкционный;мм;40х;н/обр,40Х н/обр,12,,т
Листовой прокат,СТАЛЬ ЛИСТ Г/К КОНСТРУКЦИОННАЯ,40Х н/обр,Лист г/к конструкционный 40 мм 40Х н/обр,Лист г/к конструкционный 40 мм 40Х н/обр,40,66048,т,1,0,0,https://www.kavstal.ru/public/assets/images/products/Листовой_прокат/СТАЛЬ_ЛИСТ_Г_К_КОНСТРУКЦИОННАЯ/лист.webp,крепеж;сталь лист г/к конструкционная;40х н/обр;40;лист;г/к;конструкционный;мм;40х;н/обр,40Х н/обр,40,,т
Листовой прокат,СТАЛЬ ЛИСТ Г/К КОНСТРУКЦИОННАЯ,40Х н/обр,Лист г/к конструкционный 60 мм 40Х н/обр,Лист г/к конструкционный 60 мм 40Х н/обр,60,66048,т,1,0,0,https://www.kavstal.ru/public/assets/images/products/Листовой_прокат/СТАЛЬ_ЛИСТ_Г_К_КОНСТРУКЦИОННАЯ/лист.webp,крепеж;сталь лист г/к конструкционная;40х н/обр;60;лист;г/к;конструкционный;мм;40х;н/обр,40Х н/обр,60,,т
Листовой прокат,СТАЛЬ ЛИСТ Г/К КОНСТРУКЦИОННАЯ,40Х н/обр,Лист г/к конструкционный 70 мм 40Х н/обр,Лист г/к конструкционный 70 мм 40Х н/обр,70,66048,т,1,0,0,https://www.kavstal.ru/public/assets/images/products/Листовой_прокат/СТАЛЬ_ЛИСТ_Г_К_КОНСТРУКЦИОННАЯ/лист.webp,крепеж;сталь лист г/к конструкционная;40х н/обр;70;лист;г/к;конструкционный;мм;40х;н/обр,40Х н/обр,70,,т
Листовой прокат,СТАЛЬ ЛИСТ Г/К КОНСТРУКЦИОННАЯ,40Х обр,Лист г/к конструкционный 25 мм 40Х обр,Лист г/к конструкционный 25 мм 40Х обр,25,94990,т,1,0,0,https://www.kavstal.ru/public/assets/images/products/Листовой_прокат/СТАЛЬ_ЛИСТ_Г_К_КОНСТРУКЦИОННАЯ/лист.webp,крепеж;сталь лист г/к конструкционная;40х обр;25;лист;г/к;конструкционный;мм;40х;обр,40Х обр,25,,т
Листовой прокат,СТАЛЬ ЛИСТ Г/К КОНСТРУКЦИОННАЯ,40Х обр УЗК,Лист г/к конструкционный 16 мм 40Х обр УЗК,Лист г/к конструкционный 16 мм 40Х обр УЗК,16,104990,т,1,0,0,https://www.kavstal.ru/public/assets/images/products/Листовой_прокат/СТАЛЬ_ЛИСТ_Г_К_КОНСТРУКЦИОННАЯ/лист.webp,крепеж;сталь лист г/к конструкционная;40х обр узк;16;лист;г/к;конструкционный;мм;40х;обр;узк,40Х обр УЗК,16,,т
Листовой прокат,СТАЛЬ ЛИСТ Г/К КОНСТРУКЦИОННАЯ,40Х обр УЗК,Лист г/к конструкционный 20 мм 40Х обр УЗК,Лист г/к конструкционный 20 мм 40Х обр УЗК,20,94990,т,1,0,0,https://www.kavstal.ru/public/assets/images/products/Листовой_прокат/СТАЛЬ_ЛИСТ_Г_К_КОНСТРУКЦИОННАЯ/лист.webp,крепеж;сталь лист г/к конструкционная;40х обр узк;20;лист;г/к;конструкционный;мм;40х;обр;узк,40Х обр УЗК,20,,т
Листовой прокат,СТАЛЬ ЛИСТ Г/К КОНСТРУКЦИОННАЯ,40Х обр УЗК,Лист г/к конструкционный 90 мм 40Х обр УЗК,Лист г/к конструкционный 90 мм 40Х обр УЗК,90,124990,т,1,0,0,https://www.kavstal.ru/public/assets/images/products/Листовой_прокат/СТАЛЬ_ЛИСТ_Г_К_КОНСТРУКЦИОННАЯ/лист.webp,крепеж;сталь лист г/к конструкционная;40х обр узк;90;лист;г/к;конструкционный;мм;40х;обр;узк,40Х обр УЗК,90,,т
Листовой прокат,СТАЛЬ ЛИСТ Г/К КОНСТРУКЦИОННАЯ,Ст08Ю н/обр,Лист г/к конструкционный 4 мм Ст08Ю н/обр,Лист г/к конструкционный 4 мм Ст08Ю н/обр,4,66048,т,1,0,0,https://www.kavstal.ru/public/assets/images/products/Листовой_прокат/СТАЛЬ_ЛИСТ_Г_К_КОНСТРУКЦИОННАЯ/лист.webp,крепеж;сталь лист г/к конструкционная;ст08ю н/обр;4;5;лист;г/к;конструкционный;мм;ст08ю;н/обр,Ст08Ю н/обр,4 ; 5,,т
Листовой прокат,СТАЛЬ ЛИСТ Г/К КОНСТРУКЦИОННАЯ,Ст20,Лист г/к конструкционный 4 мм Ст20,Лист г/к конструкционный 4 мм Ст20,4,58990,т,1,0,0,https://www.kavstal.ru/public/assets/images/products/Листовой_прокат/СТАЛЬ_ЛИСТ_Г_К_КОНСТРУКЦИОННАЯ/лист.webp,крепеж;сталь лист г/к конструкционная;ст20;4;лист;г/к;конструкционный;мм,Ст20,4,,т
Листовой прокат,СТАЛЬ ЛИСТ Г/К КОНСТРУКЦИОННАЯ,Ст20,Лист г/к конструкционный 5 мм Ст20,Лист г/к конструкционный 5 мм Ст20,5,69990,т,1,0,0,https://www.kavstal.ru/public/assets/images/products/Листовой_прокат/СТАЛЬ_ЛИСТ_Г_К_КОНСТРУКЦИОННАЯ/лист.webp,крепеж;сталь лист г/к конструкционная;ст20;5;лист;г/к;конструкционный;мм,Ст20,5,,т
Листовой прокат,СТАЛЬ ЛИСТ Г/К КОНСТРУКЦИОННАЯ,Ст20,Лист г/к конструкционный 6 мм Ст20,Лист г/к конструкционный 6 мм Ст20,6,60990,т,1,0,0,https://www.kavstal.ru/public/assets/images/products/Листовой_прокат/СТАЛЬ_ЛИСТ_Г_К_КОНСТРУКЦИОННАЯ/лист.webp,крепеж;сталь лист г/к конструкционная;ст20;6;лист;г/к;конструкционный;мм,Ст20,6,,т
Листовой прокат,СТАЛЬ ЛИСТ Г/К КОНСТРУКЦИОННАЯ,Ст20,Лист г/к конструкционный 6 мм Ст20,Лист г/к конструкционный 6 мм Ст20,6,63990,т,1,0,0,https://www.kavstal.ru/public/assets/images/products/Листовой_прокат/СТАЛЬ_ЛИСТ_Г_К_КОНСТРУКЦИОННАЯ/лист.webp,крепеж;сталь лист г/к конструкционная;ст20;6;лист;г/к;конструкционный;мм,Ст20,6,,т
Листовой прокат,СТАЛЬ ЛИСТ Г/К КОНСТРУКЦИОННАЯ,Ст20,Лист г/к конструкционный 8 мм Ст20,Лист г/к конструкционный 8 мм Ст20,8,58990,т,1,0,0,https://www.kavstal.ru/public/assets/images/products/Листовой_прокат/СТАЛЬ_ЛИСТ_Г_К_КОНСТРУКЦИОННАЯ/лист.webp,крепеж;сталь лист г/к конструкционная;ст20;8;лист;г/к;конструкционный;мм,Ст20,8,,т
Листовой прокат,СТАЛЬ ЛИСТ Г/К КОНСТРУКЦИОННАЯ,Ст20,Лист г/к конструкционный 8 мм Ст20,Лист г/к конструкционный 8 мм Ст20,8,69990,т,1,0,0,https://www.kavstal.ru/public/assets/images/products/Листовой_прокат/СТАЛЬ_ЛИСТ_Г_К_КОНСТРУКЦИОННАЯ/лист.webp,крепеж;сталь лист г/к конструкционная;ст20;8;лист;г/к;конструкционный;мм,Ст20,8,,т
Листовой прокат,СТАЛЬ ЛИСТ Г/К КОНСТРУКЦИОННАЯ,Ст20,Лист г/к конструкционный 10 мм Ст20,Лист г/к конструкционный 10 мм Ст20,10,58990,т,1,0,0,https://www.kavstal.ru/public/assets/images/products/Листовой_прокат/СТАЛЬ_ЛИСТ_Г_К_КОНСТРУКЦИОННАЯ/лист.webp,крепеж;сталь лист г/к конструкционная;ст20;10;лист;г/к;конструкционный;мм,Ст20,10,,т
Листовой прокат,СТАЛЬ ЛИСТ Г/К КОНСТРУКЦИОННАЯ,Ст20,Лист г/к конструкционный 16 мм Ст20,Лист г/к конструкционный 16 мм Ст20,16,61990,т,1,0,0,https://www.kavstal.ru/public/assets/images/products/Листовой_прокат/СТАЛЬ_ЛИСТ_Г_К_КОНСТРУКЦИОННАЯ/лист.webp,крепеж;сталь лист г/к конструкционная;ст20;16;лист;г/к;конструкционный;мм,Ст20,16,,т
Листовой прокат,СТАЛЬ ЛИСТ Г/К КОНСТРУКЦИОННАЯ,Ст20,Лист г/к конструкционный 25 мм Ст20,Лист г/к конструкционный 25 мм Ст20,25,69990,т,1,0,0,https://www.kavstal.ru/public/assets/images/products/Листовой_прокат/СТАЛЬ_ЛИСТ_Г_К_КОНСТРУКЦИОННАЯ/лист.webp,крепеж;сталь лист г/к конструкционная;ст20;25;36;50;лист;г/к;конструкционный;мм,Ст20,25 ; 36; 50,,т
Листовой прокат,СТАЛЬ ЛИСТ Г/К КОНСТРУКЦИОННАЯ,Ст20,Лист г/к конструкционный 130 мм Ст20,Лист г/к конструкционный 130 мм Ст20,130,104990,т,1,0,0,https://www.kavstal.ru/public/assets/images/products/Листовой_прокат/СТАЛЬ_ЛИСТ_Г_К_КОНСТРУКЦИОННАЯ/лист.webp,крепеж;сталь лист г/к конструкционная;ст20;130;лист;г/к;конструкционный;мм,Ст20,130,,т
Листовой прокат,СТАЛЬ ЛИСТ Г/К КОНСТРУКЦИОННАЯ,Ст20 н/обр,Лист г/к конструкционный 6 мм Ст20 н/обр,Лист г/к конструкционный 6 мм Ст20 н/обр,6,60990,теор.т,1,0,0,https://www.kavstal.ru/public/assets/images/products/Листовой_прокат/СТАЛЬ_ЛИСТ_Г_К_КОНСТРУКЦИОННАЯ/лист.webp,крепеж;сталь лист г/к конструкционная;ст20 н/обр;6;8;лист;г/к;конструкционный;мм;ст20;н/обр,Ст20 н/обр,6 ; 8,,теор.т
Листовой прокат,СТАЛЬ ЛИСТ Г/К КОНСТРУКЦИОННАЯ,Ст20 н/обр,Лист г/к конструкционный 2 мм Ст20 н/обр,Лист г/к конструкционный 2 мм Ст20 н/обр,2,66048,т,1,0,0,https://www.kavstal.ru/public/assets/images/products/Листовой_прокат/СТАЛЬ_ЛИСТ_Г_К_КОНСТРУКЦИОННАЯ/лист.webp,крепеж;сталь лист г/к конструкционная;ст20 н/обр;2;лист;г/к;конструкционный;мм;ст20;н/обр,Ст20 н/обр,2,,т
Листовой прокат,СТАЛЬ ЛИСТ Г/К КОНСТРУКЦИОННАЯ,Ст20 н/обр,Лист г/к конструкционный 3 мм Ст20 н/обр,Лист г/к конструкционный 3 мм Ст20 н/обр,3,66048,т,1,0,0,https://www.kavstal.ru/public/assets/images/products/Листовой_прокат/СТАЛЬ_ЛИСТ_Г_К_КОНСТРУКЦИОННАЯ/лист.webp,крепеж;сталь лист г/к конструкционная;ст20 н/обр;3;лист;г/к;конструкционный;мм;ст20;н/обр,Ст20 н/обр,3,,т
Листовой прокат,СТАЛЬ ЛИСТ Г/К КОНСТРУКЦИОННАЯ,Ст20 н/обр,Лист г/к конструкционный 4 мм Ст20 н/обр,Лист г/к конструкционный 4 мм Ст20 н/обр,4,66048,т,1,0,0,https://www.kavstal.ru/public/assets/images/products/Листовой_прокат/СТАЛЬ_ЛИСТ_Г_К_КОНСТРУКЦИОННАЯ/лист.webp,крепеж;сталь лист г/к конструкционная;ст20 н/обр;4;лист;г/к;конструкционный;мм;ст20;н/обр,Ст20 н/обр,4,,т
Листовой прокат,СТАЛЬ ЛИСТ Г/К КОНСТРУКЦИОННАЯ,Ст20 н/обр,Лист г/к конструкционный 6 мм Ст20 н/обр,Лист г/к конструкционный 6 мм Ст20 н/обр,6,66048,т,1,0,0,https://www.kavstal.ru/public/assets/images/products/Листовой_прокат/СТАЛЬ_ЛИСТ_Г_К_КОНСТРУКЦИОННАЯ/лист.webp,крепеж;сталь лист г/к конструкционная;ст20 н/обр;6;лист;г/к;конструкционный;мм;ст20;н/обр,Ст20 н/обр,6,,т
Листовой прокат,СТАЛЬ ЛИСТ Г/К КОНСТРУКЦИОННАЯ,Ст20 н/обр,Лист г/к конструкционный 10 мм Ст20 н/обр,Лист г/к конструкционный 10 мм Ст20 н/обр,10,66048,т,1,0,0,https://www.kavstal.ru/public/assets/images/products/Листовой_прокат/СТАЛЬ_ЛИСТ_Г_К_КОНСТРУКЦИОННАЯ/лист.webp,крепеж;сталь лист г/к конструкционная;ст20 н/обр;10;лист;г/к;конструкционный;мм;ст20;н/обр,Ст20 н/обр,10,,т
Листовой прокат,СТАЛЬ ЛИСТ Г/К КОНСТРУКЦИОННАЯ,Ст20 н/обр,Лист г/к конструкционный 12 мм Ст20 н/обр,Лист г/к конструкционный 12 мм Ст20 н/обр,12,66048,т,1,0,0,https://www.kavstal.ru/public/assets/images/products/Листовой_прокат/СТАЛЬ_ЛИСТ_Г_К_КОНСТРУКЦИОННАЯ/лист.webp,крепеж;сталь лист г/к конструкционная;ст20 н/обр;12;лист;г/к;конструкционный;мм;ст20;н/обр,Ст20 н/обр,12,,т
Листовой прокат,СТАЛЬ ЛИСТ Г/К КОНСТРУКЦИОННАЯ,Ст20 н/обр,Лист г/к конструкционный 14 мм Ст20 н/обр,Лист г/к конструкционный 14 мм Ст20 н/обр,14,66048,т,1,0,0,https://www.kavstal.ru/public/assets/images/products/Листовой_прокат/СТАЛЬ_ЛИСТ_Г_К_КОНСТРУКЦИОННАЯ/лист.webp,крепеж;сталь лист г/к конструкционная;ст20 н/обр;14;лист;г/к;конструкционный;мм;ст20;н/обр,Ст20 н/обр,14,,т
Листовой прокат,СТАЛЬ ЛИСТ Г/К КОНСТРУКЦИОННАЯ,Ст20 н/обр,Лист г/к конструкционный 36 мм Ст20 н/обр,Лист г/к конструкционный 36 мм Ст20 н/обр,36,66048,т,1,0,0,https://www.kavstal.ru/public/assets/images/products/Листовой_прокат/СТАЛЬ_ЛИСТ_Г_К_КОНСТРУКЦИОННАЯ/лист.webp,крепеж;сталь лист г/к конструкционная;ст20 н/обр;36;лист;г/к;конструкционный;мм;ст20;н/обр,Ст20 н/обр,36,,т
Листовой прокат,СТАЛЬ ЛИСТ Г/К КОНСТРУКЦИОННАЯ,Ст20 н/обр,Лист г/к конструкционный 60 мм Ст20 н/обр,Лист г/к конструкционный 60 мм Ст20 н/обр,60,66048,т,1,0,0,https://www.kavstal.ru/public/assets/images/products/Листовой_прокат/СТАЛЬ_ЛИСТ_Г_К_КОНСТРУКЦИОННАЯ/лист.webp,крепеж;сталь лист г/к конструкционная;ст20 н/обр;60;лист;г/к;конструкционный;мм;ст20;н/обр,Ст20 н/обр,60,,т
Листовой прокат,СТАЛЬ ЛИСТ Г/К КОНСТРУКЦИОННАЯ,Ст20 н/обр,Лист г/к конструкционный 80 мм Ст20 н/обр,Лист г/к конструкционный 80 мм Ст20 н/обр,80,66048,т,1,0,0,https://www.kavstal.ru/public/assets/images/products/Листовой_прокат/СТАЛЬ_ЛИСТ_Г_К_КОНСТРУКЦИОННАЯ/лист.webp,крепеж;сталь лист г/к конструкционная;ст20 н/обр;80;90;100;110;140;лист;г/к;конструкционный;мм;ст20;н/обр,Ст20 н/обр,80 ; 90; 100; 110; 140,,т
Листовой прокат,СТАЛЬ ЛИСТ Г/К КОНСТРУКЦИОННАЯ,Ст20 н/обр 1.5x3,Лист г/к конструкционный 10 мм Ст20 н/обр 1.5x3,Лист г/к конструкционный 10 мм Ст20 н/обр 1.5x3,10,66048,т,1,0,0,https://www.kavstal.ru/public/assets/images/products/Листовой_прокат/СТАЛЬ_ЛИСТ_Г_К_КОНСТРУКЦИОННАЯ/лист.webp,крепеж;сталь лист г/к конструкционная;ст20 н/обр 1.5x3;10;лист;г/к;конструкционный;мм;ст20;н/обр;1.5x3,Ст20 н/обр 1.5x3,10,,т
Листовой прокат,СТАЛЬ ЛИСТ Г/К КОНСТРУКЦИОННАЯ,Ст20 обр,Лист г/к конструкционный 10 мм Ст20 обр,Лист г/к конструкционный 10 мм Ст20 обр,10,58990,т,1,0,0,https://www.kavstal.ru/public/assets/images/products/Листовой_прокат/СТАЛЬ_ЛИСТ_Г_К_КОНСТРУКЦИОННАЯ/лист.webp,крепеж;сталь лист г/к конструкционная;ст20 обр;10;14;лист;г/к;конструкционный;мм;ст20;обр,Ст20 обр,10 ; 14,,т
Листовой прокат,СТАЛЬ ЛИСТ Г/К КОНСТРУКЦИОННАЯ,Ст20 обр,Лист г/к конструкционный 20 мм Ст20 обр,Лист г/к конструкционный 20 мм Ст20 обр,20,69990,т,1,0,0,https://www.kavstal.ru/public/assets/images/products/Листовой_прокат/СТАЛЬ_ЛИСТ_Г_К_КОНСТРУКЦИОННАЯ/лист.webp,крепеж;сталь лист г/к конструкционная;ст20 обр;20;36;40;лист;г/к;конструкционный;мм;ст20;обр,Ст20 обр,20 ; 36; 40,,т
Листовой прокат,СТАЛЬ ЛИСТ Г/К КОНСТРУКЦИОННАЯ,Ст20 обр,Лист г/к конструкционный 80 мм Ст20 обр,Лист г/к конструкционный 80 мм Ст20 обр,80,104990,т,1,0,0,https://www.kavstal.ru/public/assets/images/products/Листовой_прокат/СТАЛЬ_ЛИСТ_Г_К_КОНСТРУКЦИОННАЯ/лист.webp,крепеж;сталь лист г/к конструкционная;ст20 обр;80;90;лист;г/к;конструкционный;мм;ст20;обр,Ст20 обр,80 ; 90,,т
Листовой прокат,СТАЛЬ ЛИСТ Г/К КОНСТРУКЦИОННАЯ,Ст20 обр УЗК,Лист г/к конструкционный 10 мм Ст20 обр УЗК,Лист г/к конструкционный 10 мм Ст20 обр УЗК,10,58990,т,1,0,0,https://www.kavstal.ru/public/assets/images/products/Листовой_прокат/СТАЛЬ_ЛИСТ_Г_К_КОНСТРУКЦИОННАЯ/лист.webp,крепеж;сталь лист г/к конструкционная;ст20 обр узк;10;14;лист;г/к;конструкционный;мм;ст20;обр;узк,Ст20 обр УЗК,10 ; 14,,т
Листовой прокат,СТАЛЬ ЛИСТ Г/К КОНСТРУКЦИОННАЯ,Ст20 обр УЗК,Лист г/к конструкционный 16 мм Ст20 обр УЗК,Лист г/к конструкционный 16 мм Ст20 обр УЗК,16,61990,т,1,0,0,https://www.kavstal.ru/public/assets/images/products/Листовой_прокат/СТАЛЬ_ЛИСТ_Г_К_КОНСТРУКЦИОННАЯ/лист.webp,крепеж;сталь лист г/к конструкционная;ст20 обр узк;16;лист;г/к;конструкционный;мм;ст20;обр;узк,Ст20 обр УЗК,16,,т
Листовой прокат,СТАЛЬ ЛИСТ Г/К КОНСТРУКЦИОННАЯ,Ст20 обр УЗК,Лист г/к конструкционный 36 мм Ст20 обр УЗК,Лист г/к конструкционный 36 мм Ст20 обр УЗК,36,69990,т,1,0,0,https://www.kavstal.ru/public/assets/images/products/Листовой_прокат/СТАЛЬ_ЛИСТ_Г_К_КОНСТРУКЦИОННАЯ/лист.webp,крепеж;сталь лист г/к конструкционная;ст20 обр узк;36;50;лист;г/к;конструкционный;мм;ст20;обр;узк,Ст20 обр УЗК,36 ; 50,,т
Листовой прокат,СТАЛЬ ЛИСТ Г/К КОНСТРУКЦИОННАЯ,Ст35,Лист г/к конструкционный 16 мм Ст35,Лист г/к конструкционный 16 мм Ст35,16,98990,т,1,0,0,https://www.kavstal.ru/public/assets/images/products/Листовой_прокат/СТАЛЬ_ЛИСТ_Г_К_КОНСТРУКЦИОННАЯ/лист.webp,крепеж;сталь лист г/к конструкционная;ст35;16;лист;г/к;конструкционный;мм,Ст35,16,,т
Листовой прокат,СТАЛЬ ЛИСТ Г/К КОНСТРУКЦИОННАЯ,Ст35,Лист г/к конструкционный 25 мм Ст35,Лист г/к конструкционный 25 мм Ст35,25,84990,т,1,0,0,https://www.kavstal.ru/public/assets/images/products/Листовой_прокат/СТАЛЬ_ЛИСТ_Г_К_КОНСТРУКЦИОННАЯ/лист.webp,крепеж;сталь лист г/к конструкционная;ст35;25;лист;г/к;конструкционный;мм,Ст35,25,,т
Листовой прокат,СТАЛЬ ЛИСТ Г/К КОНСТРУКЦИОННАЯ,Ст35 н/обр,Лист г/к конструкционный 8 мм Ст35 н/обр,Лист г/к конструкционный 8 мм Ст35 н/обр,8,66048,т,1,0,0,https://www.kavstal.ru/public/assets/images/products/Листовой_прокат/СТАЛЬ_ЛИСТ_Г_К_КОНСТРУКЦИОННАЯ/лист.webp,крепеж;сталь лист г/к конструкционная;ст35 н/обр;8;лист;г/к;конструкционный;мм;ст35;н/обр,Ст35 н/обр,8,,т
Листовой прокат,СТАЛЬ ЛИСТ Г/К КОНСТРУКЦИОННАЯ,Ст35 н/обр,Лист г/к конструкционный 10 мм Ст35 н/обр,Лист г/к конструкционный 10 мм Ст35 н/обр,10,66048,т,1,0,0,https://www.kavstal.ru/public/assets/images/products/Листовой_прокат/СТАЛЬ_ЛИСТ_Г_К_КОНСТРУКЦИОННАЯ/лист.webp,крепеж;сталь лист г/к конструкционная;ст35 н/обр;10;12;лист;г/к;конструкционный;мм;ст35;н/обр,Ст35 н/обр,10 ; 12,,т
Листовой прокат,СТАЛЬ ЛИСТ Г/К КОНСТРУКЦИОННАЯ,Ст35 н/обр УЗК,Лист г/к конструкционный 60 мм Ст35 н/обр УЗК,Лист г/к конструкционный 60 мм Ст35 н/обр УЗК,60,66048,т,1,0,0,https://www.kavstal.ru/public/assets/images/products/Листовой_прокат/СТАЛЬ_ЛИСТ_Г_К_КОНСТРУКЦИОННАЯ/лист.webp,крепеж;сталь лист г/к конструкционная;ст35 н/обр узк;60;лист;г/к;конструкционный;мм;ст35;н/обр;узк,Ст35 н/обр УЗК,60,,т
Листовой прокат,СТАЛЬ ЛИСТ Г/К КОНСТРУКЦИОННАЯ,Ст35 обр,Лист г/к конструкционный 40 мм Ст35 обр,Лист г/к конструкционный 40 мм Ст35 обр,40,84990,т,1,0,0,https://www.kavstal.ru/public/assets/images/products/Листовой_прокат/СТАЛЬ_ЛИСТ_Г_К_КОНСТРУКЦИОННАЯ/лист.webp,крепеж;сталь лист г/к конструкционная;ст35 обр;40;лист;г/к;конструкционный;мм;ст35;обр,Ст35 обр,40,,т
Листовой прокат,СТАЛЬ ЛИСТ Г/К КОНСТРУКЦИОННАЯ,Ст35 обр УЗК,Лист г/к конструкционный 20 мм Ст35 обр УЗК,Лист г/к конструкционный 20 мм Ст35 обр УЗК,20,84990,т,1,0,0,https://www.kavstal.ru/public/assets/images/products/Листовой_прокат/СТАЛЬ_ЛИСТ_Г_К_КОНСТРУКЦИОННАЯ/лист.webp,крепеж;сталь лист г/к конструкционная;ст35 обр узк;20;30;лист;г/к;конструкционный;мм;ст35;обр;узк,Ст35 обр УЗК,20 ; 30,,т
Листовой прокат,СТАЛЬ ЛИСТ Г/К КОНСТРУКЦИОННАЯ,Ст45,Лист г/к конструкционный 6 мм Ст45,Лист г/к конструкционный 6 мм Ст45,6,79990,т,1,0,0,https://www.kavstal.ru/public/assets/images/products/Листовой_прокат/СТАЛЬ_ЛИСТ_Г_К_КОНСТРУКЦИОННАЯ/лист.webp,крепеж;сталь лист г/к конструкционная;ст45;6;лист;г/к;конструкционный;мм,Ст45,6,,т
Листовой прокат,СТАЛЬ ЛИСТ Г/К КОНСТРУКЦИОННАЯ,Ст45,Лист г/к конструкционный 8 мм Ст45,Лист г/к конструкционный 8 мм Ст45,8,78990,т,1,0,0,https://www.kavstal.ru/public/assets/images/products/Листовой_прокат/СТАЛЬ_ЛИСТ_Г_К_КОНСТРУКЦИОННАЯ/лист.webp,крепеж;сталь лист г/к конструкционная;ст45;8;лист;г/к;конструкционный;мм,Ст45,8,,т
Листовой прокат,СТАЛЬ ЛИСТ Г/К КОНСТРУКЦИОННАЯ,Ст45,Лист г/к конструкционный 20 мм Ст45,Лист г/к конструкционный 20 мм Ст45,20,74990,т,1,0,0,https://www.kavstal.ru/public/assets/images/products/Листовой_прокат/СТАЛЬ_ЛИСТ_Г_К_КОНСТРУКЦИОННАЯ/лист.webp,крепеж;сталь лист г/к конструкционная;ст45;20;25;30;40;лист;г/к;конструкционный;мм,Ст45,20 ; 25; 30; 40,,т
Листовой прокат,СТАЛЬ ЛИСТ Г/К КОНСТРУКЦИОННАЯ,Ст45 н/ обр,Лист г/к конструкционный 2 мм Ст45 н/ обр,Лист г/к конструкционный 2 мм Ст45 н/ обр,2,129990,т,1,0,0,https://www.kavstal.ru/public/assets/images/products/Листовой_прокат/СТАЛЬ_ЛИСТ_Г_К_КОНСТРУКЦИОННАЯ/лист.webp,крепеж;сталь лист г/к конструкционная;ст45 н/ обр;2;лист;г/к;конструкционный;мм;ст45;н/;обр,Ст45 н/ обр,2,,т
Листовой прокат,СТАЛЬ ЛИСТ Г/К КОНСТРУКЦИОННАЯ,Ст45 н/обр,Лист г/к конструкционный 4 мм Ст45 н/обр,Лист г/к конструкционный 4 мм Ст45 н/обр,4,66048,т,1,0,0,https://www.kavstal.ru/public/assets/images/products/Листовой_прокат/СТАЛЬ_ЛИСТ_Г_К_КОНСТРУКЦИОННАЯ/лист.webp,крепеж;сталь лист г/к конструкционная;ст45 н/обр;4;5;6;лист;г/к;конструкционный;мм;ст45;н/обр,Ст45 н/обр,4 ; 5; 6,,т
Листовой прокат,СТАЛЬ ЛИСТ Г/К КОНСТРУКЦИОННАЯ,Ст45 н/обр,Лист г/к конструкционный 10 мм Ст45 н/обр,Лист г/к конструкционный 10 мм Ст45 н/обр,10,66048,т,1,0,0,https://www.kavstal.ru/public/assets/images/products/Листовой_прокат/СТАЛЬ_ЛИСТ_Г_К_КОНСТРУКЦИОННАЯ/лист.webp,крепеж;сталь лист г/к конструкционная;ст45 н/обр;10;12;лист;г/к;конструкционный;мм;ст45;н/обр,Ст45 н/обр,10 ; 12,,т
Листовой прокат,СТАЛЬ ЛИСТ Г/К КОНСТРУКЦИОННАЯ,Ст45 н/обр,Лист г/к конструкционный 70 мм Ст45 н/обр,Лист г/к конструкционный 70 мм Ст45 н/обр,70,66048,т,1,0,0,https://www.kavstal.ru/public/assets/images/products/Листовой_прокат/СТАЛЬ_ЛИСТ_Г_К_КОНСТРУКЦИОННАЯ/лист.webp,крепеж;сталь лист г/к конструкционная;ст45 н/обр;70;80;90;100;лист;г/к;конструкционный;мм;ст45;н/обр,Ст45 н/обр,70 ; 80; 90; 100,,т
Листовой прокат,СТАЛЬ ЛИСТ Г/К КОНСТРУКЦИОННАЯ,Ст45 н/обр УЗК,Лист г/к конструкционный 50 мм Ст45 н/обр УЗК,Лист г/к конструкционный 50 мм Ст45 н/обр УЗК,50,66048,т,1,0,0,https://www.kavstal.ru/public/assets/images/products/Листовой_прокат/СТАЛЬ_ЛИСТ_Г_К_КОНСТРУКЦИОННАЯ/лист.webp,крепеж;сталь лист г/к конструкционная;ст45 н/обр узк;50;лист;г/к;конструкционный;мм;ст45;н/обр;узк,Ст45 н/обр УЗК,50,,т
Листовой прокат,СТАЛЬ ЛИСТ Г/К КОНСТРУКЦИОННАЯ,Ст45 обр,Лист г/к конструкционный 12 мм Ст45 обр,Лист г/к конструкционный 12 мм Ст45 обр,12,78990,т,1,0,0,https://www.kavstal.ru/public/assets/images/products/Листовой_прокат/СТАЛЬ_ЛИСТ_Г_К_КОНСТРУКЦИОННАЯ/лист.webp,крепеж;сталь лист г/к конструкционная;ст45 обр;12;лист;г/к;конструкционный;мм;ст45;обр,Ст45 обр,12,,т
Листовой прокат,СТАЛЬ ЛИСТ Г/К КОНСТРУКЦИОННАЯ,Ст45 обр,Лист г/к конструкционный 30 мм Ст45 обр,Лист г/к конструкционный 30 мм Ст45 обр,30,74990,т,1,0,0,https://www.kavstal.ru/public/assets/images/products/Листовой_прокат/СТАЛЬ_ЛИСТ_Г_К_КОНСТРУКЦИОННАЯ/лист.webp,крепеж;сталь лист г/к конструкционная;ст45 обр;30;лист;г/к;конструкционный;мм;ст45;обр,Ст45 обр,30,,т
Листовой прокат,СТАЛЬ ЛИСТ Г/К КОНСТРУКЦИОННАЯ,Ст45 обр УЗК,Лист г/к конструкционный 16 мм Ст45 обр УЗК,Лист г/к конструкционный 16 мм Ст45 обр УЗК,16,77990,т,1,0,0,https://www.kavstal.ru/public/assets/images/products/Листовой_прокат/СТАЛЬ_ЛИСТ_Г_К_КОНСТРУКЦИОННАЯ/лист.webp,крепеж;сталь лист г/к конструкционная;ст45 обр узк;16;лист;г/к;конструкционный;мм;ст45;обр;узк,Ст45 обр УЗК,16,,т
Листовой прокат,СТАЛЬ ЛИСТ Г/К КОНСТРУКЦИОННАЯ,Ст45 обр УЗК,Лист г/к конструкционный 50 мм Ст45 обр УЗК,Лист г/к конструкционный 50 мм Ст45 обр УЗК,50,74990,т,1,0,0,https://www.kavstal.ru/public/assets/images/products/Листовой_прокат/СТАЛЬ_ЛИСТ_Г_К_КОНСТРУКЦИОННАЯ/лист.webp,крепеж;сталь лист г/к конструкционная;ст45 обр узк;50;лист;г/к;конструкционный;мм;ст45;обр;узк,Ст45 обр УЗК,50,,т
Листовой прокат,СТАЛЬ ЛИСТ Г/К КОНСТРУКЦИОННАЯ,Ст65Г,Лист г/к конструкционный 16 мм Ст65Г,Лист г/к конструкционный 16 мм Ст65Г,16,105990,т,1,0,0,https://www.kavstal.ru/public/assets/images/products/Листовой_прокат/СТАЛЬ_ЛИСТ_Г_К_КОНСТРУКЦИОННАЯ/лист.webp,крепеж;сталь лист г/к конструкционная;ст65г;16;20;лист;г/к;конструкционный;мм,Ст65Г,16 ; 20,,т
Листовой прокат,СТАЛЬ ЛИСТ Г/К КОНСТРУКЦИОННАЯ,Ст65Г н/обр,Лист г/к конструкционный 4 мм Ст65Г н/обр,Лист г/к конструкционный 4 мм Ст65Г н/обр,4,66048,т,1,0,0,https://www.kavstal.ru/public/assets/images/products/Листовой_прокат/СТАЛЬ_ЛИСТ_Г_К_КОНСТРУКЦИОННАЯ/лист.webp,крепеж;сталь лист г/к конструкционная;ст65г н/обр;4;лист;г/к;конструкционный;мм;ст65г;н/обр,Ст65Г н/обр,4,,т
Листовой прокат,СТАЛЬ ЛИСТ Г/К КОНСТРУКЦИОННАЯ,Ст65Г н/обр,Лист г/к конструкционный 6 мм Ст65Г н/обр,Лист г/к конструкционный 6 мм Ст65Г н/обр,6,66048,т,1,0,0,https://www.kavstal.ru/public/assets/images/products/Листовой_прокат/СТАЛЬ_ЛИСТ_Г_К_КОНСТРУКЦИОННАЯ/лист.webp,крепеж;сталь лист г/к конструкционная;ст65г н/обр;6;лист;г/к;конструкционный;мм;ст65г;н/обр,Ст65Г н/обр,6,,т
Листовой прокат,СТАЛЬ ЛИСТ Г/К КОНСТРУКЦИОННАЯ,Ст65Г н/обр,Лист г/к конструкционный 8 мм Ст65Г н/обр,Лист г/к конструкционный 8 мм Ст65Г н/обр,8,66048,т,1,0,0,https://www.kavstal.ru/public/assets/images/products/Листовой_прокат/СТАЛЬ_ЛИСТ_Г_К_КОНСТРУКЦИОННАЯ/лист.webp,крепеж;сталь лист г/к конструкционная;ст65г н/обр;8;10;14;лист;г/к;конструкционный;мм;ст65г;н/обр,Ст65Г н/обр,8 ; 10; 14,,т
Листовой прокат,СТАЛЬ ЛИСТ Г/К КОНСТРУКЦИОННАЯ,Ст65Г н/обр.,Лист г/к конструкционный 5 мм Ст65Г н/обр.,Лист г/к конструкционный 5 мм Ст65Г н/обр.,5,66048,т,1,0,0,https://www.kavstal.ru/public/assets/images/products/Листовой_прокат/СТАЛЬ_ЛИСТ_Г_К_КОНСТРУКЦИОННАЯ/лист.webp,крепеж;сталь лист г/к конструкционная;ст65г н/обр.;5;лист;г/к;конструкционный;мм;ст65г;н/обр,Ст65Г н/обр.,5,,т
Листовой прокат,СТАЛЬ ЛИСТ Г/К КОНСТРУКЦИОННАЯ,Ст65Г обр,Лист г/к конструкционный 25 мм Ст65Г обр,Лист г/к конструкционный 25 мм Ст65Г обр,25,105990,т,1,0,0,https://www.kavstal.ru/public/assets/images/products/Листовой_прокат/СТАЛЬ_ЛИСТ_Г_К_КОНСТРУКЦИОННАЯ/лист.webp,крепеж;сталь лист г/к конструкционная;ст65г обр;25;лист;г/к;конструкционный;мм;ст65г;обр,Ст65Г обр,25,,т
Листовой прокат,СТАЛЬ ЛИСТОВАЯ Г/К НИЗКОЛЕГИРОВАННАЯ,09Г2С,Лист г/к 3 мм 09Г2С низколегированный,Лист г/к 3 мм 09Г2С низколегированный,3,62990,т,1,0,0,https://www.kavstal.ru/public/assets/images/products/Листовой_прокат/СТАЛЬ_ЛИСТ_Г_К_КОНСТРУКЦИОННАЯ/лист.webp,крепеж;сталь листовая г/к низколегированная;09г2с;3;лист;г/к;мм;низколегированный,09Г2С,3,,т
Листовой прокат,СТАЛЬ ЛИСТОВАЯ Г/К НИЗКОЛЕГИРОВАННАЯ,09Г2С,Лист г/к 3 мм 09Г2С низколегированный,Лист г/к 3 мм 09Г2С низколегированный,3,64990,т,1,0,0,https://www.kavstal.ru/public/assets/images/products/Листовой_прокат/СТАЛЬ_ЛИСТ_Г_К_КОНСТРУКЦИОННАЯ/лист.webp,крепеж;сталь листовая г/к низколегированная;09г2с;3;лист;г/к;мм;низколегированный,09Г2С,3,,т
Листовой прокат,СТАЛЬ ЛИСТОВАЯ Г/К НИЗКОЛЕГИРОВАННАЯ,09Г2С,Лист г/к 3 мм 09Г2С низколегированный,Лист г/к 3 мм 09Г2С низколегированный,3,61990,теор.т,1,0,0,https://www.kavstal.ru/public/assets/images/products/Листовой_прокат/СТАЛЬ_ЛИСТ_Г_К_КОНСТРУКЦИОННАЯ/лист.webp,крепеж;сталь листовая г/к низколегированная;09г2с;3;лист;г/к;мм;низколегированный,09Г2С,3,,теор.т
Листовой прокат,СТАЛЬ ЛИСТОВАЯ Г/К НИЗКОЛЕГИРОВАННАЯ,09Г2С,Лист г/к 3 мм 09Г2С низколегированный,Лист г/к 3 мм 09Г2С низколегированный,3,64990,теор.т,1,0,0,https://www.kavstal.ru/public/assets/images/products/Листовой_прокат/СТАЛЬ_ЛИСТ_Г_К_КОНСТРУКЦИОННАЯ/лист.webp,крепеж;сталь листовая г/к низколегированная;09г2с;3;лист;г/к;мм;низколегированный,09Г2С,3,,теор.т
Листовой прокат,СТАЛЬ ЛИСТОВАЯ Г/К НИЗКОЛЕГИРОВАННАЯ,09Г2С,Лист г/к 5 мм 09Г2С низколегированный,Лист г/к 5 мм 09Г2С низколегированный,5,62990,т,1,0,0,https://www.kavstal.ru/public/assets/images/products/Листовой_прокат/СТАЛЬ_ЛИСТ_Г_К_КОНСТРУКЦИОННАЯ/лист.webp,крепеж;сталь листовая г/к низколегированная;09г2с;5;лист;г/к;мм;низколегированный,09Г2С,5,,т
Листовой прокат,СТАЛЬ ЛИСТОВАЯ Г/К НИЗКОЛЕГИРОВАННАЯ,09Г2С,Лист г/к 7 мм 09Г2С низколегированный,Лист г/к 7 мм 09Г2С низколегированный,7,55990,т,1,0,0,https://www.kavstal.ru/public/assets/images/products/Листовой_прокат/СТАЛЬ_ЛИСТ_Г_К_КОНСТРУКЦИОННАЯ/лист.webp,крепеж;сталь листовая г/к низколегированная;09г2с;7;лист;г/к;мм;низколегированный,09Г2С,7,,т
Листовой прокат,СТАЛЬ ЛИСТОВАЯ Г/К НИЗКОЛЕГИРОВАННАЯ,09Г2С,Лист г/к 8 мм 09Г2С низколегированный,Лист г/к 8 мм 09Г2С низколегированный,8,58990,т,1,0,0,https://www.kavstal.ru/public/assets/images/products/Листовой_прокат/СТАЛЬ_ЛИСТ_Г_К_КОНСТРУКЦИОННАЯ/лист.webp,крепеж;сталь листовая г/к низколегированная;09г2с;8;10;лист;г/к;мм;низколегированный,09Г2С,8 ; 10,,т
Листовой прокат,СТАЛЬ ЛИСТОВАЯ Г/К НИЗКОЛЕГИРОВАННАЯ,09Г2С,Лист г/к 70 мм 09Г2С низколегированный,Лист г/к 70 мм 09Г2С низколегированный,70,96990,т,1,0,0,https://www.kavstal.ru/public/assets/images/products/Листовой_прокат/СТАЛЬ_ЛИСТ_Г_К_КОНСТРУКЦИОННАЯ/лист.webp,крепеж;сталь листовая г/к низколегированная;09г2с;70;лист;г/к;мм;низколегированный,09Г2С,70,,т
Листовой прокат,СТАЛЬ ЛИСТОВАЯ Г/К НИЗКОЛЕГИРОВАННАЯ,09Г2С-12,Лист г/к 3 мм 09Г2С-12 низколегированный,Лист г/к 3 мм 09Г2С-12 низколегированный,3,64990,т,1,0,0,https://www.kavstal.ru/public/assets/images/products/Листовой_прокат/СТАЛЬ_ЛИСТ_Г_К_КОНСТРУКЦИОННАЯ/лист.webp,крепеж;сталь листовая г/к низколегированная;09г2с-12;3;лист;г/к;мм;низколегированный,09Г2С-12,3,,т
Листовой прокат,СТАЛЬ ЛИСТОВАЯ Г/К НИЗКОЛЕГИРОВАННАЯ,09Г2С-12,Лист г/к 7 мм 09Г2С-12 низколегированный,Лист г/к 7 мм 09Г2С-12 низколегированный,7,57990,т,1,0,0,https://www.kavstal.ru/public/assets/images/products/Листовой_прокат/СТАЛЬ_ЛИСТ_Г_К_КОНСТРУКЦИОННАЯ/лист.webp,крепеж;сталь листовая г/к низколегированная;09г2с-12;7;лист;г/к;мм;низколегированный,09Г2С-12,7,,т
Листовой прокат,СТАЛЬ ЛИСТОВАЯ Г/К НИЗКОЛЕГИРОВАННАЯ,09Г2С-12,Лист г/к 10 мм 09Г2С-12 низколегированный,Лист г/к 10 мм 09Г2С-12 низколегированный,10,58990,т,1,0,0,https://www.kavstal.ru/public/assets/images/products/Листовой_прокат/СТАЛЬ_ЛИСТ_Г_К_КОНСТРУКЦИОННАЯ/лист.webp,крепеж;сталь листовая г/к низколегированная;09г2с-12;10;лист;г/к;мм;низколегированный,09Г2С-12,10,,т
Листовой прокат,СТАЛЬ ЛИСТОВАЯ Г/К НИЗКОЛЕГИРОВАННАЯ,09Г2С-12,Лист г/к 12 мм 09Г2С-12 низколегированный,Лист г/к 12 мм 09Г2С-12 низколегированный,12,57990,т,1,0,0,https://www.kavstal.ru/public/assets/images/products/Листовой_прокат/СТАЛЬ_ЛИСТ_Г_К_КОНСТРУКЦИОННАЯ/лист.webp,крепеж;сталь листовая г/к низколегированная;09г2с-12;12;лист;г/к;мм;низколегированный,09Г2С-12,12,,т
Листовой прокат,СТАЛЬ ЛИСТОВАЯ Г/К НИЗКОЛЕГИРОВАННАЯ,09Г2С-12,Лист г/к 12 мм 09Г2С-12 низколегированный,Лист г/к 12 мм 09Г2С-12 низколегированный,12,58990,т,1,0,0,https://www.kavstal.ru/public/assets/images/products/Листовой_прокат/СТАЛЬ_ЛИСТ_Г_К_КОНСТРУКЦИОННАЯ/лист.webp,крепеж;сталь листовая г/к низколегированная;09г2с-12;12;14;16;лист;г/к;мм;низколегированный,09Г2С-12,12 ; 14; 16,,т
Листовой прокат,СТАЛЬ ЛИСТОВАЯ Г/К НИЗКОЛЕГИРОВАННАЯ,09Г2С-12,Лист г/к 20 мм 09Г2С-12 низколегированный,Лист г/к 20 мм 09Г2С-12 низколегированный,20,60990,т,1,0,0,https://www.kavstal.ru/public/assets/images/products/Листовой_прокат/СТАЛЬ_ЛИСТ_Г_К_КОНСТРУКЦИОННАЯ/лист.webp,крепеж;сталь листовая г/к низколегированная;09г2с-12;20;22;25;30;50;лист;г/к;мм;низколегированный,09Г2С-12,20 ; 22; 25; 30; 50,,т
Листовой прокат,СТАЛЬ ЛИСТОВАЯ Г/К НИЗКОЛЕГИРОВАННАЯ,09Г2С-12,Лист г/к 60 мм 09Г2С-12 низколегированный,Лист г/к 60 мм 09Г2С-12 низколегированный,60,87990,т,1,0,0,https://www.kavstal.ru/public/assets/images/products/Листовой_прокат/СТАЛЬ_ЛИСТ_Г_К_КОНСТРУКЦИОННАЯ/лист.webp,крепеж;сталь листовая г/к низколегированная;09г2с-12;60;лист;г/к;мм;низколегированный,09Г2С-12,60,,т
Листовой прокат,СТАЛЬ ЛИСТОВАЯ Г/К НИЗКОЛЕГИРОВАННАЯ,09Г2С-12,Лист г/к 70 мм 09Г2С-12 низколегированный,Лист г/к 70 мм 09Г2С-12 низколегированный,70,96990,т,1,0,0,https://www.kavstal.ru/public/assets/images/products/Листовой_прокат/СТАЛЬ_ЛИСТ_Г_К_КОНСТРУКЦИОННАЯ/лист.webp,крепеж;сталь листовая г/к низколегированная;09г2с-12;70;80;110;120;140;лист;г/к;мм;низколегированный,09Г2С-12,70 ; 80; 110; 120; 140,,т
Листовой прокат,СТАЛЬ ЛИСТОВАЯ Г/К НИЗКОЛЕГИРОВАННАЯ,09Г2С-12,Лист г/к 160 мм 09Г2С-12 низколегированный,Лист г/к 160 мм 09Г2С-12 низколегированный,160,107990,т,1,0,0,https://www.kavstal.ru/public/assets/images/products/Листовой_прокат/СТАЛЬ_ЛИСТ_Г_К_КОНСТРУКЦИОННАЯ/лист.webp,крепеж;сталь листовая г/к низколегированная;09г2с-12;160;лист;г/к;мм;низколегированный,09Г2С-12,160,,т
Листовой прокат,СТАЛЬ ЛИСТОВАЯ Г/К НИЗКОЛЕГИРОВАННАЯ,09Г2С-15,Лист г/к 3 мм 09Г2С-15 низколегированный,Лист г/к 3 мм 09Г2С-15 низколегированный,3,62990,т,1,0,0,https://www.kavstal.ru/public/assets/images/products/Листовой_прокат/СТАЛЬ_ЛИСТ_Г_К_КОНСТРУКЦИОННАЯ/лист.webp,крепеж;сталь листовая г/к низколегированная;09г2с-15;3;лист;г/к;мм;низколегированный,09Г2С-15,3,,т
Листовой прокат,СТАЛЬ ЛИСТОВАЯ Г/К НИЗКОЛЕГИРОВАННАЯ,09Г2С-15,Лист г/к 3 мм 09Г2С-15 низколегированный,Лист г/к 3 мм 09Г2С-15 низколегированный,3,64990,т,1,0,0,https://www.kavstal.ru/public/assets/images/products/Листовой_прокат/СТАЛЬ_ЛИСТ_Г_К_КОНСТРУКЦИОННАЯ/лист.webp,крепеж;сталь листовая г/к низколегированная;09г2с-15;3;лист;г/к;мм;низколегированный,09Г2С-15,3,,т
Листовой прокат,СТАЛЬ ЛИСТОВАЯ Г/К НИЗКОЛЕГИРОВАННАЯ,09Г2С-15,Лист г/к 4 мм 09Г2С-15 низколегированный,Лист г/к 4 мм 09Г2С-15 низколегированный,4,62490,т,1,0,0,https://www.kavstal.ru/public/assets/images/products/Листовой_прокат/СТАЛЬ_ЛИСТ_Г_К_КОНСТРУКЦИОННАЯ/лист.webp,крепеж;сталь листовая г/к низколегированная;09г2с-15;4;лист;г/к;мм;низколегированный,09Г2С-15,4,,т
Листовой прокат,СТАЛЬ ЛИСТОВАЯ Г/К НИЗКОЛЕГИРОВАННАЯ,09Г2С-15,Лист г/к 4 мм 09Г2С-15 низколегированный,Лист г/к 4 мм 09Г2С-15 низколегированный,4,62990,т,1,0,0,https://www.kavstal.ru/public/assets/images/products/Листовой_прокат/СТАЛЬ_ЛИСТ_Г_К_КОНСТРУКЦИОННАЯ/лист.webp,крепеж;сталь листовая г/к низколегированная;09г2с-15;4;лист;г/к;мм;низколегированный,09Г2С-15,4,,т
Листовой прокат,СТАЛЬ ЛИСТОВАЯ Г/К НИЗКОЛЕГИРОВАННАЯ,09Г2С-15,Лист г/к 4 мм 09Г2С-15 низколегированный,Лист г/к 4 мм 09Г2С-15 низколегированный,4,64490,т,1,0,0,https://www.kavstal.ru/public/assets/images/products/Листовой_прокат/СТАЛЬ_ЛИСТ_Г_К_КОНСТРУКЦИОННАЯ/лист.webp,крепеж;сталь листовая г/к низколегированная;09г2с-15;4;лист;г/к;мм;низколегированный,09Г2С-15,4,,т
Листовой прокат,СТАЛЬ ЛИСТОВАЯ Г/К НИЗКОЛЕГИРОВАННАЯ,09Г2С-15,Лист г/к 5 мм 09Г2С-15 низколегированный,Лист г/к 5 мм 09Г2С-15 низколегированный,5,60990,т,1,0,0,https://www.kavstal.ru/public/assets/images/products/Листовой_прокат/СТАЛЬ_ЛИСТ_Г_К_КОНСТРУКЦИОННАЯ/лист.webp,крепеж;сталь листовая г/к низколегированная;09г2с-15;5;лист;г/к;мм;низколегированный,09Г2С-15,5,,т
Листовой прокат,СТАЛЬ ЛИСТОВАЯ Г/К НИЗКОЛЕГИРОВАННАЯ,09Г2С-15,Лист г/к 5 мм 09Г2С-15 низколегированный,Лист г/к 5 мм 09Г2С-15 низколегированный,5,62990,т,1,0,0,https://www.kavstal.ru/public/assets/images/products/Листовой_прокат/СТАЛЬ_ЛИСТ_Г_К_КОНСТРУКЦИОННАЯ/лист.webp,крепеж;сталь листовая г/к низколегированная;09г2с-15;5;лист;г/к;мм;низколегированный,09Г2С-15,5,,т
Листовой прокат,СТАЛЬ ЛИСТОВАЯ Г/К НИЗКОЛЕГИРОВАННАЯ,09Г2С-15,Лист г/к 5 мм 09Г2С-15 низколегированный,Лист г/к 5 мм 09Г2С-15 низколегированный,5,64490,т,1,0,0,https://www.kavstal.ru/public/assets/images/products/Листовой_прокат/СТАЛЬ_ЛИСТ_Г_К_КОНСТРУКЦИОННАЯ/лист.webp,крепеж;сталь листовая г/к низколегированная;09г2с-15;5;лист;г/к;мм;низколегированный,09Г2С-15,5,,т
Листовой прокат,СТАЛЬ ЛИСТОВАЯ Г/К НИЗКОЛЕГИРОВАННАЯ,09Г2С-15,Лист г/к 6 мм 09Г2С-15 низколегированный,Лист г/к 6 мм 09Г2С-15 низколегированный,6,59990,т,1,0,0,https://www.kavstal.ru/public/assets/images/products/Листовой_прокат/СТАЛЬ_ЛИСТ_Г_К_КОНСТРУКЦИОННАЯ/лист.webp,крепеж;сталь листовая г/к низколегированная;09г2с-15;6;лист;г/к;мм;низколегированный,09Г2С-15,6,,т
Листовой прокат,СТАЛЬ ЛИСТОВАЯ Г/К НИЗКОЛЕГИРОВАННАЯ,09Г2С-15,Лист г/к 6 мм 09Г2С-15 низколегированный,Лист г/к 6 мм 09Г2С-15 низколегированный,6,60990,т,1,0,0,https://www.kavstal.ru/public/assets/images/products/Листовой_прокат/СТАЛЬ_ЛИСТ_Г_К_КОНСТРУКЦИОННАЯ/лист.webp,крепеж;сталь листовая г/к низколегированная;09г2с-15;6;лист;г/к;мм;низколегированный,09Г2С-15,6,,т
Листовой прокат,СТАЛЬ ЛИСТОВАЯ Г/К НИЗКОЛЕГИРОВАННАЯ,09Г2С-15,Лист г/к 6 мм 09Г2С-15 низколегированный,Лист г/к 6 мм 09Г2С-15 низколегированный,6,59990,теор.т,1,0,0,https://www.kavstal.ru/public/assets/images/products/Листовой_прокат/СТАЛЬ_ЛИСТ_Г_К_КОНСТРУКЦИОННАЯ/лист.webp,крепеж;сталь листовая г/к низколегированная;09г2с-15;6;лист;г/к;мм;низколегированный,09Г2С-15,6,,теор.т
Листовой прокат,СТАЛЬ ЛИСТОВАЯ Г/К НИЗКОЛЕГИРОВАННАЯ,09Г2С-15,Лист г/к 7 мм 09Г2С-15 низколегированный,Лист г/к 7 мм 09Г2С-15 низколегированный,7,57990,т,1,0,0,https://www.kavstal.ru/public/assets/images/products/Листовой_прокат/СТАЛЬ_ЛИСТ_Г_К_КОНСТРУКЦИОННАЯ/лист.webp,крепеж;сталь листовая г/к низколегированная;09г2с-15;7;лист;г/к;мм;низколегированный,09Г2С-15,7,,т
Листовой прокат,СТАЛЬ ЛИСТОВАЯ Г/К НИЗКОЛЕГИРОВАННАЯ,09Г2С-15,Лист г/к 7 мм 09Г2С-15 низколегированный,Лист г/к 7 мм 09Г2С-15 низколегированный,7,58990,т,1,0,0,https://www.kavstal.ru/public/assets/images/products/Листовой_прокат/СТАЛЬ_ЛИСТ_Г_К_КОНСТРУКЦИОННАЯ/лист.webp,крепеж;сталь листовая г/к низколегированная;09г2с-15;7;лист;г/к;мм;низколегированный,09Г2С-15,7,,т
Листовой прокат,СТАЛЬ ЛИСТОВАЯ Г/К НИЗКОЛЕГИРОВАННАЯ,09Г2С-15,Лист г/к 8 мм 09Г2С-15 низколегированный,Лист г/к 8 мм 09Г2С-15 низколегированный,8,54990,т,1,0,0,https://www.kavstal.ru/public/assets/images/products/Листовой_прокат/СТАЛЬ_ЛИСТ_Г_К_КОНСТРУКЦИОННАЯ/лист.webp,крепеж;сталь листовая г/к низколегированная;09г2с-15;8;лист;г/к;мм;низколегированный,09Г2С-15,8,,т
Листовой прокат,СТАЛЬ ЛИСТОВАЯ Г/К НИЗКОЛЕГИРОВАННАЯ,09Г2С-15,Лист г/к 8 мм 09Г2С-15 низколегированный,Лист г/к 8 мм 09Г2С-15 низколегированный,8,58990,т,1,0,0,https://www.kavstal.ru/public/assets/images/products/Листовой_прокат/СТАЛЬ_ЛИСТ_Г_К_КОНСТРУКЦИОННАЯ/лист.webp,крепеж;сталь листовая г/к низколегированная;09г2с-15;8;лист;г/к;мм;низколегированный,09Г2С-15,8,,т
Листовой прокат,СТАЛЬ ЛИСТОВАЯ Г/К НИЗКОЛЕГИРОВАННАЯ,09Г2С-15,Лист г/к 8 мм 09Г2С-15 низколегированный,Лист г/к 8 мм 09Г2С-15 низколегированный,8,54990,теор.т,1,0,0,https://www.kavstal.ru/public/assets/images/products/Листовой_прокат/СТАЛЬ_ЛИСТ_Г_К_КОНСТРУКЦИОННАЯ/лист.webp,крепеж;сталь листовая г/к низколегированная;09г2с-15;8;лист;г/к;мм;низколегированный,09Г2С-15,8,,теор.т
Листовой прокат,СТАЛЬ ЛИСТОВАЯ Г/К НИЗКОЛЕГИРОВАННАЯ,09Г2С-15,Лист г/к 8 мм 09Г2С-15 низколегированный,Лист г/к 8 мм 09Г2С-15 низколегированный,8,58990,теор.т,1,0,0,https://www.kavstal.ru/public/assets/images/products/Листовой_прокат/СТАЛЬ_ЛИСТ_Г_К_КОНСТРУКЦИОННАЯ/лист.webp,крепеж;сталь листовая г/к низколегированная;09г2с-15;8;9;10;лист;г/к;мм;низколегированный,09Г2С-15,8 ; 9; 10,,теор.т
Листовой прокат,СТАЛЬ ЛИСТОВАЯ Г/К НИЗКОЛЕГИРОВАННАЯ,09Г2С-15,Лист г/к 12 мм 09Г2С-15 низколегированный,Лист г/к 12 мм 09Г2С-15 низколегированный,12,57990,т,1,0,0,https://www.kavstal.ru/public/assets/images/products/Листовой_прокат/СТАЛЬ_ЛИСТ_Г_К_КОНСТРУКЦИОННАЯ/лист.webp,крепеж;сталь листовая г/к низколегированная;09г2с-15;12;лист;г/к;мм;низколегированный,09Г2С-15,12,,т
Листовой прокат,СТАЛЬ ЛИСТОВАЯ Г/К НИЗКОЛЕГИРОВАННАЯ,09Г2С-15,Лист г/к 12 мм 09Г2С-15 низколегированный,Лист г/к 12 мм 09Г2С-15 низколегированный,12,58990,т,1,0,0,https://www.kavstal.ru/public/assets/images/products/Листовой_прокат/СТАЛЬ_ЛИСТ_Г_К_КОНСТРУКЦИОННАЯ/лист.webp,крепеж;сталь листовая г/к низколегированная;09г2с-15;12;лист;г/к;мм;низколегированный,09Г2С-15,12,,т
Листовой прокат,СТАЛЬ ЛИСТОВАЯ Г/К НИЗКОЛЕГИРОВАННАЯ,09Г2С-15,Лист г/к 12 мм 09Г2С-15 низколегированный,Лист г/к 12 мм 09Г2С-15 низколегированный,12,59990,т,1,0,0,https://www.kavstal.ru/public/assets/images/products/Листовой_прокат/СТАЛЬ_ЛИСТ_Г_К_КОНСТРУКЦИОННАЯ/лист.webp,крепеж;сталь листовая г/к низколегированная;09г2с-15;12;лист;г/к;мм;низколегированный,09Г2С-15,12,,т
Листовой прокат,СТАЛЬ ЛИСТОВАЯ Г/К НИЗКОЛЕГИРОВАННАЯ,09Г2С-15,Лист г/к 14 мм 09Г2С-15 низколегированный,Лист г/к 14 мм 09Г2С-15 низколегированный,14,58990,т,1,0,0,https://www.kavstal.ru/public/assets/images/products/Листовой_прокат/СТАЛЬ_ЛИСТ_Г_К_КОНСТРУКЦИОННАЯ/лист.webp,крепеж;сталь листовая г/к низколегированная;09г2с-15;14;16;лист;г/к;мм;низколегированный,09Г2С-15,14 ; 16,,т
Листовой прокат,СТАЛЬ ЛИСТОВАЯ Г/К НИЗКОЛЕГИРОВАННАЯ,09Г2С-15,Лист г/к 18 мм 09Г2С-15 низколегированный,Лист г/к 18 мм 09Г2С-15 низколегированный,18,60990,т,1,0,0,https://www.kavstal.ru/public/assets/images/products/Листовой_прокат/СТАЛЬ_ЛИСТ_Г_К_КОНСТРУКЦИОННАЯ/лист.webp,крепеж;сталь листовая г/к низколегированная;09г2с-15;18;20;лист;г/к;мм;низколегированный,09Г2С-15,18 ; 20,,т
Листовой прокат,СТАЛЬ ЛИСТОВАЯ Г/К НИЗКОЛЕГИРОВАННАЯ,09Г2С-15,Лист г/к 20 мм 09Г2С-15 низколегированный,Лист г/к 20 мм 09Г2С-15 низколегированный,20,64990,т,1,0,0,https://www.kavstal.ru/public/assets/images/products/Листовой_прокат/СТАЛЬ_ЛИСТ_Г_К_КОНСТРУКЦИОННАЯ/лист.webp,крепеж;сталь листовая г/к низколегированная;09г2с-15;20;лист;г/к;мм;низколегированный,09Г2С-15,20,,т
Листовой прокат,СТАЛЬ ЛИСТОВАЯ Г/К НИЗКОЛЕГИРОВАННАЯ,09Г2С-15,Лист г/к 22 мм 09Г2С-15 низколегированный,Лист г/к 22 мм 09Г2С-15 низколегированный,22,60990,т,1,0,0,https://www.kavstal.ru/public/assets/images/products/Листовой_прокат/СТАЛЬ_ЛИСТ_Г_К_КОНСТРУКЦИОННАЯ/лист.webp,крепеж;сталь листовая г/к низколегированная;09г2с-15;22;25;30;32;35;36;40;45;50;лист;г/к;мм;низколегированный,09Г2С-15,22 ; 25; 30; 32; 35; 36; 40; 45; 50,,т
Листовой прокат,СТАЛЬ ЛИСТОВАЯ Г/К НИЗКОЛЕГИРОВАННАЯ,09Г2С-15,Лист г/к 60 мм 09Г2С-15 низколегированный,Лист г/к 60 мм 09Г2С-15 низколегированный,60,71490,т,1,0,0,https://www.kavstal.ru/public/assets/images/products/Листовой_прокат/СТАЛЬ_ЛИСТ_Г_К_КОНСТРУКЦИОННАЯ/лист.webp,крепеж;сталь листовая г/к низколегированная;09г2с-15;60;лист;г/к;мм;низколегированный,09Г2С-15,60,,т
Листовой прокат,СТАЛЬ ЛИСТОВАЯ Г/К НИЗКОЛЕГИРОВАННАЯ,09Г2С-15,Лист г/к 60 мм 09Г2С-15 низколегированный,Лист г/к 60 мм 09Г2С-15 низколегированный,60,87990,т,1,0,0,https://www.kavstal.ru/public/assets/images/products/Листовой_прокат/СТАЛЬ_ЛИСТ_Г_К_КОНСТРУКЦИОННАЯ/лист.webp,крепеж;сталь листовая г/к низколегированная;09г2с-15;60;лист;г/к;мм;низколегированный,09Г2С-15,60,,т
Листовой прокат,СТАЛЬ ЛИСТОВАЯ Г/К НИЗКОЛЕГИРОВАННАЯ,09Г2С-15,Лист г/к 90 мм 09Г2С-15 низколегированный,Лист г/к 90 мм 09Г2С-15 низколегированный,90,96990,т,1,0,0,https://www.kavstal.ru/public/assets/images/products/Листовой_прокат/СТАЛЬ_ЛИСТ_Г_К_КОНСТРУКЦИОННАЯ/лист.webp,крепеж;сталь листовая г/к низколегированная;09г2с-15;90;100;110;120;лист;г/к;мм;низколегированный,09Г2С-15,90 ; 100; 110; 120,,т
Листовой прокат,СТАЛЬ ЛИСТОВАЯ Г/К НИЗКОЛЕГИРОВАННАЯ,09Г2С-15 ГС,Лист г/к 12 мм 09Г2С-15 ГС низколегированный,Лист г/к 12 мм 09Г2С-15 ГС низколегированный,12,58990,т,1,0,0,https://www.kavstal.ru/public/assets/images/products/Листовой_прокат/СТАЛЬ_ЛИСТ_Г_К_КОНСТРУКЦИОННАЯ/лист.webp,крепеж;сталь листовая г/к низколегированная;09г2с-15 гс;12;14;16;лист;г/к;мм;09г2с-15;гс;низколегированный,09Г2С-15 ГС,12 ; 14; 16,,т
Листовой прокат,СТАЛЬ ЛИСТОВАЯ Г/К НИЗКОЛЕГИРОВАННАЯ,09Г2С-15 ГС,Лист г/к 25 мм 09Г2С-15 ГС низколегированный,Лист г/к 25 мм 09Г2С-15 ГС низколегированный,25,60990,т,1,0,0,https://www.kavstal.ru/public/assets/images/products/Листовой_прокат/СТАЛЬ_ЛИСТ_Г_К_КОНСТРУКЦИОННАЯ/лист.webp,крепеж;сталь листовая г/к низколегированная;09г2с-15 гс;25;лист;г/к;мм;09г2с-15;гс;низколегированный,09Г2С-15 ГС,25,,т
Листовой прокат,СТАЛЬ ЛИСТОВАЯ Г/К НИЗКОЛЕГИРОВАННАЯ,09Г2С-6,Лист г/к 5 мм 09Г2С-6 низколегированный,Лист г/к 5 мм 09Г2С-6 низколегированный,5,62990,т,1,0,0,https://www.kavstal.ru/public/assets/images/products/Листовой_прокат/СТАЛЬ_ЛИСТ_Г_К_КОНСТРУКЦИОННАЯ/лист.webp,крепеж;сталь листовая г/к низколегированная;09г2с-6;5;лист;г/к;мм;низколегированный,09Г2С-6,5,,т
Листовой прокат,СТАЛЬ ЛИСТОВАЯ Г/К НИЗКОЛЕГИРОВАННАЯ,10ХСНД 10ХСНД,Лист г/к 3 мм 10ХСНД 10ХСНД низколегированный,Лист г/к 3 мм 10ХСНД 10ХСНД низколегированный,3,114990,т,1,0,0,https://www.kavstal.ru/public/assets/images/products/Листовой_прокат/СТАЛЬ_ЛИСТ_Г_К_КОНСТРУКЦИОННАЯ/лист.webp,крепеж;сталь листовая г/к низколегированная;10хснд 10хснд;3;лист;г/к;мм;10хснд;низколегированный,10ХСНД 10ХСНД,3,,т
Листовой прокат,СТАЛЬ ЛИСТОВАЯ Г/К НИЗКОЛЕГИРОВАННАЯ,10ХСНД 10ХСНД,Лист г/к 4 мм 10ХСНД 10ХСНД низколегированный,Лист г/к 4 мм 10ХСНД 10ХСНД низколегированный,4,112990,т,1,0,0,https://www.kavstal.ru/public/assets/images/products/Листовой_прокат/СТАЛЬ_ЛИСТ_Г_К_КОНСТРУКЦИОННАЯ/лист.webp,крепеж;сталь листовая г/к низколегированная;10хснд 10хснд;4;5;6;8;10;лист;г/к;мм;10хснд;низколегированный,10ХСНД 10ХСНД,4 ; 5; 6; 8; 10,,т
Листовой прокат,СТАЛЬ ЛИСТОВАЯ Г/К НИЗКОЛЕГИРОВАННАЯ,10ХСНД 10ХСНД,Лист г/к 12 мм 10ХСНД 10ХСНД низколегированный,Лист г/к 12 мм 10ХСНД 10ХСНД низколегированный,12,115990,т,1,0,0,https://www.kavstal.ru/public/assets/images/products/Листовой_прокат/СТАЛЬ_ЛИСТ_Г_К_КОНСТРУКЦИОННАЯ/лист.webp,крепеж;сталь листовая г/к низколегированная;10хснд 10хснд;12;14;16;лист;г/к;мм;10хснд;низколегированный,10ХСНД 10ХСНД,12 ; 14; 16,,т
Листовой прокат,СТАЛЬ ЛИСТОВАЯ Г/К НИЗКОЛЕГИРОВАННАЯ,10ХСНД 10ХСНД,Лист г/к 20 мм 10ХСНД 10ХСНД низколегированный,Лист г/к 20 мм 10ХСНД 10ХСНД низколегированный,20,107990,т,1,0,0,https://www.kavstal.ru/public/assets/images/products/Листовой_прокат/СТАЛЬ_ЛИСТ_Г_К_КОНСТРУКЦИОННАЯ/лист.webp,крепеж;сталь листовая г/к низколегированная;10хснд 10хснд;20;30;40;лист;г/к;мм;10хснд;низколегированный,10ХСНД 10ХСНД,20 ; 30; 40,,т
Листовой прокат,СТАЛЬ ЛИСТОВАЯ Г/К НИЗКОЛЕГИРОВАННАЯ,10ХСНД 10ХСНД Тула Д,Лист г/к 4 мм 10ХСНД 10ХСНД Тула Д низколегированный,Лист г/к 4 мм 10ХСНД 10ХСНД Тула Д низколегированный,4,84990,т,1,0,0,https://www.kavstal.ru/public/assets/images/products/Листовой_прокат/СТАЛЬ_ЛИСТ_Г_К_КОНСТРУКЦИОННАЯ/лист.webp,крепеж;сталь листовая г/к низколегированная;10хснд 10хснд тула д;4;лист;г/к;мм;10хснд;тула;низколегированный,10ХСНД 10ХСНД Тула Д,4,,т
Листовой прокат,СТАЛЬ ЛИСТОВАЯ Г/К НИЗКОЛЕГИРОВАННАЯ,10ХСНД-15 10ХСНД,Лист г/к 30 мм 10ХСНД-15 10ХСНД низколегированный,Лист г/к 30 мм 10ХСНД-15 10ХСНД низколегированный,30,107990,т,1,0,0,https://www.kavstal.ru/public/assets/images/products/Листовой_прокат/СТАЛЬ_ЛИСТ_Г_К_КОНСТРУКЦИОННАЯ/лист.webp,крепеж;сталь листовая г/к низколегированная;10хснд-15 10хснд;30;лист;г/к;мм;10хснд-15;10хснд;низколегированный,10ХСНД-15 10ХСНД,30,,т
Листовой прокат,СТАЛЬ ЛИСТОВАЯ Г/К НИЗКОЛЕГИРОВАННАЯ,10ХСНД-15 10ХСНД,Лист г/к 60 мм 10ХСНД-15 10ХСНД низколегированный,Лист г/к 60 мм 10ХСНД-15 10ХСНД низколегированный,60,112990,т,1,0,0,https://www.kavstal.ru/public/assets/images/products/Листовой_прокат/СТАЛЬ_ЛИСТ_Г_К_КОНСТРУКЦИОННАЯ/лист.webp,крепеж;сталь листовая г/к низколегированная;10хснд-15 10хснд;60;лист;г/к;мм;10хснд-15;10хснд;низколегированный,10ХСНД-15 10ХСНД,60,,т
Листовой прокат,СТАЛЬ ЛИСТОВАЯ Г/К НИЗКОЛЕГИРОВАННАЯ,17Г1С,Лист г/к 18 мм 17Г1С низколегированный,Лист г/к 18 мм 17Г1С низколегированный,18,69990,т,1,0,0,https://www.kavstal.ru/public/assets/images/products/Листовой_прокат/СТАЛЬ_ЛИСТ_Г_К_КОНСТРУКЦИОННАЯ/лист.webp,крепеж;сталь листовая г/к низколегированная;17г1с;18;лист;г/к;мм;низколегированный,17Г1С,18,,т
Листовой прокат,СТАЛЬ ЛИСТОВАЯ Г/К НИЗКОЛЕГИРОВАННАЯ,17Г1С,Лист г/к 22 мм 17Г1С низколегированный,Лист г/к 22 мм 17Г1С низколегированный,22,75090,т,1,0,0,https://www.kavstal.ru/public/assets/images/products/Листовой_прокат/СТАЛЬ_ЛИСТ_Г_К_КОНСТРУКЦИОННАЯ/лист.webp,крепеж;сталь листовая г/к низколегированная;17г1с;22;лист;г/к;мм;низколегированный,17Г1С,22,,т
Листовой прокат,СТАЛЬ ЛИСТОВАЯ Г/К НИЗКОЛЕГИРОВАННАЯ,S420МС,Лист г/к 8 мм S420МС низколегированный,Лист г/к 8 мм S420МС низколегированный,8,65000,т,1,0,0,https://www.kavstal.ru/public/assets/images/products/Листовой_прокат/СТАЛЬ_ЛИСТ_Г_К_КОНСТРУКЦИОННАЯ/лист.webp,крепеж;сталь листовая г/к низколегированная;s420мс;8;лист;г/к;мм;низколегированный,S420МС,8,,т
Листовой прокат,СТАЛЬ ЛИСТОВАЯ Г/К НИЗКОЛЕГИРОВАННАЯ,С355,Лист г/к 25 мм С355 низколегированный,Лист г/к 25 мм С355 низколегированный,25,60990,т,1,0,0,https://www.kavstal.ru/public/assets/images/products/Листовой_прокат/СТАЛЬ_ЛИСТ_Г_К_КОНСТРУКЦИОННАЯ/лист.webp,крепеж;сталь листовая г/к низколегированная;с355;25;лист;г/к;мм;низколегированный,С355,25,,т
Листовой прокат,СТАЛЬ ЛИСТОВАЯ ОЦИНКОВАННАЯ Х/К,1х2 2 кл КР пром_пас,Лист оцинкованный 0.5 мм,Лист оцинкованный 0.5 мм,0.5,99000,т,1,0,0,https://www.kavstal.ru/public/assets/images/products/Листовой_прокат/СТАЛЬ_ЛИСТОВАЯ_ОЦИНКОВАННАЯ_Х_К/лист_оцинкованный.webp,крепеж;сталь листовая оцинкованная х/к;1х2 2 кл кр пром_пас;5;лист;оцинкованный;0.5;мм,1х2 2 кл КР пром_пас,0.5,,т
Листовой прокат,СТАЛЬ ЛИСТОВАЯ ОЦИНКОВАННАЯ Х/К,2 кл КР пром_пас,Лист оцинкованный 0.45 мм,Лист оцинкованный 0.45 мм,0.45,99000,т,1,0,0,https://www.kavstal.ru/public/assets/images/products/Листовой_прокат/СТАЛЬ_ЛИСТОВАЯ_ОЦИНКОВАННАЯ_Х_К/лист_оцинкованный.webp,крепеж;сталь листовая оцинкованная х/к;2 кл кр пром_пас;45;лист;оцинкованный;0.45;мм,2 кл КР пром_пас,0.45,,т
Листовой прокат,СТАЛЬ ЛИСТОВАЯ ОЦИНКОВАННАЯ Х/К,2 кл КР пром_пас,Лист оцинкованный 0.45 мм,Лист оцинкованный 0.45 мм,0.45,99000,т,1,0,0,https://www.kavstal.ru/public/assets/images/products/Листовой_прокат/СТАЛЬ_ЛИСТОВАЯ_ОЦИНКОВАННАЯ_Х_К/лист_оцинкованный.webp,крепеж;сталь листовая оцинкованная х/к;2 кл кр пром_пас;45;лист;оцинкованный;0.45;мм,2 кл КР пром_пас,0.45,,т
Листовой прокат,СТАЛЬ ЛИСТОВАЯ ОЦИНКОВАННАЯ Х/К,2 кл КР пром_пас,Лист оцинкованный 0.5 мм,Лист оцинкованный 0.5 мм,0.5,99000,т,1,0,0,https://www.kavstal.ru/public/assets/images/products/Листовой_прокат/СТАЛЬ_ЛИСТОВАЯ_ОЦИНКОВАННАЯ_Х_К/лист_оцинкованный.webp,крепеж;сталь листовая оцинкованная х/к;2 кл кр пром_пас;5;лист;оцинкованный;0.5;мм,2 кл КР пром_пас,0.5,,т
Листовой прокат,СТАЛЬ ЛИСТОВАЯ ОЦИНКОВАННАЯ Х/К,2 кл КР пром_пас,Лист оцинкованный 0.55 мм,Лист оцинкованный 0.55 мм,0.55,99000,т,1,0,0,https://www.kavstal.ru/public/assets/images/products/Листовой_прокат/СТАЛЬ_ЛИСТОВАЯ_ОЦИНКОВАННАЯ_Х_К/лист_оцинкованный.webp,крепеж;сталь листовая оцинкованная х/к;2 кл кр пром_пас;55;лист;оцинкованный;0.55;мм,2 кл КР пром_пас,0.55,,т
Листовой прокат,СТАЛЬ ЛИСТОВАЯ ОЦИНКОВАННАЯ Х/К,2 кл КР пром_пас,Лист оцинкованный 0.55 мм,Лист оцинкованный 0.55 мм,0.55,99000,т,1,0,0,https://www.kavstal.ru/public/assets/images/products/Листовой_прокат/СТАЛЬ_ЛИСТОВАЯ_ОЦИНКОВАННАЯ_Х_К/лист_оцинкованный.webp,крепеж;сталь листовая оцинкованная х/к;2 кл кр пром_пас;55;лист;оцинкованный;0.55;мм,2 кл КР пром_пас,0.55,,т
Листовой прокат,СТАЛЬ ЛИСТОВАЯ ОЦИНКОВАННАЯ Х/К,2 кл КР пром_пас,Лист оцинкованный 0.7 мм,Лист оцинкованный 0.7 мм,0.7,99000,т,1,0,0,https://www.kavstal.ru/public/assets/images/products/Листовой_прокат/СТАЛЬ_ЛИСТОВАЯ_ОЦИНКОВАННАЯ_Х_К/лист_оцинкованный.webp,крепеж;сталь листовая оцинкованная х/к;2 кл кр пром_пас;7;лист;оцинкованный;0.7;мм,2 кл КР пром_пас,0.7,,т
Листовой прокат,СТАЛЬ ЛИСТОВАЯ ОЦИНКОВАННАЯ Х/К,2 кл КР пром_пас,Лист оцинкованный 0.7 мм,Лист оцинкованный 0.7 мм,0.7,99000,т,1,0,0,https://www.kavstal.ru/public/assets/images/products/Листовой_прокат/СТАЛЬ_ЛИСТОВАЯ_ОЦИНКОВАННАЯ_Х_К/лист_оцинкованный.webp,крепеж;сталь листовая оцинкованная х/к;2 кл кр пром_пас;7;лист;оцинкованный;0.7;мм,2 кл КР пром_пас,0.7,,т
Листовой прокат,СТАЛЬ ЛИСТОВАЯ ОЦИНКОВАННАЯ Х/К,2 кл КР пром_пас,Лист оцинкованный 0.8 мм,Лист оцинкованный 0.8 мм,0.8,99000,т,1,0,0,https://www.kavstal.ru/public/assets/images/products/Листовой_прокат/СТАЛЬ_ЛИСТОВАЯ_ОЦИНКОВАННАЯ_Х_К/лист_оцинкованный.webp,крепеж;сталь листовая оцинкованная х/к;2 кл кр пром_пас;8;лист;оцинкованный;0.8;мм,2 кл КР пром_пас,0.8,,т
Листовой прокат,СТАЛЬ ЛИСТОВАЯ ОЦИНКОВАННАЯ Х/К,2 кл КР пром_пас,Лист оцинкованный 0.8 мм,Лист оцинкованный 0.8 мм,0.8,99000,т,1,0,0,https://www.kavstal.ru/public/assets/images/products/Листовой_прокат/СТАЛЬ_ЛИСТОВАЯ_ОЦИНКОВАННАЯ_Х_К/лист_оцинкованный.webp,крепеж;сталь листовая оцинкованная х/к;2 кл кр пром_пас;8;лист;оцинкованный;0.8;мм,2 кл КР пром_пас,0.8,,т
Листовой прокат,СТАЛЬ ЛИСТОВАЯ ОЦИНКОВАННАЯ Х/К,2 кл КР пром_пас,Лист оцинкованный 0.9 мм,Лист оцинкованный 0.9 мм,0.9,99000,т,1,0,0,https://www.kavstal.ru/public/assets/images/products/Листовой_прокат/СТАЛЬ_ЛИСТОВАЯ_ОЦИНКОВАННАЯ_Х_К/лист_оцинкованный.webp,крепеж;сталь листовая оцинкованная х/к;2 кл кр пром_пас;9;лист;оцинкованный;0.9;мм,2 кл КР пром_пас,0.9,,т
Листовой прокат,СТАЛЬ ЛИСТОВАЯ ОЦИНКОВАННАЯ Х/К,2 кл КР пром_пас,Лист оцинкованный 1 мм,Лист оцинкованный 1 мм,1,99000,т,1,0,0,https://www.kavstal.ru/public/assets/images/products/Листовой_прокат/СТАЛЬ_ЛИСТОВАЯ_ОЦИНКОВАННАЯ_Х_К/лист_оцинкованный.webp,крепеж;сталь листовая оцинкованная х/к;2 кл кр пром_пас;1;лист;оцинкованный;мм,2 кл КР пром_пас,1,,т
Листовой прокат,СТАЛЬ ЛИСТОВАЯ ОЦИНКОВАННАЯ Х/К,2 кл КР пром_пас,Лист оцинкованный 1 мм,Лист оцинкованный 1 мм,1,99000,т,1,0,0,https://www.kavstal.ru/public/assets/images/products/Листовой_прокат/СТАЛЬ_ЛИСТОВАЯ_ОЦИНКОВАННАЯ_Х_К/лист_оцинкованный.webp,крепеж;сталь листовая оцинкованная х/к;2 кл кр пром_пас;1;лист;оцинкованный;мм,2 кл КР пром_пас,1,,т
Листовой прокат,СТАЛЬ ЛИСТОВАЯ ОЦИНКОВАННАЯ Х/К,2 кл КР пром_пас,Лист оцинкованный 1.2 мм,Лист оцинкованный 1.2 мм,1.2,99000,т,1,0,0,https://www.kavstal.ru/public/assets/images/products/Листовой_прокат/СТАЛЬ_ЛИСТОВАЯ_ОЦИНКОВАННАЯ_Х_К/лист_оцинкованный.webp,крепеж;сталь листовая оцинкованная х/к;2 кл кр пром_пас;1;2;лист;оцинкованный;1.2;мм,2 кл КР пром_пас,1.2,,т
Листовой прокат,СТАЛЬ ЛИСТОВАЯ ОЦИНКОВАННАЯ Х/К,2 кл КР пром_пас,Лист оцинкованный 1.2 мм,Лист оцинкованный 1.2 мм,1.2,99000,т,1,0,0,https://www.kavstal.ru/public/assets/images/products/Листовой_прокат/СТАЛЬ_ЛИСТОВАЯ_ОЦИНКОВАННАЯ_Х_К/лист_оцинкованный.webp,крепеж;сталь листовая оцинкованная х/к;2 кл кр пром_пас;1;2;лист;оцинкованный;1.2;мм,2 кл КР пром_пас,1.2,,т
Листовой прокат,СТАЛЬ ЛИСТОВАЯ ОЦИНКОВАННАЯ Х/К,2 кл КР пром_пас,Лист оцинкованный 1.5 мм,Лист оцинкованный 1.5 мм,1.5,99000,т,1,0,0,https://www.kavstal.ru/public/assets/images/products/Листовой_прокат/СТАЛЬ_ЛИСТОВАЯ_ОЦИНКОВАННАЯ_Х_К/лист_оцинкованный.webp,крепеж;сталь листовая оцинкованная х/к;2 кл кр пром_пас;1;5;лист;оцинкованный;1.5;мм,2 кл КР пром_пас,1.5,,т
Листовой прокат,СТАЛЬ ЛИСТОВАЯ ОЦИНКОВАННАЯ Х/К,2 кл КР пром_пас,Лист оцинкованный 1.5 мм,Лист оцинкованный 1.5 мм,1.5,99000,т,1,0,0,https://www.kavstal.ru/public/assets/images/products/Листовой_прокат/СТАЛЬ_ЛИСТОВАЯ_ОЦИНКОВАННАЯ_Х_К/лист_оцинкованный.webp,крепеж;сталь листовая оцинкованная х/к;2 кл кр пром_пас;1;5;лист;оцинкованный;1.5;мм,2 кл КР пром_пас,1.5,,т
Листовой прокат,СТАЛЬ ЛИСТОВАЯ ОЦИНКОВАННАЯ Х/К,Zn100 М пас,Лист оцинкованный 0.4 мм Zn100 М пас,Лист оцинкованный 0.4 мм Zn100 М пас,0.4,99000,т,1,0,0,https://www.kavstal.ru/public/assets/images/products/Листовой_прокат/СТАЛЬ_ЛИСТОВАЯ_ОЦИНКОВАННАЯ_Х_К/лист_оцинкованный.webp,крепеж;сталь листовая оцинкованная х/к;zn100 м пас;4;лист;оцинкованный;0.4;мм;zn100;пас,Zn100 М пас,0.4,,т
Листовой прокат,СТАЛЬ ЛИСТОВАЯ ОЦИНКОВАННАЯ Х/К,Zn100 М пас 1x2,Лист оцинкованный 0.4 мм Zn100 М пас 1x2,Лист оцинкованный 0.4 мм Zn100 М пас 1x2,0.4,99000,т,1,0,0,https://www.kavstal.ru/public/assets/images/products/Листовой_прокат/СТАЛЬ_ЛИСТОВАЯ_ОЦИНКОВАННАЯ_Х_К/лист_оцинкованный.webp,крепеж;сталь листовая оцинкованная х/к;zn100 м пас 1x2;4;лист;оцинкованный;0.4;мм;zn100;пас;1x2,Zn100 М пас 1x2,0.4,,т
Листовой прокат,СТАЛЬ ЛИСТОВАЯ ОЦИНКОВАННАЯ Х/К,Zn100 М пас,Лист оцинкованный 0.3 мм Zn100 М пас,Лист оцинкованный 0.3 мм Zn100 М пас,0.3,99000,т,1,0,0,https://www.kavstal.ru/public/assets/images/products/Листовой_прокат/СТАЛЬ_ЛИСТОВАЯ_ОЦИНКОВАННАЯ_Х_К/лист_оцинкованный.webp,крепеж;сталь листовая оцинкованная х/к;zn100 м пас;3;лист;оцинкованный;0.3;мм;zn100;пас,Zn100 М пас,0.3,,т
Листовой прокат,СТАЛЬ ЛИСТОВАЯ ОЦИНКОВАННАЯ Х/К,Zn100 М пас,Лист оцинкованный 0.35 мм Zn100 М пас,Лист оцинкованный 0.35 мм Zn100 М пас,0.35,99000,т,1,0,0,https://www.kavstal.ru/public/assets/images/products/Листовой_прокат/СТАЛЬ_ЛИСТОВАЯ_ОЦИНКОВАННАЯ_Х_К/лист_оцинкованный.webp,крепеж;сталь листовая оцинкованная х/к;zn100 м пас;35;лист;оцинкованный;0.35;мм;zn100;пас,Zn100 М пас,0.35,,т
Листовой прокат,СТАЛЬ ЛИСТОВАЯ ОЦИНКОВАННАЯ Х/К,Zn100 М пром пас,Лист оцинкованный 0.4 мм Zn100 М пром пас,Лист оцинкованный 0.4 мм Zn100 М пром пас,0.4,99000,т,1,0,0,https://www.kavstal.ru/public/assets/images/products/Листовой_прокат/СТАЛЬ_ЛИСТОВАЯ_ОЦИНКОВАННАЯ_Х_К/лист_оцинкованный.webp,крепеж;сталь листовая оцинкованная х/к;zn100 м пром пас;4;лист;оцинкованный;0.4;мм;zn100;пром;пас,Zn100 М пром пас,0.4,,т
Листовой прокат,СТАЛЬ ЛИСТОВАЯ ОЦИНКОВАННАЯ Х/К,М Zn140 М пас,Лист оцинкованный 0.5 мм М Zn140 М пас,Лист оцинкованный 0.5 мм М Zn140 М пас,0.5,99000,т,1,0,0,https://www.kavstal.ru/public/assets/images/products/Листовой_прокат/СТАЛЬ_ЛИСТОВАЯ_ОЦИНКОВАННАЯ_Х_К/лист_оцинкованный.webp,крепеж;сталь листовая оцинкованная х/к;м zn140 м пас;5;лист;оцинкованный;0.5;мм;zn140;пас,М Zn140 М пас,0.5,,т
Листовой прокат,СТАЛЬ ЛИСТОВАЯ ОЦИНКОВАННАЯ Х/К,н/обр 2 кл КР пром_пас,Лист оцинкованный 0.55 мм,Лист оцинкованный 0.55 мм,0.55,99000,т,1,0,0,https://www.kavstal.ru/public/assets/images/products/Листовой_прокат/СТАЛЬ_ЛИСТОВАЯ_ОЦИНКОВАННАЯ_Х_К/лист_оцинкованный.webp,крепеж;сталь листовая оцинкованная х/к;н/обр 2 кл кр пром_пас;55;лист;оцинкованный;0.55;мм,н/обр 2 кл КР пром_пас,0.55,,т
Листовой прокат,СТАЛЬ ЛИСТОВАЯ ОЦИНКОВАННАЯ Х/К,н/обр Zn100 М пас,Лист оцинкованный 0.45 мм н/обр Zn100 М пас,Лист оцинкованный 0.45 мм н/обр Zn100 М пас,0.45,95040,т,1,0,0,https://www.kavstal.ru/public/assets/images/products/Листовой_прокат/СТАЛЬ_ЛИСТОВАЯ_ОЦИНКОВАННАЯ_Х_К/лист_оцинкованный.webp,крепеж;сталь листовая оцинкованная х/к;н/обр zn100 м пас;45;лист;оцинкованный;0.45;мм;н/обр;zn100;пас,н/обр Zn100 М пас,0.45,,т
Листовой прокат,СТАЛЬ ЛИСТОВАЯ ОЦИНКОВАННАЯ Х/К,н/обр Zn100 М пас,Лист оцинкованный 0.5 мм н/обр Zn100 М пас,Лист оцинкованный 0.5 мм н/обр Zn100 М пас,0.5,95040,т,1,0,0,https://www.kavstal.ru/public/assets/images/products/Листовой_прокат/СТАЛЬ_ЛИСТОВАЯ_ОЦИНКОВАННАЯ_Х_К/лист_оцинкованный.webp,крепеж;сталь листовая оцинкованная х/к;н/обр zn100 м пас;5;лист;оцинкованный;0.5;мм;н/обр;zn100;пас,н/обр Zn100 М пас,0.5,,т
Листовой прокат,СТАЛЬ ЛИСТОВАЯ ОЦИНКОВАННАЯ Х/К,н/обр Zn100 М пас,Лист оцинкованный 0.55 мм н/обр Zn100 М пас,Лист оцинкованный 0.55 мм н/обр Zn100 М пас,0.55,95040,т,1,0,0,https://www.kavstal.ru/public/assets/images/products/Листовой_прокат/СТАЛЬ_ЛИСТОВАЯ_ОЦИНКОВАННАЯ_Х_К/лист_оцинкованный.webp,крепеж;сталь листовая оцинкованная х/к;н/обр zn100 м пас;55;лист;оцинкованный;0.55;мм;н/обр;zn100;пас,н/обр Zn100 М пас,0.55,,т
Листовой прокат,СТАЛЬ ЛИСТОВАЯ ОЦИНКОВАННАЯ Х/К,н/обр Zn100 М пас,Лист оцинкованный 0.7 мм н/обр Zn100 М пас,Лист оцинкованный 0.7 мм н/обр Zn100 М пас,0.7,95040,т,1,0,0,https://www.kavstal.ru/public/assets/images/products/Листовой_прокат/СТАЛЬ_ЛИСТОВАЯ_ОЦИНКОВАННАЯ_Х_К/лист_оцинкованный.webp,крепеж;сталь листовая оцинкованная х/к;н/обр zn100 м пас;7;лист;оцинкованный;0.7;мм;н/обр;zn100;пас,н/обр Zn100 М пас,0.7,,т
Листовой прокат,СТАЛЬ ЛИСТОВАЯ ОЦИНКОВАННАЯ Х/К,н/обр Zn100 М пас,Лист оцинкованный 0.7 мм н/обр Zn100 М пас,Лист оцинкованный 0.7 мм н/обр Zn100 М пас,0.7,95040,т,1,0,0,https://www.kavstal.ru/public/assets/images/products/Листовой_прокат/СТАЛЬ_ЛИСТОВАЯ_ОЦИНКОВАННАЯ_Х_К/лист_оцинкованный.webp,крепеж;сталь листовая оцинкованная х/к;н/обр zn100 м пас;7;лист;оцинкованный;0.7;мм;н/обр;zn100;пас,н/обр Zn100 М пас,0.7,,т
Листовой прокат,СТАЛЬ ЛИСТОВАЯ ОЦИНКОВАННАЯ Х/К,н/обр Zn100 М пас,Лист оцинкованный 0.8 мм н/обр Zn100 М пас,Лист оцинкованный 0.8 мм н/обр Zn100 М пас,0.8,95040,т,1,0,0,https://www.kavstal.ru/public/assets/images/products/Листовой_прокат/СТАЛЬ_ЛИСТОВАЯ_ОЦИНКОВАННАЯ_Х_К/лист_оцинкованный.webp,крепеж;сталь листовая оцинкованная х/к;н/обр zn100 м пас;8;лист;оцинкованный;0.8;мм;н/обр;zn100;пас,н/обр Zn100 М пас,0.8,,т
Листовой прокат,СТАЛЬ ЛИСТОВАЯ ОЦИНКОВАННАЯ Х/К,н/обр Zn100 М пас,Лист оцинкованный 0.8 мм н/обр Zn100 М пас,Лист оцинкованный 0.8 мм н/обр Zn100 М пас,0.8,95040,т,1,0,0,https://www.kavstal.ru/public/assets/images/products/Листовой_прокат/СТАЛЬ_ЛИСТОВАЯ_ОЦИНКОВАННАЯ_Х_К/лист_оцинкованный.webp,крепеж;сталь листовая оцинкованная х/к;н/обр zn100 м пас;8;лист;оцинкованный;0.8;мм;н/обр;zn100;пас,н/обр Zn100 М пас,0.8,,т
Листовой прокат,СТАЛЬ ЛИСТОВАЯ ОЦИНКОВАННАЯ Х/К,н/обр Zn100 М �ас,Лист оцинкованный 0.9 мм н/обр Zn100 М �ас,Лист оцинкованный 0.9 мм н/обр Zn100 М �ас,0.9,95040,т,1,0,0,https://www.kavstal.ru/public/assets/images/products/Листовой_прокат/СТАЛЬ_ЛИСТОВАЯ_ОЦИНКОВАННАЯ_Х_К/лист_оцинкованный.webp,крепеж;сталь листовая оцинкованная х/к;н/обр zn100 м ?ас;9,н/обр Zn100 М �ас,т,,т
Листовой прокат,СТАЛЬ ЛИСТОВАЯ ОЦИНКОВАННАЯ Х/К,н/обр Zn100 М пас,Лист оцинкованный 1 мм н/обр Zn100 М пас,Лист оцинкованный 1 мм н/обр Zn100 М пас,1,95040,т,1,0,0,https://www.kavstal.ru/public/assets/images/products/Листовой_прокат/СТАЛЬ_ЛИСТОВАЯ_ОЦИНКОВАННАЯ_Х_К/лист_оцинкованный.webp,крепеж;сталь листовая оцинкованная х/к;н/обр zn100 м пас;1;лист;оцинкованный;мм;н/обр;zn100;пас,н/обр Zn100 М пас,1,,т
Листовой прокат,СТАЛЬ ЛИСТОВАЯ ОЦИНКОВАННАЯ Х/К,н/обр Zn100 М пас,Лист оцинкованный 1.2 мм н/обр Zn100 М пас,Лист оцинкованный 1.2 мм н/обр Zn100 М пас,1.2,95040,т,1,0,0,https://www.kavstal.ru/public/assets/images/products/Листовой_прокат/СТАЛЬ_ЛИСТОВАЯ_ОЦИНКОВАННАЯ_Х_К/лист_оцинкованный.webp,крепеж;сталь листовая оцинкованная х/к;н/обр zn100 м пас;1;2;лист;оцинкованный;1.2;мм;н/обр;zn100;пас,н/обр Zn100 М пас,1.2,,т
Листовой прокат,СТАЛЬ ЛИСТОВАЯ ОЦИНКОВАННАЯ Х/К,н/обр Zn100 М пас,Лист оцинкованный 1.2 мм н/обр Zn100 М пас,Лист оцинкованный 1.2 мм н/обр Zn100 М пас,1.2,95040,т,1,0,0,https://www.kavstal.ru/public/assets/images/products/Листовой_прокат/СТАЛЬ_ЛИСТОВАЯ_ОЦИНКОВАННАЯ_Х_К/лист_оцинкованный.webp,крепеж;сталь листовая оцинкованная х/к;н/обр zn100 м пас;1;2;лист;оцинкованный;1.2;мм;н/обр;zn100;пас,н/обр Zn100 М пас,1.2,,т
Листовой прокат,СТАЛЬ ЛИСТОВАЯ ОЦИНКОВАННАЯ Х/К,н/обр Zn100 М пас,Лист оцинкованный 1.5 мм н/обр Zn100 М пас,Лист оцинкованный 1.5 мм н/обр Zn100 М пас,1.5,95040,т,1,0,0,https://www.kavstal.ru/public/assets/images/products/Листовой_прокат/СТАЛЬ_ЛИСТОВАЯ_ОЦИНКОВАННАЯ_Х_К/лист_оцинкованный.webp,крепеж;сталь листовая оцинкованная х/к;н/обр zn100 м пас;1;5;лист;оцинкованный;1.5;мм;н/обр;zn100;пас,н/обр Zn100 М пас,1.5,,т
Листовой прокат,СТАЛЬ ЛИСТОВАЯ ОЦИНКОВАННАЯ Х/К,н/обр Zn100 М пас,Лист оцинкованный 1.5 мм н/обр Zn100 М пас,Лист оцинкованный 1.5 мм н/обр Zn100 М пас,1.5,95040,т,1,0,0,https://www.kavstal.ru/public/assets/images/products/Листовой_прокат/СТАЛЬ_ЛИСТОВАЯ_ОЦИНКОВАННАЯ_Х_К/лист_оцинкованный.webp,крепеж;сталь листовая оцинкованная х/к;н/обр zn100 м пас;1;5;лист;оцинкованный;1.5;мм;н/обр;zn100;пас,н/обр Zn100 М пас,1.5,,т
Листовой прокат,СТАЛЬ ЛИСТОВАЯ ОЦИНКОВАННАЯ Х/К,н/обр Zn100 М пас,Лист оцинкованный 2 мм н/обр Zn100 М пас,Лист оцинкованный 2 мм н/обр Zn100 М пас,2,95040,т,1,0,0,https://www.kavstal.ru/public/assets/images/products/Листовой_прокат/СТАЛЬ_ЛИСТОВАЯ_ОЦИНКОВАННАЯ_Х_К/лист_оцинкованный.webp,крепеж;сталь листовая оцинкованная х/к;н/обр zn100 м пас;2;лист;оцинкованный;мм;н/обр;zn100;пас,н/обр Zn100 М пас,2,,т
Листовой прокат,СТАЛЬ ЛИСТОВАЯ ОЦИНКОВАННАЯ Х/К,"н/обр Zn100 М пас 1,25x2","Лист оцинкованный 0.45 мм н/обр Zn100 М пас 1,25x2","Лист оцинкованный 0.45 мм н/обр Zn100 М пас 1,25x2",0.45,95040,т,1,0,0,https://www.kavstal.ru/public/assets/images/products/Листовой_прокат/СТАЛЬ_ЛИСТОВАЯ_ОЦИНКОВАННАЯ_Х_К/лист_оцинкованный.webp,"крепеж;сталь листовая оцинкованная х/к;н/обр zn100 м пас 1,25x2;45;лист;оцинкованный;0.45;мм;н/обр;zn100;пас;25x2","н/обр Zn100 М пас 1,25x2",0.45,,т
Листовой прокат,СТАЛЬ ЛИСТОВАЯ ОЦИНКОВАННАЯ Х/К,"н/обр Zn100 М пас 1,25х3","Лист оцинкованный 0.7 мм н/обр Zn100 М пас 1,25х3","Лист оцинкованный 0.7 мм н/обр Zn100 М пас 1,25х3",0.7,95040,т,1,0,0,https://www.kavstal.ru/public/assets/images/products/Листовой_прокат/СТАЛЬ_ЛИСТОВАЯ_ОЦИНКОВАННАЯ_Х_К/лист_оцинкованный.webp,"крепеж;сталь листовая оцинкованная х/к;н/обр zn100 м пас 1,25х3;7;лист;оцинкованный;0.7;мм;н/обр;zn100;пас;25х3","н/обр Zn100 М пас 1,25х3",0.7,,т
Листовой прокат,СТАЛЬ ЛИСТОВАЯ ОЦИНКОВАННАЯ Х/К,н/обр Zn100 М пас 1х2,Лист оцинкованный 0.5 мм н/обр Zn100 М пас 1х2,Лист оцинкованный 0.5 мм н/обр Zn100 М пас 1х2,0.5,95040,т,1,0,0,https://www.kavstal.ru/public/assets/images/products/Листовой_прокат/СТАЛЬ_ЛИСТОВАЯ_ОЦИНКОВАННАЯ_Х_К/лист_оцинкованный.webp,крепеж;сталь листовая оцинкованная х/к;н/обр zn100 м пас 1х2;5;лист;оцинкованный;0.5;мм;н/обр;zn100;пас;1х2,н/обр Zn100 М пас 1х2,0.5,,т
Листовой прокат,СТАЛЬ ЛИСТОВАЯ ОЦИНКОВАННАЯ Х/К,н/обр Zn140 М пас,Лист оцинкованный 0.5 мм н/обр Zn140 М пас,Лист оцинкованный 0.5 мм н/обр Zn140 М пас,0.5,95040,т,1,0,0,https://www.kavstal.ru/public/assets/images/products/Листовой_прокат/СТАЛЬ_ЛИСТОВАЯ_ОЦИНКОВАННАЯ_Х_К/лист_оцинкованный.webp,крепеж;сталь листовая оцинкованная х/к;н/обр zn140 м пас;5;лист;оцинкованный;0.5;мм;н/обр;zn140;пас,н/обр Zn140 М пас,0.5,,т
Листовой прокат,СТАЛЬ ЛИСТОВАЯ ОЦИНКОВАННАЯ Х/К,н/обр Zn140 М пас,Лист оцинкованный 0.5 мм н/обр Zn140 М пас,Лист оцинкованный 0.5 мм н/обр Zn140 М пас,0.5,95040,т,1,0,0,https://www.kavstal.ru/public/assets/images/products/Листовой_прокат/СТАЛЬ_ЛИСТОВАЯ_ОЦИНКОВАННАЯ_Х_К/лист_оцинкованный.webp,крепеж;сталь листовая оцинкованная х/к;н/обр zn140 м пас;5;лист;оцинкованный;0.5;мм;н/обр;zn140;пас,н/обр Zn140 М пас,0.5,,т
Листовой прокат,СТАЛЬ ЛИСТОВАЯ ОЦИНКОВАННАЯ Х/К,н/обр Zn140 М пас,Лист оцинкованный 0.55 мм н/обр Zn140 М пас,Лист оцинкованный 0.55 мм н/обр Zn140 М пас,0.55,95040,т,1,0,0,https://www.kavstal.ru/public/assets/images/products/Листовой_прокат/СТАЛЬ_ЛИСТОВАЯ_ОЦИНКОВАННАЯ_Х_К/лист_оцинкованный.webp,крепеж;сталь листовая оцинкованная х/к;н/обр zn140 м пас;55;лист;оцинкованный;0.55;мм;н/обр;zn140;пас,н/обр Zn140 М пас,0.55,,т
Листовой прокат,СТАЛЬ ЛИСТОВАЯ ОЦИНКОВАННАЯ Х/К,н/обр Zn140 М пас,Лист оцинкованный 0.55 мм н/обр Zn140 М пас,Лист оцинкованный 0.55 мм н/обр Zn140 М пас,0.55,95040,т,1,0,0,https://www.kavstal.ru/public/assets/images/products/Листовой_прокат/СТАЛЬ_ЛИСТОВАЯ_ОЦИНКОВАННАЯ_Х_К/лист_оцинкованный.webp,крепеж;сталь листовая оцинкованная х/к;н/обр zn140 м пас;55;лист;оцинкованный;0.55;мм;н/обр;zn140;пас,н/обр Zn140 М пас,0.55,,т
Листовой прокат,СТАЛЬ ЛИСТОВАЯ ОЦИНКОВАННАЯ Х/К,н/обр Zn140 М пас,Лист оцинкованный 0.55 мм н/обр Zn140 М пас,Лист оцинкованный 0.55 мм н/обр Zn140 М пас,0.55,95040,т,1,0,0,https://www.kavstal.ru/public/assets/images/products/Листовой_прокат/СТАЛЬ_ЛИСТОВАЯ_ОЦИНКОВАННАЯ_Х_К/лист_оцинкованный.webp,крепеж;сталь листовая оцинкованная х/к;н/обр zn140 м пас;55;лист;оцинкованный;0.55;мм;н/обр;zn140;пас,н/обр Zn140 М пас,0.55,,т
Листовой прокат,СТАЛЬ ЛИСТОВАЯ ОЦИНКОВАННАЯ Х/К,н/обр Zn140 М пас,Лист оцинкованный 0.55 мм н/обр Zn140 М пас,Лист оцинкованный 0.55 мм н/обр Zn140 М пас,0.55,95040,т,1,0,0,https://www.kavstal.ru/public/assets/images/products/Листовой_прокат/СТАЛЬ_ЛИСТОВАЯ_ОЦИНКОВАННАЯ_Х_К/лист_оцинкованный.webp,крепеж;сталь листовая оцинкованная х/к;н/обр zn140 м пас;55;лист;оцинкованный;0.55;мм;н/обр;zn140;пас,н/обр Zn140 М пас,0.55,,т
Листовой прокат,СТАЛЬ ЛИСТОВАЯ ОЦИНКОВАННАЯ Х/К,н/обр Zn140 М пас,Лист оцинкованный 0.7 мм н/обр Zn140 М пас,Лист оцинкованный 0.7 мм н/обр Zn140 М пас,0.7,95040,т,1,0,0,https://www.kavstal.ru/public/assets/images/products/Листовой_прокат/СТАЛЬ_ЛИСТОВАЯ_ОЦИНКОВАННАЯ_Х_К/лист_оцинкованный.webp,крепеж;сталь листовая оцинкованная х/к;н/обр zn140 м пас;7;лист;оцинкованный;0.7;мм;н/обр;zn140;пас,н/обр Zn140 М пас,0.7,,т
Листовой прокат,СТАЛЬ ЛИСТОВАЯ ОЦИНКОВАННАЯ Х/К,н/обр Zn140 М пас,Лист оцинкованный 0.7 мм н/обр Zn140 М пас,Лист оцинкованный 0.7 мм н/обр Zn140 М пас,0.7,95040,т,1,0,0,https://www.kavstal.ru/public/assets/images/products/Листовой_прокат/СТАЛЬ_ЛИСТОВАЯ_ОЦИНКОВАННАЯ_Х_К/лист_оцинкованный.webp,крепеж;сталь листовая оцинкованная х/к;н/обр zn140 м пас;7;лист;оцинкованный;0.7;мм;н/обр;zn140;пас,н/обр Zn140 М пас,0.7,,т
Листовой прокат,СТАЛЬ ЛИСТОВАЯ ОЦИНКОВАННАЯ Х/К,н/обр Zn140 М пас,Лист оцинкованный 0.7 мм н/обр Zn140 М пас,Лист оцинкованный 0.7 мм н/обр Zn140 М пас,0.7,95040,т,1,0,0,https://www.kavstal.ru/public/assets/images/products/Листовой_прокат/СТАЛЬ_ЛИСТОВАЯ_ОЦИНКОВАННАЯ_Х_К/лист_оцинкованный.webp,крепеж;сталь листовая оцинкованная х/к;н/обр zn140 м пас;7;лист;оцинкованный;0.7;мм;н/обр;zn140;пас,н/обр Zn140 М пас,0.7,,т
Листовой прокат,СТАЛЬ ЛИСТОВАЯ ОЦИНКОВАННАЯ Х/К,н/обр Zn140 М пас,Лист оцинкованный 0.7 мм н/обр Zn140 М пас,Лист оцинкованный 0.7 мм н/обр Zn140 М пас,0.7,95040,т,1,0,0,https://www.kavstal.ru/public/assets/images/products/Листовой_прокат/СТАЛЬ_ЛИСТОВАЯ_ОЦИНКОВАННАЯ_Х_К/лист_оцинкованный.webp,крепеж;сталь листовая оцинкованная х/к;н/обр zn140 м пас;7;лист;оцинкованный;0.7;мм;н/обр;zn140;пас,н/обр Zn140 М пас,0.7,,т
Листовой прокат,СТАЛЬ ЛИСТОВАЯ ОЦИНКОВАННАЯ Х/К,н/обр Zn140 М пас,Лист оцинкованный 0.8 мм н/обр Zn140 М пас,Лист оцинкованный 0.8 мм н/обр Zn140 М пас,0.8,95040,т,1,0,0,https://www.kavstal.ru/public/assets/images/products/Листовой_прокат/СТАЛЬ_ЛИСТОВАЯ_ОЦИНКОВАННАЯ_Х_К/лист_оцинкованный.webp,крепеж;сталь листовая оцинкованная х/к;н/обр zn140 м пас;8;лист;оцинкованный;0.8;мм;н/обр;zn140;пас,н/обр Zn140 М пас,0.8,,т
Листовой прокат,СТАЛЬ ЛИСТОВАЯ ОЦИНКОВАННАЯ Х/К,н/обр Zn140 М пас,Лист оцинкованный 0.8 мм н/обр Zn140 М пас,Лист оцинкованный 0.8 мм н/обр Zn140 М пас,0.8,95040,т,1,0,0,https://www.kavstal.ru/public/assets/images/products/Листовой_прокат/СТАЛЬ_ЛИСТОВАЯ_ОЦИНКОВАННАЯ_Х_К/лист_оцинкованный.webp,крепеж;сталь листовая оцинкованная х/к;н/обр zn140 м пас;8;лист;оцинкованный;0.8;мм;н/обр;zn140;пас,н/обр Zn140 М пас,0.8,,т
Листовой прокат,СТАЛЬ ЛИСТОВАЯ ОЦИНКОВАННАЯ Х/К,н/обр Zn140 М пас,Лист оцинкованный 0.8 мм н/обр Zn140 М пас,Лист оцинкованный 0.8 мм н/обр Zn140 М пас,0.8,95040,т,1,0,0,https://www.kavstal.ru/public/assets/images/products/Листовой_прокат/СТАЛЬ_ЛИСТОВАЯ_ОЦИНКОВАННАЯ_Х_К/лист_оцинкованный.webp,крепеж;сталь листовая оцинкованная х/к;н/обр zn140 м пас;8;лист;оцинкованный;0.8;мм;н/обр;zn140;пас,н/обр Zn140 М пас,0.8,,т
Листовой прокат,СТАЛЬ ЛИСТОВАЯ ОЦИНКОВАННАЯ Х/К,н/обр Zn140 М пас,Лист оцинкованный 0.9 мм н/обр Zn140 М пас,Лист оцинкованный 0.9 мм н/обр Zn140 М пас,0.9,95040,т,1,0,0,https://www.kavstal.ru/public/assets/images/products/Листовой_прокат/СТАЛЬ_ЛИСТОВАЯ_ОЦИНКОВАННАЯ_Х_К/лист_оцинкованный.webp,крепеж;сталь листовая оцинкованная х/к;н/обр zn140 м пас;9;лист;оцинкованный;0.9;мм;н/обр;zn140;пас,н/обр Zn140 М пас,0.9,,т
Листовой прокат,СТАЛЬ ЛИСТОВАЯ ОЦИНКОВАННАЯ Х/К,н/обр Zn140 М пас,Лист оцинкованный 1 мм н/обр Zn140 М пас,Лист оцинкованный 1 мм н/обр Zn140 М пас,1,95040,т,1,0,0,https://www.kavstal.ru/public/assets/images/products/Листовой_прокат/СТАЛЬ_ЛИСТОВАЯ_ОЦИНКОВАННАЯ_Х_К/лист_оцинкованный.webp,крепеж;сталь листовая оцинкованная х/к;н/обр zn140 м пас;1;лист;оцинкованный;мм;н/обр;zn140;пас,н/обр Zn140 М пас,1,,т
Листовой прокат,СТАЛЬ ЛИСТОВАЯ ОЦИНКОВАННАЯ Х/К,н/обр Zn140 М пас,Лист оцинкованный 1 мм н/обр Zn140 М пас,Лист оцинкованный 1 мм н/обр Zn140 М пас,1,95040,т,1,0,0,https://www.kavstal.ru/public/assets/images/products/Листовой_прокат/СТАЛЬ_ЛИСТОВАЯ_ОЦИНКОВАННАЯ_Х_К/лист_оцинкованный.webp,крепеж;сталь листовая оцинкованная х/к;н/обр zn140 м пас;1;лист;оцинкованный;мм;н/обр;zn140;пас,н/обр Zn140 М пас,1,,т
Листовой прокат,СТАЛЬ ЛИСТОВАЯ ОЦИНКОВАННАЯ Х/К,н/обр Zn140 М пас,Лист оцинкованный 1 мм н/обр Zn140 М пас,Лист оцинкованный 1 мм н/обр Zn140 М пас,1,95040,т,1,0,0,https://www.kavstal.ru/public/assets/images/products/Листовой_прокат/СТАЛЬ_ЛИСТОВАЯ_ОЦИНКОВАННАЯ_Х_К/лист_оцинкованный.webp,крепеж;сталь листовая оцинкованная х/к;н/обр zn140 м пас;1;лист;оцинкованный;мм;н/обр;zn140;пас,н/обр Zn140 М пас,1,,т
Листовой прокат,СТАЛЬ ЛИСТОВАЯ ОЦИНКОВАННАЯ Х/К,н/обр Zn140 М пас,Лист оцинкованный 1.2 мм н/обр Zn140 М пас,Лист оцинкованный 1.2 мм н/обр Zn140 М пас,1.2,95040,т,1,0,0,https://www.kavstal.ru/public/assets/images/products/Листовой_прокат/СТАЛЬ_ЛИСТОВАЯ_ОЦИНКОВАННАЯ_Х_К/лист_оцинкованный.webp,крепеж;сталь листовая оцинкованная х/к;н/обр zn140 м пас;1;2;лист;оцинкованный;1.2;мм;н/обр;zn140;пас,н/обр Zn140 М пас,1.2,,т
Листовой прокат,СТАЛЬ ЛИСТОВАЯ ОЦИНКОВАННАЯ Х/К,н/обр Zn140 М пас,Лист оцинкованный 1.2 мм н/обр Zn140 М пас,Лист оцинкованный 1.2 мм н/обр Zn140 М пас,1.2,95040,т,1,0,0,https://www.kavstal.ru/public/assets/images/products/Листовой_прокат/СТАЛЬ_ЛИСТОВАЯ_ОЦИНКОВАННАЯ_Х_К/лист_оцинкованный.webp,крепеж;сталь листовая оцинкованная х/к;н/обр zn140 м пас;1;2;лист;оцинкованный;1.2;мм;н/обр;zn140;пас,н/обр Zn140 М пас,1.2,,т
Листовой прокат,СТАЛЬ ЛИСТОВАЯ ОЦИНКОВАННАЯ Х/К,н/обр Zn140 М пас,Лист оцинкованный 1.2 мм н/обр Zn140 М пас,Лист оцинкованный 1.2 мм н/обр Zn140 М пас,1.2,95040,т,1,0,0,https://www.kavstal.ru/public/assets/images/products/Листовой_прокат/СТАЛЬ_ЛИСТОВАЯ_ОЦИНКОВАННАЯ_Х_К/лист_оцинкованный.webp,крепеж;сталь листовая оцинкованная х/к;н/обр zn140 м пас;1;2;лист;оцинкованный;1.2;мм;н/обр;zn140;пас,н/обр Zn140 М пас,1.2,,т
Листовой прокат,СТАЛЬ ЛИСТОВАЯ ОЦИНКОВАННАЯ Х/К,н/обр Zn140 М пас,Лист оцинкованный 1.5 мм н/обр Zn140 М пас,Лист оцинкованный 1.5 мм н/обр Zn140 М пас,1.5,95040,т,1,0,0,https://www.kavstal.ru/public/assets/images/products/Листовой_прокат/СТАЛЬ_ЛИСТОВАЯ_ОЦИНКОВАННАЯ_Х_К/лист_оцинкованный.webp,крепеж;сталь листовая оцинкованная х/к;н/обр zn140 м пас;1;5;лист;оцинкованный;1.5;мм;н/обр;zn140;пас,н/обр Zn140 М пас,1.5,,т
Листовой прокат,СТАЛЬ ЛИСТОВАЯ ОЦИНКОВАННАЯ Х/К,н/обр Zn140 М пас,Лист оцинкованный 1.5 мм н/обр Zn140 М пас,Лист оцинкованный 1.5 мм н/обр Zn140 М пас,1.5,95040,т,1,0,0,https://www.kavstal.ru/public/assets/images/products/Листовой_прокат/СТАЛЬ_ЛИСТОВАЯ_ОЦИНКОВАННАЯ_Х_К/лист_оцинкованный.webp,крепеж;сталь листовая оцинкованная х/к;н/обр zn140 м пас;1;5;лист;оцинкованный;1.5;мм;н/обр;zn140;пас,н/обр Zn140 М пас,1.5,,т
Листовой прокат,СТАЛЬ ЛИСТОВАЯ ОЦИНКОВАННАЯ Х/К,н/обр Zn140 М пас,Лист оцинкованный 1.5 мм н/обр Zn140 М пас,Лист оцинкованный 1.5 мм н/обр Zn140 М пас,1.5,95040,т,1,0,0,https://www.kavstal.ru/public/assets/images/products/Листовой_прокат/СТАЛЬ_ЛИСТОВАЯ_ОЦИНКОВАННАЯ_Х_К/лист_оцинкованный.webp,крепеж;сталь листовая оцинкованная х/к;н/обр zn140 м пас;1;5;лист;оцинкованный;1.5;мм;н/обр;zn140;пас,н/обр Zn140 М пас,1.5,,т
Листовой прокат,СТАЛЬ ЛИСТОВАЯ ОЦИНКОВАННАЯ Х/К,н/обр Zn140 М пас,Лист оцинкованный 1.8 мм н/обр Zn140 М пас,Лист оцинкованный 1.8 мм н/обр Zn140 М пас,1.8,95040,т,1,0,0,https://www.kavstal.ru/public/assets/images/products/Листовой_прокат/СТАЛЬ_ЛИСТОВАЯ_ОЦИНКОВАННАЯ_Х_К/лист_оцинкованный.webp,крепеж;сталь листовая оцинкованная х/к;н/обр zn140 м пас;1;8;лист;оцинкованный;1.8;мм;н/обр;zn140;пас,н/обр Zn140 М пас,1.8,,т
Листовой прокат,СТАЛЬ ЛИСТОВАЯ ОЦИНКОВАННАЯ Х/К,н/обр Zn140 М пас,Лист оцинкованный 2 мм н/обр Zn140 М пас,Лист оцинкованный 2 мм н/обр Zn140 М пас,2,95040,т,1,0,0,https://www.kavstal.ru/public/assets/images/products/Листовой_прокат/СТАЛЬ_ЛИСТОВАЯ_ОЦИНКОВАННАЯ_Х_К/лист_оцинкованный.webp,крепеж;сталь листовая оцинкованная х/к;н/обр zn140 м пас;2;лист;оцинкованный;мм;н/обр;zn140;пас,н/обр Zn140 М пас,2,,т
Листовой прокат,СТАЛЬ ЛИСТОВАЯ ОЦИНКОВАННАЯ Х/К,н/обр Zn140 М пас,Лист оцинкованный 2 мм н/обр Zn140 М пас,Лист оцинкованный 2 мм н/обр Zn140 М пас,2,95040,т,1,0,0,https://www.kavstal.ru/public/assets/images/products/Листовой_прокат/СТАЛЬ_ЛИСТОВАЯ_ОЦИНКОВАННАЯ_Х_К/лист_оцинкованный.webp,крепеж;сталь листовая оцинкованная х/к;н/обр zn140 м пас;2;лист;оцинкованный;мм;н/обр;zn140;пас,н/обр Zn140 М пас,2,,т
Листовой прокат,СТАЛЬ ЛИСТОВАЯ ОЦИНКОВАННАЯ Х/К,н/обр Zn140 М пас,Лист оцинкованный 2.5 мм н/обр Zn140 М пас,Лист оцинкованный 2.5 мм н/обр Zn140 М пас,2.5,95040,т,1,0,0,https://www.kavstal.ru/public/assets/images/products/Листовой_прокат/СТАЛЬ_ЛИСТОВАЯ_ОЦИНКОВАННАЯ_Х_К/лист_оцинкованный.webp,крепеж;сталь листовая оцинкованная х/к;н/обр zn140 м пас;2;5;лист;оцинкованный;2.5;мм;н/обр;zn140;пас,н/обр Zn140 М пас,2.5,,т
Листовой прокат,СТАЛЬ ЛИСТОВАЯ ОЦИНКОВАННАЯ Х/К,н/обр Zn140 М пас,Лист оцинкованный 2.5 мм н/обр Zn140 М пас,Лист оцинкованный 2.5 мм н/обр Zn140 М пас,2.5,95040,т,1,0,0,https://www.kavstal.ru/public/assets/images/products/Листовой_прокат/СТАЛЬ_ЛИСТОВАЯ_ОЦИНКОВАННАЯ_Х_К/лист_оцинкованный.webp,крепеж;сталь листовая оцинкованная х/к;н/обр zn140 м пас;2;5;лист;оцинкованный;2.5;мм;н/обр;zn140;пас,н/обр Zn140 М пас,2.5,,т
Листовой прокат,СТАЛЬ ЛИСТОВАЯ ОЦИНКОВАННАЯ Х/К,н/обр Zn140 М пас,Лист оцинкованный 3 мм н/обр Zn140 М пас,Лист оцинкованный 3 мм н/обр Zn140 М пас,3,95040,т,1,0,0,https://www.kavstal.ru/public/assets/images/products/Листовой_прокат/СТАЛЬ_ЛИСТОВАЯ_ОЦИНКОВАННАЯ_Х_К/лист_оцинкованный.webp,крепеж;сталь листовая оцинкованная х/к;н/обр zn140 м пас;3;лист;оцинкованный;мм;н/обр;zn140;пас,н/обр Zn140 М пас,3,,т
Листовой прокат,СТАЛЬ ЛИСТОВАЯ ОЦИНКОВАННАЯ Х/К,н/обр Zn140 М пас,Лист оцинкованный 3 мм н/обр Zn140 М пас,Лист оцинкованный 3 мм н/обр Zn140 М пас,3,95040,т,1,0,0,https://www.kavstal.ru/public/assets/images/products/Листовой_прокат/СТАЛЬ_ЛИСТОВАЯ_ОЦИНКОВАННАЯ_Х_К/лист_оцинкованный.webp,крепеж;сталь листовая оцинкованная х/к;н/обр zn140 м пас;3;лист;оцинкованный;мм;н/обр;zn140;пас,н/обр Zn140 М пас,3,,т
Листовой прокат,СТАЛЬ ЛИСТОВАЯ ОЦИНКОВАННАЯ Х/К,"н/обр Zn140 М пас 1,5х3","Лист оцинкованный 0.8 мм н/обр Zn140 М пас 1,5х3","Лист оцинкованный 0.8 мм н/обр Zn140 М пас 1,5х3",0.8,95040,т,1,0,0,https://www.kavstal.ru/public/assets/images/products/Листовой_прокат/СТАЛЬ_ЛИСТОВАЯ_ОЦИНКОВАННАЯ_Х_К/лист_оцинкованный.webp,"крепеж;сталь листовая оцинкованная х/к;н/обр zn140 м пас 1,5х3;8;лист;оцинкованный;0.8;мм;н/обр;zn140;пас;5х3","н/обр Zn140 М пас 1,5х3",0.8,,т
Листовой прокат,СТАЛЬ ЛИСТОВАЯ ОЦИНКОВАННАЯ Х/К,"н/обр Zn140 М пас 1,5х3,0","Лист оцинкованный 0.7 мм н/обр Zn140 М пас 1,5х3,0","Лист оцинкованный 0.7 мм н/обр Zn140 М пас 1,5х3,0",0.7,95040,т,1,0,0,https://www.kavstal.ru/public/assets/images/products/Листовой_прокат/СТАЛЬ_ЛИСТОВАЯ_ОЦИНКОВАННАЯ_Х_К/лист_оцинкованный.webp,"крепеж;сталь листовая оцинкованная х/к;н/обр zn140 м пас 1,5х3,0;7;лист;оцинкованный;0.7;мм;н/обр;zn140;пас;5х3","н/обр Zn140 М пас 1,5х3,0",0.7,,т
Листовой прокат,СТАЛЬ ЛИСТОВАЯ ОЦИНКОВАННАЯ Х/К,"н/обр Zn140 М пас 1,25 х2","Лист оцинкованный 0.8 мм н/обр Zn140 М пас 1,25 х2","Лист оцинкованный 0.8 мм н/обр Zn140 М пас 1,25 х2",0.8,95040,т,1,0,0,https://www.kavstal.ru/public/assets/images/products/Листовой_прокат/СТАЛЬ_ЛИСТОВАЯ_ОЦИНКОВАННАЯ_Х_К/лист_оцинкованный.webp,"крепеж;сталь листовая оцинкованная х/к;н/обр zn140 м пас 1,25 х2;8;лист;оцинкованный;0.8;мм;н/обр;zn140;пас;25;х2","н/обр Zn140 М пас 1,25 х2",0.8,,т
Листовой прокат,СТАЛЬ ЛИСТОВАЯ ОЦИНКОВАННАЯ Х/К,"н/обр Zn140 М пас 1,25x2","Лист оцинкованный 0.7 мм н/обр Zn140 М пас 1,25x2","Лист оцинкованный 0.7 мм н/обр Zn140 М пас 1,25x2",0.7,95040,т,1,0,0,https://www.kavstal.ru/public/assets/images/products/Листовой_прокат/СТАЛЬ_ЛИСТОВАЯ_ОЦИНКОВАННАЯ_Х_К/лист_оцинкованный.webp,"крепеж;сталь листовая оцинкованная х/к;н/обр zn140 м пас 1,25x2;7;лист;оцинкованный;0.7;мм;н/обр;zn140;пас;25x2","н/обр Zn140 М пас 1,25x2",0.7,,т
Листовой прокат,СТАЛЬ ЛИСТОВАЯ ОЦИНКОВАННАЯ Х/К,"н/обр Zn140 М пас 1,5x3","Лист оцинкованный 1.5 мм н/обр Zn140 М пас 1,5x3","Лист оцинкованный 1.5 мм н/обр Zn140 М пас 1,5x3",1.5,95040,т,1,0,0,https://www.kavstal.ru/public/assets/images/products/Листовой_прокат/СТАЛЬ_ЛИСТОВАЯ_ОЦИНКОВАННАЯ_Х_К/лист_оцинкованный.webp,"крепеж;сталь листовая оцинкованная х/к;н/обр zn140 м пас 1,5x3;1;5;лист;оцинкованный;1.5;мм;н/обр;zn140;пас;5x3","н/обр Zn140 М пас 1,5x3",1.5,,т
Листовой прокат,СТАЛЬ ЛИСТОВАЯ ОЦИНКОВАННАЯ Х/К,"н/обр Zn140 М пас 1,5х3","Лист оцинкованный 1 мм н/обр Zn140 М пас 1,5х3","Лист оцинкованный 1 мм н/обр Zn140 М пас 1,5х3",1,95040,т,1,0,0,https://www.kavstal.ru/public/assets/images/products/Листовой_прокат/СТАЛЬ_ЛИСТОВАЯ_ОЦИНКОВАННАЯ_Х_К/лист_оцинкованный.webp,"крепеж;сталь листовая оцинкованная х/к;н/обр zn140 м пас 1,5х3;1;лист;оцинкованный;мм;н/обр;zn140;пас;5х3","н/обр Zn140 М пас 1,5х3",1,,т
Листовой прокат,СТАЛЬ ЛИСТОВАЯ ОЦИНКОВАННАЯ Х/К,н/обр Zn140 М пас 1.25х2,Лист оцинкованный 0.9 мм н/обр Zn140 М пас 1.25х2,Лист оцинкованный 0.9 мм н/обр Zn140 М пас 1.25х2,0.9,95040,т,1,0,0,https://www.kavstal.ru/public/assets/images/products/Листовой_прокат/СТАЛЬ_ЛИСТОВАЯ_ОЦИНКОВАННАЯ_Х_К/лист_оцинкованный.webp,крепеж;сталь листовая оцинкованная х/к;н/обр zn140 м пас 1.25х2;9;лист;оцинкованный;0.9;мм;н/обр;zn140;пас;1.25х2,н/обр Zn140 М пас 1.25х2,0.9,,т
Листовой прокат,СТАЛЬ ЛИСТОВАЯ ОЦИНКОВАННАЯ Х/К,н/обр Zn140 М пас 1.2x2.5,Лист оцинкованный 2 мм н/обр Zn140 М пас 1.2x2.5,Лист оцинкованный 2 мм н/обр Zn140 М пас 1.2x2.5,2,95040,т,1,0,0,https://www.kavstal.ru/public/assets/images/products/Листовой_прокат/СТАЛЬ_ЛИСТОВАЯ_ОЦИНКОВАННАЯ_Х_К/лист_оцинкованный.webp,крепеж;сталь листовая оцинкованная х/к;н/обр zn140 м пас 1.2x2.5;2;лист;оцинкованный;мм;н/обр;zn140;пас;1.2x2.5,н/обр Zn140 М пас 1.2x2.5,2,,т
Листовой прокат,СТАЛЬ ЛИСТОВАЯ ОЦИНКОВАННАЯ Х/К,н/обр Zn140 М пас 1x2,Лист оцинкованный 0.7 мм н/обр Zn140 М пас 1x2,Лист оцинкованный 0.7 мм н/обр Zn140 М пас 1x2,0.7,95040,т,1,0,0,https://www.kavstal.ru/public/assets/images/products/Листовой_прокат/СТАЛЬ_ЛИСТОВАЯ_ОЦИНКОВАННАЯ_Х_К/лист_оцинкованный.webp,крепеж;сталь листовая оцинкованная х/к;н/обр zn140 м пас 1x2;7;лист;оцинкованный;0.7;мм;н/обр;zn140;пас;1x2,н/обр Zn140 М пас 1x2,0.7,,т
Листовой прокат,СТАЛЬ ЛИСТОВАЯ ОЦИНКОВАННАЯ Х/К,н/обр Zn140 М пас 1x2,Лист оцинкованный 2 мм н/обр Zn140 М пас 1x2,Лист оцинкованный 2 мм н/обр Zn140 М пас 1x2,2,95040,т,1,0,0,https://www.kavstal.ru/public/assets/images/products/Листовой_прокат/СТАЛЬ_ЛИСТОВАЯ_ОЦИНКОВАННАЯ_Х_К/лист_оцинкованный.webp,крепеж;сталь листовая оцинкованная х/к;н/обр zn140 м пас 1x2;2;лист;оцинкованный;мм;н/обр;zn140;пас;1x2,н/обр Zn140 М пас 1x2,2,,т
Листовой прокат,СТАЛЬ ЛИСТОВАЯ ОЦИНКОВАННАЯ Х/К,н/обр Zn140 М пас 1х2,Лист оцинкованный 0.5 мм н/обр Zn140 М пас 1х2,Лист оцинкованный 0.5 мм н/обр Zn140 М пас 1х2,0.5,95040,т,1,0,0,https://www.kavstal.ru/public/assets/images/products/Листовой_прокат/СТАЛЬ_ЛИСТОВАЯ_ОЦИНКОВАННАЯ_Х_К/лист_оцинкованный.webp,крепеж;сталь листовая оцинкованная х/к;н/обр zn140 м пас 1х2;5;лист;оцинкованный;0.5;мм;н/обр;zn140;пас;1х2,н/обр Zn140 М пас 1х2,0.5,,т
Листовой прокат,СТАЛЬ ЛИСТОВАЯ ОЦИНКОВАННАЯ Х/К,н/обр Zn140 М пас 1х2,Лист оцинкованный 0.5 мм н/обр Zn140 М пас 1х2,Лист оцинкованный 0.5 мм н/обр Zn140 М пас 1х2,0.5,95040,т,1,0,0,https://www.kavstal.ru/public/assets/images/products/Листовой_прокат/СТАЛЬ_ЛИСТОВАЯ_ОЦИНКОВАННАЯ_Х_К/лист_оцинкованный.webp,крепеж;сталь листовая оцинкованная х/к;н/обр zn140 м пас 1х2;5;лист;оцинкованный;0.5;мм;н/обр;zn140;пас;1х2,н/обр Zn140 М пас 1х2,0.5,,т
Листовой прокат,СТАЛЬ ЛИСТОВАЯ ОЦИНКОВАННАЯ Х/К,н/обр Zn140 М пас ГОСТ,Лист оцинкованный 2 мм н/обр Zn140 М пас ГОСТ,Лист оцинкованный 2 мм н/обр Zn140 М пас ГОСТ,2,95040,т,1,0,0,https://www.kavstal.ru/public/assets/images/products/Листовой_прокат/СТАЛЬ_ЛИСТОВАЯ_ОЦИНКОВАННАЯ_Х_К/лист_оцинкованный.webp,крепеж;сталь листовая оцинкованная х/к;н/обр zn140 м пас гост;2;лист;оцинкованный;мм;н/обр;zn140;пас;гост,н/обр Zn140 М пас ГОСТ,2,,т
Листовой прокат,СТАЛЬ ЛИСТОВАЯ ОЦИНКОВАННАЯ Х/К,н/обр Zn140 М пас т,Лист оцинкованный 2 мм н/обр Zn140 М пас т,Лист оцинкованный 2 мм н/обр Zn140 М пас т,2,95040,т,1,0,0,https://www.kavstal.ru/public/assets/images/products/Листовой_прокат/СТАЛЬ_ЛИСТОВАЯ_ОЦИНКОВАННАЯ_Х_К/лист_оцинкованный.webp,крепеж;сталь листовая оцинкованная х/к;н/обр zn140 м пас т;2;лист;оцинкованный;мм;н/обр;zn140;пас,н/обр Zn140 М пас т,2,,т
Листовой прокат,СТАЛЬ ЛИСТОВАЯ ОЦИНКОВАННАЯ Х/К,н/обр Zn140 М пром пас,Лист оцинкованный 2 мм н/обр Zn140 М пром пас,Лист оцинкованный 2 мм н/обр Zn140 М пром пас,2,95040,т,1,0,0,https://www.kavstal.ru/public/assets/images/products/Листовой_прокат/СТАЛЬ_ЛИСТОВАЯ_ОЦИНКОВАННАЯ_Х_К/лист_оцинкованный.webp,крепеж;сталь листовая оцинкованная х/к;н/обр zn140 м пром пас;2;лист;оцинкованный;мм;н/обр;zn140;пром;пас,н/обр Zn140 М пром пас,2,,т
Листовой прокат,СТАЛЬ ЛИСТОВАЯ ОЦИНКОВАННАЯ Х/К,н/обр Zn140 М пром_пас,Лист оцинкованный 0.6 мм,Лист оцинкованный 0.6 мм,0.6,99000,т,1,0,0,https://www.kavstal.ru/public/assets/images/products/Листовой_прокат/СТАЛЬ_ЛИСТОВАЯ_ОЦИНКОВАННАЯ_Х_К/лист_оцинкованный.webp,крепеж;сталь листовая оцинкованная х/к;н/обр zn140 м пром_пас;6;лист;оцинкованный;0.6;мм,н/обр Zn140 М пром_пас,0.6,,т
Листовой прокат,СТАЛЬ ЛИСТОВАЯ ОЦИНКОВАННАЯ Х/К,н/обр Zn275 М пас,Лист оцинкованный 0.5 мм н/обр Zn275 М пас,Лист оцинкованный 0.5 мм н/обр Zn275 М пас,0.5,95040,т,1,0,0,https://www.kavstal.ru/public/assets/images/products/Листовой_прокат/СТАЛЬ_ЛИСТОВАЯ_ОЦИНКОВАННАЯ_Х_К/лист_оцинкованный.webp,крепеж;сталь листовая оцинкованная х/к;н/обр zn275 м пас;5;лист;оцинкованный;0.5;мм;н/обр;zn275;пас,н/обр Zn275 М пас,0.5,,т
Листовой прокат,СТАЛЬ ЛИСТОВАЯ ОЦИНКОВАННАЯ Х/К,н/обр Zn275 М пас,Лист оцинкованный 0.7 мм н/обр Zn275 М пас,Лист оцинкованный 0.7 мм н/обр Zn275 М пас,0.7,95040,т,1,0,0,https://www.kavstal.ru/public/assets/images/products/Листовой_прокат/СТАЛЬ_ЛИСТОВАЯ_ОЦИНКОВАННАЯ_Х_К/лист_оцинкованный.webp,крепеж;сталь листовая оцинкованная х/к;н/обр zn275 м пас;7;лист;оцинкованный;0.7;мм;н/обр;zn275;пас,н/обр Zn275 М пас,0.7,,т
Листовой прокат,СТАЛЬ ЛИСТОВАЯ ОЦИНКОВАННАЯ Х/К,н/обр Zn275 М пас,Лист оцинкованный 0.8 мм н/обр Zn275 М пас,Лист оцинкованный 0.8 мм н/обр Zn275 М пас,0.8,95040,т,1,0,0,https://www.kavstal.ru/public/assets/images/products/Листовой_прокат/СТАЛЬ_ЛИСТОВАЯ_ОЦИНКОВАННАЯ_Х_К/лист_оцинкованный.webp,крепеж;сталь листовая оцинкованная х/к;н/обр zn275 м пас;8;лист;оцинкованный;0.8;мм;н/обр;zn275;пас,н/обр Zn275 М пас,0.8,,т
Листовой прокат,СТАЛЬ ЛИСТОВАЯ ОЦИНКОВАННАЯ Х/К,н/обр Zn275 М пас,Лист оцинкованный 1.2 мм н/обр Zn275 М пас,Лист оцинкованный 1.2 мм н/обр Zn275 М пас,1.2,95040,т,1,0,0,https://www.kavstal.ru/public/assets/images/products/Листовой_прокат/СТАЛЬ_ЛИСТОВАЯ_ОЦИНКОВАННАЯ_Х_К/лист_оцинкованный.webp,крепеж;сталь листовая оцинкованная х/к;н/обр zn275 м пас;1;2;лист;оцинкованный;1.2;мм;н/обр;zn275;пас,н/обр Zn275 М пас,1.2,,т
Листовой прокат,СТАЛЬ ЛИСТОВАЯ ОЦИНКОВАННАЯ Х/К,н/обр Zn275 М пас,Лист оцинкованный 1.5 мм н/обр Zn275 М пас,Лист оцинкованный 1.5 мм н/обр Zn275 М пас,1.5,95040,т,1,0,0,https://www.kavstal.ru/public/assets/images/products/Листовой_прокат/СТАЛЬ_ЛИСТОВАЯ_ОЦИНКОВАННАЯ_Х_К/лист_оцинкованный.webp,крепеж;сталь листовая оцинкованная х/к;н/обр zn275 м пас;1;5;лист;оцинкованный;1.5;мм;н/обр;zn275;пас,н/обр Zn275 М пас,1.5,,т
Листовой прокат,СТАЛЬ ЛИСТОВАЯ ОЦИНКОВАННАЯ Х/К,н/обр Zn275 М пас,Лист оцинкованный 2 мм н/обр Zn275 М пас,Лист оцинкованный 2 мм н/обр Zn275 М пас,2,95040,т,1,0,0,https://www.kavstal.ru/public/assets/images/products/Листовой_прокат/СТАЛЬ_ЛИСТОВАЯ_ОЦИНКОВАННАЯ_Х_К/лист_оцинкованный.webp,крепеж;сталь листовая оцинкованная х/к;н/обр zn275 м пас;2;лист;оцинкованный;мм;н/обр;zn275;пас,н/обр Zn275 М пас,2,,т
Листовой прокат,СТАЛЬ ЛИСТОВАЯ ОЦИНКОВАННАЯ Х/К,н/обр Zn275 М пас,Лист оцинкованный 2 мм н/обр Zn275 М пас,Лист оцинкованный 2 мм н/обр Zn275 М пас,2,95040,т,1,0,0,https://www.kavstal.ru/public/assets/images/products/Листовой_прокат/СТАЛЬ_ЛИСТОВАЯ_ОЦИНКОВАННАЯ_Х_К/лист_оцинкованный.webp,крепеж;сталь листовая оцинкованная х/к;н/обр zn275 м пас;2;лист;оцинкованный;мм;н/обр;zn275;пас,н/обр Zn275 М пас,2,,т
Листовой прокат,СТАЛЬ ЛИСТОВАЯ ОЦИНКОВАННАЯ Х/К,н/обр Zn275 М пас,Лист оцинкованный 3 мм н/обр Zn275 М пас,Лист оцинкованный 3 мм н/обр Zn275 М пас,3,95040,т,1,0,0,https://www.kavstal.ru/public/assets/images/products/Листовой_прокат/СТАЛЬ_ЛИСТОВАЯ_ОЦИНКОВАННАЯ_Х_К/лист_оцинкованный.webp,крепеж;сталь листовая оцинкованная х/к;н/обр zn275 м пас;3;лист;оцинкованный;мм;н/обр;zn275;пас,н/обр Zn275 М пас,3,,т
Листовой прокат,СТАЛЬ ЛИСТОВАЯ ОЦИНКОВАННАЯ Х/К,н/обр Zn350 М пас,Лист оцинкованный 0.8 мм н/обр Zn350 М пас,Лист оцинкованный 0.8 мм н/обр Zn350 М пас,0.8,95040,т,1,0,0,https://www.kavstal.ru/public/assets/images/products/Листовой_прокат/СТАЛЬ_ЛИСТОВАЯ_ОЦИНКОВАННАЯ_Х_К/лист_оцинкованный.webp,крепеж;сталь листовая оцинкованная х/к;н/обр zn350 м пас;8;лист;оцинкованный;0.8;мм;н/обр;zn350;пас,н/обр Zn350 М пас,0.8,,т
Листовой прокат,СТАЛЬ ЛИСТОВАЯ ОЦИНКОВАННАЯ Х/К,н/обр М пас Zn275,Лист оцинкованный 1 мм н/обр М пас Zn275,Лист оцинкованный 1 мм н/обр М пас Zn275,1,95040,т,1,0,0,https://www.kavstal.ru/public/assets/images/products/Листовой_прокат/СТАЛЬ_ЛИСТОВАЯ_ОЦИНКОВАННАЯ_Х_К/лист_оцинкованный.webp,крепеж;сталь листовая оцинкованная х/к;н/обр м пас zn275;1;лист;оцинкованный;мм;н/обр;пас;zn275,н/обр М пас Zn275,1,,т
Листовой прокат,СТАЛЬ ЛИСТОВАЯ ОЦИНКОВАННАЯ Х/К,н/обр ст 220 Zn120 Н пас,Лист оцинкованный 1.8 мм н/обр ст 220 Zn120 Н пас,Лист оцинкованный 1.8 мм н/обр ст 220 Zn120 Н пас,1.8,95040,т,1,0,0,https://www.kavstal.ru/public/assets/images/products/Листовой_прокат/СТАЛЬ_ЛИСТОВАЯ_ОЦИНКОВАННАЯ_Х_К/лист_оцинкованный.webp,крепеж;сталь листовая оцинкованная х/к;н/обр ст 220 zn120 н пас;1;8;лист;оцинкованный;1.8;мм;н/обр;ст;220;zn120;пас,н/обр ст 220 Zn120 Н пас,1.8,,т
Листовой прокат,СТАЛЬ ЛИСТОВАЯ ОЦИНКОВАННАЯ Х/К,н/обр ст 220 Zn120 Н пас,Лист оцинкованный 2 мм н/обр ст 220 Zn120 Н пас,Лист оцинкованный 2 мм н/обр ст 220 Zn120 Н пас,2,95040,т,1,0,0,https://www.kavstal.ru/public/assets/images/products/Листовой_прокат/СТАЛЬ_ЛИСТОВАЯ_ОЦИНКОВАННАЯ_Х_К/лист_оцинкованный.webp,крепеж;сталь листовая оцинкованная х/к;н/обр ст 220 zn120 н пас;2;лист;оцинкованный;мм;н/обр;ст;220;zn120;пас,н/обр ст 220 Zn120 Н пас,2,,т
Листовой прокат,СТАЛЬ ЛИСТОВАЯ ОЦИНКОВАННАЯ Х/К,н/обр ст 220 Zn120 Н пром_пас,Лист оцинкованный 2 мм,Лист оцинкованный 2 мм,2,99000,т,1,0,0,https://www.kavstal.ru/public/assets/images/products/Листовой_прокат/СТАЛЬ_ЛИСТОВАЯ_ОЦИНКОВАННАЯ_Х_К/лист_оцинкованный.webp,крепеж;сталь листовая оцинкованная х/к;н/обр ст 220 zn120 н пром_пас;2;лист;оцинкованный;мм,н/обр ст 220 Zn120 Н пром_пас,2,,т
Листовой прокат,СТАЛЬ ЛИСТОВАЯ ОЦИНКОВАННАЯ Х/К,неконд неконд,Лист оцинкованный 0 мм неконд неконд,Лист оцинкованный 0 мм неконд неконд,0,59400,т,1,0,0,https://www.kavstal.ru/public/assets/images/products/Листовой_прокат/СТАЛЬ_ЛИСТОВАЯ_ОЦИНКОВАННАЯ_Х_К/лист_оцинкованный.webp,крепеж;сталь листовая оцинкованная х/к;неконд неконд;лист;оцинкованный;мм;неконд,неконд неконд,0,,т
Листовой прокат,СТАЛЬ ЛИСТОВАЯ ОЦИНКОВАННАЯ Х/К,обр Zn100 М пас,Лист оцинкованный 0.6 мм обр Zn100 М пас,Лист оцинкованный 0.6 мм обр Zn100 М пас,0.6,99000,т,1,0,0,https://www.kavstal.ru/public/assets/images/products/Листовой_прокат/СТАЛЬ_ЛИСТОВАЯ_ОЦИНКОВАННАЯ_Х_К/лист_оцинкованный.webp,крепеж;сталь листовая оцинкованная х/к;обр zn100 м пас;6;лист;оцинкованный;0.6;мм;обр;zn100;пас,обр Zn100 М пас,0.6,,т
Листовой прокат,СТАЛЬ ЛИСТОВАЯ ОЦИНКОВАННАЯ Х/К,обр Zn100 М пас,Лист оцинкованный 0.9 мм обр Zn100 М пас,Лист оцинкованный 0.9 мм обр Zn100 М пас,0.9,99000,т,1,0,0,https://www.kavstal.ru/public/assets/images/products/Листовой_прокат/СТАЛЬ_ЛИСТОВАЯ_ОЦИНКОВАННАЯ_Х_К/лист_оцинкованный.webp,крепеж;сталь листовая оцинкованная х/к;обр zn100 м пас;9;лист;оцинкованный;0.9;мм;обр;zn100;пас,обр Zn100 М пас,0.9,,т
Листовой прокат,СТАЛЬ ЛИСТОВАЯ ОЦИНКОВАННАЯ Х/К,обр Zn100 М пром_пас,Лист оцинкованный 0.6 мм,Лист оцинкованный 0.6 мм,0.6,99000,т,1,0,0,https://www.kavstal.ru/public/assets/images/products/Листовой_прокат/СТАЛЬ_ЛИСТОВАЯ_ОЦИНКОВАННАЯ_Х_К/лист_оцинкованный.webp,крепеж;сталь листовая оцинкованная х/к;обр zn100 м пром_пас;6;лист;оцинкованный;0.6;мм,обр Zn100 М пром_пас,0.6,,т
Листовой прокат,СТАЛЬ ЛИСТОВАЯ ОЦИНКОВАННАЯ Х/К,обр Zn140 М пром_пас,Лист оцинкованный 0.6 мм,Лист оцинкованный 0.6 мм,0.6,99000,т,1,0,0,https://www.kavstal.ru/public/assets/images/products/Листовой_прокат/СТАЛЬ_ЛИСТОВАЯ_ОЦИНКОВАННАЯ_Х_К/лист_оцинкованный.webp,крепеж;сталь листовая оцинкованная х/к;обр zn140 м пром_пас;6;лист;оцинкованный;0.6;мм,обр Zn140 М пром_пас,0.6,,т
Листовой прокат,СТАЛЬ ЛИСТОВАЯ Г/К ОБЫЧ КАЧЕСТВА,Ст3 н/обр,Лист г/к 1.5 мм Ст3 (необрезанный),Лист г/к 1.5 мм Ст3 (необрезанный),1.5,64990,т,1,0,0,https://www.kavstal.ru/public/assets/images/products/Листовой_прокат/СТАЛЬ_ЛИСТ_Г_К_КОНСТРУКЦИОННАЯ/лист.webp,балашиха;сталь листовая г/к обыч качества;ст3 н/обр;1;5;лист;г/к;1.5;мм;ст3;необрезанный,Ст3 н/обр,1.5,,т
Листовой прокат,СТАЛЬ ЛИСТОВАЯ Г/К ОБЫЧ КАЧЕСТВА,Ст3 н/обр,Лист г/к 2 мм Ст3 (необрезанный),Лист г/к 2 мм Ст3 (необрезанный),2,55990,т,1,0,0,https://www.kavstal.ru/public/assets/images/products/Листовой_прокат/СТАЛЬ_ЛИСТ_Г_К_КОНСТРУКЦИОННАЯ/лист.webp,балашиха;сталь листовая г/к обыч качества;ст3 н/обр;2;лист;г/к;мм;ст3;необрезанный,Ст3 н/обр,2,,т
Листовой прокат,СТАЛЬ ЛИСТОВАЯ Г/К ОБЫЧ КАЧЕСТВА,Ст3 н/обр,Лист г/к 2 мм Ст3 (необрезанный),Лист г/к 2 мм Ст3 (необрезанный),2,56990,т,1,0,0,https://www.kavstal.ru/public/assets/images/products/Листовой_прокат/СТАЛЬ_ЛИСТ_Г_К_КОНСТРУКЦИОННАЯ/лист.webp,балашиха;сталь листовая г/к обыч качества;ст3 н/обр;2;лист;г/к;мм;ст3;необрезанный,Ст3 н/обр,2,,т
Листовой прокат,СТАЛЬ ЛИСТОВАЯ Г/К ОБЫЧ КАЧЕСТВА,Ст3 н/обр,Лист г/к 2.5 мм Ст3 (необрезанный),Лист г/к 2.5 мм Ст3 (необрезанный),2.5,56490,т,1,0,0,https://www.kavstal.ru/public/assets/images/products/Листовой_прокат/СТАЛЬ_ЛИСТ_Г_К_КОНСТРУКЦИОННАЯ/лист.webp,балашиха;сталь листовая г/к обыч качества;ст3 н/обр;2;5;лист;г/к;2.5;мм;ст3;необрезанный,Ст3 н/обр,2.5,,т
Листовой прокат,СТАЛЬ ЛИСТОВАЯ Г/К ОБЫЧ КАЧЕСТВА,Ст3 н/обр,Лист г/к 2.5 мм Ст3 (необрезанный),Лист г/к 2.5 мм Ст3 (необрезанный),2.5,58490,т,1,0,0,https://www.kavstal.ru/public/assets/images/products/Листовой_прокат/СТАЛЬ_ЛИСТ_Г_К_КОНСТРУКЦИОННАЯ/лист.webp,балашиха;сталь листовая г/к обыч качества;ст3 н/обр;2;5;лист;г/к;2.5;мм;ст3;необрезанный,Ст3 н/обр,2.5,,т
Листовой прокат,СТАЛЬ ЛИСТОВАЯ Г/К ОБЫЧ КАЧЕСТВА,Ст3 н/обр,Лист г/к 3 мм Ст3 (необрезанный),Лист г/к 3 мм Ст3 (необрезанный),3,56990,т,1,0,0,https://www.kavstal.ru/public/assets/images/products/Листовой_прокат/СТАЛЬ_ЛИСТ_Г_К_КОНСТРУКЦИОННАЯ/лист.webp,балашиха;сталь листовая г/к обыч качества;ст3 н/обр;3;лист;г/к;мм;ст3;необрезанный,Ст3 н/обр,3,,т
Листовой прокат,СТАЛЬ ЛИСТОВАЯ Г/К ОБЫЧ КАЧЕСТВА,Ст3 н/обр,Лист г/к 4 мм Ст3 (необрезанный),Лист г/к 4 мм Ст3 (необрезанный),4,55990,т,1,0,0,https://www.kavstal.ru/public/assets/images/products/Листовой_прокат/СТАЛЬ_ЛИСТ_Г_К_КОНСТРУКЦИОННАЯ/лист.webp,балашиха;сталь листовая г/к обыч качества;ст3 н/обр;4;5;6;лист;г/к;мм;ст3;необрезанный,Ст3 н/обр,4 ; 5; 6,,т
Листовой прокат,СТАЛЬ ЛИСТОВАЯ Г/К ОБЫЧ КАЧЕСТВА,Ст3 н/обр,Лист г/к 7 мм Ст3 (необрезанный),Лист г/к 7 мм Ст3 (необрезанный),7,53490,т,1,0,0,https://www.kavstal.ru/public/assets/images/products/Листовой_прокат/СТАЛЬ_ЛИСТ_Г_К_КОНСТРУКЦИОННАЯ/лист.webp,балашиха;сталь листовая г/к обыч качества;ст3 н/обр;7;лист;г/к;мм;ст3;необрезанный,Ст3 н/обр,7,,т
Листовой прокат,СТАЛЬ ЛИСТОВАЯ Г/К ОБЫЧ КАЧЕСТВА,Ст3 н/обр,Лист г/к 7 мм Ст3 (необрезанный),Лист г/к 7 мм Ст3 (необрезанный),7,55490,т,1,0,0,https://www.kavstal.ru/public/assets/images/products/Листовой_прокат/СТАЛЬ_ЛИСТ_Г_К_КОНСТРУКЦИОННАЯ/лист.webp,балашиха;сталь листовая г/к обыч качества;ст3 н/обр;7;лист;г/к;мм;ст3;необрезанный,Ст3 н/обр,7,,т
Листовой прокат,СТАЛЬ ЛИСТОВАЯ Г/К ОБЫЧ КАЧЕСТВА,Ст3 н/обр,Лист г/к 8 мм Ст3 (необрезанный),Лист г/к 8 мм Ст3 (необрезанный),8,52990,т,1,0,0,https://www.kavstal.ru/public/assets/images/products/Листовой_прокат/СТАЛЬ_ЛИСТ_Г_К_КОНСТРУКЦИОННАЯ/лист.webp,балашиха;сталь листовая г/к обыч качества;ст3 н/обр;8;лист;г/к;мм;ст3;необрезанный,Ст3 н/обр,8,,т
Листовой прокат,СТАЛЬ ЛИСТОВАЯ Г/К ОБЫЧ КАЧЕСТВА,Ст3 н/обр,Лист г/к 8 мм Ст3 (необрезанный),Лист г/к 8 мм Ст3 (необрезанный),8,53990,т,1,0,0,https://www.kavstal.ru/public/assets/images/products/Листовой_прокат/СТАЛЬ_ЛИСТ_Г_К_КОНСТРУКЦИОННАЯ/лист.webp,балашиха;сталь листовая г/к обыч качества;ст3 н/обр;8;лист;г/к;мм;ст3;необрезанный,Ст3 н/обр,8,,т
Листовой прокат,СТАЛЬ ЛИСТОВАЯ Г/К ОБЫЧ КАЧЕСТВА,Ст3 н/обр,Лист г/к 8 мм Ст3 (необрезанный),Лист г/к 8 мм Ст3 (необрезанный),8,54990,т,1,0,0,https://www.kavstal.ru/public/assets/images/products/Листовой_прокат/СТАЛЬ_ЛИСТ_Г_К_КОНСТРУКЦИОННАЯ/лист.webp,балашиха;сталь листовая г/к обыч качества;ст3 н/обр;8;лист;г/к;мм;ст3;необрезанный,Ст3 н/обр,8,,т
Листовой прокат,СТАЛЬ ЛИСТОВАЯ Г/К ОБЫЧ КАЧЕСТВА,Ст3 н/обр,Лист г/к 8 мм Ст3 (необрезанный),Лист г/к 8 мм Ст3 (необрезанный),8,53990,теор.т,1,0,0,https://www.kavstal.ru/public/assets/images/products/Листовой_прокат/СТАЛЬ_ЛИСТ_Г_К_КОНСТРУКЦИОННАЯ/лист.webp,балашиха;сталь листовая г/к обыч качества;ст3 н/обр;8;лист;г/к;мм;ст3;необрезанный,Ст3 н/обр,8,,теор.т
Листовой прокат,СТАЛЬ ЛИСТОВАЯ Г/К ОБЫЧ КАЧЕСТВА,Ст3 н/обр,Лист г/к 8 мм Ст3 (необрезанный),Лист г/к 8 мм Ст3 (необрезанный),8,54490,теор.т,1,0,0,https://www.kavstal.ru/public/assets/images/products/Листовой_прокат/СТАЛЬ_ЛИСТ_Г_К_КОНСТРУКЦИОННАЯ/лист.webp,балашиха;сталь листовая г/к обыч качества;ст3 н/обр;8;лист;г/к;мм;ст3;необрезанный,Ст3 н/обр,8,,теор.т
Листовой прокат,СТАЛЬ ЛИСТОВАЯ Г/К ОБЫЧ КАЧЕСТВА,Ст3 н/обр,Лист г/к 9 мм Ст3 (необрезанный),Лист г/к 9 мм Ст3 (необрезанный),9,53990,т,1,0,0,https://www.kavstal.ru/public/assets/images/products/Листовой_прокат/СТАЛЬ_ЛИСТ_Г_К_КОНСТРУКЦИОННАЯ/лист.webp,балашиха;сталь листовая г/к обыч качества;ст3 н/обр;9;лист;г/к;мм;ст3;необрезанный,Ст3 н/обр,9,,т
Листовой прокат,СТАЛЬ ЛИСТОВАЯ Г/К ОБЫЧ КАЧЕСТВА,Ст3 н/обр,Лист г/к 10 мм Ст3 (необрезанный),Лист г/к 10 мм Ст3 (необрезанный),10,53490,т,1,0,0,https://www.kavstal.ru/public/assets/images/products/Листовой_прокат/СТАЛЬ_ЛИСТ_Г_К_КОНСТРУКЦИОННАЯ/лист.webp,балашиха;сталь листовая г/к обыч качества;ст3 н/обр;10;лист;г/к;мм;ст3;необрезанный,Ст3 н/обр,10,,т
Листовой прокат,СТАЛЬ ЛИСТОВАЯ Г/К ОБЫЧ КАЧЕСТВА,Ст3 н/обр,Лист г/к 10 мм Ст3 (необрезанный),Лист г/к 10 мм Ст3 (необрезанный),10,53990,т,1,0,0,https://www.kavstal.ru/public/assets/images/products/Листовой_прокат/СТАЛЬ_ЛИСТ_Г_К_КОНСТРУКЦИОННАЯ/лист.webp,балашиха;сталь листовая г/к обыч качества;ст3 н/обр;10;лист;г/к;мм;ст3;необрезанный,Ст3 н/обр,10,,т
Листовой прокат,СТАЛЬ ЛИСТОВАЯ Г/К ОБЫЧ КАЧЕСТВА,Ст3 н/обр,Лист г/к 12 мм Ст3 (необрезанный),Лист г/к 12 мм Ст3 (необрезанный),12,52490,т,1,0,0,https://www.kavstal.ru/public/assets/images/products/Листовой_прокат/СТАЛЬ_ЛИСТ_Г_К_КОНСТРУКЦИОННАЯ/лист.webp,балашиха;сталь листовая г/к обыч качества;ст3 н/обр;12;лист;г/к;мм;ст3;необрезанный,Ст3 н/обр,12,,т
Листовой прокат,СТАЛЬ ЛИСТОВАЯ Г/К ОБЫЧ КАЧЕСТВА,Ст3 н/обр,Лист г/к 12 мм Ст3 (необрезанный),Лист г/к 12 мм Ст3 (необрезанный),12,53490,т,1,0,0,https://www.kavstal.ru/public/assets/images/products/Листовой_прокат/СТАЛЬ_ЛИСТ_Г_К_КОНСТРУКЦИОННАЯ/лист.webp,балашиха;сталь листовая г/к обыч качества;ст3 н/обр;12;лист;г/к;мм;ст3;необрезанный,Ст3 н/обр,12,,т
Листовой прокат,СТАЛЬ ЛИСТОВАЯ Г/К ОБЫЧ КАЧЕСТВА,Ст3 н/обр,Лист г/к 16 мм Ст3 (необрезанный),Лист г/к 16 мм Ст3 (необрезанный),16,53990,т,1,0,0,https://www.kavstal.ru/public/assets/images/products/Листовой_прокат/СТАЛЬ_ЛИСТ_Г_К_КОНСТРУКЦИОННАЯ/лист.webp,балашиха;сталь листовая г/к обыч качества;ст3 н/обр;16;лист;г/к;мм;ст3;необрезанный,Ст3 н/обр,16,,т
Листовой прокат,СТАЛЬ ЛИСТОВАЯ Г/К ОБЫЧ КАЧЕСТВА,Ст3 н/обр,Лист г/к 20 мм Ст3 (необрезанный),Лист г/к 20 мм Ст3 (необрезанный),20,55490,т,1,0,0,https://www.kavstal.ru/public/assets/images/products/Листовой_прокат/СТАЛЬ_ЛИСТ_Г_К_КОНСТРУКЦИОННАЯ/лист.webp,балашиха;сталь листовая г/к обыч качества;ст3 н/обр;20;36;лист;г/к;мм;ст3;необрезанный,Ст3 н/обр,20 ; 36,,т
Листовой прокат,СТАЛЬ ЛИСТОВАЯ Г/К ОБЫЧ КАЧЕСТВА,Ст3 обр,Лист г/к 8 мм Ст3 (обрезанный),Лист г/к 8 мм Ст3 (обрезанный),8,53990,т,1,0,0,https://www.kavstal.ru/public/assets/images/products/Листовой_прокат/СТАЛЬ_ЛИСТ_Г_К_КОНСТРУКЦИОННАЯ/лист.webp,балашиха;сталь листовая г/к обыч качества;ст3 обр;8;лист;г/к;мм;ст3;обрезанный,Ст3 обр,8,,т
Листовой прокат,СТАЛЬ ЛИСТОВАЯ Г/К ОБЫЧ КАЧЕСТВА,Ст3 обр,Лист г/к 8 мм Ст3 (обрезанный),Лист г/к 8 мм Ст3 (обрезанный),8,54490,т,1,0,0,https://www.kavstal.ru/public/assets/images/products/Листовой_прокат/СТАЛЬ_ЛИСТ_Г_К_КОНСТРУКЦИОННАЯ/лист.webp,балашиха;сталь листовая г/к обыч качества;ст3 обр;8;лист;г/к;мм;ст3;обрезанный,Ст3 обр,8,,т
Листовой прокат,СТАЛЬ ЛИСТОВАЯ Г/К ОБЫЧ КАЧЕСТВА,Ст3 обр,Лист г/к 10 мм Ст3 (обрезанный),Лист г/к 10 мм Ст3 (обрезанный),10,53490,т,1,0,0,https://www.kavstal.ru/public/assets/images/products/Листовой_прокат/СТАЛЬ_ЛИСТ_Г_К_КОНСТРУКЦИОННАЯ/лист.webp,балашиха;сталь листовая г/к обыч качества;ст3 обр;10;лист;г/к;мм;ст3;обрезанный,Ст3 обр,10,,т
Листовой прокат,СТАЛЬ ЛИСТОВАЯ Г/К ОБЫЧ КАЧЕСТВА,Ст3 обр,Лист г/к 10 мм Ст3 (обрезанный),Лист г/к 10 мм Ст3 (обрезанный),10,53990,т,1,0,0,https://www.kavstal.ru/public/assets/images/products/Листовой_прокат/СТАЛЬ_ЛИСТ_Г_К_КОНСТРУКЦИОННАЯ/лист.webp,балашиха;сталь листовая г/к обыч качества;ст3 обр;10;лист;г/к;мм;ст3;обрезанный,Ст3 обр,10,,т
Листовой прокат,СТАЛЬ ЛИСТОВАЯ Г/К ОБЫЧ КАЧЕСТВА,Ст3 обр,Лист г/к 12 мм Ст3 (обрезанный),Лист г/к 12 мм Ст3 (обрезанный),12,52490,т,1,0,0,https://www.kavstal.ru/public/assets/images/products/Листовой_прокат/СТАЛЬ_ЛИСТ_Г_К_КОНСТРУКЦИОННАЯ/лист.webp,балашиха;сталь листовая г/к обыч качества;ст3 обр;12;лист;г/к;мм;ст3;обрезанный,Ст3 обр,12,,т
Листовой прокат,СТАЛЬ ЛИСТОВАЯ Г/К ОБЫЧ КАЧЕСТВА,Ст3 обр,Лист г/к 12 мм Ст3 (обрезанный),Лист г/к 12 мм Ст3 (обрезанный),12,53490,т,1,0,0,https://www.kavstal.ru/public/assets/images/products/Листовой_прокат/СТАЛЬ_ЛИСТ_Г_К_КОНСТРУКЦИОННАЯ/лист.webp,балашиха;сталь листовая г/к обыч качества;ст3 обр;12;лист;г/к;мм;ст3;обрезанный,Ст3 обр,12,,т
Листовой прокат,СТАЛЬ ЛИСТОВАЯ Г/К ОБЫЧ КАЧЕСТВА,Ст3 обр,Лист г/к 14 мм Ст3 (обрезанный),Лист г/к 14 мм Ст3 (обрезанный),14,52990,т,1,0,0,https://www.kavstal.ru/public/assets/images/products/Листовой_прокат/СТАЛЬ_ЛИСТ_Г_К_КОНСТРУКЦИОННАЯ/лист.webp,балашиха;сталь листовая г/к обыч качества;ст3 обр;14;лист;г/к;мм;ст3;обрезанный,Ст3 обр,14,,т
Листовой прокат,СТАЛЬ ЛИСТОВАЯ Г/К ОБЫЧ КАЧЕСТВА,Ст3 обр,Лист г/к 14 мм Ст3 (обрезанный),Лист г/к 14 мм Ст3 (обрезанный),14,53490,т,1,0,0,https://www.kavstal.ru/public/assets/images/products/Листовой_прокат/СТАЛЬ_ЛИСТ_Г_К_КОНСТРУКЦИОННАЯ/лист.webp,балашиха;сталь листовая г/к обыч качества;ст3 обр;14;лист;г/к;мм;ст3;обрезанный,Ст3 обр,14,,т
Листовой прокат,СТАЛЬ ЛИСТОВАЯ Г/К ОБЫЧ КАЧЕСТВА,Ст3 обр,Лист г/к 16 мм Ст3 (обрезанный),Лист г/к 16 мм Ст3 (обрезанный),16,52990,т,1,0,0,https://www.kavstal.ru/public/assets/images/products/Листовой_прокат/СТАЛЬ_ЛИСТ_Г_К_КОНСТРУКЦИОННАЯ/лист.webp,балашиха;сталь листовая г/к обыч качества;ст3 обр;16;лист;г/к;мм;ст3;обрезанный,Ст3 обр,16,,т
Листовой прокат,СТАЛЬ ЛИСТОВАЯ Г/К ОБЫЧ КАЧЕСТВА,Ст3 обр,Лист г/к 16 мм Ст3 (обрезанный),Лист г/к 16 мм Ст3 (обрезанный),16,53490,т,1,0,0,https://www.kavstal.ru/public/assets/images/products/Листовой_прокат/СТАЛЬ_ЛИСТ_Г_К_КОНСТРУКЦИОННАЯ/лист.webp,балашиха;сталь листовая г/к обыч качества;ст3 обр;16;лист;г/к;мм;ст3;обрезанный,Ст3 обр,16,,т
Листовой прокат,СТАЛЬ ЛИСТОВАЯ Г/К ОБЫЧ КАЧЕСТВА,Ст3 обр,Лист г/к 18 мм Ст3 (обрезанный),Лист г/к 18 мм Ст3 (обрезанный),18,55490,т,1,0,0,https://www.kavstal.ru/public/assets/images/products/Листовой_прокат/СТАЛЬ_ЛИСТ_Г_К_КОНСТРУКЦИОННАЯ/лист.webp,балашиха;сталь листовая г/к обыч качества;ст3 обр;18;20;22;25;30;40;лист;г/к;мм;ст3;обрезанный,Ст3 обр,18 ; 20; 22; 25; 30; 40,,т
Листовой прокат,СТАЛЬ ЛИСТОВАЯ Г/К ОБЫЧ КАЧЕСТВА,Ст3 обр УЗК,Лист г/к 8 мм Ст3 обр УЗК,Лист г/к 8 мм Ст3 обр УЗК,8,54490,т,1,0,0,https://www.kavstal.ru/public/assets/images/products/Листовой_прокат/СТАЛЬ_ЛИСТ_Г_К_КОНСТРУКЦИОННАЯ/лист.webp,балашиха;сталь листовая г/к обыч качества;ст3 обр узк;8;лист;г/к;мм;ст3;обр;узк,Ст3 обр УЗК,8,,т
Листовой прокат,СТАЛЬ ЛИСТОВАЯ Г/К ОБЫЧ КАЧЕСТВА,Ст3 обр УЗК,Лист г/к 10 мм Ст3 обр УЗК,Лист г/к 10 мм Ст3 обр УЗК,10,53490,т,1,0,0,https://www.kavstal.ru/public/assets/images/products/Листовой_прокат/СТАЛЬ_ЛИСТ_Г_К_КОНСТРУКЦИОННАЯ/лист.webp,балашиха;сталь листовая г/к обыч качества;ст3 обр узк;10;12;16;лист;г/к;мм;ст3;обр;узк,Ст3 обр УЗК,10 ; 12; 16,,т
Листовой прокат,СТАЛЬ ЛИСТОВАЯ Г/К ОБЫЧ КАЧЕСТВА,�т3 обр УЗК,Лист г/к 20 мм �т3 обр УЗК,Лист г/к 20 мм �т3 обр УЗК,20,55490,т,1,0,0,https://www.kavstal.ru/public/assets/images/products/Листовой_прокат/СТАЛЬ_ЛИСТ_Г_К_КОНСТРУКЦИОННАЯ/лист.webp,балашиха;сталь листовая г/к обыч качества;?т3 обр узк;20;25;30,�т3 обр УЗК,т,,т
Листовой прокат,СТАЛЬ ЛИСТ Г/К КОНСТРУКЦИОННАЯ,30MnB5,Лист г/к конструкционный 10 мм 30MnB5,Лист г/к конструкционный 10 мм 30MnB5,10,109990,т,1,0,0,https://www.kavstal.ru/public/assets/images/products/Листовой_прокат/СТАЛЬ_ЛИСТ_Г_К_КОНСТРУКЦИОННАЯ/лист.webp,балашиха;сталь лист г/к конструкционная;30mnb5;10;12;лист;г/к;конструкционный;мм,30MnB5,10 ; 12,,т
Листовой прокат,СТАЛЬ ЛИСТ Г/К КОНСТРУКЦИОННАЯ,Ст20,Лист г/к конструкционный 6 мм Ст20,Лист г/к конструкционный 6 мм Ст20,6,60990,т,1,0,0,https://www.kavstal.ru/public/assets/images/products/Листовой_прокат/СТАЛЬ_ЛИСТ_Г_К_КОНСТРУКЦИОННАЯ/лист.webp,балашиха;сталь лист г/к конструкционная;ст20;6;лист;г/к;конструкционный;мм,Ст20,6,,т
Листовой прокат,СТАЛЬ ЛИСТ Г/К КОНСТРУКЦИОННАЯ,Ст20 н/обр,Лист г/к конструкционный 6 мм Ст20 н/обр,Лист г/к конструкционный 6 мм Ст20 н/обр,6,60990,теор.т,1,0,0,https://www.kavstal.ru/public/assets/images/products/Листовой_прокат/СТАЛЬ_ЛИСТ_Г_К_КОНСТРУКЦИОННАЯ/лист.webp,балашиха;сталь лист г/к конструкционная;ст20 н/обр;6;лист;г/к;конструкционный;мм;ст20;н/обр,Ст20 н/обр,6,,теор.т
Листовой прокат,СТАЛЬ ЛИСТОВАЯ Г/К НИЗКОЛЕГИРОВАННАЯ,09Г2С,Лист г/к 3 мм 09Г2С низколегированный,Лист г/к 3 мм 09Г2С низколегированный,3,64990,т,1,0,0,https://www.kavstal.ru/public/assets/images/products/Листовой_прокат/СТАЛЬ_ЛИСТ_Г_К_КОНСТРУКЦИОННАЯ/лист.webp,балашиха;сталь листовая г/к низколегированная;09г2с;3;лист;г/к;мм;низколегированный,09Г2С,3,,т
Листовой прокат,СТАЛЬ ЛИСТОВАЯ Г/К НИЗКОЛЕГИРОВАННАЯ,09Г2С,Лист г/к 5 мм 09Г2С низколегированный,Лист г/к 5 мм 09Г2С низколегированный,5,62990,т,1,0,0,https://www.kavstal.ru/public/assets/images/products/Листовой_прокат/СТАЛЬ_ЛИСТ_Г_К_КОНСТРУКЦИОННАЯ/лист.webp,балашиха;сталь листовая г/к низколегированная;09г2с;5;лист;г/к;мм;низколегированный,09Г2С,5,,т
Листовой прокат,СТАЛЬ ЛИСТОВАЯ Г/К НИЗКОЛЕГИРОВАННАЯ,09Г2С,Лист г/к 7 мм 09Г2С низколегированный,Лист г/к 7 мм 09Г2С низколегированный,7,55990,т,1,0,0,https://www.kavstal.ru/public/assets/images/products/Листовой_прокат/СТАЛЬ_ЛИСТ_Г_К_КОНСТРУКЦИОННАЯ/лист.webp,балашиха;сталь листовая г/к низколегированная;09г2с;7;лист;г/к;мм;низколегированный,09Г2С,7,,т
Листовой прокат,СТАЛЬ ЛИСТОВАЯ Г/К НИЗКОЛЕГИРОВАННАЯ,09Г2С,Лист г/к 10 мм 09Г2С низколегированный,Лист г/к 10 мм 09Г2С низколегированный,10,58990,т,1,0,0,https://www.kavstal.ru/public/assets/images/products/Листовой_прокат/СТАЛЬ_ЛИСТ_Г_К_КОНСТРУКЦИОННАЯ/лист.webp,балашиха;сталь листовая г/к низколегированная;09г2с;10;лист;г/к;мм;низколегированный,09Г2С,10,,т
Листовой прокат,СТАЛЬ ЛИСТОВАЯ Г/К НИЗКОЛЕГИРОВАННАЯ,09Г2С-12,Лист г/к 12 мм 09Г2С-12 низколегированный,Лист г/к 12 мм 09Г2С-12 низколегированный,12,57990,т,1,0,0,https://www.kavstal.ru/public/assets/images/products/Листовой_прокат/СТАЛЬ_ЛИСТ_Г_К_КОНСТРУКЦИОННАЯ/лист.webp,балашиха;сталь листовая г/к низколегированная;09г2с-12;12;лист;г/к;мм;низколегированный,09Г2С-12,12,,т
Листовой прокат,СТАЛЬ ЛИСТОВАЯ Г/К НИЗКОЛЕГИРОВАННАЯ,09Г2С-12,Лист г/к 16 мм 09Г2С-12 низколегированный,Лист г/к 16 мм 09Г2С-12 низколегированный,16,58990,т,1,0,0,https://www.kavstal.ru/public/assets/images/products/Листовой_прокат/СТАЛЬ_ЛИСТ_Г_К_КОНСТРУКЦИОННАЯ/лист.webp,балашиха;сталь листовая г/к низколегированная;09г2с-12;16;лист;г/к;мм;низколегированный,09Г2С-12,16,,т
Листовой прокат,СТАЛЬ ЛИСТОВАЯ Г/К НИЗКОЛЕГИРОВАННАЯ,09Г2С-15,Лист г/к 3 мм 09Г2С-15 низколегированный,Лист г/к 3 мм 09Г2С-15 низколегированный,3,64990,т,1,0,0,https://www.kavstal.ru/public/assets/images/products/Листовой_прокат/СТАЛЬ_ЛИСТ_Г_К_КОНСТРУКЦИОННАЯ/лист.webp,балашиха;сталь листовая г/к низколегированная;09г2с-15;3;лист;г/к;мм;низколегированный,09Г2С-15,3,,т
Листовой прокат,СТАЛЬ ЛИСТОВАЯ Г/К НИЗКОЛЕГИРОВАННАЯ,09Г2С-15,Лист г/к 4 мм 09Г2С-15 низколегированный,Лист г/к 4 мм 09Г2С-15 низколегированный,4,62490,т,1,0,0,https://www.kavstal.ru/public/assets/images/products/Листовой_прокат/СТАЛЬ_ЛИСТ_Г_К_КОНСТРУКЦИОННАЯ/лист.webp,балашиха;сталь листовая г/к низколегированная;09г2с-15;4;лист;г/к;мм;низколегированный,09Г2С-15,4,,т
Листовой прокат,СТАЛЬ ЛИСТОВАЯ Г/К НИЗКОЛЕГИРОВАННАЯ,09Г2С-15,Лист г/к 4 мм 09Г2С-15 низколегированный,Лист г/к 4 мм 09Г2С-15 низколегированный,4,62990,т,1,0,0,https://www.kavstal.ru/public/assets/images/products/Листовой_прокат/СТАЛЬ_ЛИСТ_Г_К_КОНСТРУКЦИОННАЯ/лист.webp,балашиха;сталь листовая г/к низколегированная;09г2с-15;4;лист;г/к;мм;низколегированный,09Г2С-15,4,,т
Листовой прокат,СТАЛЬ ЛИСТОВАЯ Г/К НИЗКОЛЕГИРОВАННАЯ,09Г2С-15,Лист г/к 4 мм 09Г2С-15 низколегированный,Лист г/к 4 мм 09Г2С-15 низколегированный,4,64490,т,1,0,0,https://www.kavstal.ru/public/assets/images/products/Листовой_прокат/СТАЛЬ_ЛИСТ_Г_К_КОНСТРУКЦИОННАЯ/лист.webp,балашиха;сталь листовая г/к низколегированная;09г2с-15;4;лист;г/к;мм;низколегированный,09Г2С-15,4,,т
Листовой прокат,СТАЛЬ ЛИСТОВАЯ Г/К НИЗКОЛЕГИРОВАННАЯ,09Г2С-15,Лист г/к 5 мм 09Г2С-15 низколегированный,Лист г/к 5 мм 09Г2С-15 низколегированный,5,60990,т,1,0,0,https://www.kavstal.ru/public/assets/images/products/Листовой_прокат/СТАЛЬ_ЛИСТ_Г_К_КОНСТРУКЦИОННАЯ/лист.webp,балашиха;сталь листовая г/к низколегированная;09г2с-15;5;лист;г/к;мм;низколегированный,09Г2С-15,5,,т
Листовой прокат,СТАЛЬ ЛИСТОВАЯ Г/К НИЗКОЛЕГИРОВАННАЯ,09Г2С-15,Лист г/к 5 мм 09Г2С-15 низколегированный,Лист г/к 5 мм 09Г2С-15 низколегированный,5,62990,т,1,0,0,https://www.kavstal.ru/public/assets/images/products/Листовой_прокат/СТАЛЬ_ЛИСТ_Г_К_КОНСТРУКЦИОННАЯ/лист.webp,балашиха;сталь листовая г/к низколегированная;09г2с-15;5;лист;г/к;мм;низколегированный,09Г2С-15,5,,т
Листовой прокат,СТАЛЬ ЛИСТОВАЯ Г/К НИЗКОЛЕГИРОВАННАЯ,09Г2С-15,Лист г/к 5 мм 09Г2С-15 низколегированный,Лист г/к 5 мм 09Г2С-15 низколегированный,5,64490,т,1,0,0,https://www.kavstal.ru/public/assets/images/products/Листовой_прокат/СТАЛЬ_ЛИСТ_Г_К_КОНСТРУКЦИОННАЯ/лист.webp,балашиха;сталь листовая г/к низколегированная;09г2с-15;5;лист;г/к;мм;низколегированный,09Г2С-15,5,,т
Листовой прокат,СТАЛЬ ЛИСТОВАЯ Г/К НИЗКОЛЕГИРОВАННАЯ,09Г2С-15,Лист г/к 6 мм 09Г2С-15 низколегированный,Лист г/к 6 мм 09Г2С-15 низколегированный,6,59990,т,1,0,0,https://www.kavstal.ru/public/assets/images/products/Листовой_прокат/СТАЛЬ_ЛИСТ_Г_К_КОНСТРУКЦИОННАЯ/лист.webp,балашиха;сталь листовая г/к низколегированная;09г2с-15;6;лист;г/к;мм;низколегированный,09Г2С-15,6,,т
Листовой прокат,СТАЛЬ ЛИСТОВАЯ Г/К НИЗКОЛЕГИРОВАННАЯ,09Г2С-15,Лист г/к 6 мм 09Г2С-15 низколегированный,Лист г/к 6 мм 09Г2С-15 низколегированный,6,60990,т,1,0,0,https://www.kavstal.ru/public/assets/images/products/Листовой_прокат/СТАЛЬ_ЛИСТ_Г_К_КОНСТРУКЦИОННАЯ/лист.webp,балашиха;сталь листовая г/к низколегированная;09г2с-15;6;лист;г/к;мм;низколегированный,09Г2С-15,6,,т
Листовой прокат,СТАЛЬ ЛИСТОВАЯ Г/К НИЗКОЛЕГИРОВАННАЯ,09Г2С-15,Лист г/к 6 мм 09Г2С-15 низколегированный,Лист г/к 6 мм 09Г2С-15 низколегированный,6,59990,теор.т,1,0,0,https://www.kavstal.ru/public/assets/images/products/Листовой_прокат/СТАЛЬ_ЛИСТ_Г_К_КОНСТРУКЦИОННАЯ/лист.webp,балашиха;сталь листовая г/к низколегированная;09г2с-15;6;лист;г/к;мм;низколегированный,09Г2С-15,6,,теор.т
Листовой прокат,СТАЛЬ ЛИСТОВАЯ Г/К НИЗКОЛЕГИРОВАННАЯ,09Г2С-15,Лист г/к 7 мм 09Г2С-15 низколегированный,Лист г/к 7 мм 09Г2С-15 низколегированный,7,58990,теор.т,1,0,0,https://www.kavstal.ru/public/assets/images/products/Листовой_прокат/СТАЛЬ_ЛИСТ_Г_К_КОНСТРУКЦИОННАЯ/лист.webp,балашиха;сталь листовая г/к низколегированная;09г2с-15;7;8;лист;г/к;мм;низколегированный,09Г2С-15,7 ; 8,,теор.т
Листовой прокат,СТАЛЬ ЛИСТОВАЯ Г/К НИЗКОЛЕГИРОВАННАЯ,09Г2С-15,Лист г/к 8 мм 09Г2С-15 низколегированный,Лист г/к 8 мм 09Г2С-15 низколегированный,8,54990,теор.т,1,0,0,https://www.kavstal.ru/public/assets/images/products/Листовой_прокат/СТАЛЬ_ЛИСТ_Г_К_КОНСТРУКЦИОННАЯ/лист.webp,балашиха;сталь листовая г/к низколегированная;09г2с-15;8;лист;г/к;мм;низколегированный,09Г2С-15,8,,теор.т
Листовой прокат,СТАЛЬ ЛИСТОВАЯ Г/К НИЗКОЛЕГИРОВАННАЯ,09Г2С-15,Лист г/к 10 мм 09Г2С-15 низколегированный,Лист г/к 10 мм 09Г2С-15 низколегированный,10,58990,т,1,0,0,https://www.kavstal.ru/public/assets/images/products/Листовой_прокат/СТАЛЬ_ЛИСТ_Г_К_КОНСТРУКЦИОННАЯ/лист.webp,балашиха;сталь листовая г/к низколегированная;09г2с-15;10;лист;г/к;мм;низколегированный,09Г2С-15,10,,т
Листовой прокат,СТАЛЬ ЛИСТОВАЯ Г/К НИЗКОЛЕГИРОВАННАЯ,09Г2С-15,Лист г/к 12 мм 09Г2С-15 низколегированный,Лист г/к 12 мм 09Г2С-15 низколегированный,12,57990,т,1,0,0,https://www.kavstal.ru/public/assets/images/products/Листовой_прокат/СТАЛЬ_ЛИСТ_Г_К_КОНСТРУКЦИОННАЯ/лист.webp,балашиха;сталь листовая г/к низколегированная;09г2с-15;12;лист;г/к;мм;низколегированный,09Г2С-15,12,,т
Листовой прокат,СТАЛЬ ЛИСТОВАЯ Г/К НИЗКОЛЕГИРОВАННАЯ,09Г2С-15,Лист г/к 22 мм 09Г2С-15 низколегированный,Лист г/к 22 мм 09Г2С-15 низколегированный,22,60990,т,1,0,0,https://www.kavstal.ru/public/assets/images/products/Листовой_прокат/СТАЛЬ_ЛИСТ_Г_К_КОНСТРУКЦИОННАЯ/лист.webp,балашиха;сталь листовая г/к низколегированная;09г2с-15;22;25;лист;г/к;мм;низколегированный,09Г2С-15,22 ; 25,,т
Листовой прокат,СТАЛЬ ЛИСТОВАЯ Г/К НИЗКОЛЕГИРОВАННАЯ,09Г2С-15 ГС,Лист г/к 12 мм 09Г2С-15 ГС низколегированный,Лист г/к 12 мм 09Г2С-15 ГС низколегированный,12,58990,т,1,0,0,https://www.kavstal.ru/public/assets/images/products/Листовой_прокат/СТАЛЬ_ЛИСТ_Г_К_КОНСТРУКЦИОННАЯ/лист.webp,балашиха;сталь листовая г/к низколегированная;09г2с-15 гс;12;лист;г/к;мм;09г2с-15;гс;низколегированный,09Г2С-15 ГС,12,,т
Листовой прокат,СТАЛЬ ЛИСТОВАЯ Г/К НИЗКОЛЕГИРОВАННАЯ,09Г2С-15 ГС,Лист г/к 25 мм 09Г2С-15 ГС низколегированный,Лист г/к 25 мм 09Г2С-15 ГС низколегированный,25,60990,т,1,0,0,https://www.kavstal.ru/public/assets/images/products/Листовой_прокат/СТАЛЬ_ЛИСТ_Г_К_КОНСТРУКЦИОННАЯ/лист.webp,балашиха;сталь листовая г/к низколегированная;09г2с-15 гс;25;лист;г/к;мм;09г2с-15;гс;низколегированный,09Г2С-15 ГС,25,,т
Листовой прокат,СТАЛЬ ЛИСТОВАЯ Г/К НИЗКОЛЕГИРОВАННАЯ,09Г2С-6,Лист г/к 5 мм 09Г2С-6 низколегированный,Лист г/к 5 мм 09Г2С-6 низколегированный,5,62990,т,1,0,0,https://www.kavstal.ru/public/assets/images/products/Листовой_прокат/СТАЛЬ_ЛИСТ_Г_К_КОНСТРУКЦИОННАЯ/лист.webp,балашиха;сталь листовая г/к низколегированная;09г2с-6;5;лист;г/к;мм;низколегированный,09Г2С-6,5,,т
Листовой прокат,СТАЛЬ ЛИСТОВАЯ Г/К НИЗКОЛЕГИРОВАННАЯ,S420МС,Лист г/к 8 мм S420МС низколегированный,Лист г/к 8 мм S420МС низколегированный,8,65000,т,1,0,0,https://www.kavstal.ru/public/assets/images/products/Листовой_прокат/СТАЛЬ_ЛИСТ_Г_К_КОНСТРУКЦИОННАЯ/лист.webp,балашиха;сталь листовая г/к низколегированная;s420мс;8;лист;г/к;мм;низколегированный,S420МС,8,,т
Листовой прокат,ЛИСТ РИФЛЕНЫЙ,н/обр ромб,Лист рифленый 3 мм н/обр ромб,Лист рифленый 3 мм н/обр ромб,3,71808,т,1,0,0,https://www.kavstal.ru/public/assets/images/products/Листовой_прокат/ЛИСТ_РИФЛЕНЫЙ/лист_рифлёный_ромб.webp,балашиха;лист рифленый;н/обр ромб;3;лист;рифленый;мм;н/обр;ромб,н/обр ромб,3,,т
Листовой прокат,ЛИСТ РИФЛЕНЫЙ,н/обр ромб,Лист рифленый 4 мм н/обр ромб,Лист рифленый 4 мм н/обр ромб,4,71808,т,1,0,0,https://www.kavstal.ru/public/assets/images/products/Листовой_прокат/ЛИСТ_РИФЛЕНЫЙ/лист_рифлёный_ромб.webp,балашиха;лист рифленый;н/обр ромб;4;лист;рифленый;мм;н/обр;ромб,н/обр ромб,4,,т
Листовой прокат,ЛИСТ РИФЛЕНЫЙ,н/обр ромб,Лист рифленый 5 мм н/обр ромб,Лист рифленый 5 мм н/обр ромб,5,71808,т,1,0,0,https://www.kavstal.ru/public/assets/images/products/Листовой_прокат/ЛИСТ_РИФЛЕНЫЙ/лист_рифлёный_ромб.webp,балашиха;лист рифленый;н/обр ромб;5;лист;рифленый;мм;н/обр;ромб,н/обр ромб,5,,т
Листовой прокат,ЛИСТ РИФЛЕНЫЙ,н/обр ромб,Лист рифленый 6 мм н/обр ромб,Лист рифленый 6 мм н/обр ромб,6,71808,т,1,0,0,https://www.kavstal.ru/public/assets/images/products/Листовой_прокат/ЛИСТ_РИФЛЕНЫЙ/лист_рифлёный_ромб.webp,балашиха;лист рифленый;н/обр ромб;6;лист;рифленый;мм;н/обр;ромб,н/обр ромб,6,,т
Листовой прокат,ЛИСТ РИФЛЕНЫЙ,н/обр ромб,Лист рифленый 8 мм н/обр ромб,Лист рифленый 8 мм н/обр ромб,8,71808,т,1,0,0,https://www.kavstal.ru/public/assets/images/products/Листовой_прокат/ЛИСТ_РИФЛЕНЫЙ/лист_рифлёный_ромб.webp,балашиха;лист рифленый;н/обр ромб;8;лист;рифленый;мм;н/обр;ромб,н/обр ромб,8,,т
Листовой прокат,ЛИСТ РИФЛЕНЫЙ,н/обр чечев,Лист рифленый 3 мм н/обр чечев,Лист рифленый 3 мм н/обр чечев,3,71808,т,1,0,0,https://www.kavstal.ru/public/assets/images/products/Листовой_прокат/ЛИСТ_РИФЛЕНЫЙ/лист_рифлёный_чечевица.webp,балашиха;лист рифленый;н/обр чечев;3;лист;рифленый;мм;н/обр;чечев,н/обр чечев,3,,т
Листовой прокат,ЛИСТ РИФЛЕНЫЙ,н/обр чечев,Лист рифленый 3 мм н/обр чечев,Лист рифленый 3 мм н/обр чечев,3,71808,т,1,0,0,https://www.kavstal.ru/public/assets/images/products/Листовой_прокат/ЛИСТ_РИФЛЕНЫЙ/лист_рифлёный_чечевица.webp,балашиха;лист рифленый;н/обр чечев;3;лист;рифленый;мм;н/обр;чечев,н/обр чечев,3,,т
Листовой прокат,ЛИСТ РИФЛЕНЫЙ,н/обр чечев,Лист рифленый 4 мм н/обр чечев,Лист рифленый 4 мм н/обр чечев,4,71808,т,1,0,0,https://www.kavstal.ru/public/assets/images/products/Листовой_прокат/ЛИСТ_РИФЛЕНЫЙ/лист_рифлёный_чечевица.webp,балашиха;лист рифленый;н/обр чечев;4;лист;рифленый;мм;н/обр;чечев,н/обр чечев,4,,т
Листовой прокат,ЛИСТ РИФЛЕНЫЙ,н/обр чечев,Лист рифленый 4 мм н/обр чечев,Лист рифленый 4 мм н/обр чечев,4,71808,т,1,0,0,https://www.kavstal.ru/public/assets/images/products/Листовой_прокат/ЛИСТ_РИФЛЕНЫЙ/лист_рифлёный_чечевица.webp,балашиха;лист рифленый;н/обр чечев;4;лист;рифленый;мм;н/обр;чечев,н/обр чечев,4,,т
Листовой прокат,ЛИСТ РИФЛЕНЫЙ,н/обр чечев,Лист рифленый 5 мм н/обр чечев,Лист рифленый 5 мм н/обр чечев,5,71808,т,1,0,0,https://www.kavstal.ru/public/assets/images/products/Листовой_прокат/ЛИСТ_РИФЛЕНЫЙ/лист_рифлёный_чечевица.webp,балашиха;лист рифленый;н/обр чечев;5;лист;рифленый;мм;н/обр;чечев,н/обр чечев,5,,т
Листовой прокат,ЛИСТ РИФЛЕНЫЙ,н/обр чечев,Лист рифленый 6 мм н/обр чечев,Лист рифленый 6 мм н/обр чечев,6,71808,т,1,0,0,https://www.kavstal.ru/public/assets/images/products/Листовой_прокат/ЛИСТ_РИФЛЕНЫЙ/лист_рифлёный_чечевица.webp,балашиха;лист рифленый;н/обр чечев;6;лист;рифленый;мм;н/обр;чечев,н/обр чечев,6,,т
Листовой прокат,ЛИСТ РИФЛЕНЫЙ,н/обр чечев,Лист рифленый 6 мм н/обр чечев,Лист рифленый 6 мм н/обр чечев,6,71808,т,1,0,0,https://www.kavstal.ru/public/assets/images/products/Листовой_прокат/ЛИСТ_РИФЛЕНЫЙ/лист_рифлёный_чечевица.webp,балашиха;лист рифленый;н/обр чечев;6;лист;рифленый;мм;н/обр;чечев,н/обр чечев,6,,т
Листовой прокат,ЛИСТ РИФЛЕНЫЙ,н/обр чечев,Лист рифленый 6 мм н/обр чечев,Лист рифленый 6 мм н/обр чечев,6,71808,т,1,0,0,https://www.kavstal.ru/public/assets/images/products/Листовой_прокат/ЛИСТ_РИФЛЕНЫЙ/лист_рифлёный_чечевица.webp,балашиха;лист рифленый;н/обр чечев;6;лист;рифленый;мм;н/обр;чечев,н/обр чечев,6,,т
Листовой прокат,ЛИСТ РИФЛЕНЫЙ,н/обр чечев,Лист рифленый 8 мм н/обр чечев,Лист рифленый 8 мм н/обр чечев,8,71808,т,1,0,0,https://www.kavstal.ru/public/assets/images/products/Листовой_прокат/ЛИСТ_РИФЛЕНЫЙ/лист_рифлёный_чечевица.webp,балашиха;лист рифленый;н/обр чечев;8;лист;рифленый;мм;н/обр;чечев,н/обр чечев,8,,т
Листовой прокат,ЛИСТ РИФЛЕНЫЙ,н/обр чечев,Лист рифленый 10 мм н/обр чечев,Лист рифленый 10 мм н/обр чечев,10,71808,т,1,0,0,https://www.kavstal.ru/public/assets/images/products/Листовой_прокат/ЛИСТ_РИФЛЕНЫЙ/лист_рифлёный_чечевица.webp,балашиха;лист рифленый;н/обр чечев;10;лист;рифленый;мм;н/обр;чечев,н/обр чечев,10,,т
Листовой прокат,ПРОСЕЧНО-ВЫТЯЖНОЙ ЛИСТ,ПВЛ-306,Лист просечно-вытяжной ПВЛ-306,Лист просечно-вытяжной ПВЛ-306,306,68800,т,1,0,0,https://www.kavstal.ru/public/assets/images/products/Листовой_прокат/ПРОСЕЧНО-ВЫТЯЖНОЙ_ЛИСТ/лист_просечно_вытяжной.webp,балашиха;просечно-вытяжной лист;пвл-306;306;лист;просечно-вытяжной,ПВЛ-306,306,,т
Листовой прокат,ПРОСЕЧНО-ВЫТЯЖНОЙ ЛИСТ,ПВЛ-406,Лист просечно-вытяжной ПВЛ-406,Лист просечно-вытяжной ПВЛ-406,406,68800,т,1,0,0,https://www.kavstal.ru/public/assets/images/products/Листовой_прокат/ПРОСЕЧНО-ВЫТЯЖНОЙ_ЛИСТ/лист_просечно_вытяжной.webp,балашиха;просечно-вытяжной лист;пвл-406;406;лист;просечно-вытяжной,ПВЛ-406,406,,т
Листовой прокат,ПРОСЕЧНО-ВЫТЯЖНОЙ ЛИСТ,ПВЛ-408,Лист просечно-вытяжной ПВЛ-408,Лист просечно-вытяжной ПВЛ-408,408,68800,т,1,0,0,https://www.kavstal.ru/public/assets/images/products/Листовой_прокат/ПРОСЕЧНО-ВЫТЯЖНОЙ_ЛИСТ/лист_просечно_вытяжной.webp,балашиха;просечно-вытяжной лист;пвл-408;408;лист;просечно-вытяжной,ПВЛ-408,408,,т
Листовой прокат,ПРОСЕЧНО-ВЫТЯЖНОЙ ЛИСТ,ПВЛ-506,Лист просечно-вытяжной ПВЛ-506,Лист просечно-вытяжной ПВЛ-506,506,68800,т,1,0,0,https://www.kavstal.ru/public/assets/images/products/Листовой_прокат/ПРОСЕЧНО-ВЫТЯЖНОЙ_ЛИСТ/лист_просечно_вытяжной.webp,балашиха;просечно-вытяжной лист;пвл-506;506;лист;просечно-вытяжной,ПВЛ-506,506,,т
Листовой прокат,ПРОСЕЧНО-ВЫТЯЖНОЙ ЛИСТ,ПВЛ-508,Лист просечно-вытяжной ПВЛ-508,Лист просечно-вытяжной ПВЛ-508,508,68800,т,1,0,0,https://www.kavstal.ru/public/assets/images/products/Листовой_прокат/ПРОСЕЧНО-ВЫТЯЖНОЙ_ЛИСТ/лист_просечно_вытяжной.webp,балашиха;просечно-вытяжной лист;пвл-508;508;лист;просечно-вытяжной,ПВЛ-508,508,,т
Листовой прокат,ПРОСЕЧНО-ВЫТЯЖНОЙ ЛИСТ,ПВЛ-510,Лист просечно-вытяжной ПВЛ-510,Лист просечно-вытяжной ПВЛ-510,510,68800,т,1,0,0,https://www.kavstal.ru/public/assets/images/products/Листовой_прокат/ПРОСЕЧНО-ВЫТЯЖНОЙ_ЛИСТ/лист_просечно_вытяжной.webp,балашиха;просечно-вытяжной лист;пвл-510;510;лист;просечно-вытяжной,ПВЛ-510,510,,т
Листовой прокат,СТАЛЬ ЛИСТОВАЯ Х/К,Ст08пс5,Лист х/к 0.5 мм Ст08пс5,Лист х/к 0.5 мм Ст08пс5,0.5,71990,т,1,0,0,https://www.kavstal.ru/public/assets/images/products/Листовой_прокат/СТАЛЬ_ЛИСТОВАЯ_Х_К/лист.webp,балашиха;сталь листовая х/к;ст08пс5;5;лист;х/к;0.5;мм,Ст08пс5,0.5,,т
Листовой прокат,СТАЛЬ ЛИСТОВАЯ Х/К,Ст08пс5,Лист х/к 0.6 мм Ст08пс5,Лист х/к 0.6 мм Ст08пс5,0.6,70990,т,1,0,0,https://www.kavstal.ru/public/assets/images/products/Листовой_прокат/СТАЛЬ_ЛИСТОВАЯ_Х_К/лист.webp,балашиха;сталь листовая х/к;ст08пс5;6;2;лист;х/к;0.6;мм,Ст08пс5,0.6 ; 2,,т
Листовой прокат,СТАЛЬ ЛИСТОВАЯ Х/К,Ст08пс5,Лист х/к 2.5 мм Ст08пс5,Лист х/к 2.5 мм Ст08пс5,2.5,69990,т,1,0,0,https://www.kavstal.ru/public/assets/images/products/Листовой_прокат/СТАЛЬ_ЛИСТОВАЯ_Х_К/лист.webp,балашиха;сталь листовая х/к;ст08пс5;2;5;3;лист;х/к;2.5;мм,Ст08пс5,2.5 ; 3,,т
Листовой прокат,СТАЛЬ ЛИСТОВАЯ Х/К,Ст08пс6,Лист х/к 0.5 мм Ст08пс6,Лист х/к 0.5 мм Ст08пс6,0.5,69990,т,1,0,0,https://www.kavstal.ru/public/assets/images/products/Листовой_прокат/СТАЛЬ_ЛИСТОВАЯ_Х_К/лист.webp,балашиха;сталь листовая х/к;ст08пс6;5;лист;х/к;0.5;мм,Ст08пс6,0.5,,т
Листовой прокат,СТАЛЬ ЛИСТОВАЯ Х/К,Ст08пс6,Лист х/к 0.5 мм Ст08пс6,Лист х/к 0.5 мм Ст08пс6,0.5,71990,т,1,0,0,https://www.kavstal.ru/public/assets/images/products/Листовой_прокат/СТАЛЬ_ЛИСТОВАЯ_Х_К/лист.webp,балашиха;сталь листовая х/к;ст08пс6;5;лист;х/к;0.5;мм,Ст08пс6,0.5,,т
Листовой прокат,СТАЛЬ ЛИСТОВАЯ Х/К,Ст08пс6,Лист х/к 0.5 мм Ст08пс6,Лист х/к 0.5 мм Ст08пс6,0.5,72990,т,1,0,0,https://www.kavstal.ru/public/assets/images/products/Листовой_прокат/СТАЛЬ_ЛИСТОВАЯ_Х_К/лист.webp,балашиха;сталь листовая х/к;ст08пс6;5;лист;х/к;0.5;мм,Ст08пс6,0.5,,т
Листовой прокат,СТАЛЬ ЛИСТОВАЯ Х/К,Ст08пс6,Лист х/к 0.6 мм Ст08пс6,Лист х/к 0.6 мм Ст08пс6,0.6,70990,т,1,0,0,https://www.kavstal.ru/public/assets/images/products/Листовой_прокат/СТАЛЬ_ЛИСТОВАЯ_Х_К/лист.webp,балашиха;сталь листовая х/к;ст08пс6;6;7;лист;х/к;0.6;мм,Ст08пс6,0.6 ; 0.7,,т
Листовой прокат,СТАЛЬ ЛИСТОВАЯ Х/К,Ст08пс6,Лист х/к 0.8 мм Ст08пс6,Лист х/к 0.8 мм Ст08пс6,0.8,69490,т,1,0,0,https://www.kavstal.ru/public/assets/images/products/Листовой_прокат/СТАЛЬ_ЛИСТОВАЯ_Х_К/лист.webp,балашиха;сталь листовая х/к;ст08пс6;8;лист;х/к;0.8;мм,Ст08пс6,0.8,,т
Листовой прокат,СТАЛЬ ЛИСТОВАЯ Х/К,Ст08пс6,Лист х/к 0.8 мм Ст08пс6,Лист х/к 0.8 мм Ст08пс6,0.8,73490,т,1,0,0,https://www.kavstal.ru/public/assets/images/products/Листовой_прокат/СТАЛЬ_ЛИСТОВАЯ_Х_К/лист.webp,балашиха;сталь листовая х/к;ст08пс6;8;9;лист;х/к;0.8;мм,Ст08пс6,0.8 ; 0.9,,т
Листовой прокат,СТАЛЬ ЛИСТОВАЯ Х/К,Ст08пс6,Лист х/к 1 мм Ст08пс6,Лист х/к 1 мм Ст08пс6,1,68990,т,1,0,0,https://www.kavstal.ru/public/assets/images/products/Листовой_прокат/СТАЛЬ_ЛИСТОВАЯ_Х_К/лист.webp,балашиха;сталь листовая х/к;ст08пс6;1;лист;х/к;мм,Ст08пс6,1,,т
Листовой прокат,СТАЛЬ ЛИСТОВАЯ Х/К,Ст08пс6,Лист х/к 1 мм Ст08пс6,Лист х/к 1 мм Ст08пс6,1,70990,т,1,0,0,https://www.kavstal.ru/public/assets/images/products/Листовой_прокат/СТАЛЬ_ЛИСТОВАЯ_Х_К/лист.webp,балашиха;сталь листовая х/к;ст08пс6;1;лист;х/к;мм,Ст08пс6,1,,т
Листовой прокат,СТАЛЬ ЛИСТОВАЯ Х/К,Ст08пс6,Лист х/к 1.2 мм Ст08пс6,Лист х/к 1.2 мм Ст08пс6,1.2,68990,т,1,0,0,https://www.kavstal.ru/public/assets/images/products/Листовой_прокат/СТАЛЬ_ЛИСТОВАЯ_Х_К/лист.webp,балашиха;сталь листовая х/к;ст08пс6;1;2;лист;х/к;1.2;мм,Ст08пс6,1.2,,т
Листовой прокат,СТАЛЬ ЛИСТОВАЯ Х/К,Ст08пс6,Лист х/к 1.2 мм Ст08пс6,Лист х/к 1.2 мм Ст08пс6,1.2,70990,т,1,0,0,https://www.kavstal.ru/public/assets/images/products/Листовой_прокат/СТАЛЬ_ЛИСТОВАЯ_Х_К/лист.webp,балашиха;сталь листовая х/к;ст08пс6;1;2;лист;х/к;1.2;мм,Ст08пс6,1.2,,т
Листовой прокат,СТАЛЬ ЛИСТОВАЯ Х/К,Ст08пс6,Лист х/к 1.4 мм Ст08пс6,Лист х/к 1.4 мм Ст08пс6,1.4,70790,т,1,0,0,https://www.kavstal.ru/public/assets/images/products/Листовой_прокат/СТАЛЬ_ЛИСТОВАЯ_Х_К/лист.webp,балашиха;сталь листовая х/к;ст08пс6;1;4;лист;х/к;1.4;мм,Ст08пс6,1.4,,т
Листовой прокат,СТАЛЬ ЛИСТОВАЯ Х/К,Ст08пс6,Лист х/к 1.5 мм Ст08пс6,Лист х/к 1.5 мм Ст08пс6,1.5,68490,т,1,0,0,https://www.kavstal.ru/public/assets/images/products/Листовой_прокат/СТАЛЬ_ЛИСТОВАЯ_Х_К/лист.webp,балашиха;сталь листовая х/к;ст08пс6;1;5;лист;х/к;1.5;мм,Ст08пс6,1.5,,т
Листовой прокат,СТАЛЬ ЛИСТОВАЯ Х/К,Ст08пс6,Лист х/к 1.8 мм Ст08пс6,Лист х/к 1.8 мм Ст08пс6,1.8,70190,т,1,0,0,https://www.kavstal.ru/public/assets/images/products/Листовой_прокат/СТАЛЬ_ЛИСТОВАЯ_Х_К/лист.webp,балашиха;сталь листовая х/к;ст08пс6;1;8;лист;х/к;1.8;мм,Ст08пс6,1.8,,т
Листовой прокат,СТАЛЬ ЛИСТОВАЯ Х/К,Ст08пс6,Лист х/к 2 мм Ст08пс6,Лист х/к 2 мм Ст08пс6,2,67990,т,1,0,0,https://www.kavstal.ru/public/assets/images/products/Листовой_прокат/СТАЛЬ_ЛИСТОВАЯ_Х_К/лист.webp,балашиха;сталь листовая х/к;ст08пс6;2;лист;х/к;мм,Ст08пс6,2,,т
Листовой прокат,СТАЛЬ ЛИСТОВАЯ Х/К,Ст08пс6,Лист х/к 2.5 мм Ст08пс6,Лист х/к 2.5 мм Ст08пс6,2.5,69990,т,1,0,0,https://www.kavstal.ru/public/assets/images/products/Листовой_прокат/СТАЛЬ_ЛИСТОВАЯ_Х_К/лист.webp,балашиха;сталь листовая х/к;ст08пс6;2;5;лист;х/к;2.5;мм,Ст08пс6,2.5,,т
Листовой прокат,СТАЛЬ ЛИСТОВАЯ Х/К,Ст08пс6,Лист х/к 3 мм Ст08пс6,Лист х/к 3 мм Ст08пс6,3,67900,т,1,0,0,https://www.kavstal.ru/public/assets/images/products/Листовой_прокат/СТАЛЬ_ЛИСТОВАЯ_Х_К/лист.webp,балашиха;сталь листовая х/к;ст08пс6;3;лист;х/к;мм,Ст08пс6,3,,т
Листовой прокат,СТАЛЬ ЛИСТОВАЯ ОЦИНКОВАННАЯ Х/К,2 кл КР пром_пас,Лист оцинкованный 0.45 мм,Лист оцинкованный 0.45 мм,0.45,99000,т,1,0,0,https://www.kavstal.ru/public/assets/images/products/Листовой_прокат/СТАЛЬ_ЛИСТОВАЯ_ОЦИНКОВАННАЯ_Х_К/лист_оцинкованный.webp,балашиха;сталь листовая оцинкованная х/к;2 кл кр пром_пас;45;лист;оцинкованный;0.45;мм,2 кл КР пром_пас,0.45,,т
Листовой прокат,СТАЛЬ ЛИСТОВАЯ ОЦИНКОВАННАЯ Х/К,2 кл КР пром_пас,Лист оцинкованный 0.55 мм,Лист оцинкованный 0.55 мм,0.55,99000,т,1,0,0,https://www.kavstal.ru/public/assets/images/products/Листовой_прокат/СТАЛЬ_ЛИСТОВАЯ_ОЦИНКОВАННАЯ_Х_К/лист_оцинкованный.webp,балашиха;сталь листовая оцинкованная х/к;2 кл кр пром_пас;55;лист;оцинкованный;0.55;мм,2 кл КР пром_пас,0.55,,т
Листовой прокат,СТАЛЬ ЛИСТОВАЯ ОЦИНКОВАННАЯ Х/К,2 кл КР пром_пас,Лист оцинкованный 0.7 мм,Лист оцинкованный 0.7 мм,0.7,99000,т,1,0,0,https://www.kavstal.ru/public/assets/images/products/Листовой_прокат/СТАЛЬ_ЛИСТОВАЯ_ОЦИНКОВАННАЯ_Х_К/лист_оцинкованный.webp,балашиха;сталь листовая оцинкованная х/к;2 кл кр пром_пас;7;лист;оцинкованный;0.7;мм,2 кл КР пром_пас,0.7,,т
Листовой прокат,СТАЛЬ ЛИСТОВАЯ ОЦИНКОВАННАЯ Х/К,2 кл КР пром_пас,Лист оцинкованный 0.8 мм,Лист оцинкованный 0.8 мм,0.8,99000,т,1,0,0,https://www.kavstal.ru/public/assets/images/products/Листовой_прокат/СТАЛЬ_ЛИСТОВАЯ_ОЦИНКОВАННАЯ_Х_К/лист_оцинкованный.webp,балашиха;сталь листовая оцинкованная х/к;2 кл кр пром_пас;8;лист;оцинкованный;0.8;мм,2 кл КР пром_пас,0.8,,т
Листовой прокат,СТАЛЬ ЛИСТОВАЯ ОЦИНКОВАННАЯ Х/К,2 кл КР пром_пас,Лист оцинкованный 1 мм,Лист оцинкованный 1 мм,1,99000,т,1,0,0,https://www.kavstal.ru/public/assets/images/products/Листовой_прокат/СТАЛЬ_ЛИСТОВАЯ_ОЦИНКОВАННАЯ_Х_К/лист_оцинкованный.webp,балашиха;сталь листовая оцинкованная х/к;2 кл кр пром_пас;1;лист;оцинкованный;мм,2 кл КР пром_пас,1,,т
Листовой прокат,СТАЛЬ ЛИСТОВАЯ ОЦИНКОВАННАЯ Х/К,2 кл КР пром_пас,Лист оцинкованный 1.2 мм,Лист оцинкованный 1.2 мм,1.2,99000,т,1,0,0,https://www.kavstal.ru/public/assets/images/products/Листовой_прокат/СТАЛЬ_ЛИСТОВАЯ_ОЦИНКОВАННАЯ_Х_К/лист_оцинкованный.webp,балашиха;сталь листовая оцинкованная х/к;2 кл кр пром_пас;1;2;лист;оцинкованный;1.2;мм,2 кл КР пром_пас,1.2,,т
Листовой прокат,СТАЛЬ ЛИСТОВАЯ ОЦИНКОВАННАЯ Х/К,2 кл КР пром_пас,Лист оцинкованный 1.5 мм,Лист оцинкованный 1.5 мм,1.5,99000,т,1,0,0,https://www.kavstal.ru/public/assets/images/products/Листовой_прокат/СТАЛЬ_ЛИСТОВАЯ_ОЦИНКОВАННАЯ_Х_К/лист_оцинкованный.webp,балашиха;сталь листовая оцинкованная х/к;2 кл кр пром_пас;1;5;лист;оцинкованный;1.5;мм,2 кл КР пром_пас,1.5,,т
Листовой прокат,СТАЛЬ ЛИСТОВАЯ ОЦИНКОВАННАЯ Х/К,М Zn140 М пас,Лист оцинкованный 0.5 мм М Zn140 М пас,Лист оцинкованный 0.5 мм М Zn140 М пас,0.5,99000,т,1,0,0,https://www.kavstal.ru/public/assets/images/products/Листовой_прокат/СТАЛЬ_ЛИСТОВАЯ_ОЦИНКОВАННАЯ_Х_К/лист_оцинкованный.webp,балашиха;сталь листовая оцинкованная х/к;м zn140 м пас;5;лист;оцинкованный;0.5;мм;zn140;пас,М Zn140 М пас,0.5,,т
Листовой прокат,СТАЛЬ ЛИСТОВАЯ ОЦИНКОВАННАЯ Х/К,н/обр 2 кл КР пром_пас,Лист оцинкованный 0.55 мм,Лист оцинкованный 0.55 мм,0.55,99000,т,1,0,0,https://www.kavstal.ru/public/assets/images/products/Листовой_прокат/СТАЛЬ_ЛИСТОВАЯ_ОЦИНКОВАННАЯ_Х_К/лист_оцинкованный.webp,балашиха;сталь листовая оцинкованная х/к;н/обр 2 кл кр пром_пас;55;лист;оцинкованный;0.55;мм,н/обр 2 кл КР пром_пас,0.55,,т
Листовой прокат,СТАЛЬ ЛИСТОВАЯ ОЦИНКОВАННАЯ Х/К,н/обр Zn100 М пас,Лист оцинкованный 0.7 мм н/обр Zn100 М пас,Лист оцинкованный 0.7 мм н/обр Zn100 М пас,0.7,95040,т,1,0,0,https://www.kavstal.ru/public/assets/images/products/Листовой_прокат/СТАЛЬ_ЛИСТОВАЯ_ОЦИНКОВАННАЯ_Х_К/лист_оцинкованный.webp,балашиха;сталь листовая оцинкованная х/к;н/обр zn100 м пас;7;8;лист;оцинкованный;0.7;мм;н/обр;zn100;пас,н/обр Zn100 М пас,0.7 ; 0.8,,т
Листовой прокат,СТАЛЬ ЛИСТОВАЯ ОЦИНКОВАННАЯ Х/К,н/обр Zn100 М пас,Лист оцинкованный 1.2 мм н/обр Zn100 М пас,Лист оцинкованный 1.2 мм н/обр Zn100 М пас,1.2,95040,т,1,0,0,https://www.kavstal.ru/public/assets/images/products/Листовой_прокат/СТАЛЬ_ЛИСТОВАЯ_ОЦИНКОВАННАЯ_Х_К/лист_оцинкованный.webp,балашиха;сталь листовая оцинкованная х/к;н/обр zn100 м пас;1;2;лист;оцинкованный;1.2;мм;н/обр;zn100;пас,н/обр Zn100 М пас,1.2,,т
Листовой прокат,СТАЛЬ ЛИСТОВАЯ ОЦИНКОВАННАЯ Х/К,н/обр Zn100 М пас,Лист оцинкованный 1.5 мм н/обр Zn100 М пас,Лист оцинкованный 1.5 мм н/обр Zn100 М пас,1.5,95040,т,1,0,0,https://www.kavstal.ru/public/assets/images/products/Листовой_прокат/СТАЛЬ_ЛИСТОВАЯ_ОЦИНКОВАННАЯ_Х_К/лист_оцинкованный.webp,балашиха;сталь листовая оцинкованная х/к;н/обр zn100 м пас;1;5;лист;оцинкованный;1.5;мм;н/обр;zn100;пас,н/обр Zn100 М пас,1.5,,т
Листовой прокат,СТАЛЬ ЛИСТОВАЯ ОЦИНКОВАННАЯ Х/К,н/обр Zn140 М пас,Лист оцинкованный 0.5 мм н/обр Zn140 М пас,Лист оцинкованный 0.5 мм н/обр Zn140 М пас,0.5,95040,т,1,0,0,https://www.kavstal.ru/public/assets/images/products/Листовой_прокат/СТАЛЬ_ЛИСТОВАЯ_ОЦИНКОВАННАЯ_Х_К/лист_оцинкованный.webp,балашиха;сталь листовая оцинкованная х/к;н/обр zn140 м пас;5;лист;оцинкованный;0.5;мм;н/обр;zn140;пас,н/обр Zn140 М пас,0.5,,т
Листовой прокат,СТАЛЬ ЛИСТОВАЯ ОЦИНКОВАННАЯ Х/К,н/обр Zn140 М пас,Лист оцинкованный 0.55 мм н/обр Zn140 М пас,Лист оцинкованный 0.55 мм н/обр Zn140 М пас,0.55,95040,т,1,0,0,https://www.kavstal.ru/public/assets/images/products/Листовой_прокат/СТАЛЬ_ЛИСТОВАЯ_ОЦИНКОВАННАЯ_Х_К/лист_оцинкованный.webp,балашиха;сталь листовая оцинкованная х/к;н/обр zn140 м пас;55;лист;оцинкованный;0.55;мм;н/обр;zn140;пас,н/обр Zn140 М пас,0.55,,т
Листовой прокат,СТАЛЬ ЛИСТОВАЯ ОЦИНКОВАННАЯ Х/К,н/обр Zn140 М пас,Лист оцинкованный 0.55 мм н/обр Zn140 М пас,Лист оцинкованный 0.55 мм н/обр Zn140 М пас,0.55,95040,т,1,0,0,https://www.kavstal.ru/public/assets/images/products/Листовой_прокат/СТАЛЬ_ЛИСТОВАЯ_ОЦИНКОВАННАЯ_Х_К/лист_оцинкованный.webp,балашиха;сталь листовая оцинкованная х/к;н/обр zn140 м пас;55;лист;оцинкованный;0.55;мм;н/обр;zn140;пас,н/обр Zn140 М пас,0.55,,т
Листовой прокат,СТАЛЬ ЛИСТОВАЯ ОЦИНКОВАННАЯ Х/К,н/обр Zn140 М пас,Лист оцинкованный 0.7 мм н/обр Zn140 М пас,Лист оцинкованный 0.7 мм н/обр Zn140 М пас,0.7,95040,т,1,0,0,https://www.kavstal.ru/public/assets/images/products/Листовой_прокат/СТАЛЬ_ЛИСТОВАЯ_ОЦИНКОВАННАЯ_Х_К/лист_оцинкованный.webp,балашиха;сталь листовая оцинкованная х/к;н/обр zn140 м пас;7;лист;оцинкованный;0.7;мм;н/обр;zn140;пас,н/обр Zn140 М пас,0.7,,т
Листовой прокат,СТАЛЬ ЛИСТОВАЯ ОЦИНКОВАННАЯ Х/К,н/обр Zn140 М пас,Лист оцинкованный 0.7 мм н/обр Zn140 М пас,Лист оцинкованный 0.7 мм н/обр Zn140 М пас,0.7,95040,т,1,0,0,https://www.kavstal.ru/public/assets/images/products/Листовой_прокат/СТАЛЬ_ЛИСТОВАЯ_ОЦИНКОВАННАЯ_Х_К/лист_оцинкованный.webp,балашиха;сталь листовая оцинкованная х/к;н/обр zn140 м пас;7;лист;оцинкованный;0.7;мм;н/обр;zn140;пас,н/обр Zn140 М пас,0.7,,т
Листовой прокат,СТАЛЬ ЛИСТОВАЯ ОЦИНКОВАННАЯ Х/К,н/обр Zn140 М пас,Лист оцинкованный 0.8 мм н/обр Zn140 М пас,Лист оцинкованный 0.8 мм н/обр Zn140 М пас,0.8,95040,т,1,0,0,https://www.kavstal.ru/public/assets/images/products/Листовой_прокат/СТАЛЬ_ЛИСТОВАЯ_ОЦИНКОВАННАЯ_Х_К/лист_оцинкованный.webp,балашиха;сталь листовая оцинкованная х/к;н/обр zn140 м пас;8;лист;оцинкованный;0.8;мм;н/обр;zn140;пас,н/обр Zn140 М пас,0.8,,т
Листовой прокат,СТАЛЬ ЛИСТОВАЯ ОЦИНКОВАННАЯ Х/К,н/обр Zn140 М пас,Лист оцинкованный 0.8 мм н/обр Zn140 М пас,Лист оцинкованный 0.8 мм н/обр Zn140 М пас,0.8,95040,т,1,0,0,https://www.kavstal.ru/public/assets/images/products/Листовой_прокат/СТАЛЬ_ЛИСТОВАЯ_ОЦИНКОВАННАЯ_Х_К/лист_оцинкованный.webp,балашиха;сталь листовая оцинкованная х/к;н/обр zn140 м пас;8;лист;оцинкованный;0.8;мм;н/обр;zn140;пас,н/обр Zn140 М пас,0.8,,т
Листовой прокат,СТАЛЬ ЛИСТОВАЯ ОЦИНКОВАННАЯ Х/К,н/обр Zn140 М пас,Лист оцинкованный 1 мм н/обр Zn140 М пас,Лист оцинкованный 1 мм н/обр Zn140 М пас,1,95040,т,1,0,0,https://www.kavstal.ru/public/assets/images/products/Листовой_прокат/СТАЛЬ_ЛИСТОВАЯ_ОЦИНКОВАННАЯ_Х_К/лист_оцинкованный.webp,балашиха;сталь листовая оцинкованная х/к;н/обр zn140 м пас;1;лист;оцинкованный;мм;н/обр;zn140;пас,н/обр Zn140 М пас,1,,т
Листовой прокат,СТАЛЬ ЛИСТОВАЯ ОЦИНКОВАННАЯ Х/К,н/обр Zn140 М пас,Лист оцинкованный 1 мм н/обр Zn140 М пас,Лист оцинкованный 1 мм н/обр Zn140 М пас,1,95040,т,1,0,0,https://www.kavstal.ru/public/assets/images/products/Листовой_прокат/СТАЛЬ_ЛИСТОВАЯ_ОЦИНКОВАННАЯ_Х_К/лист_оцинкованный.webp,балашиха;сталь листовая оцинкованная х/к;н/обр zn140 м пас;1;лист;оцинкованный;мм;н/обр;zn140;пас,н/обр Zn140 М пас,1,,т
Листовой прокат,СТАЛЬ ЛИСТОВАЯ ОЦИНКОВАННАЯ Х/К,н/обр Zn140 М пас,Лист оцинкованный 1.2 мм н/обр Zn140 М пас,Лист оцинкованный 1.2 мм н/обр Zn140 М пас,1.2,95040,т,1,0,0,https://www.kavstal.ru/public/assets/images/products/Листовой_прокат/СТАЛЬ_ЛИСТОВАЯ_ОЦИНКОВАННАЯ_Х_К/лист_оцинкованный.webp,балашиха;сталь листовая оцинкованная х/к;н/обр zn140 м пас;1;2;лист;оцинкованный;1.2;мм;н/обр;zn140;пас,н/обр Zn140 М пас,1.2,,т
Листовой прокат,СТАЛЬ ЛИСТОВАЯ ОЦИНКОВАННАЯ Х/К,н/обр Zn140 М пас,Лист оцинкованный 1.5 мм н/обр Zn140 М пас,Лист оцинкованный 1.5 мм н/обр Zn140 М пас,1.5,95040,т,1,0,0,https://www.kavstal.ru/public/assets/images/products/Листовой_прокат/СТАЛЬ_ЛИСТОВАЯ_ОЦИНКОВАННАЯ_Х_К/лист_оцинкованный.webp,балашиха;сталь листовая оцинкованная х/к;н/обр zn140 м пас;1;5;лист;оцинкованный;1.5;мм;н/обр;zn140;пас,н/обр Zn140 М пас,1.5,,т
Листовой прокат,СТАЛЬ ЛИСТОВАЯ ОЦИНКОВАННАЯ Х/К,н/обр Zn140 М пас,Лист оцинкованный 1.5 мм н/обр Zn140 М пас,Лист оцинкованный 1.5 мм н/обр Zn140 М пас,1.5,95040,т,1,0,0,https://www.kavstal.ru/public/assets/images/products/Листовой_прокат/СТАЛЬ_ЛИСТОВАЯ_ОЦИНКОВАННАЯ_Х_К/лист_оцинкованный.webp,балашиха;сталь листовая оцинкованная х/к;н/обр zn140 м пас;1;5;лист;оцинкованный;1.5;мм;н/обр;zn140;пас,н/обр Zn140 М пас,1.5,,т
Листовой прокат,СТАЛЬ ЛИСТОВАЯ ОЦИНКОВАННАЯ Х/К,н/обр Zn140 М пас,Лист оцинкованный 2 мм н/обр Zn140 М пас,Лист оцинкованный 2 мм н/обр Zn140 М пас,2,95040,т,1,0,0,https://www.kavstal.ru/public/assets/images/products/Листовой_прокат/СТАЛЬ_ЛИСТОВАЯ_ОЦИНКОВАННАЯ_Х_К/лист_оцинкованный.webp,балашиха;сталь листовая оцинкованная х/к;н/обр zn140 м пас;2;лист;оцинкованный;мм;н/обр;zn140;пас,н/обр Zn140 М пас,2,,т
Листовой прокат,СТАЛЬ ЛИСТОВАЯ ОЦИНКОВАННАЯ Х/К,н/обр Zn140 М пас,Лист оцинкованный 2.5 мм н/обр Zn140 М пас,Лист оцинкованный 2.5 мм н/обр Zn140 М пас,2.5,95040,т,1,0,0,https://www.kavstal.ru/public/assets/images/products/Листовой_прокат/СТАЛЬ_ЛИСТОВАЯ_ОЦИНКОВАННАЯ_Х_К/лист_оцинкованный.webp,балашиха;сталь листовая оцинкованная х/к;н/обр zn140 м пас;2;5;лист;оцинкованный;2.5;мм;н/обр;zn140;пас,н/обр Zn140 М пас,2.5,,т
Листовой прокат,СТАЛЬ ЛИСТОВАЯ ОЦИНКОВАННАЯ Х/К,н/обр Zn140 М пас,Лист оцинкованный 3 мм н/обр Zn140 М пас,Лист оцинкованный 3 мм н/обр Zn140 М пас,3,95040,т,1,0,0,https://www.kavstal.ru/public/assets/images/products/Листовой_прокат/СТАЛЬ_ЛИСТОВАЯ_ОЦИНКОВАННАЯ_Х_К/лист_оцинкованный.webp,балашиха;сталь листовая оцинкованная х/к;н/обр zn140 м пас;3;лист;оцинкованный;мм;н/обр;zn140;пас,н/обр Zn140 М пас,3,,т
Листовой прокат,СТАЛЬ ЛИСТОВАЯ ОЦИНКОВАННАЯ Х/К,н/обр Zn140 М пас 1х2,Лист оцинкованный 0.5 мм н/обр Zn140 М пас 1х2,Лист оцинкованный 0.5 мм н/обр Zn140 М пас 1х2,0.5,95040,т,1,0,0,https://www.kavstal.ru/public/assets/images/products/Листовой_прокат/СТАЛЬ_ЛИСТОВАЯ_ОЦИНКОВАННАЯ_Х_К/лист_оцинкованный.webp,балашиха;сталь листовая оцинкованная х/к;н/обр zn140 м пас 1х2;5;лист;оцинкованный;0.5;мм;н/обр;zn140;пас;1х2,н/обр Zn140 М пас 1х2,0.5,,т
Листовой прокат,СТАЛЬ ЛИСТОВАЯ ОЦИНКОВАННАЯ Х/К,н/обр Zn140 М пас ГОСТ,Лист оцинкованный 2 мм н/обр Zn140 М пас ГОСТ,Лист оцинкованный 2 мм н/обр Zn140 М пас ГОСТ,2,95040,т,1,0,0,https://www.kavstal.ru/public/assets/images/products/Листовой_прокат/СТАЛЬ_ЛИСТОВАЯ_ОЦИНКОВАННАЯ_Х_К/лист_оцинкованный.webp,балашиха;сталь листовая оцинкованная х/к;н/обр zn140 м пас гост;2;лист;оцинкованный;мм;н/обр;zn140;пас;гост,н/обр Zn140 М пас ГОСТ,2,,т
Листовой прокат,СТАЛЬ ЛИСТОВАЯ ОЦИНКОВАННАЯ Х/К,н/обр Zn275 М пас,Лист оцинкованный 0.5 мм н/обр Zn275 М пас,Лист оцинкованный 0.5 мм н/обр Zn275 М пас,0.5,95040,т,1,0,0,https://www.kavstal.ru/public/assets/images/products/Листовой_прокат/СТАЛЬ_ЛИСТОВАЯ_ОЦИНКОВАННАЯ_Х_К/лист_оцинкованный.webp,балашиха;сталь листовая оцинкованная х/к;н/обр zn275 м пас;5;лист;оцинкованный;0.5;мм;н/обр;zn275;пас,н/обр Zn275 М пас,0.5,,т
Листовой прокат,СТАЛЬ ЛИСТОВАЯ ОЦИНКОВАННАЯ Х/К,н/обр Zn275 М пас,Лист оцинкованный 0.7 мм н/обр Zn275 М пас,Лист оцинкованный 0.7 мм н/обр Zn275 М пас,0.7,95040,т,1,0,0,https://www.kavstal.ru/public/assets/images/products/Листовой_прокат/СТАЛЬ_ЛИСТОВАЯ_ОЦИНКОВАННАЯ_Х_К/лист_оцинкованный.webp,балашиха;сталь листовая оцинкованная х/к;н/обр zn275 м пас;7;лист;оцинкованный;0.7;мм;н/обр;zn275;пас,н/обр Zn275 М пас,0.7,,т
Листовой прокат,СТАЛЬ ЛИСТОВАЯ ОЦИНКОВАННАЯ Х/К,н/обр Zn275 М пас,Лист оцинкованный 0.8 мм н/обр Zn275 М пас,Лист оцинкованный 0.8 мм н/обр Zn275 М пас,0.8,95040,т,1,0,0,https://www.kavstal.ru/public/assets/images/products/Листовой_прокат/СТАЛЬ_ЛИСТОВАЯ_ОЦИНКОВАННАЯ_Х_К/лист_оцинкованный.webp,балашиха;сталь листовая оцинкованная х/к;н/обр zn275 м пас;8;лист;оцинкованный;0.8;мм;н/обр;zn275;пас,н/обр Zn275 М пас,0.8,,т
Листовой прокат,СТАЛЬ ЛИСТОВАЯ ОЦИНКОВАННАЯ Х/К,н/обр Zn275 М пас,Лист оцинкованный 1.2 мм н/обр Zn275 М пас,Лист оцинкованный 1.2 мм н/обр Zn275 М пас,1.2,95040,т,1,0,0,https://www.kavstal.ru/public/assets/images/products/Листовой_прокат/СТАЛЬ_ЛИСТОВАЯ_ОЦИНКОВАННАЯ_Х_К/лист_оцинкованный.webp,балашиха;сталь листовая оцинкованная х/к;н/обр zn275 м пас;1;2;лист;оцинкованный;1.2;мм;н/обр;zn275;пас,н/обр Zn275 М пас,1.2,,т
Листовой прокат,СТАЛЬ ЛИСТОВАЯ ОЦИНКОВАННАЯ Х/К,н/обр Zn275 М пас,Лист оцинкованный 1.5 мм н/обр Zn275 М пас,Лист оцинкованный 1.5 мм н/обр Zn275 М пас,1.5,95040,т,1,0,0,https://www.kavstal.ru/public/assets/images/products/Листовой_прокат/СТАЛЬ_ЛИСТОВАЯ_ОЦИНКОВАННАЯ_Х_К/лист_оцинкованный.webp,балашиха;сталь листовая оцинкованная х/к;н/обр zn275 м пас;1;5;лист;оцинкованный;1.5;мм;н/обр;zn275;пас,н/обр Zn275 М пас,1.5,,т
Листовой прокат,СТАЛЬ ЛИСТОВАЯ ОЦИНКОВАННАЯ Х/К,н/обр Zn275 М пас,Лист оцинкованный 2 мм н/обр Zn275 М пас,Лист оцинкованный 2 мм н/обр Zn275 М пас,2,95040,т,1,0,0,https://www.kavstal.ru/public/assets/images/products/Листовой_прокат/СТАЛЬ_ЛИСТОВАЯ_ОЦИНКОВАННАЯ_Х_К/лист_оцинкованный.webp,балашиха;сталь листовая оцинкованная х/к;н/обр zn275 м пас;2;лист;оцинкованный;мм;н/обр;zn275;пас,н/обр Zn275 М пас,2,,т
Листовой прокат,СТАЛЬ ЛИСТОВАЯ ОЦИНКОВАННАЯ Х/К,н/обр Zn275 М пас,Лист оцинкованный 3 мм н/обр Zn275 М пас,Лист оцинкованный 3 мм н/обр Zn275 М пас,3,95040,т,1,0,0,https://www.kavstal.ru/public/assets/images/products/Листовой_прокат/СТАЛЬ_ЛИСТОВАЯ_ОЦИНКОВАННАЯ_Х_К/лист_оцинкованный.webp,балашиха;сталь листовая оцинкованная х/к;н/обр zn275 м пас;3;лист;оцинкованный;мм;н/обр;zn275;пас,н/обр Zn275 М пас,3,,т
Листовой прокат,СТАЛЬ ЛИСТОВАЯ ОЦИНКОВАННАЯ Х/К,н/обр Zn350 М пас,Лист оцинкованный 0.8 мм н/обр Zn350 М пас,Лист оцинкованный 0.8 мм н/обр Zn350 М пас,0.8,95040,т,1,0,0,https://www.kavstal.ru/public/assets/images/products/Листовой_прокат/СТАЛЬ_ЛИСТОВАЯ_ОЦИНКОВАННАЯ_Х_К/лист_оцинкованный.webp,балашиха;сталь листовая оцинкованная х/к;н/обр zn350 м пас;8;лист;оцинкованный;0.8;мм;н/обр;zn350;пас,н/обр Zn350 М пас,0.8,,т
Листовой прокат,СТАЛЬ ЛИСТОВАЯ ОЦИНКОВАННАЯ Х/К,н/обр М пас Zn275,Лист оцинкованный 1 мм н/обр М пас Zn275,Лист оцинкованный 1 мм н/обр М пас Zn275,1,95040,т,1,0,0,https://www.kavstal.ru/public/assets/images/products/Листовой_прокат/СТАЛЬ_ЛИСТОВАЯ_ОЦИНКОВАННАЯ_Х_К/лист_оцинкованный.webp,балашиха;сталь листовая оцинкованная х/к;н/обр м пас zn275;1;лист;оцинкованный;мм;н/обр;пас;zn275,н/обр М пас Zn275,1,,т
Листовой прокат,СТАЛЬ ЛИСТОВАЯ Г/К ОБЫЧ КАЧЕСТВА,Ст3 н/обр,Лист г/к 7 мм Ст3 (необрезанный),Лист г/к 7 мм Ст3 (необрезанный),7,52490,т,1,0,0,https://www.kavstal.ru/public/assets/images/products/Листовой_прокат/СТАЛЬ_ЛИСТ_Г_К_КОНСТРУКЦИОННАЯ/лист.webp,профнастил;сталь листовая г/к обыч качества;ст3 н/обр;7;лист;г/к;мм;ст3;необрезанный,Ст3 н/обр,7,,т
Листовой прокат,СТАЛЬ ЛИСТОВАЯ Г/К ОБЫЧ КАЧЕСТВА,Ст3 обр,Лист г/к 16 мм Ст3 (обрезанный),Лист г/к 16 мм Ст3 (обрезанный),16,52990,т,1,0,0,https://www.kavstal.ru/public/assets/images/products/Листовой_прокат/СТАЛЬ_ЛИСТ_Г_К_КОНСТРУКЦИОННАЯ/лист.webp,профнастил;сталь листовая г/к обыч качества;ст3 обр;16;лист;г/к;мм;ст3;обрезанный,Ст3 обр,16,,т
Листовой прокат,СТАЛЬ ЛИСТОВАЯ Г/К ОБЫЧ КАЧЕСТВА,Ст3 обр УЗК,Лист г/к 10 мм Ст3 обр УЗК,Лист г/к 10 мм Ст3 обр УЗК,10,78990,т,1,0,0,https://www.kavstal.ru/public/assets/images/products/Листовой_прокат/СТАЛЬ_ЛИСТ_Г_К_КОНСТРУКЦИОННАЯ/лист.webp,профнастил;сталь листовая г/к обыч качества;ст3 обр узк;10;лист;г/к;мм;ст3;обр;узк,Ст3 обр УЗК,10,,т
Листовой прокат,СТАЛЬ ЛИСТОВАЯ Г/К ОБЫЧ КАЧЕСТВА,Ст3 н/обр,Лист г/к 1.5 мм Ст3 (необрезанный),Лист г/к 1.5 мм Ст3 (необрезанный),1.5,64990,т,1,0,0,https://www.kavstal.ru/public/assets/images/products/Листовой_прокат/СТАЛЬ_ЛИСТ_Г_К_КОНСТРУКЦИОННАЯ/лист.webp,профнастил;сталь листовая г/к обыч качества;ст3 н/обр;1;5;лист;г/к;1.5;мм;ст3;необрезанный,Ст3 н/обр,1.5,,т
Листовой прокат,СТАЛЬ ЛИСТОВАЯ Г/К ОБЫЧ КАЧЕСТВА,Ст3 н/обр,Лист г/к 2 мм Ст3 (необрезанный),Лист г/к 2 мм Ст3 (необрезанный),2,56990,т,1,0,0,https://www.kavstal.ru/public/assets/images/products/Листовой_прокат/СТАЛЬ_ЛИСТ_Г_К_КОНСТРУКЦИОННАЯ/лист.webp,профнастил;сталь листовая г/к обыч качества;ст3 н/обр;2;лист;г/к;мм;ст3;необрезанный,Ст3 н/обр,2,,т
Листовой прокат,СТАЛЬ ЛИСТОВАЯ Г/К ОБЫЧ КАЧЕСТВА,Ст3 н/обр,Лист г/к 2.5 мм Ст3 (необрезанный),Лист г/к 2.5 мм Ст3 (необрезанный),2.5,56490,т,1,0,0,https://www.kavstal.ru/public/assets/images/products/Листовой_прокат/СТАЛЬ_ЛИСТ_Г_К_КОНСТРУКЦИОННАЯ/лист.webp,профнастил;сталь листовая г/к обыч качества;ст3 н/обр;2;5;лист;г/к;2.5;мм;ст3;необрезанный,Ст3 н/обр,2.5,,т
Листовой прокат,СТАЛЬ ЛИСТОВАЯ Г/К ОБЫЧ КАЧЕСТВА,Ст3 н/обр,Лист г/к 3 мм Ст3 (необрезанный),Лист г/к 3 мм Ст3 (необрезанный),3,56990,т,1,0,0,https://www.kavstal.ru/public/assets/images/products/Листовой_прокат/СТАЛЬ_ЛИСТ_Г_К_КОНСТРУКЦИОННАЯ/лист.webp,профнастил;сталь листовая г/к обыч качества;ст3 н/обр;3;лист;г/к;мм;ст3;необрезанный,Ст3 н/обр,3,,т
Листовой прокат,СТАЛЬ ЛИСТОВАЯ Г/К ОБЫЧ КАЧЕСТВА,Ст3 н/обр,Лист г/к 4 мм Ст3 (необрезанный),Лист г/к 4 мм Ст3 (необрезанный),4,55990,т,1,0,0,https://www.kavstal.ru/public/assets/images/products/Листовой_прокат/СТАЛЬ_ЛИСТ_Г_К_КОНСТРУКЦИОННАЯ/лист.webp,профнастил;сталь листовая г/к обыч качества;ст3 н/обр;4;5;6;лист;г/к;мм;ст3;необрезанный,Ст3 н/обр,4 ; 5; 6; 6,,т
Листовой прокат,СТАЛЬ ЛИСТОВАЯ Г/К ОБЫЧ КАЧЕСТВА,Ст3 н/обр,Лист г/к 7 мм Ст3 (необрезанный),Лист г/к 7 мм Ст3 (необрезанный),7,55490,т,1,0,0,https://www.kavstal.ru/public/assets/images/products/Листовой_прокат/СТАЛЬ_ЛИСТ_Г_К_КОНСТРУКЦИОННАЯ/лист.webp,профнастил;сталь листовая г/к обыч качества;ст3 н/обр;7;лист;г/к;мм;ст3;необрезанный,Ст3 н/обр,7,,т
Листовой прокат,СТАЛЬ ЛИСТОВАЯ Г/К ОБЫЧ КАЧЕСТВА,Ст3 н/обр,Лист г/к 8 мм Ст3 (необрезанный),Лист г/к 8 мм Ст3 (необрезанный),8,53990,т,1,0,0,https://www.kavstal.ru/public/assets/images/products/Листовой_прокат/СТАЛЬ_ЛИСТ_Г_К_КОНСТРУКЦИОННАЯ/лист.webp,профнастил;сталь листовая г/к обыч качества;ст3 н/обр;8;лист;г/к;мм;ст3;необрезанный,Ст3 н/обр,8,,т
Листовой прокат,СТАЛЬ ЛИСТОВАЯ Г/К ОБЫЧ КАЧЕСТВА,Ст3 н/обр,Лист г/к 8 мм Ст3 (необрезанный),Лист г/к 8 мм Ст3 (необрезанный),8,54490,теор.т,1,0,0,https://www.kavstal.ru/public/assets/images/products/Листовой_прокат/СТАЛЬ_ЛИСТ_Г_К_КОНСТРУКЦИОННАЯ/лист.webp,профнастил;сталь листовая г/к обыч качества;ст3 н/обр;8;лист;г/к;мм;ст3;необрезанный,Ст3 н/обр,8,,теор.т
Листовой прокат,СТАЛЬ ЛИСТОВАЯ Г/К ОБЫЧ КАЧЕСТВА,Ст3 н/обр,Лист г/к 9 мм Ст3 (необрезанный),Лист г/к 9 мм Ст3 (необрезанный),9,53990,т,1,0,0,https://www.kavstal.ru/public/assets/images/products/Листовой_прокат/СТАЛЬ_ЛИСТ_Г_К_КОНСТРУКЦИОННАЯ/лист.webp,профнастил;сталь листовая г/к обыч качества;ст3 н/обр;9;10;лист;г/к;мм;ст3;необрезанный,Ст3 н/обр,9 ; 10,,т
Листовой прокат,СТАЛЬ ЛИСТОВАЯ Г/К ОБЫЧ КАЧЕСТВА,Ст3 н/обр,Лист г/к 12 мм Ст3 (необрезанный),Лист г/к 12 мм Ст3 (необрезанный),12,52490,т,1,0,0,https://www.kavstal.ru/public/assets/images/products/Листовой_прокат/СТАЛЬ_ЛИСТ_Г_К_КОНСТРУКЦИОННАЯ/лист.webp,профнастил;сталь листовая г/к обыч качества;ст3 н/обр;12;лист;г/к;мм;ст3;необрезанный,Ст3 н/обр,12,,т
Листовой прокат,СТАЛЬ ЛИСТОВАЯ Г/К ОБЫЧ КАЧЕСТВА,Ст3 н/обр,Лист г/к 18 мм Ст3 (необрезанный),Лист г/к 18 мм Ст3 (необрезанный),18,55490,т,1,0,0,https://www.kavstal.ru/public/assets/images/products/Листовой_прокат/СТАЛЬ_ЛИСТ_Г_К_КОНСТРУКЦИОННАЯ/лист.webp,профнастил;сталь листовая г/к обыч качества;ст3 н/обр;18;лист;г/к;мм;ст3;необрезанный,Ст3 н/обр,18,,т
Листовой прокат,СТАЛЬ ЛИСТОВАЯ Г/К ОБЫЧ КАЧЕСТВА,Ст3 н/обр уценка,Лист г/к 1.5 мм Ст3 н/обр уценка,Лист г/к 1.5 мм Ст3 н/обр уценка,1.5,66048,т,1,0,0,https://www.kavstal.ru/public/assets/images/products/Листовой_прокат/СТАЛЬ_ЛИСТ_Г_К_КОНСТРУКЦИОННАЯ/лист.webp,профнастил;сталь листовая г/к обыч качества;ст3 н/обр уценка;1;5;лист;г/к;1.5;мм;ст3;н/обр;уценка,Ст3 н/обр уценка,1.5,,т
Листовой прокат,СТАЛЬ ЛИСТОВАЯ Г/К ОБЫЧ КАЧЕСТВА,Ст3 обр,Лист г/к 4 мм Ст3 (обрезанный),Лист г/к 4 мм Ст3 (обрезанный),4,55990,т,1,0,0,https://www.kavstal.ru/public/assets/images/products/Листовой_прокат/СТАЛЬ_ЛИСТ_Г_К_КОНСТРУКЦИОННАЯ/лист.webp,профнастил;сталь листовая г/к обыч качества;ст3 обр;4;5;6;лист;г/к;мм;ст3;обрезанный,Ст3 обр,4 ; 5; 6,,т
Листовой прокат,СТАЛЬ ЛИСТОВАЯ Г/К ОБЫЧ КАЧЕСТВА,Ст3 обр,Лист г/к 8 мм Ст3 (обрезанный),Лист г/к 8 мм Ст3 (обрезанный),8,53990,т,1,0,0,https://www.kavstal.ru/public/assets/images/products/Листовой_прокат/СТАЛЬ_ЛИСТ_Г_К_КОНСТРУКЦИОННАЯ/лист.webp,профнастил;сталь листовая г/к обыч качества;ст3 обр;8;лист;г/к;мм;ст3;обрезанный,Ст3 обр,8,,т
Листовой прокат,СТАЛЬ ЛИСТОВАЯ Г/К ОБЫЧ КАЧЕСТВА,Ст3 обр,Лист г/к 8 мм Ст3 (обрезанный),Лист г/к 8 мм Ст3 (обрезанный),8,54490,т,1,0,0,https://www.kavstal.ru/public/assets/images/products/Листовой_прокат/СТАЛЬ_ЛИСТ_Г_К_КОНСТРУКЦИОННАЯ/лист.webp,профнастил;сталь листовая г/к обыч качества;ст3 обр;8;лист;г/к;мм;ст3;обрезанный,Ст3 обр,8,,т
Листовой прокат,СТАЛЬ ЛИСТОВАЯ Г/К ОБЫЧ КАЧЕСТВА,Ст3 обр,Лист г/к 8 мм Ст3 (обрезанный),Лист г/к 8 мм Ст3 (обрезанный),8,74000,т,1,0,0,https://www.kavstal.ru/public/assets/images/products/Листовой_прокат/СТАЛЬ_ЛИСТ_Г_К_КОНСТРУКЦИОННАЯ/лист.webp,профнастил;сталь листовая г/к обыч качества;ст3 обр;8;лист;г/к;мм;ст3;обрезанный,Ст3 обр,8,,т
Листовой прокат,СТАЛЬ ЛИСТОВАЯ Г/К ОБЫЧ КАЧЕСТВА,Ст3 обр,Лист г/к 8 мм Ст3 (обрезанный),Лист г/к 8 мм Ст3 (обрезанный),8,78990,т,1,0,0,https://www.kavstal.ru/public/assets/images/products/Листовой_прокат/СТАЛЬ_ЛИСТ_Г_К_КОНСТРУКЦИОННАЯ/лист.webp,профнастил;сталь листовая г/к обыч качества;ст3 обр;8;лист;г/к;мм;ст3;обрезанный,Ст3 обр,8,,т
Листовой прокат,СТАЛЬ ЛИСТОВАЯ Г/К ОБЫЧ КАЧЕСТВА,Ст3 обр,Лист г/к 10 мм Ст3 (обрезанный),Лист г/к 10 мм Ст3 (обрезанный),10,53990,т,1,0,0,https://www.kavstal.ru/public/assets/images/products/Листовой_прокат/СТАЛЬ_ЛИСТ_Г_К_КОНСТРУКЦИОННАЯ/лист.webp,профнастил;сталь листовая г/к обыч качества;ст3 обр;10;лист;г/к;мм;ст3;обрезанный,Ст3 обр,10,,т
Листовой прокат,СТАЛЬ ЛИСТОВАЯ Г/К ОБЫЧ КАЧЕСТВА,Ст3 обр,Лист г/к 12 мм Ст3 (обрезанный),Лист г/к 12 мм Ст3 (обрезанный),12,52490,т,1,0,0,https://www.kavstal.ru/public/assets/images/products/Листовой_прокат/СТАЛЬ_ЛИСТ_Г_К_КОНСТРУКЦИОННАЯ/лист.webp,профнастил;сталь листовая г/к обыч качества;ст3 обр;12;лист;г/к;мм;ст3;обрезанный,Ст3 обр,12,,т
Листовой прокат,СТАЛЬ ЛИСТОВАЯ Г/К ОБЫЧ КАЧЕСТВА,Ст3 обр,Лист г/к 12 мм Ст3 (обрезанный),Лист г/к 12 мм Ст3 (обрезанный),12,53490,т,1,0,0,https://www.kavstal.ru/public/assets/images/products/Листовой_прокат/СТАЛЬ_ЛИСТ_Г_К_КОНСТРУКЦИОННАЯ/лист.webp,профнастил;сталь листовая г/к обыч качества;ст3 обр;12;лист;г/к;мм;ст3;обрезанный,Ст3 обр,12,,т
Листовой прокат,СТАЛЬ ЛИСТОВАЯ Г/К ОБЫЧ КАЧЕСТВА,Ст3 обр,Лист г/к 14 мм Ст3 (обрезанный),Лист г/к 14 мм Ст3 (обрезанный),14,52990,т,1,0,0,https://www.kavstal.ru/public/assets/images/products/Листовой_прокат/СТАЛЬ_ЛИСТ_Г_К_КОНСТРУКЦИОННАЯ/лист.webp,профнастил;сталь листовая г/к обыч качества;ст3 обр;14;лист;г/к;мм;ст3;обрезанный,Ст3 обр,14,,т
Листовой прокат,СТАЛЬ ЛИСТОВАЯ Г/К ОБЫЧ КАЧЕСТВА,Ст3 обр,Лист г/к 14 мм Ст3 (обрезанный),Лист г/к 14 мм Ст3 (обрезанный),14,53490,т,1,0,0,https://www.kavstal.ru/public/assets/images/products/Листовой_прокат/СТАЛЬ_ЛИСТ_Г_К_КОНСТРУКЦИОННАЯ/лист.webp,профнастил;сталь листовая г/к обыч качества;ст3 обр;14;лист;г/к;мм;ст3;обрезанный,Ст3 обр,14,,т
Листовой прокат,СТАЛЬ ЛИСТОВАЯ Г/К ОБЫЧ КАЧЕСТВА,Ст3 обр,Лист г/к 16 мм Ст3 (обрезанный),Лист г/к 16 мм Ст3 (обрезанный),16,52990,т,1,0,0,https://www.kavstal.ru/public/assets/images/products/Листовой_прокат/СТАЛЬ_ЛИСТ_Г_К_КОНСТРУКЦИОННАЯ/лист.webp,профнастил;сталь листовая г/к обыч качества;ст3 обр;16;лист;г/к;мм;ст3;обрезанный,Ст3 обр,16,,т
Листовой прокат,СТАЛЬ ЛИСТОВАЯ Г/К ОБЫЧ КАЧЕСТВА,Ст3 обр,Лист г/к 16 мм Ст3 (обрезанный),Лист г/к 16 мм Ст3 (обрезанный),16,53490,т,1,0,0,https://www.kavstal.ru/public/assets/images/products/Листовой_прокат/СТАЛЬ_ЛИСТ_Г_К_КОНСТРУКЦИОННАЯ/лист.webp,профнастил;сталь листовая г/к обыч качества;ст3 обр;16;лист;г/к;мм;ст3;обрезанный,Ст3 обр,16,,т
Листовой прокат,СТАЛЬ ЛИСТОВАЯ Г/К ОБЫЧ КАЧЕСТВА,Ст3 обр,Лист г/к 16 мм Ст3 (обрезанный),Лист г/к 16 мм Ст3 (обрезанный),16,53990,т,1,0,0,https://www.kavstal.ru/public/assets/images/products/Листовой_прокат/СТАЛЬ_ЛИСТ_Г_К_КОНСТРУКЦИОННАЯ/лист.webp,профнастил;сталь листовая г/к обыч качества;ст3 обр;16;лист;г/к;мм;ст3;обрезанный,Ст3 обр,16,,т
Листовой прокат,СТАЛЬ ЛИСТОВАЯ Г/К ОБЫЧ КАЧЕСТВА,Ст3 обр,Лист г/к 20 мм Ст3 (обрезанный),Лист г/к 20 мм Ст3 (обрезанный),20,55490,т,1,0,0,https://www.kavstal.ru/public/assets/images/products/Листовой_прокат/СТАЛЬ_ЛИСТ_Г_К_КОНСТРУКЦИОННАЯ/лист.webp,профнастил;сталь листовая г/к обыч качества;ст3 обр;20;25;30;40;лист;г/к;мм;ст3;обрезанный,Ст3 обр,20 ; 25; 30; 40,,т
Листовой прокат,СТАЛЬ ЛИСТОВАЯ Г/К ОБЫЧ КАЧЕСТВА,Ст3 обр УЗК,Лист г/к 8 мм Ст3 обр УЗК,Лист г/к 8 мм Ст3 обр УЗК,8,54490,т,1,0,0,https://www.kavstal.ru/public/assets/images/products/Листовой_прокат/СТАЛЬ_ЛИСТ_Г_К_КОНСТРУКЦИОННАЯ/лист.webp,профнастил;сталь листовая г/к обыч качества;ст3 обр узк;8;лист;г/к;мм;ст3;обр;узк,Ст3 обр УЗК,8,,т
Листовой прокат,СТАЛЬ ЛИСТОВАЯ Г/К ОБЫЧ КАЧЕСТВА,Ст3 обр УЗК,Лист г/к 30 мм Ст3 обр УЗК,Лист г/к 30 мм Ст3 обр УЗК,30,55490,т,1,0,0,https://www.kavstal.ru/public/assets/images/products/Листовой_прокат/СТАЛЬ_ЛИСТ_Г_К_КОНСТРУКЦИОННАЯ/лист.webp,профнастил;сталь листовая г/к обыч качества;ст3 обр узк;30;лист;г/к;мм;ст3;обр;узк,Ст3 обр УЗК,30,,т
Листовой прокат,СТАЛЬ ЛИСТ Г/К КОНСТРУКЦИОННАЯ,Ст45 н/обр,Лист г/к конструкционный 10 мм Ст45 н/обр,Лист г/к конструкционный 10 мм Ст45 н/обр,10,66048,т,1,0,0,https://www.kavstal.ru/public/assets/images/products/Листовой_прокат/СТАЛЬ_ЛИСТ_Г_К_КОНСТРУКЦИОННАЯ/лист.webp,профнастил;сталь лист г/к конструкционная;ст45 н/обр;10;12;лист;г/к;конструкционный;мм;ст45;н/обр,Ст45 н/обр,10 ; 12,,т
Листовой прокат,СТАЛЬ ЛИСТОВАЯ Г/К НИЗКОЛЕГИРОВАННАЯ,09Г2С,Лист г/к 3 мм 09Г2С низколегированный,Лист г/к 3 мм 09Г2С низколегированный,3,64990,т,1,0,0,https://www.kavstal.ru/public/assets/images/products/Листовой_прокат/СТАЛЬ_ЛИСТ_Г_К_КОНСТРУКЦИОННАЯ/лист.webp,профнастил;сталь листовая г/к низколегированная;09г2с;3;лист;г/к;мм;низколегированный,09Г2С,3,,т
Листовой прокат,СТАЛЬ ЛИСТОВАЯ Г/К НИЗКОЛЕГИРОВАННАЯ,09Г2С-12,Лист г/к 16 мм 09Г2С-12 низколегированный,Лист г/к 16 мм 09Г2С-12 низколегированный,16,58990,т,1,0,0,https://www.kavstal.ru/public/assets/images/products/Листовой_прокат/СТАЛЬ_ЛИСТ_Г_К_КОНСТРУКЦИОННАЯ/лист.webp,профнастил;сталь листовая г/к низколегированная;09г2с-12;16;лист;г/к;мм;низколегированный,09Г2С-12,16,,т
Листовой прокат,СТАЛЬ ЛИСТОВАЯ Г/К НИЗКОЛЕГИРОВАННАЯ,09Г2С-12,Лист г/к 25 мм 09Г2С-12 низколегированный,Лист г/к 25 мм 09Г2С-12 низколегированный,25,60990,т,1,0,0,https://www.kavstal.ru/public/assets/images/products/Листовой_прокат/СТАЛЬ_ЛИСТ_Г_К_КОНСТРУКЦИОННАЯ/лист.webp,профнастил;сталь листовая г/к низколегированная;09г2с-12;25;лист;г/к;мм;низколегированный,09Г2С-12,25,,т
Листовой прокат,СТАЛЬ ЛИСТОВАЯ Г/К НИЗКОЛЕГИРОВАННАЯ,09Г2С-15,Лист г/к 3 мм 09Г2С-15 низколегированный,Лист г/к 3 мм 09Г2С-15 низколегированный,3,64990,т,1,0,0,https://www.kavstal.ru/public/assets/images/products/Листовой_прокат/СТАЛЬ_ЛИСТ_Г_К_КОНСТРУКЦИОННАЯ/лист.webp,профнастил;сталь листовая г/к низколегированная;09г2с-15;3;лист;г/к;мм;низколегированный,09Г2С-15,3,,т
Листовой прокат,СТАЛЬ ЛИСТОВАЯ Г/К НИЗКОЛЕГИРОВАННАЯ,09Г2С-15,Лист г/к 4 мм 09Г2С-15 низколегированный,Лист г/к 4 мм 09Г2С-15 низколегированный,4,62490,т,1,0,0,https://www.kavstal.ru/public/assets/images/products/Листовой_прокат/СТАЛЬ_ЛИСТ_Г_К_КОНСТРУКЦИОННАЯ/лист.webp,профнастил;сталь листовая г/к низколегированная;09г2с-15;4;лист;г/к;мм;низколегированный,09Г2С-15,4,,т
Листовой прокат,СТАЛЬ ЛИСТОВАЯ Г/К НИЗКОЛЕГИРОВАННАЯ,09Г2С-15,Лист г/к 4 мм 09Г2С-15 низколегированный,Лист г/к 4 мм 09Г2С-15 низколегированный,4,64490,т,1,0,0,https://www.kavstal.ru/public/assets/images/products/Листовой_прокат/СТАЛЬ_ЛИСТ_Г_К_КОНСТРУКЦИОННАЯ/лист.webp,профнастил;сталь листовая г/к низколегированная;09г2с-15;4;лист;г/к;мм;низколегированный,09Г2С-15,4,,т
Листовой прокат,СТАЛЬ ЛИСТОВАЯ Г/К НИЗКОЛЕГИРОВАННАЯ,09Г2С-15,Лист г/к 5 мм 09Г2С-15 низколегированный,Лист г/к 5 мм 09Г2С-15 низколегированный,5,62990,т,1,0,0,https://www.kavstal.ru/public/assets/images/products/Листовой_прокат/СТАЛЬ_ЛИСТ_Г_К_КОНСТРУКЦИОННАЯ/лист.webp,профнастил;сталь листовая г/к низколегированная;09г2с-15;5;лист;г/к;мм;низколегированный,09Г2С-15,5,,т
Листовой прокат,СТАЛЬ ЛИСТОВАЯ Г/К НИЗКОЛЕГИРОВАННАЯ,09Г2С-15,Лист г/к 5 мм 09Г2С-15 низколегированный,Лист г/к 5 мм 09Г2С-15 низколегированный,5,64490,т,1,0,0,https://www.kavstal.ru/public/assets/images/products/Листовой_прокат/СТАЛЬ_ЛИСТ_Г_К_КОНСТРУКЦИОННАЯ/лист.webp,профнастил;сталь листовая г/к низколегированная;09г2с-15;5;лист;г/к;мм;низколегированный,09Г2С-15,5,,т
Листовой прокат,СТАЛЬ ЛИСТОВАЯ Г/К НИЗКОЛЕГИРОВАННАЯ,09Г2С-15,Лист г/к 6 мм 09Г2С-15 низколегированный,Лист г/к 6 мм 09Г2С-15 низколегированный,6,59990,т,1,0,0,https://www.kavstal.ru/public/assets/images/products/Листовой_прокат/СТАЛЬ_ЛИСТ_Г_К_КОНСТРУКЦИОННАЯ/лист.webp,профнастил;сталь листовая г/к низколегированная;09г2с-15;6;лист;г/к;мм;низколегированный,09Г2С-15,6,,т
Листовой прокат,СТАЛЬ ЛИСТОВАЯ Г/К НИЗКОЛЕГИРОВАННАЯ,09Г2С-15,Лист г/к 6 мм 09Г2С-15 низколегированный,Лист г/к 6 мм 09Г2С-15 низколегированный,6,60990,т,1,0,0,https://www.kavstal.ru/public/assets/images/products/Листовой_прокат/СТАЛЬ_ЛИСТ_Г_К_КОНСТРУКЦИОННАЯ/лист.webp,профнастил;сталь листовая г/к низколегированная;09г2с-15;6;лист;г/к;мм;низколегированный,09Г2С-15,6,,т
Листовой прокат,СТАЛЬ ЛИСТОВАЯ Г/К НИЗКОЛЕГИРОВАННАЯ,09Г2С-15,Лист г/к 8 мм 09Г2С-15 низколегированный,Лист г/к 8 мм 09Г2С-15 низколегированный,8,58990,т,1,0,0,https://www.kavstal.ru/public/assets/images/products/Листовой_прокат/СТАЛЬ_ЛИСТ_Г_К_КОНСТРУКЦИОННАЯ/лист.webp,профнастил;сталь листовая г/к низколегированная;09г2с-15;8;10;лист;г/к;мм;низколегированный,09Г2С-15,8 ; 10,,т
Листовой прокат,СТАЛЬ ЛИСТОВАЯ Г/К НИЗКОЛЕГИРОВАННАЯ,09Г2С-15,Лист г/к 12 мм 09Г2С-15 низколегированный,Лист г/к 12 мм 09Г2С-15 низколегированный,12,57990,т,1,0,0,https://www.kavstal.ru/public/assets/images/products/Листовой_прокат/СТАЛЬ_ЛИСТ_Г_К_КОНСТРУКЦИОННАЯ/лист.webp,профнастил;сталь листовая г/к низколегированная;09г2с-15;12;лист;г/к;мм;низколегированный,09Г2С-15,12,,т
Листовой прокат,СТАЛЬ ЛИСТОВАЯ Г/К НИЗКОЛЕГИРОВАННАЯ,09Г2С-15,Лист г/к 12 мм 09Г2С-15 низколегированный,Лист г/к 12 мм 09Г2С-15 низколегированный,12,58990,т,1,0,0,https://www.kavstal.ru/public/assets/images/products/Листовой_прокат/СТАЛЬ_ЛИСТ_Г_К_КОНСТРУКЦИОННАЯ/лист.webp,профнастил;сталь листовая г/к низколегированная;09г2с-15;12;14;16;лист;г/к;мм;низколегированный,09Г2С-15,12 ; 14; 16,,т
Листовой прокат,СТАЛЬ ЛИСТОВАЯ Г/К НИЗКОЛЕГИРОВАННАЯ,09Г2С-15,Лист г/к 20 мм 09Г2С-15 низколегированный,Лист г/к 20 мм 09Г2С-15 низколегированный,20,60990,т,1,0,0,https://www.kavstal.ru/public/assets/images/products/Листовой_прокат/СТАЛЬ_ЛИСТ_Г_К_КОНСТРУКЦИОННАЯ/лист.webp,профнастил;сталь листовая г/к низколегированная;09г2с-15;20;лист;г/к;мм;низколегированный,09Г2С-15,20,,т
Листовой прокат,СТАЛЬ ЛИСТОВАЯ Г/К НИЗКОЛЕГИРОВАННАЯ,09Г2С-15,Лист г/к 20 мм 09Г2С-15 низколегированный,Лист г/к 20 мм 09Г2С-15 низколегированный,20,64990,т,1,0,0,https://www.kavstal.ru/public/assets/images/products/Листовой_прокат/СТАЛЬ_ЛИСТ_Г_К_КОНСТРУКЦИОННАЯ/лист.webp,профнастил;сталь листовая г/к низколегированная;09г2с-15;20;лист;г/к;мм;низколегированный,09Г2С-15,20,,т
Листовой прокат,СТАЛЬ ЛИСТОВАЯ Г/К НИЗКОЛЕГИРОВАННАЯ,09Г2С-15,Лист г/к 25 мм 09Г2С-15 низколегированный,Лист г/к 25 мм 09Г2С-15 низколегированный,25,60990,т,1,0,0,https://www.kavstal.ru/public/assets/images/products/Листовой_прокат/СТАЛЬ_ЛИСТ_Г_К_КОНСТРУКЦИОННАЯ/лист.webp,профнастил;сталь листовая г/к низколегированная;09г2с-15;25;30;40;50;лист;г/к;мм;низколегированный,09Г2С-15,25 ; 30; 40; 50,,т
Листовой прокат,СТАЛЬ ЛИСТОВАЯ Г/К НИЗКОЛЕГИРОВАННАЯ,09Г2С-15 ГС,Лист г/к 12 мм 09Г2С-15 ГС низколегированный,Лист г/к 12 мм 09Г2С-15 ГС низколегированный,12,58990,т,1,0,0,https://www.kavstal.ru/public/assets/images/products/Листовой_прокат/СТАЛЬ_ЛИСТ_Г_К_КОНСТРУКЦИОННАЯ/лист.webp,профнастил;сталь листовая г/к низколегированная;09г2с-15 гс;12;лист;г/к;мм;09г2с-15;гс;низколегированный,09Г2С-15 ГС,12,,т
Листовой прокат,СТАЛЬ ЛИСТОВАЯ Г/К НИЗКОЛЕГИРОВАННАЯ,09Г2С-15 ГС,Лист г/к 25 мм 09Г2С-15 ГС низколегированный,Лист г/к 25 мм 09Г2С-15 ГС низколегированный,25,60990,т,1,0,0,https://www.kavstal.ru/public/assets/images/products/Листовой_прокат/СТАЛЬ_ЛИСТ_Г_К_КОНСТРУКЦИОННАЯ/лист.webp,профнастил;сталь листовая г/к низколегированная;09г2с-15 гс;25;лист;г/к;мм;09г2с-15;гс;низколегированный,09Г2С-15 ГС,25,,т
Листовой прокат,ЛИСТ РИФЛЕНЫЙ,н/обр ромб,Лист рифленый 4 мм н/обр ромб,Лист рифленый 4 мм н/обр ромб,4,71808,т,1,0,0,https://www.kavstal.ru/public/assets/images/products/Листовой_прокат/ЛИСТ_РИФЛЕНЫЙ/лист_рифлёный_ромб.webp,профнастил;лист рифленый;н/обр ромб;4;лист;рифленый;мм;н/обр;ромб,н/обр ромб,4,,т
Листовой прокат,ЛИСТ РИФЛЕНЫЙ,н/обр ромб,Лист рифленый 5 мм н/обр ромб,Лист рифленый 5 мм н/обр ромб,5,71808,т,1,0,0,https://www.kavstal.ru/public/assets/images/products/Листовой_прокат/ЛИСТ_РИФЛЕНЫЙ/лист_рифлёный_ромб.webp,профнастил;лист рифленый;н/обр ромб;5;лист;рифленый;мм;н/обр;ромб,н/обр ромб,5,,т
Листовой прокат,ЛИСТ РИФЛЕНЫЙ,н/обр ромб,Лист рифленый 5 мм н/обр ромб,Лист рифленый 5 мм н/обр ромб,5,71808,т,1,0,0,https://www.kavstal.ru/public/assets/images/products/Листовой_прокат/ЛИСТ_РИФЛЕНЫЙ/лист_рифлёный_ромб.webp,профнастил;лист рифленый;н/обр ромб;5;лист;рифленый;мм;н/обр;ромб,н/обр ромб,5,,т
Листовой прокат,ЛИСТ РИФЛЕНЫЙ,н/обр ромб,Лист рифленый 6 мм н/обр ромб,Лист рифленый 6 мм н/обр ромб,6,71808,т,1,0,0,https://www.kavstal.ru/public/assets/images/products/Листовой_прокат/ЛИСТ_РИФЛЕНЫЙ/лист_рифлёный_ромб.webp,профнастил;лист рифленый;н/обр ромб;6;лист;рифленый;мм;н/обр;ромб,н/обр ромб,6,,т
Листовой прокат,ЛИСТ РИФЛЕНЫЙ,н/обр чечев,Лист рифленый 3 мм н/обр чечев,Лист рифленый 3 мм н/обр чечев,3,71808,т,1,0,0,https://www.kavstal.ru/public/assets/images/products/Листовой_прокат/ЛИСТ_РИФЛЕНЫЙ/лист_рифлёный_чечевица.webp,профнастил;лист рифленый;н/обр чечев;3;лист;рифленый;мм;н/обр;чечев,н/обр чечев,3,,т
Листовой прокат,ЛИСТ РИФЛЕНЫЙ,н/обр чечев,Лист рифленый 3 мм н/обр чечев,Лист рифленый 3 мм н/обр чечев,3,71808,т,1,0,0,https://www.kavstal.ru/public/assets/images/products/Листовой_прокат/ЛИСТ_РИФЛЕНЫЙ/лист_рифлёный_чечевица.webp,профнастил;лист рифленый;н/обр чечев;3;лист;рифленый;мм;н/обр;чечев,н/обр чечев,3,,т
Листовой прокат,ЛИСТ РИФЛЕНЫЙ,н/обр чечев,Лист рифленый 4 мм н/обр чечев,Лист рифленый 4 мм н/обр чечев,4,71808,т,1,0,0,https://www.kavstal.ru/public/assets/images/products/Листовой_прокат/ЛИСТ_РИФЛЕНЫЙ/лист_рифлёный_чечевица.webp,профнастил;лист рифленый;н/обр чечев;4;лист;рифленый;мм;н/обр;чечев,н/обр чечев,4,,т
Листовой прокат,ЛИСТ РИФЛЕНЫЙ,н/обр чечев,Лист рифленый 4 мм н/обр чечев,Лист рифленый 4 мм н/обр чечев,4,71808,т,1,0,0,https://www.kavstal.ru/public/assets/images/products/Листовой_прокат/ЛИСТ_РИФЛЕНЫЙ/лист_рифлёный_чечевица.webp,профнастил;лист рифленый;н/обр чечев;4;лист;рифленый;мм;н/обр;чечев,н/обр чечев,4,,т
Листовой прокат,ЛИСТ РИФЛЕНЫЙ,н/обр чечев,Лист рифленый 4 мм н/обр чечев,Лист рифленый 4 мм н/обр чечев,4,71808,т,1,0,0,https://www.kavstal.ru/public/assets/images/products/Листовой_прокат/ЛИСТ_РИФЛЕНЫЙ/лист_рифлёный_чечевица.webp,профнастил;лист рифленый;н/обр чечев;4;5;лист;рифленый;мм;н/обр;чечев,н/обр чечев,4 ; 5,,т
Листовой прокат,ЛИСТ РИФЛЕНЫЙ,н/обр чечев,Лист рифленый 5 мм н/обр чечев,Лист рифленый 5 мм н/обр чечев,5,71808,т,1,0,0,https://www.kavstal.ru/public/assets/images/products/Листовой_прокат/ЛИСТ_РИФЛЕНЫЙ/лист_рифлёный_чечевица.webp,профнастил;лист рифленый;н/обр чечев;5;лист;рифленый;мм;н/обр;чечев,н/обр чечев,5,,т
Листовой прокат,ЛИСТ РИФЛЕНЫЙ,н/обр чечев,Лист рифленый 6 мм н/обр чечев,Лист рифленый 6 мм н/обр чечев,6,71808,т,1,0,0,https://www.kavstal.ru/public/assets/images/products/Листовой_прокат/ЛИСТ_РИФЛЕНЫЙ/лист_рифлёный_чечевица.webp,профнастил;лист рифленый;н/обр чечев;6;лист;рифленый;мм;н/обр;чечев,н/обр чечев,6,,т
Листовой прокат,ЛИСТ РИФЛЕНЫЙ,н/обр чечев,Лист рифленый 8 мм н/обр чечев,Лист рифленый 8 мм н/обр чечев,8,71808,т,1,0,0,https://www.kavstal.ru/public/assets/images/products/Листовой_прокат/ЛИСТ_РИФЛЕНЫЙ/лист_рифлёный_чечевица.webp,профнастил;лист рифленый;н/обр чечев;8;лист;рифленый;мм;н/обр;чечев,н/обр чечев,8,,т
Листовой прокат,ЛИСТ РИФЛЕНЫЙ,н/обр чечев,Лист рифленый 10 мм н/обр чечев,Лист рифленый 10 мм н/обр чечев,10,71808,т,1,0,0,https://www.kavstal.ru/public/assets/images/products/Листовой_прокат/ЛИСТ_РИФЛЕНЫЙ/лист_рифлёный_чечевица.webp,профнастил;лист рифленый;н/обр чечев;10;лист;рифленый;мм;н/обр;чечев,н/обр чечев,10,,т
Листовой прокат,ПРОСЕЧНО-ВЫТЯЖНОЙ ЛИСТ,ПВЛ-406,Лист просечно-вытяжной ПВЛ-406,Лист просечно-вытяжной ПВЛ-406,406,68800,т,1,0,0,https://www.kavstal.ru/public/assets/images/products/Листовой_прокат/ПРОСЕЧНО-ВЫТЯЖНОЙ_ЛИСТ/лист_просечно_вытяжной.webp,профнастил;просечно-вытяжной лист;пвл-406;406;лист;просечно-вытяжной,ПВЛ-406,406,,т
Листовой прокат,ПРОСЕЧНО-ВЫТЯЖНОЙ ЛИСТ,ПВЛ-506,Лист просечно-вытяжной ПВЛ-506,Лист просечно-вытяжной ПВЛ-506,506,68800,т,1,0,0,https://www.kavstal.ru/public/assets/images/products/Листовой_прокат/ПРОСЕЧНО-ВЫТЯЖНОЙ_ЛИСТ/лист_просечно_вытяжной.webp,профнастил;просечно-вытяжной лист;пвл-506;506;лист;просечно-вытяжной,ПВЛ-506,506,,т
Листовой прокат,ПРОСЕЧНО-ВЫТЯЖНОЙ ЛИСТ,ПВЛ-508,Лист просечно-вытяжной ПВЛ-508,Лист просечно-вытяжной ПВЛ-508,508,68800,т,1,0,0,https://www.kavstal.ru/public/assets/images/products/Листовой_прокат/ПРОСЕЧНО-ВЫТЯЖНОЙ_ЛИСТ/лист_просечно_вытяжной.webp,профнастил;просечно-вытяжной лист;пвл-508;508;лист;просечно-вытяжной,ПВЛ-508,508,,т
Листовой прокат,ПРОСЕЧНО-ВЫТЯЖНОЙ ЛИСТ,ПВЛ-510,Лист просечно-вытяжной ПВЛ-510,Лист просечно-вытяжной ПВЛ-510,510,68800,т,1,0,0,https://www.kavstal.ru/public/assets/images/products/Листовой_прокат/ПРОСЕЧНО-ВЫТЯЖНОЙ_ЛИСТ/лист_просечно_вытяжной.webp,профнастил;просечно-вытяжной лист;пвл-510;510;лист;просечно-вытяжной,ПВЛ-510,510,,т
Листовой прокат,ПРОСЕЧНО-ВЫТЯЖНОЙ ЛИСТ,ПВЛ-510,Лист просечно-вытяжной ПВЛ-510,Лист просечно-вытяжной ПВЛ-510,510,68800,т,1,0,0,https://www.kavstal.ru/public/assets/images/products/Листовой_прокат/ПРОСЕЧНО-ВЫТЯЖНОЙ_ЛИСТ/лист_просечно_вытяжной.webp,профнастил;просечно-вытяжной лист;пвл-510;510;лист;просечно-вытяжной,ПВЛ-510,510,,т
Листовой прокат,СТАЛЬ ЛИСТОВАЯ Х/К,Ст08 неконд неконд,Лист х/к 3.9 мм Ст08 (некондиция),Лист х/к 3.9 мм Ст08 (некондиция),3.9,44280,т,1,0,0,https://www.kavstal.ru/public/assets/images/products/Листовой_прокат/СТАЛЬ_ЛИСТОВАЯ_Х_К/лист.webp,профнастил;сталь листовая х/к;ст08 неконд неконд;3;9;лист;х/к;3.9;мм;ст08;некондиция,Ст08 неконд неконд,3.9,,т
Листовой прокат,СТАЛЬ ЛИСТОВАЯ Х/К,Ст08пс5,Лист х/к 0.5 мм Ст08пс5,Лист х/к 0.5 мм Ст08пс5,0.5,71990,т,1,0,0,https://www.kavstal.ru/public/assets/images/products/Листовой_прокат/СТАЛЬ_ЛИСТОВАЯ_Х_К/лист.webp,профнастил;сталь листовая х/к;ст08пс5;5;лист;х/к;0.5;мм,Ст08пс5,0.5,,т
Листовой прокат,СТАЛЬ ЛИСТОВАЯ Х/К,Ст08пс5,Лист х/к 0.7 мм Ст08пс5,Лист х/к 0.7 мм Ст08пс5,0.7,70990,т,1,0,0,https://www.kavstal.ru/public/assets/images/products/Листовой_прокат/СТАЛЬ_ЛИСТОВАЯ_Х_К/лист.webp,профнастил;сталь листовая х/к;ст08пс5;7;лист;х/к;0.7;мм,Ст08пс5,0.7,,т
Листовой прокат,СТАЛЬ ЛИСТОВАЯ Х/К,Ст08пс5,Лист х/к 0.9 мм Ст08пс5,Лист х/к 0.9 мм Ст08пс5,0.9,73490,т,1,0,0,https://www.kavstal.ru/public/assets/images/products/Листовой_прокат/СТАЛЬ_ЛИСТОВАЯ_Х_К/лист.webp,профнастил;сталь листовая х/к;ст08пс5;9;лист;х/к;0.9;мм,Ст08пс5,0.9,,т
Листовой прокат,СТАЛЬ ЛИСТОВАЯ Х/К,Ст08пс5,Лист х/к 1.2 мм Ст08пс5,Лист х/к 1.2 мм Ст08пс5,1.2,70990,т,1,0,0,https://www.kavstal.ru/public/assets/images/products/Листовой_прокат/СТАЛЬ_ЛИСТОВАЯ_Х_К/лист.webp,профнастил;сталь листовая х/к;ст08пс5;1;2;лист;х/к;1.2;мм,Ст08пс5,1.2 ; 2,,т
Листовой прокат,СТАЛЬ ЛИСТОВАЯ Х/К,Ст08пс5 обр,Лист х/к 3 мм Ст08пс5 обр,Лист х/к 3 мм Ст08пс5 обр,3,69990,т,1,0,0,https://www.kavstal.ru/public/assets/images/products/Листовой_прокат/СТАЛЬ_ЛИСТОВАЯ_Х_К/лист.webp,профнастил;сталь листовая х/к;ст08пс5 обр;3;лист;х/к;мм;ст08пс5;обр,Ст08пс5 обр,3,,т
Листовой прокат,СТАЛЬ ЛИСТОВАЯ Х/К,Ст08пс6,Лист х/к 0.5 мм Ст08пс6,Лист х/к 0.5 мм Ст08пс6,0.5,71990,т,1,0,0,https://www.kavstal.ru/public/assets/images/products/Листовой_прокат/СТАЛЬ_ЛИСТОВАЯ_Х_К/лист.webp,профнастил;сталь листовая х/к;ст08пс6;5;лист;х/к;0.5;мм,Ст08пс6,0.5,,т
Листовой прокат,СТАЛЬ ЛИСТОВАЯ Х/К,Ст08пс6,Лист х/к 0.5 мм Ст08пс6,Лист х/к 0.5 мм Ст08пс6,0.5,72990,т,1,0,0,https://www.kavstal.ru/public/assets/images/products/Листовой_прокат/СТАЛЬ_ЛИСТОВАЯ_Х_К/лист.webp,профнастил;сталь листовая х/к;ст08пс6;5;лист;х/к;0.5;мм,Ст08пс6,0.5,,т
Листовой прокат,СТАЛЬ ЛИСТОВАЯ Х/К,Ст08пс6,Лист х/к 0.6 мм Ст08пс6,Лист х/к 0.6 мм Ст08пс6,0.6,70990,т,1,0,0,https://www.kavstal.ru/public/assets/images/products/Листовой_прокат/СТАЛЬ_ЛИСТОВАЯ_Х_К/лист.webp,профнастил;сталь листовая х/к;ст08пс6;6;лист;х/к;0.6;мм,Ст08пс6,0.6,,т
Листовой прокат,СТАЛЬ ЛИСТОВАЯ Х/К,Ст08пс6,Лист х/к 0.8 мм Ст08пс6,Лист х/к 0.8 мм Ст08пс6,0.8,69490,т,1,0,0,https://www.kavstal.ru/public/assets/images/products/Листовой_прокат/СТАЛЬ_ЛИСТОВАЯ_Х_К/лист.webp,профнастил;сталь листовая х/к;ст08пс6;8;лист;х/к;0.8;мм,Ст08пс6,0.8,,т
Листовой прокат,СТАЛЬ ЛИСТОВАЯ Х/К,Ст08пс6,Лист х/к 0.8 мм Ст08пс6,Лист х/к 0.8 мм Ст08пс6,0.8,73490,т,1,0,0,https://www.kavstal.ru/public/assets/images/products/Листовой_прокат/СТАЛЬ_ЛИСТОВАЯ_Х_К/лист.webp,профнастил;сталь листовая х/к;ст08пс6;8;9;лист;х/к;0.8;мм,Ст08пс6,0.8 ; 0.9,,т
Листовой прокат,СТАЛЬ ЛИСТОВАЯ Х/К,Ст08пс6,Лист х/к 1 мм Ст08пс6,Лист х/к 1 мм Ст08пс6,1,68990,т,1,0,0,https://www.kavstal.ru/public/assets/images/products/Листовой_прокат/СТАЛЬ_ЛИСТОВАЯ_Х_К/лист.webp,профнастил;сталь листовая х/к;ст08пс6;1;лист;х/к;мм,Ст08пс6,1,,т
Листовой прокат,СТАЛЬ ЛИСТОВАЯ Х/К,Ст08пс6,Лист х/к 1 мм Ст08пс6,Лист х/к 1 мм Ст08пс6,1,70990,т,1,0,0,https://www.kavstal.ru/public/assets/images/products/Листовой_прокат/СТАЛЬ_ЛИСТОВАЯ_Х_К/лист.webp,профнастил;сталь листовая х/к;ст08пс6;1;лист;х/к;мм,Ст08пс6,1,,т
Листовой прокат,СТАЛЬ ЛИСТОВАЯ Х/К,Ст08пс6,Лист х/к 1.2 мм Ст08пс6,Лист х/к 1.2 мм Ст08пс6,1.2,68990,т,1,0,0,https://www.kavstal.ru/public/assets/images/products/Листовой_прокат/СТАЛЬ_ЛИСТОВАЯ_Х_К/лист.webp,профнастил;сталь листовая х/к;ст08пс6;1;2;лист;х/к;1.2;мм,Ст08пс6,1.2,,т
Листовой прокат,СТАЛЬ ЛИСТОВАЯ Х/К,Ст08пс6,Лист х/к 1.2 мм Ст08пс6,Лист х/к 1.2 мм Ст08пс6,1.2,70990,т,1,0,0,https://www.kavstal.ru/public/assets/images/products/Листовой_прокат/СТАЛЬ_ЛИСТОВАЯ_Х_К/лист.webp,профнастил;сталь листовая х/к;ст08пс6;1;2;лист;х/к;1.2;мм,Ст08пс6,1.2,,т
Листовой прокат,СТАЛЬ ЛИСТОВАЯ Х/К,Ст08пс6,Лист х/к 1.4 мм Ст08пс6,Лист х/к 1.4 мм Ст08пс6,1.4,70790,т,1,0,0,https://www.kavstal.ru/public/assets/images/products/Листовой_прокат/СТАЛЬ_ЛИСТОВАЯ_Х_К/лист.webp,профнастил;сталь листовая х/к;ст08пс6;1;4;лист;х/к;1.4;мм,Ст08пс6,1.4,,т
Листовой прокат,СТАЛЬ ЛИСТОВАЯ Х/К,Ст08пс6,Лист х/к 1.5 мм Ст08пс6,Лист х/к 1.5 мм Ст08пс6,1.5,68490,т,1,0,0,https://www.kavstal.ru/public/assets/images/products/Листовой_прокат/СТАЛЬ_ЛИСТОВАЯ_Х_К/лист.webp,профнастил;сталь листовая х/к;ст08пс6;1;5;лист;х/к;1.5;мм,Ст08пс6,1.5,,т
Листовой прокат,СТАЛЬ ЛИСТОВАЯ Х/К,Ст08пс6,Лист х/к 1.5 мм Ст08пс6,Лист х/к 1.5 мм Ст08пс6,1.5,70390,т,1,0,0,https://www.kavstal.ru/public/assets/images/products/Листовой_прокат/СТАЛЬ_ЛИСТОВАЯ_Х_К/лист.webp,профнастил;сталь листовая х/к;ст08пс6;1;5;лист;х/к;1.5;мм,Ст08пс6,1.5,,т
Листовой прокат,СТАЛЬ ЛИСТОВАЯ Х/К,Ст08пс6,Лист х/к 2 мм Ст08пс6,Лист х/к 2 мм Ст08пс6,2,70990,т,1,0,0,https://www.kavstal.ru/public/assets/images/products/Листовой_прокат/СТАЛЬ_ЛИСТОВАЯ_Х_К/лист.webp,профнастил;сталь листовая х/к;ст08пс6;2;лист;х/к;мм,Ст08пс6,2,,т
Листовой прокат,СТАЛЬ ЛИСТОВАЯ Х/К,Ст08пс6,Лист х/к 2.5 мм Ст08пс6,Лист х/к 2.5 мм Ст08пс6,2.5,69990,т,1,0,0,https://www.kavstal.ru/public/assets/images/products/Листовой_прокат/СТАЛЬ_ЛИСТОВАЯ_Х_К/лист.webp,профнастил;сталь листовая х/к;ст08пс6;2;5;лист;х/к;2.5;мм,Ст08пс6,2.5,,т
Листовой прокат,СТАЛЬ ЛИСТОВАЯ ОЦИНКОВАННАЯ Х/К,2 кл КР пром_пас,Лист оцинкованный 0.45 мм,Лист оцинкованный 0.45 мм,0.45,99000,т,1,0,0,https://www.kavstal.ru/public/assets/images/products/Листовой_прокат/СТАЛЬ_ЛИСТОВАЯ_ОЦИНКОВАННАЯ_Х_К/лист_оцинкованный.webp,профнастил;сталь листовая оцинкованная х/к;2 кл кр пром_пас;45;лист;оцинкованный;0.45;мм,2 кл КР пром_пас,0.45,,т
Листовой прокат,СТАЛЬ ЛИСТОВАЯ ОЦИНКОВАННАЯ Х/К,2 кл КР пром_пас,Лист оцинкованный 0.5 мм,Лист оцинкованный 0.5 мм,0.5,99000,т,1,0,0,https://www.kavstal.ru/public/assets/images/products/Листовой_прокат/СТАЛЬ_ЛИСТОВАЯ_ОЦИНКОВАННАЯ_Х_К/лист_оцинкованный.webp,профнастил;сталь листовая оцинкованная х/к;2 кл кр пром_пас;5;лист;оцинкованный;0.5;мм,2 кл КР пром_пас,0.5,,т
Листовой прокат,СТАЛЬ ЛИСТОВАЯ ОЦИНКОВАННАЯ Х/К,2 кл КР пром_пас,Лист оцинкованный 0.55 мм,Лист оцинкованный 0.55 мм,0.55,99000,т,1,0,0,https://www.kavstal.ru/public/assets/images/products/Листовой_прокат/СТАЛЬ_ЛИСТОВАЯ_ОЦИНКОВАННАЯ_Х_К/лист_оцинкованный.webp,профнастил;сталь листовая оцинкованная х/к;2 кл кр пром_пас;55;лист;оцинкованный;0.55;мм,2 кл КР пром_пас,0.55,,т
Листовой прокат,СТАЛЬ ЛИСТОВАЯ ОЦИНКОВАННАЯ Х/К,2 кл КР пром_пас,Лист оцинкованный 0.7 мм,Лист оцинкованный 0.7 мм,0.7,99000,т,1,0,0,https://www.kavstal.ru/public/assets/images/products/Листовой_прокат/СТАЛЬ_ЛИСТОВАЯ_ОЦИНКОВАННАЯ_Х_К/лист_оцинкованный.webp,профнастил;сталь листовая оцинкованная х/к;2 кл кр пром_пас;7;лист;оцинкованный;0.7;мм,2 кл КР пром_пас,0.7,,т
Листовой прокат,СТАЛЬ ЛИСТОВАЯ ОЦИНКОВАННАЯ Х/К,2 кл КР пром_пас,Лист оцинкованный 0.8 мм,Лист оцинкованный 0.8 мм,0.8,99000,т,1,0,0,https://www.kavstal.ru/public/assets/images/products/Листовой_прокат/СТАЛЬ_ЛИСТОВАЯ_ОЦИНКОВАННАЯ_Х_К/лист_оцинкованный.webp,профнастил;сталь листовая оцинкованная х/к;2 кл кр пром_пас;8;лист;оцинкованный;0.8;мм,2 кл КР пром_пас,0.8,,т
Листовой прокат,СТАЛЬ ЛИСТОВАЯ ОЦИНКОВАННАЯ Х/К,2 кл КР пром_пас,Лист оцинкованный 1 мм,Лист оцинкованный 1 мм,1,99000,т,1,0,0,https://www.kavstal.ru/public/assets/images/products/Листовой_прокат/СТАЛЬ_ЛИСТОВАЯ_ОЦИНКОВАННАЯ_Х_К/лист_оцинкованный.webp,профнастил;сталь листовая оцинкованная х/к;2 кл кр пром_пас;1;лист;оцинкованный;мм,2 кл КР пром_пас,1,,т
Листовой прокат,СТАЛЬ ЛИСТОВАЯ ОЦИНКОВАННАЯ Х/К,2 кл КР пром_пас,Лист оцинкованный 1.2 мм,Лист оцинкованный 1.2 мм,1.2,99000,т,1,0,0,https://www.kavstal.ru/public/assets/images/products/Листовой_прокат/СТАЛЬ_ЛИСТОВАЯ_ОЦИНКОВАННАЯ_Х_К/лист_оцинкованный.webp,профнастил;сталь листовая оцинкованная х/к;2 кл кр пром_пас;1;2;лист;оцинкованный;1.2;мм,2 кл КР пром_пас,1.2,,т
Листовой прокат,СТАЛЬ ЛИСТОВАЯ ОЦИНКОВАННАЯ Х/К,2 кл КР пром_пас,Лист оцинкованный 1.5 мм,Лист оцинкованный 1.5 мм,1.5,99000,т,1,0,0,https://www.kavstal.ru/public/assets/images/products/Листовой_прокат/СТАЛЬ_ЛИСТОВАЯ_ОЦИНКОВАННАЯ_Х_К/лист_оцинкованный.webp,профнастил;сталь листовая оцинкованная х/к;2 кл кр пром_пас;1;5;лист;оцинкованный;1.5;мм,2 кл КР пром_пас,1.5,,т
Листовой прокат,СТАЛЬ ЛИСТОВАЯ ОЦИНКОВАННАЯ Х/К,н/обр Zn140 М пас,Лист оцинкованный 2 мм н/обр Zn140 М пас,Лист оцинкованный 2 мм н/обр Zn140 М пас,2,95040,т,1,0,0,https://www.kavstal.ru/public/assets/images/products/Листовой_прокат/СТАЛЬ_ЛИСТОВАЯ_ОЦИНКОВАННАЯ_Х_К/лист_оцинкованный.webp,профнастил;сталь листовая оцинкованная х/к;н/обр zn140 м пас;2;лист;оцинкованный;мм;н/обр;zn140;пас,н/обр Zn140 М пас,2,,т
Листовой прокат,СТАЛЬ ЛИСТОВАЯ ОЦИНКОВАННАЯ Х/К,н/обр Zn140 М пас,Лист оцинкованный 2.5 мм н/обр Zn140 М пас,Лист оцинкованный 2.5 мм н/обр Zn140 М пас,2.5,95040,т,1,0,0,https://www.kavstal.ru/public/assets/images/products/Листовой_прокат/СТАЛЬ_ЛИСТОВАЯ_ОЦИНКОВАННАЯ_Х_К/лист_оцинкованный.webp,профнастил;сталь листовая оцинкованная х/к;н/обр zn140 м пас;2;5;лист;оцинкованный;2.5;мм;н/обр;zn140;пас,н/обр Zn140 М пас,2.5,,т
Листовой прокат,СТАЛЬ ЛИСТОВАЯ ОЦИНКОВАННАЯ Х/К,н/обр Zn140 М пас,Лист оцинкованный 3 мм н/обр Zn140 М пас,Лист оцинкованный 3 мм н/обр Zn140 М пас,3,95040,т,1,0,0,https://www.kavstal.ru/public/assets/images/products/Листовой_прокат/СТАЛЬ_ЛИСТОВАЯ_ОЦИНКОВАННАЯ_Х_К/лист_оцинкованный.webp,профнастил;сталь листовая оцинкованная х/к;н/обр zn140 м пас;3;лист;оцинкованный;мм;н/обр;zn140;пас,н/обр Zn140 М пас,3,,т
