категория,подкатегория,марка,название,описание,диаметр,цена,единица,в_наличии,рейтинг,отзывы,фото,ключевые_слова,spec_Марка,spec_Размер,spec_ГОСТ,spec_Единица
Нержавеющая сталь,ПРОВОЛОКА НЕРЖАВЕЮЩАЯ,12Х18Н10Т,Проволока Нержавеющая 0.11 12Х18Н10Т,"ПРОВОЛОКА НЕРЖАВЕЮЩАЯ марки 12Х18Н10Т, размер 0.11",0.11,594,кг,1,0,0,https://www.kavstal.ru/public/assets/images/products/NERZHAVEYUSHCHAYA_STAL/PROVOLKA_NERZHAVEYUSHCHAYA/img.webp,трубы;проволока нержавеющая;12х18н10т;11;проволока;нержавеющая;0.11,12Х18Н10Т,0.11,,кг
Нержавеющая сталь,ПРОВОЛОКА НЕРЖАВЕЮЩАЯ,12Х18Н10Т,Проволока Нержавеющая 0.13 12Х18Н10Т,"ПРОВОЛОКА НЕРЖАВЕЮЩАЯ марки 12Х18Н10Т, размер 0.13 ; 0.14; 0.16",0.13,573,кг,1,0,0,https://www.kavstal.ru/public/assets/images/products/NERZHAVEYUSHCHAYA_STAL/PROVOLKA_NERZHAVEYUSHCHAYA/img.webp,трубы;проволока нержавеющая;12х18н10т;13;14;16;проволока;нержавеющая;0.13,12Х18Н10Т,0.13 ; 0.14; 0.16,,кг
Нержавеющая сталь,ПРОВОЛОКА НЕРЖАВЕЮЩАЯ,12Х18Н10Т,Проволока Нержавеющая 0.2 12Х18Н10Т,"ПРОВОЛОКА НЕРЖАВЕЮЩАЯ марки 12Х18Н10Т, размер 0.2",0.2,460,кг,1,0,0,https://www.kavstal.ru/public/assets/images/products/NERZHAVEYUSHCHAYA_STAL/PROVOLKA_NERZHAVEYUSHCHAYA/img.webp,трубы;проволока нержавеющая;12х18н10т;2;проволока;нержавеющая;0.2,12Х18Н10Т,0.2,,кг
Нержавеющая сталь,ПРОВОЛОКА НЕРЖАВЕЮЩАЯ,12Х18Н10Т,Проволока Нержавеющая 0.22 12Х18Н10Т,"ПРОВОЛОКА НЕРЖАВЕЮЩАЯ марки 12Х18Н10Т, размер 0.22",0.22,454,кг,1,0,0,https://www.kavstal.ru/public/assets/images/products/NERZHAVEYUSHCHAYA_STAL/PROVOLKA_NERZHAVEYUSHCHAYA/img.webp,трубы;проволока нержавеющая;12х18н10т;22;проволока;нержавеющая;0.22,12Х18Н10Т,0.22,,кг
Нержавеющая сталь,ПРОВОЛОКА НЕРЖАВЕЮЩАЯ,12Х18Н10Т,Проволока Нержавеющая 0.24 12Х18Н10Т,"ПРОВОЛОКА НЕРЖАВЕЮЩАЯ марки 12Х18Н10Т, размер 0.24",0.24,438,кг,1,0,0,https://www.kavstal.ru/public/assets/images/products/NERZHAVEYUSHCHAYA_STAL/PROVOLKA_NERZHAVEYUSHCHAYA/img.webp,трубы;проволока нержавеющая;12х18н10т;24;проволока;нержавеющая;0.24,12Х18Н10Т,0.24,,кг
Нержавеющая сталь,ПРОВОЛОКА НЕРЖАВЕЮЩАЯ,12Х18Н10Т,Проволока Нержавеющая 0.25 12Х18Н10Т,"ПРОВОЛОКА НЕРЖАВЕЮЩАЯ марки 12Х18Н10Т, размер 0.25",0.25,430,кг,1,0,0,https://www.kavstal.ru/public/assets/images/products/NERZHAVEYUSHCHAYA_STAL/PROVOLKA_NERZHAVEYUSHCHAYA/img.webp,трубы;проволока нержавеющая;12х18н10т;25;проволока;нержавеющая;0.25,12Х18Н10Т,0.25,,кг
Нержавеющая сталь,ПРОВОЛОКА НЕРЖАВЕЮЩАЯ,12Х18Н10Т,Проволока Нержавеющая 0.28 12Х18Н10Т,"ПРОВОЛОКА НЕРЖАВЕЮЩАЯ марки 12Х18Н10Т, размер 0.28",0.28,418,кг,1,0,0,https://www.kavstal.ru/public/assets/images/products/NERZHAVEYUSHCHAYA_STAL/PROVOLKA_NERZHAVEYUSHCHAYA/img.webp,трубы;проволока нержавеющая;12х18н10т;28;проволока;нержавеющая;0.28,12Х18Н10Т,0.28,,кг
Нержавеющая сталь,ПРОВОЛОКА НЕРЖАВЕЮЩАЯ,12Х18Н10Т,Проволока Нержавеющая 0.3 12Х18Н10Т,"ПРОВОЛОКА НЕРЖАВЕЮЩАЯ марки 12Х18Н10Т, размер 0.3",0.3,150,кг,1,0,0,https://www.kavstal.ru/public/assets/images/products/NERZHAVEYUSHCHAYA_STAL/PROVOLKA_NERZHAVEYUSHCHAYA/img.webp,трубы;проволока нержавеющая;12х18н10т;3;проволока;нержавеющая;0.3,12Х18Н10Т,0.3,,кг
Нержавеющая сталь,ПРОВОЛОКА НЕРЖАВЕЮЩАЯ,12Х18Н10Т,Проволока Нержавеющая 0.32 12Х18Н10Т,"ПРОВОЛОКА НЕРЖАВЕЮЩАЯ марки 12Х18Н10Т, размер 0.32 ; 0.36",0.32,407,кг,1,0,0,https://www.kavstal.ru/public/assets/images/products/NERZHAVEYUSHCHAYA_STAL/PROVOLKA_NERZHAVEYUSHCHAYA/img.webp,трубы;проволока нержавеющая;12х18н10т;32;36;проволока;нержавеющая;0.32,12Х18Н10Т,0.32 ; 0.36,,кг
Нержавеющая сталь,ПРОВОЛОКА НЕРЖАВЕЮЩАЯ,12Х18Н10Т,Проволока Нержавеющая 0.4 12Х18Н10Т,"ПРОВОЛОКА НЕРЖАВЕЮЩАЯ марки 12Х18Н10Т, размер 0.4 ; 0.45; 0.6",0.4,396,кг,1,0,0,https://www.kavstal.ru/public/assets/images/products/NERZHAVEYUSHCHAYA_STAL/PROVOLKA_NERZHAVEYUSHCHAYA/img.webp,трубы;проволока нержавеющая;12х18н10т;4;45;6;проволока;нержавеющая;0.4,12Х18Н10Т,0.4 ; 0.45; 0.6,,кг
Нержавеющая сталь,ПРОВОЛОКА НЕРЖАВЕЮЩАЯ,12Х18Н10Т,Проволока Нержавеющая 0.7 12Х18Н10Т,"ПРОВОЛОКА НЕРЖАВЕЮЩАЯ марки 12Х18Н10Т, размер 0.7",0.7,385,кг,1,0,0,https://www.kavstal.ru/public/assets/images/products/NERZHAVEYUSHCHAYA_STAL/PROVOLKA_NERZHAVEYUSHCHAYA/img.webp,трубы;проволока нержавеющая;12х18н10т;7;проволока;нержавеющая;0.7,12Х18Н10Т,0.7,,кг
Нержавеющая сталь,ПРОВОЛОКА НЕРЖАВЕЮЩАЯ,12Х18Н10Т,Проволока Нержавеющая 1 12Х18Н10Т,"ПРОВОЛОКА НЕРЖАВЕЮЩАЯ марки 12Х18Н10Т, размер 1 ; 1.2; 1.6; 1.8",1,345,кг,1,0,0,https://www.kavstal.ru/public/assets/images/products/NERZHAVEYUSHCHAYA_STAL/PROVOLKA_NERZHAVEYUSHCHAYA/img.webp,трубы;проволока нержавеющая;12х18н10т;1;2;6;8;проволока;нержавеющая,12Х18Н10Т,1 ; 1.2; 1.6; 1.8,,кг
Нержавеющая сталь,ПРОВОЛОКА НЕРЖАВЕЮЩАЯ,12Х18Н10Т,Проволока Нержавеющая 2 12Х18Н10Т,"ПРОВОЛОКА НЕРЖАВЕЮЩАЯ марки 12Х18Н10Т, размер 2 ; 2.5; 3",2,321,кг,1,0,0,https://www.kavstal.ru/public/assets/images/products/NERZHAVEYUSHCHAYA_STAL/PROVOLKA_NERZHAVEYUSHCHAYA/img.webp,трубы;проволока нержавеющая;12х18н10т;2;5;3;проволока;нержавеющая,12Х18Н10Т,2 ; 2.5; 3,,кг
Нержавеющая сталь,ПРОВОЛОКА НЕРЖАВЕЮЩАЯ,12Х18Н10Т,Проволока Нержавеющая 4 12Х18Н10Т,"ПРОВОЛОКА НЕРЖАВЕЮЩАЯ марки 12Х18Н10Т, размер 4",4,295,кг,1,0,0,https://www.kavstal.ru/public/assets/images/products/NERZHAVEYUSHCHAYA_STAL/PROVOLKA_NERZHAVEYUSHCHAYA/img.webp,трубы;проволока нержавеющая;12х18н10т;4;проволока;нержавеющая,12Х18Н10Т,4,,кг
Нержавеющая сталь,ПРОВОЛОКА НЕРЖАВЕЮЩАЯ,12Х18Н10Т,Проволока Нержавеющая 4 12Х18Н10Т,"ПРОВОЛОКА НЕРЖАВЕЮЩАЯ марки 12Х18Н10Т, размер 4",4,321,кг,1,0,0,https://www.kavstal.ru/public/assets/images/products/NERZHAVEYUSHCHAYA_STAL/PROVOLKA_NERZHAVEYUSHCHAYA/img.webp,трубы;проволока нержавеющая;12х18н10т;4;проволока;нержавеющая,12Х18Н10Т,4,,кг
Нержавеющая сталь,ПРОВОЛОКА НЕРЖАВЕЮЩАЯ,12Х18Н10Т,Проволока Нержавеющая 5 12Х18Н10Т,"ПРОВОЛОКА НЕРЖАВЕЮЩАЯ марки 12Х18Н10Т, размер 5 ; 6",5,295,кг,1,0,0,https://www.kavstal.ru/public/assets/images/products/NERZHAVEYUSHCHAYA_STAL/PROVOLKA_NERZHAVEYUSHCHAYA/img.webp,трубы;проволока нержавеющая;12х18н10т;5;6;проволока;нержавеющая,12Х18Н10Т,5 ; 6,,кг
Нержавеющая сталь,ПРОВОЛОКА НЕРЖАВЕЮЩАЯ,12Х18Н10Т,Проволока Нержавеющая 6 12Х18Н10Т,"ПРОВОЛОКА НЕРЖАВЕЮЩАЯ марки 12Х18Н10Т, размер 6 ; 10",6,321,м,1,0,0,https://www.kavstal.ru/public/assets/images/products/NERZHAVEYUSHCHAYA_STAL/PROVOLKA_NERZHAVEYUSHCHAYA/img.webp,трубы;проволока нержавеющая;12х18н10т;6;10;проволока;нержавеющая,12Х18Н10Т,6 ; 10,,м
Нержавеющая сталь,ПРОВОЛОКА НЕРЖАВЕЮЩАЯ,12Х18Н10Т AISI321 Х,Проволока Нержавеющая 0.3 12Х18Н10Т Aisi321 Х,"ПРОВОЛОКА НЕРЖАВЕЮЩАЯ марки 12Х18Н10Т AISI321 Х, размер 0.3",0.3,428,кг,1,0,0,https://www.kavstal.ru/public/assets/images/products/NERZHAVEYUSHCHAYA_STAL/PROVOLKA_NERZHAVEYUSHCHAYA/img.webp,трубы;проволока нержавеющая;12х18н10т aisi321 х;3;проволока;нержавеющая;0.3;12х18н10т;aisi321,12Х18Н10Т AISI321 Х,0.3,,кг
Нержавеющая сталь,ПРОВОЛОКА НЕРЖАВЕЮЩАЯ,12Х18Н10Т Х,Проволока Нержавеющая 1.5 12Х18Н10Т Х,"ПРОВОЛОКА НЕРЖАВЕЮЩАЯ марки 12Х18Н10Т Х, размер 1.5",1.5,373,кг,1,0,0,https://www.kavstal.ru/public/assets/images/products/NERZHAVEYUSHCHAYA_STAL/PROVOLKA_NERZHAVEYUSHCHAYA/img.webp,трубы;проволока нержавеющая;12х18н10т х;1;5;проволока;нержавеющая;1.5;12х18н10т,12Х18Н10Т Х,1.5,,кг
Нержавеющая сталь,ПРОВОЛОКА НЕРЖАВЕЮЩАЯ,AISI 201 12Х15Г9НД,Проволока Нержавеющая 1.6 AISI 201 12х15г9нд,"ПРОВОЛОКА НЕРЖАВЕЮЩАЯ марки AISI 201 12Х15Г9НД, размер 1.6",1.6,225,кг,1,0,0,https://www.kavstal.ru/public/assets/images/products/NERZHAVEYUSHCHAYA_STAL/PROVOLKA_NERZHAVEYUSHCHAYA/img.webp,трубы;проволока нержавеющая;aisi 201 12х15г9нд;1;6;проволока;нержавеющая;1.6;aisi;201;12х15г9нд,AISI 201 12Х15Г9НД,1.6,,кг
Нержавеющая сталь,ПРОВОЛОКА НЕРЖАВЕЮЩАЯ,AISI 201 12Х15Г9НД,Проволока Нержавеющая 2 AISI 201 12х15г9нд,"ПРОВОЛОКА НЕРЖАВЕЮЩАЯ марки AISI 201 12Х15Г9НД, размер 2 ; 2.5; 3; 4; 4.5; 5; 6",2,198,кг,1,0,0,https://www.kavstal.ru/public/assets/images/products/NERZHAVEYUSHCHAYA_STAL/PROVOLKA_NERZHAVEYUSHCHAYA/img.webp,трубы;проволока нержавеющая;aisi 201 12х15г9нд;2;5;3;4;6;проволока;нержавеющая;aisi;201;12х15г9нд,AISI 201 12Х15Г9НД,2 ; 2.5; 3; 4; 4.5; 5; 6,,кг
Нержавеющая сталь,ПРОВОЛОКА НЕРЖАВЕЮЩАЯ,AISI 304 (08Х18Н10),Проволока Нержавеющая 0.14 AISI 304 (08х18н10),"ПРОВОЛОКА НЕРЖАВЕЮЩАЯ марки AISI 304 (08Х18Н10), размер 0.14",0.14,513,кг,1,0,0,https://www.kavstal.ru/public/assets/images/products/NERZHAVEYUSHCHAYA_STAL/PROVOLKA_NERZHAVEYUSHCHAYA/img.webp,трубы;проволока нержавеющая;aisi 304 (08х18н10);14;проволока;нержавеющая;0.14;aisi;304;08х18н10,AISI 304 (08Х18Н10),0.14,,кг
Нержавеющая сталь,ПРОВОЛОКА НЕРЖАВЕЮЩАЯ,AISI 304 (08Х18Н10),Проволока Нержавеющая 0.16 AISI 304 (08х18н10),"ПРОВОЛОКА НЕРЖАВЕЮЩАЯ марки AISI 304 (08Х18Н10), размер 0.16",0.16,428,кг,1,0,0,https://www.kavstal.ru/public/assets/images/products/NERZHAVEYUSHCHAYA_STAL/PROVOLKA_NERZHAVEYUSHCHAYA/img.webp,трубы;проволока нержавеющая;aisi 304 (08х18н10);16;проволока;нержавеющая;0.16;aisi;304;08х18н10,AISI 304 (08Х18Н10),0.16,,кг
Нержавеющая сталь,ПРОВОЛОКА НЕРЖАВЕЮЩАЯ,AISI 304 (08Х18Н10),Проволока Нержавеющая 0.2 AISI 304 (08х18н10),"ПРОВОЛОКА НЕРЖАВЕЮЩАЯ марки AISI 304 (08Х18Н10), размер 0.2",0.2,150,кг,1,0,0,https://www.kavstal.ru/public/assets/images/products/NERZHAVEYUSHCHAYA_STAL/PROVOLKA_NERZHAVEYUSHCHAYA/img.webp,трубы;проволока нержавеющая;aisi 304 (08х18н10);2;проволока;нержавеющая;0.2;aisi;304;08х18н10,AISI 304 (08Х18Н10),0.2,,кг
Нержавеющая сталь,ПРОВОЛОКА НЕРЖАВЕЮЩАЯ,AISI 304 (08Х18Н10),Проволока Нержавеющая 0.2 AISI 304 (08х18н10),"ПРОВОЛОКА НЕРЖАВЕЮЩАЯ марки AISI 304 (08Х18Н10), размер 0.2",0.2,385,кг,1,0,0,https://www.kavstal.ru/public/assets/images/products/NERZHAVEYUSHCHAYA_STAL/PROVOLKA_NERZHAVEYUSHCHAYA/img.webp,трубы;проволока нержавеющая;aisi 304 (08х18н10);2;проволока;нержавеющая;0.2;aisi;304;08х18н10,AISI 304 (08Х18Н10),0.2,,кг
Нержавеющая сталь,ПРОВОЛОКА НЕРЖАВЕЮЩАЯ,AISI 304 (08Х18Н10),Проволока Нержавеющая 0.24 AISI 304 (08х18н10),"ПРОВОЛОКА НЕРЖАВЕЮЩАЯ марки AISI 304 (08Х18Н10), размер 0.24",0.24,150,кг,1,0,0,https://www.kavstal.ru/public/assets/images/products/NERZHAVEYUSHCHAYA_STAL/PROVOLKA_NERZHAVEYUSHCHAYA/img.webp,трубы;проволока нержавеющая;aisi 304 (08х18н10);24;проволока;нержавеющая;0.24;aisi;304;08х18н10,AISI 304 (08Х18Н10),0.24,,кг
Нержавеющая сталь,ПРОВОЛОКА НЕРЖАВЕЮЩАЯ,AISI 304 (08Х18Н10),Проволока Нержавеющая 0.24 AISI 304 (08х18н10),"ПРОВОЛОКА НЕРЖАВЕЮЩАЯ марки AISI 304 (08Х18Н10), размер 0.24",0.24,364,кг,1,0,0,https://www.kavstal.ru/public/assets/images/products/NERZHAVEYUSHCHAYA_STAL/PROVOLKA_NERZHAVEYUSHCHAYA/img.webp,трубы;проволока нержавеющая;aisi 304 (08х18н10);24;проволока;нержавеющая;0.24;aisi;304;08х18н10,AISI 304 (08Х18Н10),0.24,,кг
Нержавеющая сталь,ПРОВОЛОКА НЕРЖАВЕЮЩАЯ,AISI 304 (08Х18Н10),Проволока Нержавеющая 0.25 AISI 304 (08х18н10),"ПРОВОЛОКА НЕРЖАВЕЮЩАЯ марки AISI 304 (08Х18Н10), размер 0.25",0.25,150,кг,1,0,0,https://www.kavstal.ru/public/assets/images/products/NERZHAVEYUSHCHAYA_STAL/PROVOLKA_NERZHAVEYUSHCHAYA/img.webp,трубы;проволока нержавеющая;aisi 304 (08х18н10);25;проволока;нержавеющая;0.25;aisi;304;08х18н10,AISI 304 (08Х18Н10),0.25,,кг
Нержавеющая сталь,ПРОВОЛОКА НЕРЖАВЕЮЩАЯ,AISI 304 (08Х18Н10),Проволока Нержавеющая 0.25 AISI 304 (08х18н10),"ПРОВОЛОКА НЕРЖАВЕЮЩАЯ марки AISI 304 (08Х18Н10), размер 0.25",0.25,364,кг,1,0,0,https://www.kavstal.ru/public/assets/images/products/NERZHAVEYUSHCHAYA_STAL/PROVOLKA_NERZHAVEYUSHCHAYA/img.webp,трубы;проволока нержавеющая;aisi 304 (08х18н10);25;проволока;нержавеющая;0.25;aisi;304;08х18н10,AISI 304 (08Х18Н10),0.25,,кг
Нержавеющая сталь,ПРОВОЛОКА НЕРЖАВЕЮЩАЯ,AISI 304 (08Х18Н10),Проволока Нержавеющая 0.3 AISI 304 (08х18н10),"ПРОВОЛОКА НЕРЖАВЕЮЩАЯ марки AISI 304 (08Х18Н10), размер 0.3",0.3,150,кг,1,0,0,https://www.kavstal.ru/public/assets/images/products/NERZHAVEYUSHCHAYA_STAL/PROVOLKA_NERZHAVEYUSHCHAYA/img.webp,трубы;проволока нержавеющая;aisi 304 (08х18н10);3;проволока;нержавеющая;0.3;aisi;304;08х18н10,AISI 304 (08Х18Н10),0.3,,кг
Нержавеющая сталь,ПРОВОЛОКА НЕРЖАВЕЮЩАЯ,AISI 304 (08Х18Н10),Проволока Нержавеющая 0.3 AISI 304 (08х18н10),"ПРОВОЛОКА НЕРЖАВЕЮЩАЯ марки AISI 304 (08Х18Н10), размер 0.3 ; 0.32",0.3,359,кг,1,0,0,https://www.kavstal.ru/public/assets/images/products/NERZHAVEYUSHCHAYA_STAL/PROVOLKA_NERZHAVEYUSHCHAYA/img.webp,трубы;проволока нержавеющая;aisi 304 (08х18н10);3;32;проволока;нержавеющая;0.3;aisi;304;08х18н10,AISI 304 (08Х18Н10),0.3 ; 0.32,,кг
Нержавеющая сталь,ПРОВОЛОКА НЕРЖАВЕЮЩАЯ,AISI 304 (08Х18Н10),Проволока Нержавеющая 0.36 AISI 304 (08х18н10),"ПРОВОЛОКА НЕРЖАВЕЮЩАЯ марки AISI 304 (08Х18Н10), размер 0.36",0.36,353,кг,1,0,0,https://www.kavstal.ru/public/assets/images/products/NERZHAVEYUSHCHAYA_STAL/PROVOLKA_NERZHAVEYUSHCHAYA/img.webp,трубы;проволока нержавеющая;aisi 304 (08х18н10);36;проволока;нержавеющая;0.36;aisi;304;08х18н10,AISI 304 (08Х18Н10),0.36,,кг
Нержавеющая сталь,ПРОВОЛОКА НЕРЖАВЕЮЩАЯ,AISI 304 (08Х18Н10),Проволока Нержавеющая 0.4 AISI 304 (08х18н10),"ПРОВОЛОКА НЕРЖАВЕЮЩАЯ марки AISI 304 (08Х18Н10), размер 0.4",0.4,150,кг,1,0,0,https://www.kavstal.ru/public/assets/images/products/NERZHAVEYUSHCHAYA_STAL/PROVOLKA_NERZHAVEYUSHCHAYA/img.webp,трубы;проволока нержавеющая;aisi 304 (08х18н10);4;проволока;нержавеющая;0.4;aisi;304;08х18н10,AISI 304 (08Х18Н10),0.4,,кг
Нержавеющая сталь,ПРОВОЛОКА НЕРЖАВЕЮЩАЯ,AISI 304 (08Х18Н10),Проволока Нержавеющая 0.4 AISI 304 (08х18н10),"ПРОВОЛОКА НЕРЖАВЕЮЩАЯ марки AISI 304 (08Х18Н10), размер 0.4",0.4,348,кг,1,0,0,https://www.kavstal.ru/public/assets/images/products/NERZHAVEYUSHCHAYA_STAL/PROVOLKA_NERZHAVEYUSHCHAYA/img.webp,трубы;проволока нержавеющая;aisi 304 (08х18н10);4;проволока;нержавеющая;0.4;aisi;304;08х18н10,AISI 304 (08Х18Н10),0.4,,кг
Нержавеющая сталь,ПРОВОЛОКА НЕРЖАВЕЮЩАЯ,AISI 304 (08Х18Н10),Проволока Нержавеющая 0.45 AISI 304 (08х18н10),"ПРОВОЛОКА НЕРЖАВЕЮЩАЯ марки AISI 304 (08Х18Н10), размер 0.45",0.45,150,кг,1,0,0,https://www.kavstal.ru/public/assets/images/products/NERZHAVEYUSHCHAYA_STAL/PROVOLKA_NERZHAVEYUSHCHAYA/img.webp,трубы;проволока нержавеющая;aisi 304 (08х18н10);45;проволока;нержавеющая;0.45;aisi;304;08х18н10,AISI 304 (08Х18Н10),0.45,,кг
Нержавеющая сталь,ПРОВОЛОКА НЕРЖАВЕЮЩАЯ,AISI 304 (08Х18Н10),Проволока Нержавеющая 0.45 AISI 304 (08х18н10),"ПРОВОЛОКА НЕРЖАВЕЮЩАЯ марки AISI 304 (08Х18Н10), размер 0.45",0.45,348,кг,1,0,0,https://www.kavstal.ru/public/assets/images/products/NERZHAVEYUSHCHAYA_STAL/PROVOLKA_NERZHAVEYUSHCHAYA/img.webp,трубы;проволока нержавеющая;aisi 304 (08х18н10);45;проволока;нержавеющая;0.45;aisi;304;08х18н10,AISI 304 (08Х18Н10),0.45,,кг
Нержавеющая сталь,ПРОВОЛОКА НЕРЖАВЕЮЩАЯ,AISI 304 (08Х18Н10),Проволока Нержавеющая 0.5 AISI 304 (08х18н10),"ПРОВОЛОКА НЕРЖАВЕЮЩАЯ марки AISI 304 (08Х18Н10), размер 0.5",0.5,150,кг,1,0,0,https://www.kavstal.ru/public/assets/images/products/NERZHAVEYUSHCHAYA_STAL/PROVOLKA_NERZHAVEYUSHCHAYA/img.webp,трубы;проволока нержавеющая;aisi 304 (08х18н10);5;проволока;нержавеющая;0.5;aisi;304;08х18н10,AISI 304 (08Х18Н10),0.5,,кг
Нержавеющая сталь,ПРОВОЛОКА НЕРЖАВЕЮЩАЯ,AISI 304 (08Х18Н10),Проволока Нержавеющая 0.5 AISI 304 (08х18н10),"ПРОВОЛОКА НЕРЖАВЕЮЩАЯ марки AISI 304 (08Х18Н10), размер 0.5 ; 0.6",0.5,342,кг,1,0,0,https://www.kavstal.ru/public/assets/images/products/NERZHAVEYUSHCHAYA_STAL/PROVOLKA_NERZHAVEYUSHCHAYA/img.webp,трубы;проволока нержавеющая;aisi 304 (08х18н10);5;6;проволока;нержавеющая;0.5;aisi;304;08х18н10,AISI 304 (08Х18Н10),0.5 ; 0.6,,кг
Нержавеющая сталь,ПРОВОЛОКА НЕРЖАВЕЮЩАЯ,AISI 304 (08Х18Н10),Проволока Нержавеющая 0.7 AISI 304 (08х18н10),"ПРОВОЛОКА НЕРЖАВЕЮЩАЯ марки AISI 304 (08Х18Н10), размер 0.7",0.7,331,кг,1,0,0,https://www.kavstal.ru/public/assets/images/products/NERZHAVEYUSHCHAYA_STAL/PROVOLKA_NERZHAVEYUSHCHAYA/img.webp,трубы;проволока нержавеющая;aisi 304 (08х18н10);7;проволока;нержавеющая;0.7;aisi;304;08х18н10,AISI 304 (08Х18Н10),0.7,,кг
Нержавеющая сталь,ПРОВОЛОКА НЕРЖАВЕЮЩАЯ,AISI 304 (08Х18Н10),Проволока Нержавеющая 0.9 AISI 304 (08х18н10),"ПРОВОЛОКА НЕРЖАВЕЮЩАЯ марки AISI 304 (08Х18Н10), размер 0.9 ; 1; 1.2; 1.4; 1.6",0.9,310,кг,1,0,0,https://www.kavstal.ru/public/assets/images/products/NERZHAVEYUSHCHAYA_STAL/PROVOLKA_NERZHAVEYUSHCHAYA/img.webp,трубы;проволока нержавеющая;aisi 304 (08х18н10);9;1;2;4;6;проволока;нержавеющая;0.9;aisi;304;08х18н10,AISI 304 (08Х18Н10),0.9 ; 1; 1.2; 1.4; 1.6,,кг
Нержавеющая сталь,ПРОВОЛОКА НЕРЖАВЕЮЩАЯ,AISI 304 (08Х18Н10),Проволока Нержавеющая 2 AISI 304 (08х18н10),"ПРОВОЛОКА НЕРЖАВЕЮЩАЯ марки AISI 304 (08Х18Н10), размер 2 ; 2.5; 3; 3.8; 4; 6",2,285,кг,1,0,0,https://www.kavstal.ru/public/assets/images/products/NERZHAVEYUSHCHAYA_STAL/PROVOLKA_NERZHAVEYUSHCHAYA/img.webp,трубы;проволока нержавеющая;aisi 304 (08х18н10);2;5;3;8;4;6;проволока;нержавеющая;aisi;304;08х18н10,AISI 304 (08Х18Н10),2 ; 2.5; 3; 3.8; 4; 6,,кг
Нержавеющая сталь,ПРОВОЛОКА НЕРЖАВЕЮЩАЯ,AISI 304 (08Х18Н10) DIN 200,Проволока Нержавеющая 0.8 AISI 304 (08х18н10) Din 200,"ПРОВОЛОКА НЕРЖАВЕЮЩАЯ марки AISI 304 (08Х18Н10) DIN 200, размер 0.8",0.8,331,кг,1,0,0,https://www.kavstal.ru/public/assets/images/products/NERZHAVEYUSHCHAYA_STAL/PROVOLKA_NERZHAVEYUSHCHAYA/img.webp,трубы;проволока нержавеющая;aisi 304 (08х18н10) din 200;8;проволока;нержавеющая;0.8;aisi;304;08х18н10;din;200,AISI 304 (08Х18Н10) DIN 200,0.8,,кг
Нержавеющая сталь,ПРОВОЛОКА НЕРЖАВЕЮЩАЯ,AISI 304 (08Х18Н10) неконд,Проволока Нержавеющая 0.28 AISI 304 (08х18н10) неконд,"ПРОВОЛОКА НЕРЖАВЕЮЩАЯ марки AISI 304 (08Х18Н10) неконд, размер 0.28",0.28,150,кг,1,0,0,https://www.kavstal.ru/public/assets/images/products/NERZHAVEYUSHCHAYA_STAL/PROVOLKA_NERZHAVEYUSHCHAYA/img.webp,трубы;проволока нержавеющая;aisi 304 (08х18н10) неконд;28;проволока;нержавеющая;0.28;aisi;304;08х18н10;неконд,AISI 304 (08Х18Н10) неконд,0.28,,кг
Нержавеющая сталь,ПРОВОЛОКА НЕРЖАВЕЮЩАЯ,AISI 304 L (08Х18Н10),Проволока Нержавеющая 3.35 AISI 304 L (08х18н10),"ПРОВОЛОКА НЕРЖАВЕЮЩАЯ марки AISI 304 L (08Х18Н10), размер 3.35",3.35,285,кг,1,0,0,https://www.kavstal.ru/public/assets/images/products/NERZHAVEYUSHCHAYA_STAL/PROVOLKA_NERZHAVEYUSHCHAYA/img.webp,трубы;проволока нержавеющая;aisi 304 l (08х18н10);3;35;проволока;нержавеющая;3.35;aisi;304;08х18н10,AISI 304 L (08Х18Н10),3.35,,кг
Нержавеющая сталь,ПРОВОЛОКА НЕРЖАВЕЮЩАЯ,AISI 310S,Проволока Нержавеющая 1.2 AISI 310s,"ПРОВОЛОКА НЕРЖАВЕЮЩАЯ марки AISI 310S, размер 1.2 ; 1.6",1.2,900,кг,1,0,0,https://www.kavstal.ru/public/assets/images/products/NERZHAVEYUSHCHAYA_STAL/PROVOLKA_NERZHAVEYUSHCHAYA/img.webp,трубы;проволока нержавеющая;aisi 310s;1;2;6;проволока;нержавеющая;1.2;aisi;310s,AISI 310S,1.2 ; 1.6,,кг
Нержавеющая сталь,ПРОВОЛОКА НЕРЖАВЕЮЩАЯ,AISI 310S,Проволока Нержавеющая 2 AISI 310s,"ПРОВОЛОКА НЕРЖАВЕЮЩАЯ марки AISI 310S, размер 2 ; 5",2,655,кг,1,0,0,https://www.kavstal.ru/public/assets/images/products/NERZHAVEYUSHCHAYA_STAL/PROVOLKA_NERZHAVEYUSHCHAYA/img.webp,трубы;проволока нержавеющая;aisi 310s;2;5;проволока;нержавеющая;aisi;310s,AISI 310S,2 ; 5,,кг
Нержавеющая сталь,ПРОВОЛОКА НЕРЖАВЕЮЩАЯ,AISI 316L,Проволока Нержавеющая 0.28 AISI 316l,"ПРОВОЛОКА НЕРЖАВЕЮЩАЯ марки AISI 316L, размер 0.28",0.28,525,кг,1,0,0,https://www.kavstal.ru/public/assets/images/products/NERZHAVEYUSHCHAYA_STAL/PROVOLKA_NERZHAVEYUSHCHAYA/img.webp,трубы;проволока нержавеющая;aisi 316l;28;проволока;нержавеющая;0.28;aisi;316l,AISI 316L,0.28,,кг
Нержавеющая сталь,ПРОВОЛОКА НЕРЖАВЕЮЩАЯ,AISI 316L,Проволока Нержавеющая 2 AISI 316l,"ПРОВОЛОКА НЕРЖАВЕЮЩАЯ марки AISI 316L, размер 2",2,454,кг,1,0,0,https://www.kavstal.ru/public/assets/images/products/NERZHAVEYUSHCHAYA_STAL/PROVOLKA_NERZHAVEYUSHCHAYA/img.webp,трубы;проволока нержавеющая;aisi 316l;2;проволока;нержавеющая;aisi;316l,AISI 316L,2,,кг
Нержавеющая сталь,ПРОВОЛОКА НЕРЖАВЕЮЩАЯ,AISI 316Ti,Проволока Нержавеющая 0.2 AISI 316Ti,"ПРОВОЛОКА НЕРЖАВЕЮЩАЯ марки AISI 316Ti, размер 0.2",0.2,652,кг,1,0,0,https://www.kavstal.ru/public/assets/images/products/NERZHAVEYUSHCHAYA_STAL/PROVOLKA_NERZHAVEYUSHCHAYA/img.webp,трубы;проволока нержавеющая;aisi 316ti;2;проволока;нержавеющая;0.2;aisi;316ti,AISI 316Ti,0.2,,кг
Нержавеющая сталь,ПРОВОЛОКА НЕРЖАВЕЮЩАЯ,AISI 316Ti,Проволока Нержавеющая 0.3 AISI 316Ti,"ПРОВОЛОКА НЕРЖАВЕЮЩАЯ марки AISI 316Ti, размер 0.3 ; 0.4",0.3,610,кг,1,0,0,https://www.kavstal.ru/public/assets/images/products/NERZHAVEYUSHCHAYA_STAL/PROVOLKA_NERZHAVEYUSHCHAYA/img.webp,трубы;проволока нержавеющая;aisi 316ti;3;4;проволока;нержавеющая;0.3;aisi;316ti,AISI 316Ti,0.3 ; 0.4,,кг
Нержавеющая сталь,ПРОВОЛОКА НЕРЖАВЕЮЩАЯ,AISI 316Ti,Проволока Нержавеющая 2 AISI 316Ti,"ПРОВОЛОКА НЕРЖАВЕЮЩАЯ марки AISI 316Ti, размер 2 ; 3; 5",2,514,кг,1,0,0,https://www.kavstal.ru/public/assets/images/products/NERZHAVEYUSHCHAYA_STAL/PROVOLKA_NERZHAVEYUSHCHAYA/img.webp,трубы;проволока нержавеющая;aisi 316ti;2;3;5;проволока;нержавеющая;aisi;316ti,AISI 316Ti,2 ; 3; 5,,кг
Нержавеющая сталь,ПРОВОЛОКА НЕРЖАВЕЮЩАЯ,AISI 410 12Х13,Проволока Нержавеющая 6 AISI 410 12х13,"ПРОВОЛОКА НЕРЖАВЕЮЩАЯ марки AISI 410 12Х13, размер 6",6,205,кг,1,0,0,https://www.kavstal.ru/public/assets/images/products/NERZHAVEYUSHCHAYA_STAL/PROVOLKA_NERZHAVEYUSHCHAYA/img.webp,трубы;проволока нержавеющая;aisi 410 12х13;6;проволока;нержавеющая;aisi;410;12х13,AISI 410 12Х13,6,,кг
Нержавеющая сталь,ПРОВОЛОКА НЕРЖАВЕЮЩАЯ,AISI 430,Проволока Нержавеющая 0.3 AISI 430,"ПРОВОЛОКА НЕРЖАВЕЮЩАЯ марки AISI 430, размер 0.3 ; 0.5",0.3,375,кг,1,0,0,https://www.kavstal.ru/public/assets/images/products/NERZHAVEYUSHCHAYA_STAL/PROVOLKA_NERZHAVEYUSHCHAYA/img.webp,трубы;проволока нержавеющая;aisi 430;3;5;проволока;нержавеющая;0.3;aisi;430,AISI 430,0.3 ; 0.5,,кг
Нержавеющая сталь,ПРОВОЛОКА НЕРЖАВЕЮЩАЯ,AISI 430,Проволока Нержавеющая 2.8 AISI 430,"ПРОВОЛОКА НЕРЖАВЕЮЩАЯ марки AISI 430, размер 2.8 ; 4; 5",2.8,199,кг,1,0,0,https://www.kavstal.ru/public/assets/images/products/NERZHAVEYUSHCHAYA_STAL/PROVOLKA_NERZHAVEYUSHCHAYA/img.webp,трубы;проволока нержавеющая;aisi 430;2;8;4;5;проволока;нержавеющая;2.8;aisi;430,AISI 430,2.8 ; 4; 5,,кг
Нержавеющая сталь,ПРОВОЛОКА НЕРЖАВЕЮЩАЯ,AISI316L некондиция,Проволока Нержавеющая 0.28 Aisi316l некондиция,"ПРОВОЛОКА НЕРЖАВЕЮЩАЯ марки AISI316L некондиция, размер 0.28",0.28,150,кг,1,0,0,https://www.kavstal.ru/public/assets/images/products/NERZHAVEYUSHCHAYA_STAL/PROVOLKA_NERZHAVEYUSHCHAYA/img.webp,трубы;проволока нержавеющая;aisi316l некондиция;28;проволока;нержавеющая;0.28;aisi316l;некондиция,AISI316L некондиция,0.28,,кг
Нержавеющая сталь,ПРОВОЛОКА НЕРЖАВЕЮЩАЯ,EN 10270-3 1.4310 AISI 302,Проволока Нержавеющая 0.3 En 10270-3 1.4310 AISI 302,"ПРОВОЛОКА НЕРЖАВЕЮЩАЯ марки EN 10270-3 1.4310 AISI 302, размер 0.3",0.3,428,кг,1,0,0,https://www.kavstal.ru/public/assets/images/products/NERZHAVEYUSHCHAYA_STAL/PROVOLKA_NERZHAVEYUSHCHAYA/img.webp,трубы;проволока нержавеющая;en 10270-3 1.4310 aisi 302;3;проволока;нержавеющая;0.3;en;10270-3;1.4310;aisi;302,EN 10270-3 1.4310 AISI 302,0.3,,кг
Нержавеющая сталь,ПРОВОЛОКА НЕРЖАВЕЮЩАЯ,EN 10270-3 1.4310 AISI 302,Проволока Нержавеющая 0.4 En 10270-3 1.4310 AISI 302,"ПРОВОЛОКА НЕРЖАВЕЮЩАЯ марки EN 10270-3 1.4310 AISI 302, размер 0.4",0.4,481,кг,1,0,0,https://www.kavstal.ru/public/assets/images/products/NERZHAVEYUSHCHAYA_STAL/PROVOLKA_NERZHAVEYUSHCHAYA/img.webp,трубы;проволока нержавеющая;en 10270-3 1.4310 aisi 302;4;проволока;нержавеющая;0.4;en;10270-3;1.4310;aisi;302,EN 10270-3 1.4310 AISI 302,0.4,,кг
Нержавеющая сталь,ПРОВОЛОКА НЕРЖАВЕЮЩАЯ,EN 10270-3 1.4310 AISI 302,Проволока Нержавеющая 0.5 En 10270-3 1.4310 AISI 302,"ПРОВОЛОКА НЕРЖАВЕЮЩАЯ марки EN 10270-3 1.4310 AISI 302, размер 0.5",0.5,416,кг,1,0,0,https://www.kavstal.ru/public/assets/images/products/NERZHAVEYUSHCHAYA_STAL/PROVOLKA_NERZHAVEYUSHCHAYA/img.webp,трубы;проволока нержавеющая;en 10270-3 1.4310 aisi 302;5;проволока;нержавеющая;0.5;en;10270-3;1.4310;aisi;302,EN 10270-3 1.4310 AISI 302,0.5,,кг
Нержавеющая сталь,ПРОВОЛОКА НЕРЖАВЕЮЩАЯ,EN 10270-3 1.4310 AISI 302,Проволока Нержавеющая 0.8 En 10270-3 1.4310 AISI 302,"ПРОВОЛОКА НЕРЖАВЕЮЩАЯ марки EN 10270-3 1.4310 AISI 302, размер 0.8",0.8,372,кг,1,0,0,https://www.kavstal.ru/public/assets/images/products/NERZHAVEYUSHCHAYA_STAL/PROVOLKA_NERZHAVEYUSHCHAYA/img.webp,трубы;проволока нержавеющая;en 10270-3 1.4310 aisi 302;8;проволока;нержавеющая;0.8;en;10270-3;1.4310;aisi;302,EN 10270-3 1.4310 AISI 302,0.8,,кг
Нержавеющая сталь,ПРОВОЛОКА НЕРЖАВЕЮЩАЯ,EN 10270-3 1.4310 AISI 302,Проволока Нержавеющая 1.2 En 10270-3 1.4310 AISI 302,"ПРОВОЛОКА НЕРЖАВЕЮЩАЯ марки EN 10270-3 1.4310 AISI 302, размер 1.2 ; 1.4; 1.5; 1.6; 1.8",1.2,355,кг,1,0,0,https://www.kavstal.ru/public/assets/images/products/NERZHAVEYUSHCHAYA_STAL/PROVOLKA_NERZHAVEYUSHCHAYA/img.webp,трубы;проволока нержавеющая;en 10270-3 1.4310 aisi 302;1;2;4;5;6;8;проволока;нержавеющая;1.2;en;10270-3;1.4310;aisi;302,EN 10270-3 1.4310 AISI 302,1.2 ; 1.4; 1.5; 1.6; 1.8,,кг
Нержавеющая сталь,ПРОВОЛОКА НЕРЖАВЕЮЩАЯ,EN 10270-3 1.4310 AISI 302,Проволока Нержавеющая 2.5 En 10270-3 1.4310 AISI 302,"ПРОВОЛОКА НЕРЖАВЕЮЩАЯ марки EN 10270-3 1.4310 AISI 302, размер 2.5 ; 3; 3.5; 4; 4.5; 5; 5.5; 6; 7; 10; 12",2.5,333,кг,1,0,0,https://www.kavstal.ru/public/assets/images/products/NERZHAVEYUSHCHAYA_STAL/PROVOLKA_NERZHAVEYUSHCHAYA/img.webp,трубы;проволока нержавеющая;en 10270-3 1.4310 aisi 302;2;5;3;4;6;7;10;12;проволока;нержавеющая;2.5;en;10270-3;1.4310;aisi;302,EN 10270-3 1.4310 AISI 302,2.5 ; 3; 3.5; 4; 4.5; 5; 5.5; 6; 7; 10; 12,,кг
Нержавеющая сталь,ПРОВОЛОКА НЕРЖАВЕЮЩАЯ,ER308 Lsi SD300,Проволока Нержавеющая 1.6 Er308 Lsi Sd300,"ПРОВОЛОКА НЕРЖАВЕЮЩАЯ марки ER308 Lsi SD300, размер 1.6",1.6,465,кг,1,0,0,https://www.kavstal.ru/public/assets/images/products/NERZHAVEYUSHCHAYA_STAL/PROVOLKA_NERZHAVEYUSHCHAYA/img.webp,трубы;проволока нержавеющая;er308 lsi sd300;1;6;проволока;нержавеющая;1.6;er308;lsi;sd300,ER308 Lsi SD300,1.6,,кг
Нержавеющая сталь,ПРОВОЛОКА НЕРЖАВЕЮЩАЯ,ER308 Lsi SD300 1,Проволока Нержавеющая 1.2 Er308 Lsi Sd300 1,"ПРОВОЛОКА НЕРЖАВЕЮЩАЯ марки ER308 Lsi SD300 1, размер 1.2",1.2,465,кг,1,0,0,https://www.kavstal.ru/public/assets/images/products/NERZHAVEYUSHCHAYA_STAL/PROVOLKA_NERZHAVEYUSHCHAYA/img.webp,трубы;проволока нержавеющая;er308 lsi sd300 1;1;2;проволока;нержавеющая;1.2;er308;lsi;sd300,ER308 Lsi SD300 1,1.2,,кг
Нержавеющая сталь,ПРОВОЛОКА НЕРЖАВЕЮЩАЯ,ER308 L,Проволока Нержавеющая 5 Er308 L,"ПРОВОЛОКА НЕРЖАВЕЮЩАЯ марки ER308 L, размер 5",5,417,кг,1,0,0,https://www.kavstal.ru/public/assets/images/products/NERZHAVEYUSHCHAYA_STAL/PROVOLKA_NERZHAVEYUSHCHAYA/img.webp,трубы;проволока нержавеющая;er308 l;5;проволока;нержавеющая;er308,ER308 L,5,,кг
Нержавеющая сталь,ПРОВОЛОКА НЕРЖАВЕЮЩАЯ,ER316L,Проволока Нержавеющая 1.2 Er316l,"ПРОВОЛОКА НЕРЖАВЕЮЩАЯ марки ER316L, размер 1.2 ; 1.6",1.2,717,кг,1,0,0,https://www.kavstal.ru/public/assets/images/products/NERZHAVEYUSHCHAYA_STAL/PROVOLKA_NERZHAVEYUSHCHAYA/img.webp,трубы;проволока нержавеющая;er316l;1;2;6;проволока;нержавеющая;1.2,ER316L,1.2 ; 1.6,,кг
Нержавеющая сталь,ПРОВОЛОКА НЕРЖАВЕЮЩАЯ,ER316L,Проволока Нержавеющая 2 Er316l,"ПРОВОЛОКА НЕРЖАВЕЮЩАЯ марки ER316L, размер 2 ; 3; 4; 5",2,641,кг,1,0,0,https://www.kavstal.ru/public/assets/images/products/NERZHAVEYUSHCHAYA_STAL/PROVOLKA_NERZHAVEYUSHCHAYA/img.webp,трубы;проволока нержавеющая;er316l;2;3;4;5;проволока;нержавеющая,ER316L,2 ; 3; 4; 5,,кг
Нержавеющая сталь,ПРОВОЛОКА НЕРЖАВЕЮЩАЯ,ER308 L,Проволока Нержавеющая 2 Er308 L,"ПРОВОЛОКА НЕРЖАВЕЮЩАЯ марки ER308 L, размер 2 ; 2.4; 3.2",2,412,кг,1,0,0,https://www.kavstal.ru/public/assets/images/products/NERZHAVEYUSHCHAYA_STAL/PROVOLKA_NERZHAVEYUSHCHAYA/img.webp,трубы;проволока нержавеющая;er308 l;2;4;3;проволока;нержавеющая;er308,ER308 L,2 ; 2.4; 3.2,,кг
Нержавеющая сталь,ПРОВОЛОКА НЕРЖАВЕЮЩАЯ,ER316 L,Проволока Нержавеющая 2.4 Er316 L,"ПРОВОЛОКА НЕРЖАВЕЮЩАЯ марки ER316 L, размер 2.4 ; 3.2",2.4,641,кг,1,0,0,https://www.kavstal.ru/public/assets/images/products/NERZHAVEYUSHCHAYA_STAL/PROVOLKA_NERZHAVEYUSHCHAYA/img.webp,трубы;проволока нержавеющая;er316 l;2;4;3;проволока;нержавеющая;2.4;er316,ER316 L,2.4 ; 3.2,,кг
Нержавеющая сталь,СТАЛЬ ЛИСТОВАЯ НЕРЖАВ НИКЕЛЕСОД,г/к н/с 08Х18Н10Т,Сталь Листовая Нержав Никелесод 12 г/к н/с 08Х18Н10Т,"СТАЛЬ ЛИСТОВАЯ НЕРЖАВ НИКЕЛЕСОД марки г/к н/с 08Х18Н10Т, размер 12",12,382500,т,1,0,0,https://www.kavstal.ru/public/assets/images/products/LISTOVOI_PROKAT/STAL_LISTOVAYA_NERZHAV_NIKELESOD/img.webp,нержавеющая сталь;сталь листовая нержав никелесод;г/к н/с 08х18н10т;12;сталь;листовая;нержав;никелесод;г/к;н/с;08х18н10т,г/к н/с 08Х18Н10Т,12,,т
Нержавеющая сталь,СТАЛЬ ЛИСТОВАЯ НЕРЖАВ НИКЕЛЕСОД,г/к н/с 12Х18Н10Т,Сталь Листовая Нержав Никелесод 4 г/к н/с 12Х18Н10Т,"СТАЛЬ ЛИСТОВАЯ НЕРЖАВ НИКЕЛЕСОД марки г/к н/с 12Х18Н10Т, размер 4",4,372300,т,1,0,0,https://www.kavstal.ru/public/assets/images/products/LISTOVOI_PROKAT/STAL_LISTOVAYA_NERZHAV_NIKELESOD/img.webp,нержавеющая сталь;сталь листовая нержав никелесод;г/к н/с 12х18н10т;4;сталь;листовая;нержав;никелесод;г/к;н/с;12х18н10т,г/к н/с 12Х18Н10Т,4,,т
Нержавеющая сталь,СТАЛЬ ЛИСТОВАЯ НЕРЖАВ НИКЕЛЕСОД,г/к н/с 12Х18Н10Т,Сталь Листовая Нержав Никелесод 5 г/к н/с 12Х18Н10Т,"СТАЛЬ ЛИСТОВАЯ НЕРЖАВ НИКЕЛЕСОД марки г/к н/с 12Х18Н10Т, размер 5 ; 5.5; 6",5,351900,т,1,0,0,https://www.kavstal.ru/public/assets/images/products/LISTOVOI_PROKAT/STAL_LISTOVAYA_NERZHAV_NIKELESOD/img.webp,нержавеющая сталь;сталь листовая нержав никелесод;г/к н/с 12х18н10т;5;6;сталь;листовая;нержав;никелесод;г/к;н/с;12х18н10т,г/к н/с 12Х18Н10Т,5 ; 5.5; 6,,т
Нержавеющая сталь,СТАЛЬ ЛИСТОВАЯ НЕРЖАВ НИКЕЛЕСОД,г/к н/с 12Х18Н10Т,Сталь Листовая Нержав Никелесод 8 г/к н/с 12Х18Н10Т,"СТАЛЬ ЛИСТОВАЯ НЕРЖАВ НИКЕЛЕСОД марки г/к н/с 12Х18Н10Т, размер 8 ; 10; 12; 14",8,329460,т,1,0,0,https://www.kavstal.ru/public/assets/images/products/LISTOVOI_PROKAT/STAL_LISTOVAYA_NERZHAV_NIKELESOD/img.webp,нержавеющая сталь;сталь листовая нержав никелесод;г/к н/с 12х18н10т;8;10;12;14;сталь;листовая;нержав;никелесод;г/к;н/с;12х18н10т,г/к н/с 12Х18Н10Т,8 ; 10; 12; 14,,т
Нержавеющая сталь,СТАЛЬ ЛИСТОВАЯ НЕРЖАВ НИКЕЛЕСОД,г/к н/с 12Х18Н10Т,Сталь Листовая Нержав Никелесод 16 г/к н/с 12Х18Н10Т,"СТАЛЬ ЛИСТОВАЯ НЕРЖАВ НИКЕЛЕСОД марки г/к н/с 12Х18Н10Т, размер 16",16,335580,т,1,0,0,https://www.kavstal.ru/public/assets/images/products/LISTOVOI_PROKAT/STAL_LISTOVAYA_NERZHAV_NIKELESOD/img.webp,нержавеющая сталь;сталь листовая нержав никелесод;г/к н/с 12х18н10т;16;сталь;листовая;нержав;никелесод;г/к;н/с;12х18н10т,г/к н/с 12Х18Н10Т,16,,т
Нержавеющая сталь,СТАЛЬ ЛИСТОВАЯ НЕРЖАВ НИКЕЛЕСОД,г/к н/с 12Х18Н10Т,Сталь Листовая Нержав Никелесод 20 г/к н/с 12Х18Н10Т,"СТАЛЬ ЛИСТОВАЯ НЕРЖАВ НИКЕЛЕСОД марки г/к н/с 12Х18Н10Т, размер 20 ; 22",20,351900,т,1,0,0,https://www.kavstal.ru/public/assets/images/products/LISTOVOI_PROKAT/STAL_LISTOVAYA_NERZHAV_NIKELESOD/img.webp,нержавеющая сталь;сталь листовая нержав никелесод;г/к н/с 12х18н10т;20;22;сталь;листовая;нержав;никелесод;г/к;н/с;12х18н10т,г/к н/с 12Х18Н10Т,20 ; 22,,т
Нержавеющая сталь,СТАЛЬ ЛИСТОВАЯ НЕРЖАВ НИКЕЛЕСОД,г/к н/с 12Х18Н10Т,Сталь Листовая Нержав Никелесод 24 г/к н/с 12Х18Н10Т,"СТАЛЬ ЛИСТОВАЯ НЕРЖАВ НИКЕЛЕСОД марки г/к н/с 12Х18Н10Т, размер 24 ; 25; 30; 40; 45",24,355980,т,1,0,0,https://www.kavstal.ru/public/assets/images/products/LISTOVOI_PROKAT/STAL_LISTOVAYA_NERZHAV_NIKELESOD/img.webp,нержавеющая сталь;сталь листовая нержав никелесод;г/к н/с 12х18н10т;24;25;30;40;45;сталь;листовая;нержав;никелесод;г/к;н/с;12х18н10т,г/к н/с 12Х18Н10Т,24 ; 25; 30; 40; 45,,т
Нержавеющая сталь,СТАЛЬ ЛИСТОВАЯ НЕРЖАВ НИКЕЛЕСОД,г/к н/с 12Х18Н10Т,Сталь Листовая Нержав Никелесод 50 г/к н/с 12Х18Н10Т,"СТАЛЬ ЛИСТОВАЯ НЕРЖАВ НИКЕЛЕСОД марки г/к н/с 12Х18Н10Т, размер 50",50,362100,т,1,0,0,https://www.kavstal.ru/public/assets/images/products/LISTOVOI_PROKAT/STAL_LISTOVAYA_NERZHAV_NIKELESOD/img.webp,нержавеющая сталь;сталь листовая нержав никелесод;г/к н/с 12х18н10т;50;сталь;листовая;нержав;никелесод;г/к;н/с;12х18н10т,г/к н/с 12Х18Н10Т,50,,т
Нержавеющая сталь,СТАЛЬ ЛИСТОВАЯ НЕРЖАВ НИКЕЛЕСОД,г/к н/с 12Х18Н10Т,Сталь Листовая Нержав Никелесод 90 г/к н/с 12Х18Н10Т,"СТАЛЬ ЛИСТОВАЯ НЕРЖАВ НИКЕЛЕСОД марки г/к н/с 12Х18Н10Т, размер 90",90,405960,т,1,0,0,https://www.kavstal.ru/public/assets/images/products/LISTOVOI_PROKAT/STAL_LISTOVAYA_NERZHAV_NIKELESOD/img.webp,нержавеющая сталь;сталь листовая нержав никелесод;г/к н/с 12х18н10т;90;сталь;листовая;нержав;никелесод;г/к;н/с;12х18н10т,г/к н/с 12Х18Н10Т,90,,т
Нержавеющая сталь,СТАЛЬ ЛИСТОВАЯ НЕРЖАВ НИКЕЛЕСОД,г/к н/с 12Х18Н10Т,Сталь Листовая Нержав Никелесод 90 г/к н/с 12Х18Н10Т,"СТАЛЬ ЛИСТОВАЯ НЕРЖАВ НИКЕЛЕСОД марки г/к н/с 12Х18Н10Т, размер 90",90,413100,т,1,0,0,https://www.kavstal.ru/public/assets/images/products/LISTOVOI_PROKAT/STAL_LISTOVAYA_NERZHAV_NIKELESOD/img.webp,нержавеющая сталь;сталь листовая нержав никелесод;г/к н/с 12х18н10т;90;сталь;листовая;нержав;никелесод;г/к;н/с;12х18н10т,г/к н/с 12Х18Н10Т,90,,т
Нержавеющая сталь,СТАЛЬ ЛИСТОВАЯ НЕРЖАВ НИКЕЛЕСОД,г/к н/с 12Х18Н10Т (ACRONI),Сталь Листовая Нержав Никелесод 12 г/к н/с 12Х18Н10Т (acroni),"СТАЛЬ ЛИСТОВАЯ НЕРЖАВ НИКЕЛЕСОД марки г/к н/с 12Х18Н10Т (ACRONI), размер 12",12,386580,т,1,0,0,https://www.kavstal.ru/public/assets/images/products/LISTOVOI_PROKAT/STAL_LISTOVAYA_NERZHAV_NIKELESOD/img.webp,нержавеющая сталь;сталь листовая нержав никелесод;г/к н/с 12х18н10т (acroni);12;сталь;листовая;нержав;никелесод;г/к;н/с;12х18н10т;acroni,г/к н/с 12Х18Н10Т (ACRONI),12,,т
Нержавеющая сталь,СТАЛЬ ЛИСТОВАЯ НЕРЖАВ НИКЕЛЕСОД,г/к н/с 20Х23Н18,Сталь Листовая Нержав Никелесод 3 г/к н/с 20х23н18,"СТАЛЬ ЛИСТОВАЯ НЕРЖАВ НИКЕЛЕСОД марки г/к н/с 20Х23Н18, размер 3",3,986920,т,1,0,0,https://www.kavstal.ru/public/assets/images/products/LISTOVOI_PROKAT/STAL_LISTOVAYA_NERZHAV_NIKELESOD/img.webp,нержавеющая сталь;сталь листовая нержав никелесод;г/к н/с 20х23н18;3;сталь;листовая;нержав;никелесод;г/к;н/с;20х23н18,г/к н/с 20Х23Н18,3,,т
Нержавеющая сталь,СТАЛЬ ЛИСТОВАЯ НЕРЖАВ НИКЕЛЕСОД,г/к н/с 20Х23Н18,Сталь Листовая Нержав Никелесод 6 г/к н/с 20х23н18,"СТАЛЬ ЛИСТОВАЯ НЕРЖАВ НИКЕЛЕСОД марки г/к н/с 20Х23Н18, размер 6 ; 8",6,923250,т,1,0,0,https://www.kavstal.ru/public/assets/images/products/LISTOVOI_PROKAT/STAL_LISTOVAYA_NERZHAV_NIKELESOD/img.webp,нержавеющая сталь;сталь листовая нержав никелесод;г/к н/с 20х23н18;6;8;сталь;листовая;нержав;никелесод;г/к;н/с;20х23н18,г/к н/с 20Х23Н18,6 ; 8,,т
Нержавеющая сталь,СТАЛЬ ЛИСТОВАЯ НЕРЖАВ НИКЕЛЕСОД,г/к н/с 20Х23Н18,Сталь Листовая Нержав Никелесод 25 г/к н/с 20х23н18,"СТАЛЬ ЛИСТОВАЯ НЕРЖАВ НИКЕЛЕСОД марки г/к н/с 20Х23Н18, размер 25",25,841800,т,1,0,0,https://www.kavstal.ru/public/assets/images/products/LISTOVOI_PROKAT/STAL_LISTOVAYA_NERZHAV_NIKELESOD/img.webp,нержавеющая сталь;сталь листовая нержав никелесод;г/к н/с 20х23н18;25;сталь;листовая;нержав;никелесод;г/к;н/с;20х23н18,г/к н/с 20Х23Н18,25,,т
Нержавеющая сталь,СТАЛЬ ЛИСТОВАЯ НЕРЖАВ НИКЕЛЕСОД,г/к н/с AISI 201 No1,Сталь Листовая Нержав Никелесод 3 г/к н/с AISI 201 No1,"СТАЛЬ ЛИСТОВАЯ НЕРЖАВ НИКЕЛЕСОД марки г/к н/с AISI 201 No1, размер 3",3,164460,т,1,0,0,https://www.kavstal.ru/public/assets/images/products/LISTOVOI_PROKAT/STAL_LISTOVAYA_NERZHAV_NIKELESOD/img.webp,нержавеющая сталь;сталь листовая нержав никелесод;г/к н/с aisi 201 no1;3;сталь;листовая;нержав;никелесод;г/к;н/с;aisi;201;no1,г/к н/с AISI 201 No1,3,,т
Нержавеющая сталь,СТАЛЬ ЛИСТОВАЯ НЕРЖАВ НИКЕЛЕСОД,г/к н/с AISI 201 No1,Сталь Листовая Нержав Никелесод 3 г/к н/с AISI 201 No1,"СТАЛЬ ЛИСТОВАЯ НЕРЖАВ НИКЕЛЕСОД марки г/к н/с AISI 201 No1, размер 3",3,194680,т,1,0,0,https://www.kavstal.ru/public/assets/images/products/LISTOVOI_PROKAT/STAL_LISTOVAYA_NERZHAV_NIKELESOD/img.webp,нержавеющая сталь;сталь листовая нержав никелесод;г/к н/с aisi 201 no1;3;сталь;листовая;нержав;никелесод;г/к;н/с;aisi;201;no1,г/к н/с AISI 201 No1,3,,т
Нержавеющая сталь,СТАЛЬ ЛИСТОВАЯ НЕРЖАВ НИКЕЛЕСОД,г/к н/с AISI 201 No1,Сталь Листовая Нержав Никелесод 4 г/к н/с AISI 201 No1,"СТАЛЬ ЛИСТОВАЯ НЕРЖАВ НИКЕЛЕСОД марки г/к н/с AISI 201 No1, размер 4 ; 5; 5",4,164460,т,1,0,0,https://www.kavstal.ru/public/assets/images/products/LISTOVOI_PROKAT/STAL_LISTOVAYA_NERZHAV_NIKELESOD/img.webp,нержавеющая сталь;сталь листовая нержав никелесод;г/к н/с aisi 201 no1;4;5;сталь;листовая;нержав;никелесод;г/к;н/с;aisi;201;no1,г/к н/с AISI 201 No1,4 ; 5; 5,,т
Нержавеющая сталь,СТАЛЬ ЛИСТОВАЯ НЕРЖАВ НИКЕЛЕСОД,г/к н/с AISI 201 No1,Сталь Листовая Нержав Никелесод 5 г/к н/с AISI 201 No1,"СТАЛЬ ЛИСТОВАЯ НЕРЖАВ НИКЕЛЕСОД марки г/к н/с AISI 201 No1, размер 5",5,171080,т,1,0,0,https://www.kavstal.ru/public/assets/images/products/LISTOVOI_PROKAT/STAL_LISTOVAYA_NERZHAV_NIKELESOD/img.webp,нержавеющая сталь;сталь листовая нержав никелесод;г/к н/с aisi 201 no1;5;сталь;листовая;нержав;никелесод;г/к;н/с;aisi;201;no1,г/к н/с AISI 201 No1,5,,т
Нержавеющая сталь,СТАЛЬ ЛИСТОВАЯ НЕРЖАВ НИКЕЛЕСОД,г/к н/с AISI 201 No1,Сталь Листовая Нержав Никелесод 6 г/к н/с AISI 201 No1,"СТАЛЬ ЛИСТОВАЯ НЕРЖАВ НИКЕЛЕСОД марки г/к н/с AISI 201 No1, размер 6",6,164460,т,1,0,0,https://www.kavstal.ru/public/assets/images/products/LISTOVOI_PROKAT/STAL_LISTOVAYA_NERZHAV_NIKELESOD/img.webp,нержавеющая сталь;сталь листовая нержав никелесод;г/к н/с aisi 201 no1;6;сталь;листовая;нержав;никелесод;г/к;н/с;aisi;201;no1,г/к н/с AISI 201 No1,6,,т
Нержавеющая сталь,СТАЛЬ ЛИСТОВАЯ НЕРЖАВ НИКЕЛЕСОД,г/к н/с AISI 201 No1,Сталь Листовая Нержав Никелесод 6 г/к н/с AISI 201 No1,"СТАЛЬ ЛИСТОВАЯ НЕРЖАВ НИКЕЛЕСОД марки г/к н/с AISI 201 No1, размер 6",6,171080,т,1,0,0,https://www.kavstal.ru/public/assets/images/products/LISTOVOI_PROKAT/STAL_LISTOVAYA_NERZHAV_NIKELESOD/img.webp,нержавеющая сталь;сталь листовая нержав никелесод;г/к н/с aisi 201 no1;6;сталь;листовая;нержав;никелесод;г/к;н/с;aisi;201;no1,г/к н/с AISI 201 No1,6,,т
Нержавеющая сталь,СТАЛЬ ЛИСТОВАЯ НЕРЖАВ НИКЕЛЕСОД,г/к н/с AISI 201 No1,Сталь Листовая Нержав Никелесод 8 г/к н/с AISI 201 No1,"СТАЛЬ ЛИСТОВАЯ НЕРЖАВ НИКЕЛЕСОД марки г/к н/с AISI 201 No1, размер 8",8,164460,т,1,0,0,https://www.kavstal.ru/public/assets/images/products/LISTOVOI_PROKAT/STAL_LISTOVAYA_NERZHAV_NIKELESOD/img.webp,нержавеющая сталь;сталь листовая нержав никелесод;г/к н/с aisi 201 no1;8;сталь;листовая;нержав;никелесод;г/к;н/с;aisi;201;no1,г/к н/с AISI 201 No1,8,,т
Нержавеющая сталь,СТАЛЬ ЛИСТОВАЯ НЕРЖАВ НИКЕЛЕСОД,г/к н/с AISI 201 No1,Сталь Листовая Нержав Никелесод 8 г/к н/с AISI 201 No1,"СТАЛЬ ЛИСТОВАЯ НЕРЖАВ НИКЕЛЕСОД марки г/к н/с AISI 201 No1, размер 8",8,171080,т,1,0,0,https://www.kavstal.ru/public/assets/images/products/LISTOVOI_PROKAT/STAL_LISTOVAYA_NERZHAV_NIKELESOD/img.webp,нержавеющая сталь;сталь листовая нержав никелесод;г/к н/с aisi 201 no1;8;сталь;листовая;нержав;никелесод;г/к;н/с;aisi;201;no1,г/к н/с AISI 201 No1,8,,т
Нержавеющая сталь,СТАЛЬ ЛИСТОВАЯ НЕРЖАВ НИКЕЛЕСОД,г/к н/с AISI 201 No1,Сталь Листовая Нержав Никелесод 10 г/к н/с AISI 201 No1,"СТАЛЬ ЛИСТОВАЯ НЕРЖАВ НИКЕЛЕСОД марки г/к н/с AISI 201 No1, размер 10",10,164460,т,1,0,0,https://www.kavstal.ru/public/assets/images/products/LISTOVOI_PROKAT/STAL_LISTOVAYA_NERZHAV_NIKELESOD/img.webp,нержавеющая сталь;сталь листовая нержав никелесод;г/к н/с aisi 201 no1;10;сталь;листовая;нержав;никелесод;г/к;н/с;aisi;201;no1,г/к н/с AISI 201 No1,10,,т
Нержавеющая сталь,СТАЛЬ ЛИСТОВАЯ НЕРЖАВ НИКЕЛЕСОД,г/к н/с AISI 201 No1,Сталь Листовая Нержав Никелесод 10 г/к н/с AISI 201 No1,"СТАЛЬ ЛИСТОВАЯ НЕРЖАВ НИКЕЛЕСОД марки г/к н/с AISI 201 No1, размер 10",10,171080,т,1,0,0,https://www.kavstal.ru/public/assets/images/products/LISTOVOI_PROKAT/STAL_LISTOVAYA_NERZHAV_NIKELESOD/img.webp,нержавеющая сталь;сталь листовая нержав никелесод;г/к н/с aisi 201 no1;10;сталь;листовая;нержав;никелесод;г/к;н/с;aisi;201;no1,г/к н/с AISI 201 No1,10,,т
Нержавеющая сталь,СТАЛЬ ЛИСТОВАЯ НЕРЖАВ НИКЕЛЕСОД,г/к н/с AISI 201 No1,Сталь Листовая Нержав Никелесод 12 г/к н/с AISI 201 No1,"СТАЛЬ ЛИСТОВАЯ НЕРЖАВ НИКЕЛЕСОД марки г/к н/с AISI 201 No1, размер 12",12,164460,т,1,0,0,https://www.kavstal.ru/public/assets/images/products/LISTOVOI_PROKAT/STAL_LISTOVAYA_NERZHAV_NIKELESOD/img.webp,нержавеющая сталь;сталь листовая нержав никелесод;г/к н/с aisi 201 no1;12;сталь;листовая;нержав;никелесод;г/к;н/с;aisi;201;no1,г/к н/с AISI 201 No1,12,,т
Нержавеющая сталь,СТАЛЬ ЛИСТОВАЯ НЕРЖАВ НИКЕЛЕСОД,г/к н/с AISI 201 No1,Сталь Листовая Нержав Никелесод 12 г/к н/с AISI 201 No1,"СТАЛЬ ЛИСТОВАЯ НЕРЖАВ НИКЕЛЕСОД марки г/к н/с AISI 201 No1, размер 12",12,171080,т,1,0,0,https://www.kavstal.ru/public/assets/images/products/LISTOVOI_PROKAT/STAL_LISTOVAYA_NERZHAV_NIKELESOD/img.webp,нержавеющая сталь;сталь листовая нержав никелесод;г/к н/с aisi 201 no1;12;сталь;листовая;нержав;никелесод;г/к;н/с;aisi;201;no1,г/к н/с AISI 201 No1,12,,т
Нержавеющая сталь,СТАЛЬ ЛИСТОВАЯ НЕРЖАВ НИКЕЛЕСОД,г/к н/с AISI 201 No1,Сталь Листовая Нержав Никелесод 14 г/к н/с AISI 201 No1,"СТАЛЬ ЛИСТОВАЯ НЕРЖАВ НИКЕЛЕСОД марки г/к н/с AISI 201 No1, размер 14",14,179920,т,1,0,0,https://www.kavstal.ru/public/assets/images/products/LISTOVOI_PROKAT/STAL_LISTOVAYA_NERZHAV_NIKELESOD/img.webp,нержавеющая сталь;сталь листовая нержав никелесод;г/к н/с aisi 201 no1;14;сталь;листовая;нержав;никелесод;г/к;н/с;aisi;201;no1,г/к н/с AISI 201 No1,14,,т
Нержавеющая сталь,СТАЛЬ ЛИСТОВАЯ НЕРЖАВ НИКЕЛЕСОД,г/к н/с AISI 201 No1,Сталь Листовая Нержав Никелесод 16 г/к н/с AISI 201 No1,"СТАЛЬ ЛИСТОВАЯ НЕРЖАВ НИКЕЛЕСОД марки г/к н/с AISI 201 No1, размер 16 ; 20",16,182120,т,1,0,0,https://www.kavstal.ru/public/assets/images/products/LISTOVOI_PROKAT/STAL_LISTOVAYA_NERZHAV_NIKELESOD/img.webp,нержавеющая сталь;сталь листовая нержав никелесод;г/к н/с aisi 201 no1;16;20;сталь;листовая;нержав;никелесод;г/к;н/с;aisi;201;no1,г/к н/с AISI 201 No1,16 ; 20,,т
Нержавеющая сталь,СТАЛЬ ЛИСТОВАЯ НЕРЖАВ НИКЕЛЕСОД,г/к н/с AISI 201 No1,Сталь Листовая Нержав Никелесод 20 г/к н/с AISI 201 No1,"СТАЛЬ ЛИСТОВАЯ НЕРЖАВ НИКЕЛЕСОД марки г/к н/с AISI 201 No1, размер 20 ; 25",20,186530,т,1,0,0,https://www.kavstal.ru/public/assets/images/products/LISTOVOI_PROKAT/STAL_LISTOVAYA_NERZHAV_NIKELESOD/img.webp,нержавеющая сталь;сталь листовая нержав никелесод;г/к н/с aisi 201 no1;20;25;сталь;листовая;нержав;никелесод;г/к;н/с;aisi;201;no1,г/к н/с AISI 201 No1,20 ; 25,,т
Нержавеющая сталь,СТАЛЬ ЛИСТОВАЯ НЕРЖАВ НИКЕЛЕСОД,г/к н/с AISI 304 (08Х18Н10),Сталь Листовая Нержав Никелесод 50 г/к н/с AISI 304 (08х18н10),"СТАЛЬ ЛИСТОВАЯ НЕРЖАВ НИКЕЛЕСОД марки г/к н/с AISI 304 (08Х18Н10), размер 50",50,254010,т,1,0,0,https://www.kavstal.ru/public/assets/images/products/LISTOVOI_PROKAT/STAL_LISTOVAYA_NERZHAV_NIKELESOD/img.webp,нержавеющая сталь;сталь листовая нержав никелесод;г/к н/с aisi 304 (08х18н10);50;сталь;листовая;нержав;никелесод;г/к;н/с;aisi;304;08х18н10,г/к н/с AISI 304 (08Х18Н10),50,,т
Нержавеющая сталь,СТАЛЬ ЛИСТОВАЯ НЕРЖАВ НИКЕЛЕСОД,г/к н/с AISI 304 (08Х18Н10),Сталь Листовая Нержав Никелесод 60 г/к н/с AISI 304 (08х18н10),"СТАЛЬ ЛИСТОВАЯ НЕРЖАВ НИКЕЛЕСОД марки г/к н/с AISI 304 (08Х18Н10), размер 60",60,257320,т,1,0,0,https://www.kavstal.ru/public/assets/images/products/LISTOVOI_PROKAT/STAL_LISTOVAYA_NERZHAV_NIKELESOD/img.webp,нержавеющая сталь;сталь листовая нержав никелесод;г/к н/с aisi 304 (08х18н10);60;сталь;листовая;нержав;никелесод;г/к;н/с;aisi;304;08х18н10,г/к н/с AISI 304 (08Х18Н10),60,,т
Нержавеющая сталь,СТАЛЬ ЛИСТОВАЯ НЕРЖАВ НИКЕЛЕСОД,г/к н/с AISI 304 (08Х18Н10) No1,Сталь Листовая Нержав Никелесод 2 г/к н/с AISI 304 (08х18н10) No1,"СТАЛЬ ЛИСТОВАЯ НЕРЖАВ НИКЕЛЕСОД марки г/к н/с AISI 304 (08Х18Н10) No1, размер 2",2,288490,т,1,0,0,https://www.kavstal.ru/public/assets/images/products/LISTOVOI_PROKAT/STAL_LISTOVAYA_NERZHAV_NIKELESOD/img.webp,нержавеющая сталь;сталь листовая нержав никелесод;г/к н/с aisi 304 (08х18н10) no1;2;сталь;листовая;нержав;никелесод;г/к;н/с;aisi;304;08х18н10;no1,г/к н/с AISI 304 (08Х18Н10) No1,2,,т
Нержавеющая сталь,СТАЛЬ ЛИСТОВАЯ НЕРЖАВ НИКЕЛЕСОД,г/к н/с AISI 304 (08Х18Н10) No1,Сталь Листовая Нержав Никелесод 3 г/к н/с AISI 304 (08х18н10) No1,"СТАЛЬ ЛИСТОВАЯ НЕРЖАВ НИКЕЛЕСОД марки г/к н/с AISI 304 (08Х18Н10) No1, размер 3",3,247350,т,1,0,0,https://www.kavstal.ru/public/assets/images/products/LISTOVOI_PROKAT/STAL_LISTOVAYA_NERZHAV_NIKELESOD/img.webp,нержавеющая сталь;сталь листовая нержав никелесод;г/к н/с aisi 304 (08х18н10) no1;3;сталь;листовая;нержав;никелесод;г/к;н/с;aisi;304;08х18н10;no1,г/к н/с AISI 304 (08Х18Н10) No1,3,,т
Нержавеющая сталь,СТАЛЬ ЛИСТОВАЯ НЕРЖАВ НИКЕЛЕСОД,г/к н/с AISI 304 (08Х18Н10) No1,Сталь Листовая Нержав Никелесод 3 г/к н/с AISI 304 (08х18н10) No1,"СТАЛЬ ЛИСТОВАЯ НЕРЖАВ НИКЕЛЕСОД марки г/к н/с AISI 304 (08Х18Н10) No1, размер 3",3,250670,т,1,0,0,https://www.kavstal.ru/public/assets/images/products/LISTOVOI_PROKAT/STAL_LISTOVAYA_NERZHAV_NIKELESOD/img.webp,нержавеющая сталь;сталь листовая нержав никелесод;г/к н/с aisi 304 (08х18н10) no1;3;сталь;листовая;нержав;никелесод;г/к;н/с;aisi;304;08х18н10;no1,г/к н/с AISI 304 (08Х18Н10) No1,3,,т
Нержавеющая сталь,СТАЛЬ ЛИСТОВАЯ НЕРЖАВ НИКЕЛЕСОД,г/к н/с AISI 304 (08Х18Н10) No1,Сталь Листовая Нержав Никелесод 3 г/к н/с AISI 304 (08х18н10) No1,"СТАЛЬ ЛИСТОВАЯ НЕРЖАВ НИКЕЛЕСОД марки г/к н/с AISI 304 (08Х18Н10) No1, размер 3",3,264740,т,1,0,0,https://www.kavstal.ru/public/assets/images/products/LISTOVOI_PROKAT/STAL_LISTOVAYA_NERZHAV_NIKELESOD/img.webp,нержавеющая сталь;сталь листовая нержав никелесод;г/к н/с aisi 304 (08х18н10) no1;3;сталь;листовая;нержав;никелесод;г/к;н/с;aisi;304;08х18н10;no1,г/к н/с AISI 304 (08Х18Н10) No1,3,,т
Нержавеющая сталь,СТАЛЬ ЛИСТОВАЯ НЕРЖАВ НИКЕЛЕСОД,г/к н/с AISI 304 (08Х18Н10) No1,Сталь Листовая Нержав Никелесод 3 г/к н/с AISI 304 (08х18н10) No1,"СТАЛЬ ЛИСТОВАЯ НЕРЖАВ НИКЕЛЕСОД марки г/к н/с AISI 304 (08Х18Н10) No1, размер 3",3,267000,т,1,0,0,https://www.kavstal.ru/public/assets/images/products/LISTOVOI_PROKAT/STAL_LISTOVAYA_NERZHAV_NIKELESOD/img.webp,нержавеющая сталь;сталь листовая нержав никелесод;г/к н/с aisi 304 (08х18н10) no1;3;сталь;листовая;нержав;никелесод;г/к;н/с;aisi;304;08х18н10;no1,г/к н/с AISI 304 (08Х18Н10) No1,3,,т
Нержавеющая сталь,СТАЛЬ ЛИСТОВАЯ НЕРЖАВ НИКЕЛЕСОД,г/к н/с AISI 304 (08Х18Н10) No1,Сталь Листовая Нержав Никелесод 4 г/к н/с AISI 304 (08х18н10) No1,"СТАЛЬ ЛИСТОВАЯ НЕРЖАВ НИКЕЛЕСОД марки г/к н/с AISI 304 (08Х18Н10) No1, размер 4",4,245500,т,1,0,0,https://www.kavstal.ru/public/assets/images/products/LISTOVOI_PROKAT/STAL_LISTOVAYA_NERZHAV_NIKELESOD/img.webp,нержавеющая сталь;сталь листовая нержав никелесод;г/к н/с aisi 304 (08х18н10) no1;4;сталь;листовая;нержав;никелесод;г/к;н/с;aisi;304;08х18н10;no1,г/к н/с AISI 304 (08Х18Н10) No1,4,,т
Нержавеющая сталь,СТАЛЬ ЛИСТОВАЯ НЕРЖАВ НИКЕЛЕСОД,г/к н/с AISI 304 (08Х18Н10) No1,Сталь Листовая Нержав Никелесод 4 г/к н/с AISI 304 (08х18н10) No1,"СТАЛЬ ЛИСТОВАЯ НЕРЖАВ НИКЕЛЕСОД марки г/к н/с AISI 304 (08Х18Н10) No1, размер 4",4,254300,т,1,0,0,https://www.kavstal.ru/public/assets/images/products/LISTOVOI_PROKAT/STAL_LISTOVAYA_NERZHAV_NIKELESOD/img.webp,нержавеющая сталь;сталь листовая нержав никелесод;г/к н/с aisi 304 (08х18н10) no1;4;сталь;листовая;нержав;никелесод;г/к;н/с;aisi;304;08х18н10;no1,г/к н/с AISI 304 (08Х18Н10) No1,4,,т
Нержавеющая сталь,СТАЛЬ ЛИСТОВАЯ НЕРЖАВ НИКЕЛЕСОД,г/к н/с AISI 304 (08Х18Н10) No1,Сталь Листовая Нержав Никелесод 4 г/к н/с AISI 304 (08х18н10) No1,"СТАЛЬ ЛИСТОВАЯ НЕРЖАВ НИКЕЛЕСОД марки г/к н/с AISI 304 (08Х18Н10) No1, размер 4",4,258620,т,1,0,0,https://www.kavstal.ru/public/assets/images/products/LISTOVOI_PROKAT/STAL_LISTOVAYA_NERZHAV_NIKELESOD/img.webp,нержавеющая сталь;сталь листовая нержав никелесод;г/к н/с aisi 304 (08х18н10) no1;4;сталь;листовая;нержав;никелесод;г/к;н/с;aisi;304;08х18н10;no1,г/к н/с AISI 304 (08Х18Н10) No1,4,,т
Нержавеющая сталь,СТАЛЬ ЛИСТОВАЯ НЕРЖАВ НИКЕЛЕСОД,г/к н/с AISI 304 (08Х18Н10) No1,Сталь Листовая Нержав Никелесод 4 г/к н/с AISI 304 (08х18н10) No1,"СТАЛЬ ЛИСТОВАЯ НЕРЖАВ НИКЕЛЕСОД марки г/к н/с AISI 304 (08Х18Н10) No1, размер 4",4,262490,т,1,0,0,https://www.kavstal.ru/public/assets/images/products/LISTOVOI_PROKAT/STAL_LISTOVAYA_NERZHAV_NIKELESOD/img.webp,нержавеющая сталь;сталь листовая нержав никелесод;г/к н/с aisi 304 (08х18н10) no1;4;сталь;листовая;нержав;никелесод;г/к;н/с;aisi;304;08х18н10;no1,г/к н/с AISI 304 (08Х18Н10) No1,4,,т
Нержавеющая сталь,СТАЛЬ ЛИСТОВАЯ НЕРЖАВ НИКЕЛЕСОД,г/к н/с AISI 304 (08Х18Н10) No1,Сталь Листовая Нержав Никелесод 5 г/к н/с AISI 304 (08х18н10) No1,"СТАЛЬ ЛИСТОВАЯ НЕРЖАВ НИКЕЛЕСОД марки г/к н/с AISI 304 (08Х18Н10) No1, размер 5",5,246240,т,1,0,0,https://www.kavstal.ru/public/assets/images/products/LISTOVOI_PROKAT/STAL_LISTOVAYA_NERZHAV_NIKELESOD/img.webp,нержавеющая сталь;сталь листовая нержав никелесод;г/к н/с aisi 304 (08х18н10) no1;5;сталь;листовая;нержав;никелесод;г/к;н/с;aisi;304;08х18н10;no1,г/к н/с AISI 304 (08Х18Н10) No1,5,,т
Нержавеющая сталь,СТАЛЬ ЛИСТОВАЯ НЕРЖАВ НИКЕЛЕСОД,г/к н/с AISI 304 (08Х18Н10) No1,Сталь Листовая Нержав Никелесод 5 г/к н/с AISI 304 (08х18н10) No1,"СТАЛЬ ЛИСТОВАЯ НЕРЖАВ НИКЕЛЕСОД марки г/к н/с AISI 304 (08Х18Н10) No1, размер 5",5,248900,т,1,0,0,https://www.kavstal.ru/public/assets/images/products/LISTOVOI_PROKAT/STAL_LISTOVAYA_NERZHAV_NIKELESOD/img.webp,нержавеющая сталь;сталь листовая нержав никелесод;г/к н/с aisi 304 (08х18н10) no1;5;сталь;листовая;нержав;никелесод;г/к;н/с;aisi;304;08х18н10;no1,г/к н/с AISI 304 (08Х18Н10) No1,5,,т
Нержавеющая сталь,СТАЛЬ ЛИСТОВАЯ НЕРЖАВ НИКЕЛЕСОД,г/к н/с AISI 304 (08Х18Н10) No1,Сталь Листовая Нержав Никелесод 5 г/к н/с AISI 304 (08х18н10) No1,"СТАЛЬ ЛИСТОВАЯ НЕРЖАВ НИКЕЛЕСОД марки г/к н/с AISI 304 (08Х18Н10) No1, размер 5",5,250000,т,1,0,0,https://www.kavstal.ru/public/assets/images/products/LISTOVOI_PROKAT/STAL_LISTOVAYA_NERZHAV_NIKELESOD/img.webp,нержавеющая сталь;сталь листовая нержав никелесод;г/к н/с aisi 304 (08х18н10) no1;5;сталь;листовая;нержав;никелесод;г/к;н/с;aisi;304;08х18н10;no1,г/к н/с AISI 304 (08Х18Н10) No1,5,,т
Нержавеющая сталь,СТАЛЬ ЛИСТОВАЯ НЕРЖАВ НИКЕЛЕСОД,г/к н/с AISI 304 (08Х18Н10) No1,Сталь Листовая Нержав Никелесод 5 г/к н/с AISI 304 (08х18н10) No1,"СТАЛЬ ЛИСТОВАЯ НЕРЖАВ НИКЕЛЕСОД марки г/к н/с AISI 304 (08Х18Н10) No1, размер 5",5,252000,т,1,0,0,https://www.kavstal.ru/public/assets/images/products/LISTOVOI_PROKAT/STAL_LISTOVAYA_NERZHAV_NIKELESOD/img.webp,нержавеющая сталь;сталь листовая нержав никелесод;г/к н/с aisi 304 (08х18н10) no1;5;сталь;листовая;нержав;никелесод;г/к;н/с;aisi;304;08х18н10;no1,г/к н/с AISI 304 (08Х18Н10) No1,5,,т
Нержавеющая сталь,СТАЛЬ ЛИСТОВАЯ НЕРЖАВ НИКЕЛЕСОД,г/к н/с AISI 304 (08Х18Н10) No1,Сталь Листовая Нержав Никелесод 6 г/к н/с AISI 304 (08х18н10) No1,"СТАЛЬ ЛИСТОВАЯ НЕРЖАВ НИКЕЛЕСОД марки г/к н/с AISI 304 (08Х18Н10) No1, размер 6",6,242900,т,1,0,0,https://www.kavstal.ru/public/assets/images/products/LISTOVOI_PROKAT/STAL_LISTOVAYA_NERZHAV_NIKELESOD/img.webp,нержавеющая сталь;сталь листовая нержав никелесод;г/к н/с aisi 304 (08х18н10) no1;6;сталь;листовая;нержав;никелесод;г/к;н/с;aisi;304;08х18н10;no1,г/к н/с AISI 304 (08Х18Н10) No1,6,,т
Нержавеющая сталь,СТАЛЬ ЛИСТОВАЯ НЕРЖАВ НИКЕЛЕСОД,г/к н/с AISI 304 (08Х18Н10) No1,Сталь Листовая Нержав Никелесод 6 г/к н/с AISI 304 (08х18н10) No1,"СТАЛЬ ЛИСТОВАЯ НЕРЖАВ НИКЕЛЕСОД марки г/к н/с AISI 304 (08Х18Н10) No1, размер 6",6,252290,т,1,0,0,https://www.kavstal.ru/public/assets/images/products/LISTOVOI_PROKAT/STAL_LISTOVAYA_NERZHAV_NIKELESOD/img.webp,нержавеющая сталь;сталь листовая нержав никелесод;г/к н/с aisi 304 (08х18н10) no1;6;сталь;листовая;нержав;никелесод;г/к;н/с;aisi;304;08х18н10;no1,г/к н/с AISI 304 (08Х18Н10) No1,6,,т
Нержавеющая сталь,СТАЛЬ ЛИСТОВАЯ НЕРЖАВ НИКЕЛЕСОД,г/к н/с AISI 304 (08Х18Н10) No1,Сталь Листовая Нержав Никелесод 6 г/к н/с AISI 304 (08х18н10) No1,"СТАЛЬ ЛИСТОВАЯ НЕРЖАВ НИКЕЛЕСОД марки г/к н/с AISI 304 (08Х18Н10) No1, размер 6",6,254300,т,1,0,0,https://www.kavstal.ru/public/assets/images/products/LISTOVOI_PROKAT/STAL_LISTOVAYA_NERZHAV_NIKELESOD/img.webp,нержавеющая сталь;сталь листовая нержав никелесод;г/к н/с aisi 304 (08х18н10) no1;6;сталь;листовая;нержав;никелесод;г/к;н/с;aisi;304;08х18н10;no1,г/к н/с AISI 304 (08Х18Н10) No1,6,,т
Нержавеющая сталь,СТАЛЬ ЛИСТОВАЯ НЕРЖАВ НИКЕЛЕСОД,г/к н/с AISI 304 (08Х18Н10) No1,Сталь Листовая Нержав Никелесод 8 г/к н/с AISI 304 (08х18н10) No1,"СТАЛЬ ЛИСТОВАЯ НЕРЖАВ НИКЕЛЕСОД марки г/к н/с AISI 304 (08Х18Н10) No1, размер 8",8,251050,т,1,0,0,https://www.kavstal.ru/public/assets/images/products/LISTOVOI_PROKAT/STAL_LISTOVAYA_NERZHAV_NIKELESOD/img.webp,нержавеющая сталь;сталь листовая нержав никелесод;г/к н/с aisi 304 (08х18н10) no1;8;сталь;листовая;нержав;никелесод;г/к;н/с;aisi;304;08х18н10;no1,г/к н/с AISI 304 (08Х18Н10) No1,8,,т
Нержавеющая сталь,СТАЛЬ ЛИСТОВАЯ НЕРЖАВ НИКЕЛЕСОД,г/к н/с AISI 304 (08Х18Н10) No1,Сталь Листовая Нержав Никелесод 8 г/к н/с AISI 304 (08х18н10) No1,"СТАЛЬ ЛИСТОВАЯ НЕРЖАВ НИКЕЛЕСОД марки г/к н/с AISI 304 (08Х18Н10) No1, размер 8",8,251160,т,1,0,0,https://www.kavstal.ru/public/assets/images/products/LISTOVOI_PROKAT/STAL_LISTOVAYA_NERZHAV_NIKELESOD/img.webp,нержавеющая сталь;сталь листовая нержав никелесод;г/к н/с aisi 304 (08х18н10) no1;8;сталь;листовая;нержав;никелесод;г/к;н/с;aisi;304;08х18н10;no1,г/к н/с AISI 304 (08Х18Н10) No1,8,,т
Нержавеющая сталь,СТАЛЬ ЛИСТОВАЯ НЕРЖАВ НИКЕЛЕСОД,г/к н/с AISI 304 (08Х18Н10) No1,Сталь Листовая Нержав Никелесод 8 г/к н/с AISI 304 (08х18н10) No1,"СТАЛЬ ЛИСТОВАЯ НЕРЖАВ НИКЕЛЕСОД марки г/к н/с AISI 304 (08Х18Н10) No1, размер 8",8,269450,т,1,0,0,https://www.kavstal.ru/public/assets/images/products/LISTOVOI_PROKAT/STAL_LISTOVAYA_NERZHAV_NIKELESOD/img.webp,нержавеющая сталь;сталь листовая нержав никелесод;г/к н/с aisi 304 (08х18н10) no1;8;сталь;листовая;нержав;никелесод;г/к;н/с;aisi;304;08х18н10;no1,г/к н/с AISI 304 (08Х18Н10) No1,8,,т
Нержавеющая сталь,СТАЛЬ ЛИСТОВАЯ НЕРЖАВ НИКЕЛЕСОД,г/к н/с AISI 304 (08Х18Н10) No1,Сталь Листовая Нержав Никелесод 10 г/к н/с AISI 304 (08х18н10) No1,"СТАЛЬ ЛИСТОВАЯ НЕРЖАВ НИКЕЛЕСОД марки г/к н/с AISI 304 (08Х18Н10) No1, размер 10",10,242900,т,1,0,0,https://www.kavstal.ru/public/assets/images/products/LISTOVOI_PROKAT/STAL_LISTOVAYA_NERZHAV_NIKELESOD/img.webp,нержавеющая сталь;сталь листовая нержав никелесод;г/к н/с aisi 304 (08х18н10) no1;10;сталь;листовая;нержав;никелесод;г/к;н/с;aisi;304;08х18н10;no1,г/к н/с AISI 304 (08Х18Н10) No1,10,,т
Нержавеющая сталь,СТАЛЬ ЛИСТОВАЯ НЕРЖАВ НИКЕЛЕСОД,г/к н/с AISI 304 (08Х18Н10) No1,Сталь Листовая Нержав Никелесод 10 г/к н/с AISI 304 (08х18н10) No1,"СТАЛЬ ЛИСТОВАЯ НЕРЖАВ НИКЕЛЕСОД марки г/к н/с AISI 304 (08Х18Н10) No1, размер 10",10,246240,т,1,0,0,https://www.kavstal.ru/public/assets/images/products/LISTOVOI_PROKAT/STAL_LISTOVAYA_NERZHAV_NIKELESOD/img.webp,нержавеющая сталь;сталь листовая нержав никелесод;г/к н/с aisi 304 (08х18н10) no1;10;сталь;листовая;нержав;никелесод;г/к;н/с;aisi;304;08х18н10;no1,г/к н/с AISI 304 (08Х18Н10) No1,10,,т
Нержавеющая сталь,СТАЛЬ ЛИСТОВАЯ НЕРЖАВ НИКЕЛЕСОД,г/к н/с AISI 304 (08Х18Н10) No1,Сталь Листовая Нержав Никелесод 10 г/к н/с AISI 304 (08х18н10) No1,"СТАЛЬ ЛИСТОВАЯ НЕРЖАВ НИКЕЛЕСОД марки г/к н/с AISI 304 (08Х18Н10) No1, размер 10",10,267000,т,1,0,0,https://www.kavstal.ru/public/assets/images/products/LISTOVOI_PROKAT/STAL_LISTOVAYA_NERZHAV_NIKELESOD/img.webp,нержавеющая сталь;сталь листовая нержав никелесод;г/к н/с aisi 304 (08х18н10) no1;10;сталь;листовая;нержав;никелесод;г/к;н/с;aisi;304;08х18н10;no1,г/к н/с AISI 304 (08Х18Н10) No1,10,,т
Нержавеющая сталь,СТАЛЬ ЛИСТОВАЯ НЕРЖАВ НИКЕЛЕСОД,г/к н/с AISI 304 (08Х18Н10) No1,Сталь Листовая Нержав Никелесод 12 г/к н/с AISI 304 (08х18н10) No1,"СТАЛЬ ЛИСТОВАЯ НЕРЖАВ НИКЕЛЕСОД марки г/к н/с AISI 304 (08Х18Н10) No1, размер 12",12,246240,т,1,0,0,https://www.kavstal.ru/public/assets/images/products/LISTOVOI_PROKAT/STAL_LISTOVAYA_NERZHAV_NIKELESOD/img.webp,нержавеющая сталь;сталь листовая нержав никелесод;г/к н/с aisi 304 (08х18н10) no1;12;сталь;листовая;нержав;никелесод;г/к;н/с;aisi;304;08х18н10;no1,г/к н/с AISI 304 (08Х18Н10) No1,12,,т
Нержавеющая сталь,СТАЛЬ ЛИСТОВАЯ НЕРЖАВ НИКЕЛЕСОД,г/к н/с AISI 304 (08Х18Н10) No1,Сталь Листовая Нержав Никелесод 12 г/к н/с AISI 304 (08х18н10) No1,"СТАЛЬ ЛИСТОВАЯ НЕРЖАВ НИКЕЛЕСОД марки г/к н/с AISI 304 (08Х18Н10) No1, размер 12",12,251160,т,1,0,0,https://www.kavstal.ru/public/assets/images/products/LISTOVOI_PROKAT/STAL_LISTOVAYA_NERZHAV_NIKELESOD/img.webp,нержавеющая сталь;сталь листовая нержав никелесод;г/к н/с aisi 304 (08х18н10) no1;12;сталь;листовая;нержав;никелесод;г/к;н/с;aisi;304;08х18н10;no1,г/к н/с AISI 304 (08Х18Н10) No1,12,,т
Нержавеющая сталь,СТАЛЬ ЛИСТОВАЯ НЕРЖАВ НИКЕЛЕСОД,г/к н/с AISI 304 (08Х18Н10) No1,Сталь Листовая Нержав Никелесод 12 г/к н/с AISI 304 (08х18н10) No1,"СТАЛЬ ЛИСТОВАЯ НЕРЖАВ НИКЕЛЕСОД марки г/к н/с AISI 304 (08Х18Н10) No1, размер 12",12,254560,т,1,0,0,https://www.kavstal.ru/public/assets/images/products/LISTOVOI_PROKAT/STAL_LISTOVAYA_NERZHAV_NIKELESOD/img.webp,нержавеющая сталь;сталь листовая нержав никелесод;г/к н/с aisi 304 (08х18н10) no1;12;сталь;листовая;нержав;никелесод;г/к;н/с;aisi;304;08х18н10;no1,г/к н/с AISI 304 (08Х18Н10) No1,12,,т
Нержавеющая сталь,СТАЛЬ ЛИСТОВАЯ НЕРЖАВ НИКЕЛЕСОД,г/к н/с AISI 304 (08Х18Н10) No1,Сталь Листовая Нержав Никелесод 12 г/к н/с AISI 304 (08х18н10) No1,"СТАЛЬ ЛИСТОВАЯ НЕРЖАВ НИКЕЛЕСОД марки г/к н/с AISI 304 (08Х18Н10) No1, размер 12",12,265860,т,1,0,0,https://www.kavstal.ru/public/assets/images/products/LISTOVOI_PROKAT/STAL_LISTOVAYA_NERZHAV_NIKELESOD/img.webp,нержавеющая сталь;сталь листовая нержав никелесод;г/к н/с aisi 304 (08х18н10) no1;12;сталь;листовая;нержав;никелесод;г/к;н/с;aisi;304;08х18н10;no1,г/к н/с AISI 304 (08Х18Н10) No1,12,,т
Нержавеющая сталь,СТАЛЬ ЛИСТОВАЯ НЕРЖАВ НИКЕЛЕСОД,г/к н/с AISI 304 (08Х18Н10) No1,Сталь Листовая Нержав Никелесод 14 г/к н/с AISI 304 (08х18н10) No1,"СТАЛЬ ЛИСТОВАЯ НЕРЖАВ НИКЕЛЕСОД марки г/к н/с AISI 304 (08Х18Н10) No1, размер 14",14,254560,т,1,0,0,https://www.kavstal.ru/public/assets/images/products/LISTOVOI_PROKAT/STAL_LISTOVAYA_NERZHAV_NIKELESOD/img.webp,нержавеющая сталь;сталь листовая нержав никелесод;г/к н/с aisi 304 (08х18н10) no1;14;сталь;листовая;нержав;никелесод;г/к;н/с;aisi;304;08х18н10;no1,г/к н/с AISI 304 (08Х18Н10) No1,14,,т
Нержавеющая сталь,СТАЛЬ ЛИСТОВАЯ НЕРЖАВ НИКЕЛЕСОД,г/к н/с AISI 304 (08Х18Н10) No1,Сталь Листовая Нержав Никелесод 16 г/к н/с AISI 304 (08х18н10) No1,"СТАЛЬ ЛИСТОВАЯ НЕРЖАВ НИКЕЛЕСОД марки г/к н/с AISI 304 (08Х18Н10) No1, размер 16",16,0,т,1,0,0,https://www.kavstal.ru/public/assets/images/products/LISTOVOI_PROKAT/STAL_LISTOVAYA_NERZHAV_NIKELESOD/img.webp,нержавеющая сталь;сталь листовая нержав никелесод;г/к н/с aisi 304 (08х18н10) no1;16;сталь;листовая;нержав;никелесод;г/к;н/с;aisi;304;08х18н10;no1,г/к н/с AISI 304 (08Х18Н10) No1,16,,т
Нержавеющая сталь,СТАЛЬ ЛИСТОВАЯ НЕРЖАВ НИКЕЛЕСОД,г/к н/с AISI 304 (08Х18Н10) No1,Сталь Листовая Нержав Никелесод 16 г/к н/с AISI 304 (08х18н10) No1,"СТАЛЬ ЛИСТОВАЯ НЕРЖАВ НИКЕЛЕСОД марки г/к н/с AISI 304 (08Х18Н10) No1, размер 16",16,242900,т,1,0,0,https://www.kavstal.ru/public/assets/images/products/LISTOVOI_PROKAT/STAL_LISTOVAYA_NERZHAV_NIKELESOD/img.webp,нержавеющая сталь;сталь листовая нержав никелесод;г/к н/с aisi 304 (08х18н10) no1;16;сталь;листовая;нержав;никелесод;г/к;н/с;aisi;304;08х18н10;no1,г/к н/с AISI 304 (08Х18Н10) No1,16,,т
Нержавеющая сталь,СТАЛЬ ЛИСТОВАЯ НЕРЖАВ НИКЕЛЕСОД,г/к н/с AISI 304 (08Х18Н10) No1,Сталь Листовая Нержав Никелесод 16 г/к н/с AISI 304 (08х18н10) No1,"СТАЛЬ ЛИСТОВАЯ НЕРЖАВ НИКЕЛЕСОД марки г/к н/с AISI 304 (08Х18Н10) No1, размер 16",16,247350,т,1,0,0,https://www.kavstal.ru/public/assets/images/products/LISTOVOI_PROKAT/STAL_LISTOVAYA_NERZHAV_NIKELESOD/img.webp,нержавеющая сталь;сталь листовая нержав никелесод;г/к н/с aisi 304 (08х18н10) no1;16;сталь;листовая;нержав;никелесод;г/к;н/с;aisi;304;08х18н10;no1,г/к н/с AISI 304 (08Х18Н10) No1,16,,т
Нержавеющая сталь,СТАЛЬ ЛИСТОВАЯ НЕРЖАВ НИКЕЛЕСОД,г/к н/с AISI 304 (08Х18Н10) No1,Сталь Листовая Нержав Никелесод 16 г/к н/с AISI 304 (08х18н10) No1,"СТАЛЬ ЛИСТОВАЯ НЕРЖАВ НИКЕЛЕСОД марки г/к н/с AISI 304 (08Х18Н10) No1, размер 16",16,259080,т,1,0,0,https://www.kavstal.ru/public/assets/images/products/LISTOVOI_PROKAT/STAL_LISTOVAYA_NERZHAV_NIKELESOD/img.webp,нержавеющая сталь;сталь листовая нержав никелесод;г/к н/с aisi 304 (08х18н10) no1;16;сталь;листовая;нержав;никелесод;г/к;н/с;aisi;304;08х18н10;no1,г/к н/с AISI 304 (08Х18Н10) No1,16,,т
Нержавеющая сталь,СТАЛЬ ЛИСТОВАЯ НЕРЖАВ НИКЕЛЕСОД,г/к н/с AISI 304 (08Х18Н10) No1,Сталь Листовая Нержав Никелесод 16 г/к н/с AISI 304 (08х18н10) No1,"СТАЛЬ ЛИСТОВАЯ НЕРЖАВ НИКЕЛЕСОД марки г/к н/с AISI 304 (08Х18Н10) No1, размер 16 ; 18",16,263610,т,1,0,0,https://www.kavstal.ru/public/assets/images/products/LISTOVOI_PROKAT/STAL_LISTOVAYA_NERZHAV_NIKELESOD/img.webp,нержавеющая сталь;сталь листовая нержав никелесод;г/к н/с aisi 304 (08х18н10) no1;16;18;сталь;листовая;нержав;никелесод;г/к;н/с;aisi;304;08х18н10;no1,г/к н/с AISI 304 (08Х18Н10) No1,16 ; 18,,т
Нержавеющая сталь,СТАЛЬ ЛИСТОВАЯ НЕРЖАВ НИКЕЛЕСОД,г/к н/с AISI 304 (08Х18Н10) No1,Сталь Листовая Нержав Никелесод 20 г/к н/с AISI 304 (08х18н10) No1,"СТАЛЬ ЛИСТОВАЯ НЕРЖАВ НИКЕЛЕСОД марки г/к н/с AISI 304 (08Х18Н10) No1, размер 20",20,254300,т,1,0,0,https://www.kavstal.ru/public/assets/images/products/LISTOVOI_PROKAT/STAL_LISTOVAYA_NERZHAV_NIKELESOD/img.webp,нержавеющая сталь;сталь листовая нержав никелесод;г/к н/с aisi 304 (08х18н10) no1;20;сталь;листовая;нержав;никелесод;г/к;н/с;aisi;304;08х18н10;no1,г/к н/с AISI 304 (08Х18Н10) No1,20,,т
Нержавеющая сталь,СТАЛЬ ЛИСТОВАЯ НЕРЖАВ НИКЕЛЕСОД,г/к н/с AISI 304 (08Х18Н10) No1,Сталь Листовая Нержав Никелесод 20 г/к н/с AISI 304 (08х18н10) No1,"СТАЛЬ ЛИСТОВАЯ НЕРЖАВ НИКЕЛЕСОД марки г/к н/с AISI 304 (08Х18Н10) No1, размер 20",20,257940,т,1,0,0,https://www.kavstal.ru/public/assets/images/products/LISTOVOI_PROKAT/STAL_LISTOVAYA_NERZHAV_NIKELESOD/img.webp,нержавеющая сталь;сталь листовая нержав никелесод;г/к н/с aisi 304 (08х18н10) no1;20;сталь;листовая;нержав;никелесод;г/к;н/с;aisi;304;08х18н10;no1,г/к н/с AISI 304 (08Х18Н10) No1,20,,т
Нержавеющая сталь,СТАЛЬ ЛИСТОВАЯ НЕРЖАВ НИКЕЛЕСОД,г/к н/с AISI 304 (08Х18Н10) No1,Сталь Листовая Нержав Никелесод 25 г/к н/с AISI 304 (08х18н10) No1,"СТАЛЬ ЛИСТОВАЯ НЕРЖАВ НИКЕЛЕСОД марки г/к н/с AISI 304 (08Х18Н10) No1, размер 25",25,249000,т,1,0,0,https://www.kavstal.ru/public/assets/images/products/LISTOVOI_PROKAT/STAL_LISTOVAYA_NERZHAV_NIKELESOD/img.webp,нержавеющая сталь;сталь листовая нержав никелесод;г/к н/с aisi 304 (08х18н10) no1;25;сталь;листовая;нержав;никелесод;г/к;н/с;aisi;304;08х18н10;no1,г/к н/с AISI 304 (08Х18Н10) No1,25,,т
Нержавеющая сталь,СТАЛЬ ЛИСТОВАЯ НЕРЖАВ НИКЕЛЕСОД,г/к н/с AISI 304 (08Х18Н10) No1,Сталь Листовая Нержав Никелесод 25 г/к н/с AISI 304 (08х18н10) No1,"СТАЛЬ ЛИСТОВАЯ НЕРЖАВ НИКЕЛЕСОД марки г/к н/с AISI 304 (08Х18Н10) No1, размер 25",25,262960,т,1,0,0,https://www.kavstal.ru/public/assets/images/products/LISTOVOI_PROKAT/STAL_LISTOVAYA_NERZHAV_NIKELESOD/img.webp,нержавеющая сталь;сталь листовая нержав никелесод;г/к н/с aisi 304 (08х18н10) no1;25;сталь;листовая;нержав;никелесод;г/к;н/с;aisi;304;08х18н10;no1,г/к н/с AISI 304 (08Х18Н10) No1,25,,т
Нержавеющая сталь,СТАЛЬ ЛИСТОВАЯ НЕРЖАВ НИКЕЛЕСОД,г/к н/с AISI 304 (08Х18Н10) No1,Сталь Листовая Нержав Никелесод 25 г/к н/с AISI 304 (08х18н10) No1,"СТАЛЬ ЛИСТОВАЯ НЕРЖАВ НИКЕЛЕСОД марки г/к н/с AISI 304 (08Х18Н10) No1, размер 25",25,265860,т,1,0,0,https://www.kavstal.ru/public/assets/images/products/LISTOVOI_PROKAT/STAL_LISTOVAYA_NERZHAV_NIKELESOD/img.webp,нержавеющая сталь;сталь листовая нержав никелесод;г/к н/с aisi 304 (08х18н10) no1;25;сталь;листовая;нержав;никелесод;г/к;н/с;aisi;304;08х18н10;no1,г/к н/с AISI 304 (08Х18Н10) No1,25,,т
Нержавеющая сталь,СТАЛЬ ЛИСТОВАЯ НЕРЖАВ НИКЕЛЕСОД,г/к н/с AISI 304 (08Х18Н10) No1,Сталь Листовая Нержав Никелесод 30 г/к н/с AISI 304 (08х18н10) No1,"СТАЛЬ ЛИСТОВАЯ НЕРЖАВ НИКЕЛЕСОД марки г/к н/с AISI 304 (08Х18Н10) No1, размер 30",30,236260,т,1,0,0,https://www.kavstal.ru/public/assets/images/products/LISTOVOI_PROKAT/STAL_LISTOVAYA_NERZHAV_NIKELESOD/img.webp,нержавеющая сталь;сталь листовая нержав никелесод;г/к н/с aisi 304 (08х18н10) no1;30;сталь;листовая;нержав;никелесод;г/к;н/с;aisi;304;08х18н10;no1,г/к н/с AISI 304 (08Х18Н10) No1,30,,т
Нержавеющая сталь,СТАЛЬ ЛИСТОВАЯ НЕРЖАВ НИКЕЛЕСОД,г/к н/с AISI 304 (08Х18Н10) No1,Сталь Листовая Нержав Никелесод 32 г/к н/с AISI 304 (08х18н10) No1,"СТАЛЬ ЛИСТОВАЯ НЕРЖАВ НИКЕЛЕСОД марки г/к н/с AISI 304 (08Х18Н10) No1, размер 32 ; 36",32,257940,т,1,0,0,https://www.kavstal.ru/public/assets/images/products/LISTOVOI_PROKAT/STAL_LISTOVAYA_NERZHAV_NIKELESOD/img.webp,нержавеющая сталь;сталь листовая нержав никелесод;г/к н/с aisi 304 (08х18н10) no1;32;36;сталь;листовая;нержав;никелесод;г/к;н/с;aisi;304;08х18н10;no1,г/к н/с AISI 304 (08Х18Н10) No1,32 ; 36,,т
Нержавеющая сталь,СТАЛЬ ЛИСТОВАЯ НЕРЖАВ НИКЕЛЕСОД,г/к н/с AISI 304 (08Х18Н10) No1,Сталь Листовая Нержав Никелесод 40 г/к н/с AISI 304 (08х18н10) No1,"СТАЛЬ ЛИСТОВАЯ НЕРЖАВ НИКЕЛЕСОД марки г/к н/с AISI 304 (08Х18Н10) No1, размер 40 ; 45",40,265100,т,1,0,0,https://www.kavstal.ru/public/assets/images/products/LISTOVOI_PROKAT/STAL_LISTOVAYA_NERZHAV_NIKELESOD/img.webp,нержавеющая сталь;сталь листовая нержав никелесод;г/к н/с aisi 304 (08х18н10) no1;40;45;сталь;листовая;нержав;никелесод;г/к;н/с;aisi;304;08х18н10;no1,г/к н/с AISI 304 (08Х18Н10) No1,40 ; 45,,т
Нержавеющая сталь,СТАЛЬ ЛИСТОВАЯ НЕРЖАВ НИКЕЛЕСОД,г/к н/с AISI 304 (08Х18Н10) TEAR PLATE (рифлен.),Сталь Листовая Нержав Никелесод 3 г/к н/с AISI 304 (08х18н10) Tear Plate (рифлен.),"СТАЛЬ ЛИСТОВАЯ НЕРЖАВ НИКЕЛЕСОД марки г/к н/с AISI 304 (08Х18Н10) TEAR PLATE (рифлен.), размер 3",3,311120,т,1,0,0,https://www.kavstal.ru/public/assets/images/products/LISTOVOI_PROKAT/STAL_LISTOVAYA_NERZHAV_NIKELESOD/img.webp,нержавеющая сталь;сталь листовая нержав никелесод;г/к н/с aisi 304 (08х18н10) tear plate (рифлен.);3;сталь;листовая;нержав;никелесод;г/к;н/с;aisi;304;08х18н10;tear;plate;рифлен,г/к н/с AISI 304 (08Х18Н10) TEAR PLATE (рифлен.),3,,т
Нержавеющая сталь,СТАЛЬ ЛИСТОВАЯ НЕРЖАВ НИКЕЛЕСОД,г/к н/с AISI 304 (08Х18Н10) TEAR PLATE (рифлен.),Сталь Листовая Нержав Никелесод 4 г/к н/с AISI 304 (08х18н10) Tear Plate (рифлен.),"СТАЛЬ ЛИСТОВАЯ НЕРЖАВ НИКЕЛЕСОД марки г/к н/с AISI 304 (08Х18Н10) TEAR PLATE (рифлен.), размер 4",4,316120,т,1,0,0,https://www.kavstal.ru/public/assets/images/products/LISTOVOI_PROKAT/STAL_LISTOVAYA_NERZHAV_NIKELESOD/img.webp,нержавеющая сталь;сталь листовая нержав никелесод;г/к н/с aisi 304 (08х18н10) tear plate (рифлен.);4;сталь;листовая;нержав;никелесод;г/к;н/с;aisi;304;08х18н10;tear;plate;рифлен,г/к н/с AISI 304 (08Х18Н10) TEAR PLATE (рифлен.),4,,т
Нержавеющая сталь,СТАЛЬ ЛИСТОВАЯ НЕРЖАВ НИКЕЛЕСОД,г/к н/с AISI 304 (08Х18Н10) TEAR PLATE (рифлен.),Сталь Листовая Нержав Никелесод 5 г/к н/с AISI 304 (08х18н10) Tear Plate (рифлен.),"СТАЛЬ ЛИСТОВАЯ НЕРЖАВ НИКЕЛЕСОД марки г/к н/с AISI 304 (08Х18Н10) TEAR PLATE (рифлен.), размер 5",5,282840,т,1,0,0,https://www.kavstal.ru/public/assets/images/products/LISTOVOI_PROKAT/STAL_LISTOVAYA_NERZHAV_NIKELESOD/img.webp,нержавеющая сталь;сталь листовая нержав никелесод;г/к н/с aisi 304 (08х18н10) tear plate (рифлен.);5;сталь;листовая;нержав;никелесод;г/к;н/с;aisi;304;08х18н10;tear;plate;рифлен,г/к н/с AISI 304 (08Х18Н10) TEAR PLATE (рифлен.),5,,т
Нержавеющая сталь,СТАЛЬ ЛИСТОВАЯ НЕРЖАВ НИКЕЛЕСОД,г/к н/с AISI 310S No1,Сталь Листовая Нержав Никелесод 3 г/к н/с AISI 310s No1,"СТАЛЬ ЛИСТОВАЯ НЕРЖАВ НИКЕЛЕСОД марки г/к н/с AISI 310S No1, размер 3",3,634670,т,1,0,0,https://www.kavstal.ru/public/assets/images/products/LISTOVOI_PROKAT/STAL_LISTOVAYA_NERZHAV_NIKELESOD/img.webp,нержавеющая сталь;сталь листовая нержав никелесод;г/к н/с aisi 310s no1;3;сталь;листовая;нержав;никелесод;г/к;н/с;aisi;310s;no1,г/к н/с AISI 310S No1,3,,т
Нержавеющая сталь,СТАЛЬ ЛИСТОВАЯ НЕРЖАВ НИКЕЛЕСОД,г/к н/с AISI 310S No1,Сталь Листовая Нержав Никелесод 4 г/к н/с AISI 310s No1,"СТАЛЬ ЛИСТОВАЯ НЕРЖАВ НИКЕЛЕСОД марки г/к н/с AISI 310S No1, размер 4 ; 5; 5; 6; 6; 8; 8; 10; 10; 12; 12; 14; 14; 16; 20; 20; 25; 25; 30; 30; 40; 50",4,605970,т,1,0,0,https://www.kavstal.ru/public/assets/images/products/LISTOVOI_PROKAT/STAL_LISTOVAYA_NERZHAV_NIKELESOD/img.webp,нержавеющая сталь;сталь листовая нержав никелесод;г/к н/с aisi 310s no1;4;5;6;8;10;12;14;16;20;25;30;40;50;сталь;листовая;нержав;никелесод;г/к;н/с;aisi;310s;no1,г/к н/с AISI 310S No1,4 ; 5; 5; 6; 6; 8; 8; 10; 10; 12; 12; 14; 14; 16; 20; 20; 25; 25; 30; 30; 40; 50,,т
Нержавеющая сталь,СТАЛЬ ЛИСТОВАЯ НЕРЖАВ НИКЕЛЕСОД,г/к н/с AISI 310S (20Х23Н18) No1 рулон,Сталь Листовая Нержав Никелесод 4 г/к н/с AISI 310s (20х23н18) No1 рулон,"СТАЛЬ ЛИСТОВАЯ НЕРЖАВ НИКЕЛЕСОД марки г/к н/с AISI 310S (20Х23Н18) No1 рулон, размер 4",4,605970,т,1,0,0,https://www.kavstal.ru/public/assets/images/products/LISTOVOI_PROKAT/STAL_LISTOVAYA_NERZHAV_NIKELESOD/img.webp,нержавеющая сталь;сталь листовая нержав никелесод;г/к н/с aisi 310s (20х23н18) no1 рулон;4;сталь;листовая;нержав;никелесод;г/к;н/с;aisi;310s;20х23н18;no1;рулон,г/к н/с AISI 310S (20Х23Н18) No1 рулон,4,,т
Нержавеющая сталь,СТАЛЬ ЛИСТОВАЯ НЕРЖАВ НИКЕЛЕСОД,г/к н/с AISI 316L No1,Сталь Листовая Нержав Никелесод 3 г/к н/с AISI 316l No1,"СТАЛЬ ЛИСТОВАЯ НЕРЖАВ НИКЕЛЕСОД марки г/к н/с AISI 316L No1, размер 3",3,524290,т,1,0,0,https://www.kavstal.ru/public/assets/images/products/LISTOVOI_PROKAT/STAL_LISTOVAYA_NERZHAV_NIKELESOD/img.webp,нержавеющая сталь;сталь листовая нержав никелесод;г/к н/с aisi 316l no1;3;сталь;листовая;нержав;никелесод;г/к;н/с;aisi;316l;no1,г/к н/с AISI 316L No1,3,,т
Нержавеющая сталь,СТАЛЬ ЛИСТОВАЯ НЕРЖАВ НИКЕЛЕСОД,г/к н/с AISI 316L No1,Сталь Листовая Нержав Никелесод 4 г/к н/с AISI 316l No1,"СТАЛЬ ЛИСТОВАЯ НЕРЖАВ НИКЕЛЕСОД марки г/к н/с AISI 316L No1, размер 4",4,459910,т,1,0,0,https://www.kavstal.ru/public/assets/images/products/LISTOVOI_PROKAT/STAL_LISTOVAYA_NERZHAV_NIKELESOD/img.webp,нержавеющая сталь;сталь листовая нержав никелесод;г/к н/с aisi 316l no1;4;сталь;листовая;нержав;никелесод;г/к;н/с;aisi;316l;no1,г/к н/с AISI 316L No1,4,,т
Нержавеющая сталь,СТАЛЬ ЛИСТОВАЯ НЕРЖАВ НИКЕЛЕСОД,г/к н/с AISI 316L No1,Сталь Листовая Нержав Никелесод 5 г/к н/с AISI 316l No1,"СТАЛЬ ЛИСТОВАЯ НЕРЖАВ НИКЕЛЕСОД марки г/к н/с AISI 316L No1, размер 5",5,452550,т,1,0,0,https://www.kavstal.ru/public/assets/images/products/LISTOVOI_PROKAT/STAL_LISTOVAYA_NERZHAV_NIKELESOD/img.webp,нержавеющая сталь;сталь листовая нержав никелесод;г/к н/с aisi 316l no1;5;сталь;листовая;нержав;никелесод;г/к;н/с;aisi;316l;no1,г/к н/с AISI 316L No1,5,,т
Нержавеющая сталь,СТАЛЬ ЛИСТОВАЯ НЕРЖАВ НИКЕЛЕСОД,г/к н/с AISI 316L No1,Сталь Листовая Нержав Никелесод 5 г/к н/с AISI 316l No1,"СТАЛЬ ЛИСТОВАЯ НЕРЖАВ НИКЕЛЕСОД марки г/к н/с AISI 316L No1, размер 5",5,459910,т,1,0,0,https://www.kavstal.ru/public/assets/images/products/LISTOVOI_PROKAT/STAL_LISTOVAYA_NERZHAV_NIKELESOD/img.webp,нержавеющая сталь;сталь листовая нержав никелесод;г/к н/с aisi 316l no1;5;сталь;листовая;нержав;никелесод;г/к;н/с;aisi;316l;no1,г/к н/с AISI 316L No1,5,,т
Нержавеющая сталь,СТАЛЬ ЛИСТОВАЯ НЕРЖАВ НИКЕЛЕСОД,г/к н/с AISI 316L No1,Сталь Листовая Нержав Никелесод 6 г/к н/с AISI 316l No1,"СТАЛЬ ЛИСТОВАЯ НЕРЖАВ НИКЕЛЕСОД марки г/к н/с AISI 316L No1, размер 6",6,452320,т,1,0,0,https://www.kavstal.ru/public/assets/images/products/LISTOVOI_PROKAT/STAL_LISTOVAYA_NERZHAV_NIKELESOD/img.webp,нержавеющая сталь;сталь листовая нержав никелесод;г/к н/с aisi 316l no1;6;сталь;листовая;нержав;никелесод;г/к;н/с;aisi;316l;no1,г/к н/с AISI 316L No1,6,,т
Нержавеющая сталь,СТАЛЬ ЛИСТОВАЯ НЕРЖАВ НИКЕЛЕСОД,г/к н/с AISI 316L No1,Сталь Листовая Нержав Никелесод 8 г/к н/с AISI 316l No1,"СТАЛЬ ЛИСТОВАЯ НЕРЖАВ НИКЕЛЕСОД марки г/к н/с AISI 316L No1, размер 8",8,486950,т,1,0,0,https://www.kavstal.ru/public/assets/images/products/LISTOVOI_PROKAT/STAL_LISTOVAYA_NERZHAV_NIKELESOD/img.webp,нержавеющая сталь;сталь листовая нержав никелесод;г/к н/с aisi 316l no1;8;сталь;листовая;нержав;никелесод;г/к;н/с;aisi;316l;no1,г/к н/с AISI 316L No1,8,,т
Нержавеющая сталь,СТАЛЬ ЛИСТОВАЯ НЕРЖАВ НИКЕЛЕСОД,г/к н/с AISI 316L No1,Сталь Листовая Нержав Никелесод 10 г/к н/с AISI 316l No1,"СТАЛЬ ЛИСТОВАЯ НЕРЖАВ НИКЕЛЕСОД марки г/к н/с AISI 316L No1, размер 10",10,485660,т,1,0,0,https://www.kavstal.ru/public/assets/images/products/LISTOVOI_PROKAT/STAL_LISTOVAYA_NERZHAV_NIKELESOD/img.webp,нержавеющая сталь;сталь листовая нержав никелесод;г/к н/с aisi 316l no1;10;сталь;листовая;нержав;никелесод;г/к;н/с;aisi;316l;no1,г/к н/с AISI 316L No1,10,,т
Нержавеющая сталь,СТАЛЬ ЛИСТОВАЯ НЕРЖАВ НИКЕЛЕСОД,г/к н/с AISI 316L No1,Сталь Листовая Нержав Никелесод 10 г/к н/с AISI 316l No1,"СТАЛЬ ЛИСТОВАЯ НЕРЖАВ НИКЕЛЕСОД марки г/к н/с AISI 316L No1, размер 10",10,492360,т,1,0,0,https://www.kavstal.ru/public/assets/images/products/LISTOVOI_PROKAT/STAL_LISTOVAYA_NERZHAV_NIKELESOD/img.webp,нержавеющая сталь;сталь листовая нержав никелесод;г/к н/с aisi 316l no1;10;сталь;листовая;нержав;никелесод;г/к;н/с;aisi;316l;no1,г/к н/с AISI 316L No1,10,,т
Нержавеющая сталь,СТАЛЬ ЛИСТОВАЯ НЕРЖАВ НИКЕЛЕСОД,г/к н/с AISI 316L No1,Сталь Листовая Нержав Никелесод 12 г/к н/с AISI 316l No1,"СТАЛЬ ЛИСТОВАЯ НЕРЖАВ НИКЕЛЕСОД марки г/к н/с AISI 316L No1, размер 12",12,474620,т,1,0,0,https://www.kavstal.ru/public/assets/images/products/LISTOVOI_PROKAT/STAL_LISTOVAYA_NERZHAV_NIKELESOD/img.webp,нержавеющая сталь;сталь листовая нержав никелесод;г/к н/с aisi 316l no1;12;сталь;листовая;нержав;никелесод;г/к;н/с;aisi;316l;no1,г/к н/с AISI 316L No1,12,,т
Нержавеющая сталь,СТАЛЬ ЛИСТОВАЯ НЕРЖАВ НИКЕЛЕСОД,г/к н/с AISI 316L No1,Сталь Листовая Нержав Никелесод 14 г/к н/с AISI 316l No1,"СТАЛЬ ЛИСТОВАЯ НЕРЖАВ НИКЕЛЕСОД марки г/к н/с AISI 316L No1, размер 14",14,463150,т,1,0,0,https://www.kavstal.ru/public/assets/images/products/LISTOVOI_PROKAT/STAL_LISTOVAYA_NERZHAV_NIKELESOD/img.webp,нержавеющая сталь;сталь листовая нержав никелесод;г/к н/с aisi 316l no1;14;сталь;листовая;нержав;никелесод;г/к;н/с;aisi;316l;no1,г/к н/с AISI 316L No1,14,,т
Нержавеющая сталь,СТАЛЬ ЛИСТОВАЯ НЕРЖАВ НИКЕЛЕСОД,г/к н/с AISI 316L No1,Сталь Листовая Нержав Никелесод 16 г/к н/с AISI 316l No1,"СТАЛЬ ЛИСТОВАЯ НЕРЖАВ НИКЕЛЕСОД марки г/к н/с AISI 316L No1, размер 16",16,452550,т,1,0,0,https://www.kavstal.ru/public/assets/images/products/LISTOVOI_PROKAT/STAL_LISTOVAYA_NERZHAV_NIKELESOD/img.webp,нержавеющая сталь;сталь листовая нержав никелесод;г/к н/с aisi 316l no1;16;сталь;листовая;нержав;никелесод;г/к;н/с;aisi;316l;no1,г/к н/с AISI 316L No1,16,,т
Нержавеющая сталь,СТАЛЬ ЛИСТОВАЯ НЕРЖАВ НИКЕЛЕСОД,г/к н/с AISI 316L No1,Сталь Листовая Нержав Никелесод 20 г/к н/с AISI 316l No1,"СТАЛЬ ЛИСТОВАЯ НЕРЖАВ НИКЕЛЕСОД марки г/к н/с AISI 316L No1, размер 20",20,463150,т,1,0,0,https://www.kavstal.ru/public/assets/images/products/LISTOVOI_PROKAT/STAL_LISTOVAYA_NERZHAV_NIKELESOD/img.webp,нержавеющая сталь;сталь листовая нержав никелесод;г/к н/с aisi 316l no1;20;сталь;листовая;нержав;никелесод;г/к;н/с;aisi;316l;no1,г/к н/с AISI 316L No1,20,,т
Нержавеющая сталь,СТАЛЬ ЛИСТОВАЯ НЕРЖАВ НИКЕЛЕСОД,г/к н/с AISI 316L No1,Сталь Листовая Нержав Никелесод 30 г/к н/с AISI 316l No1,"СТАЛЬ ЛИСТОВАЯ НЕРЖАВ НИКЕЛЕСОД марки г/к н/с AISI 316L No1, размер 30",30,447020,т,1,0,0,https://www.kavstal.ru/public/assets/images/products/LISTOVOI_PROKAT/STAL_LISTOVAYA_NERZHAV_NIKELESOD/img.webp,нержавеющая сталь;сталь листовая нержав никелесод;г/к н/с aisi 316l no1;30;сталь;листовая;нержав;никелесод;г/к;н/с;aisi;316l;no1,г/к н/с AISI 316L No1,30,,т
Нержавеющая сталь,СТАЛЬ ЛИСТОВАЯ НЕРЖАВ НИКЕЛЕСОД,г/к н/с AISI 316Ti,Сталь Листовая Нержав Никелесод 30 г/к н/с AISI 316Ti,"СТАЛЬ ЛИСТОВАЯ НЕРЖАВ НИКЕЛЕСОД марки г/к н/с AISI 316Ti, размер 30",30,485660,т,1,0,0,https://www.kavstal.ru/public/assets/images/products/LISTOVOI_PROKAT/STAL_LISTOVAYA_NERZHAV_NIKELESOD/img.webp,нержавеющая сталь;сталь листовая нержав никелесод;г/к н/с aisi 316ti;30;сталь;листовая;нержав;никелесод;г/к;н/с;aisi;316ti,г/к н/с AISI 316Ti,30,,т
Нержавеющая сталь,СТАЛЬ ЛИСТОВАЯ НЕРЖАВ НИКЕЛЕСОД,г/к н/с AISI 316Ti No1,Сталь Листовая Нержав Никелесод 4 г/к н/с AISI 316Ti No1,"СТАЛЬ ЛИСТОВАЯ НЕРЖАВ НИКЕЛЕСОД марки г/к н/с AISI 316Ti No1, размер 4 ; 5; 5",4,496700,т,1,0,0,https://www.kavstal.ru/public/assets/images/products/LISTOVOI_PROKAT/STAL_LISTOVAYA_NERZHAV_NIKELESOD/img.webp,нержавеющая сталь;сталь листовая нержав никелесод;г/к н/с aisi 316ti no1;4;5;сталь;листовая;нержав;никелесод;г/к;н/с;aisi;316ti;no1,г/к н/с AISI 316Ti No1,4 ; 5; 5,,т
Нержавеющая сталь,СТАЛЬ ЛИСТОВАЯ НЕРЖАВ НИКЕЛЕСОД,г/к н/с AISI 316Ti No1,Сталь Листовая Нержав Никелесод 8 г/к н/с AISI 316Ti No1,"СТАЛЬ ЛИСТОВАЯ НЕРЖАВ НИКЕЛЕСОД марки г/к н/с AISI 316Ti No1, размер 8 ; 10; 10; 25; 25",8,485660,т,1,0,0,https://www.kavstal.ru/public/assets/images/products/LISTOVOI_PROKAT/STAL_LISTOVAYA_NERZHAV_NIKELESOD/img.webp,нержавеющая сталь;сталь листовая нержав никелесод;г/к н/с aisi 316ti no1;8;10;25;сталь;листовая;нержав;никелесод;г/к;н/с;aisi;316ti;no1,г/к н/с AISI 316Ti No1,8 ; 10; 10; 25; 25,,т
Нержавеющая сталь,СТАЛЬ ЛИСТОВАЯ НЕРЖАВ НИКЕЛЕСОД,г/к н/с AISI 321 (12Х18Н10Т) No1,Сталь Листовая Нержав Никелесод 2 г/к н/с AISI 321 (12х18н10т) No1,"СТАЛЬ ЛИСТОВАЯ НЕРЖАВ НИКЕЛЕСОД марки г/к н/с AISI 321 (12Х18Н10Т) No1, размер 2",2,285000,т,1,0,0,https://www.kavstal.ru/public/assets/images/products/LISTOVOI_PROKAT/STAL_LISTOVAYA_NERZHAV_NIKELESOD/img.webp,нержавеющая сталь;сталь листовая нержав никелесод;г/к н/с aisi 321 (12х18н10т) no1;2;сталь;листовая;нержав;никелесод;г/к;н/с;aisi;321;12х18н10т;no1,г/к н/с AISI 321 (12Х18Н10Т) No1,2,,т
Нержавеющая сталь,СТАЛЬ ЛИСТОВАЯ НЕРЖАВ НИКЕЛЕСОД,г/к н/с AISI 321 (12Х18Н10Т) No1,Сталь Листовая Нержав Никелесод 2 г/к н/с AISI 321 (12х18н10т) No1,"СТАЛЬ ЛИСТОВАЯ НЕРЖАВ НИКЕЛЕСОД марки г/к н/с AISI 321 (12Х18Н10Т) No1, размер 2",2,291080,т,1,0,0,https://www.kavstal.ru/public/assets/images/products/LISTOVOI_PROKAT/STAL_LISTOVAYA_NERZHAV_NIKELESOD/img.webp,нержавеющая сталь;сталь листовая нержав никелесод;г/к н/с aisi 321 (12х18н10т) no1;2;сталь;листовая;нержав;никелесод;г/к;н/с;aisi;321;12х18н10т;no1,г/к н/с AISI 321 (12Х18Н10Т) No1,2,,т
Нержавеющая сталь,СТАЛЬ ЛИСТОВАЯ НЕРЖАВ НИКЕЛЕСОД,г/к н/с AISI 321 (12Х18Н10Т) No1,Сталь Листовая Нержав Никелесод 3 г/к н/с AISI 321 (12х18н10т) No1,"СТАЛЬ ЛИСТОВАЯ НЕРЖАВ НИКЕЛЕСОД марки г/к н/с AISI 321 (12Х18Н10Т) No1, размер 3",3,273500,т,1,0,0,https://www.kavstal.ru/public/assets/images/products/LISTOVOI_PROKAT/STAL_LISTOVAYA_NERZHAV_NIKELESOD/img.webp,нержавеющая сталь;сталь листовая нержав никелесод;г/к н/с aisi 321 (12х18н10т) no1;3;сталь;листовая;нержав;никелесод;г/к;н/с;aisi;321;12х18н10т;no1,г/к н/с AISI 321 (12Х18Н10Т) No1,3,,т
Нержавеющая сталь,СТАЛЬ ЛИСТОВАЯ НЕРЖАВ НИКЕЛЕСОД,г/к н/с AISI 321 (12Х18Н10Т) No1,Сталь Листовая Нержав Никелесод 3 г/к н/с AISI 321 (12х18н10т) No1,"СТАЛЬ ЛИСТОВАЯ НЕРЖАВ НИКЕЛЕСОД марки г/к н/с AISI 321 (12Х18Н10Т) No1, размер 3",3,285000,т,1,0,0,https://www.kavstal.ru/public/assets/images/products/LISTOVOI_PROKAT/STAL_LISTOVAYA_NERZHAV_NIKELESOD/img.webp,нержавеющая сталь;сталь листовая нержав никелесод;г/к н/с aisi 321 (12х18н10т) no1;3;сталь;листовая;нержав;никелесод;г/к;н/с;aisi;321;12х18н10т;no1,г/к н/с AISI 321 (12Х18Н10Т) No1,3,,т
Нержавеющая сталь,СТАЛЬ ЛИСТОВАЯ НЕРЖАВ НИКЕЛЕСОД,г/к н/с AISI 321 (12Х18Н10Т) No1,Сталь Листовая Нержав Никелесод 3 г/к н/с AISI 321 (12х18н10т) No1,"СТАЛЬ ЛИСТОВАЯ НЕРЖАВ НИКЕЛЕСОД марки г/к н/с AISI 321 (12Х18Н10Т) No1, размер 3",3,288880,т,1,0,0,https://www.kavstal.ru/public/assets/images/products/LISTOVOI_PROKAT/STAL_LISTOVAYA_NERZHAV_NIKELESOD/img.webp,нержавеющая сталь;сталь листовая нержав никелесод;г/к н/с aisi 321 (12х18н10т) no1;3;сталь;листовая;нержав;никелесод;г/к;н/с;aisi;321;12х18н10т;no1,г/к н/с AISI 321 (12Х18Н10Т) No1,3,,т
Нержавеющая сталь,СТАЛЬ ЛИСТОВАЯ НЕРЖАВ НИКЕЛЕСОД,г/к н/с AISI 321 (12Х18Н10Т) No1,Сталь Листовая Нержав Никелесод 4 г/к н/с AISI 321 (12х18н10т) No1,"СТАЛЬ ЛИСТОВАЯ НЕРЖАВ НИКЕЛЕСОД марки г/к н/с AISI 321 (12Х18Н10Т) No1, размер 4",4,272340,т,1,0,0,https://www.kavstal.ru/public/assets/images/products/LISTOVOI_PROKAT/STAL_LISTOVAYA_NERZHAV_NIKELESOD/img.webp,нержавеющая сталь;сталь листовая нержав никелесод;г/к н/с aisi 321 (12х18н10т) no1;4;сталь;листовая;нержав;никелесод;г/к;н/с;aisi;321;12х18н10т;no1,г/к н/с AISI 321 (12Х18Н10Т) No1,4,,т
Нержавеющая сталь,СТАЛЬ ЛИСТОВАЯ НЕРЖАВ НИКЕЛЕСОД,г/к н/с AISI 321 (12Х18Н10Т) No1,Сталь Листовая Нержав Никелесод 4 г/к н/с AISI 321 (12х18н10т) No1,"СТАЛЬ ЛИСТОВАЯ НЕРЖАВ НИКЕЛЕСОД марки г/к н/с AISI 321 (12Х18Н10Т) No1, размер 4",4,274380,т,1,0,0,https://www.kavstal.ru/public/assets/images/products/LISTOVOI_PROKAT/STAL_LISTOVAYA_NERZHAV_NIKELESOD/img.webp,нержавеющая сталь;сталь листовая нержав никелесод;г/к н/с aisi 321 (12х18н10т) no1;4;сталь;листовая;нержав;никелесод;г/к;н/с;aisi;321;12х18н10т;no1,г/к н/с AISI 321 (12Х18Н10Т) No1,4,,т
Нержавеющая сталь,СТАЛЬ ЛИСТОВАЯ НЕРЖАВ НИКЕЛЕСОД,г/к н/с AISI 321 (12Х18Н10Т) No1,Сталь Листовая Нержав Никелесод 4 г/к н/с AISI 321 (12х18н10т) No1,"СТАЛЬ ЛИСТОВАЯ НЕРЖАВ НИКЕЛЕСОД марки г/к н/с AISI 321 (12Х18Н10Т) No1, размер 4",4,278000,т,1,0,0,https://www.kavstal.ru/public/assets/images/products/LISTOVOI_PROKAT/STAL_LISTOVAYA_NERZHAV_NIKELESOD/img.webp,нержавеющая сталь;сталь листовая нержав никелесод;г/к н/с aisi 321 (12х18н10т) no1;4;сталь;листовая;нержав;никелесод;г/к;н/с;aisi;321;12х18н10т;no1,г/к н/с AISI 321 (12Х18Н10Т) No1,4,,т
Нержавеющая сталь,СТАЛЬ ЛИСТОВАЯ НЕРЖАВ НИКЕЛЕСОД,г/к н/с AISI 321 (12Х18Н10Т) No1,Сталь Листовая Нержав Никелесод 5 г/к н/с AISI 321 (12х18н10т) No1,"СТАЛЬ ЛИСТОВАЯ НЕРЖАВ НИКЕЛЕСОД марки г/к н/с AISI 321 (12Х18Н10Т) No1, размер 5",5,265810,т,1,0,0,https://www.kavstal.ru/public/assets/images/products/LISTOVOI_PROKAT/STAL_LISTOVAYA_NERZHAV_NIKELESOD/img.webp,нержавеющая сталь;сталь листовая нержав никелесод;г/к н/с aisi 321 (12х18н10т) no1;5;сталь;листовая;нержав;никелесод;г/к;н/с;aisi;321;12х18н10т;no1,г/к н/с AISI 321 (12Х18Н10Т) No1,5,,т
Нержавеющая сталь,СТАЛЬ ЛИСТОВАЯ НЕРЖАВ НИКЕЛЕСОД,г/к н/с AISI 321 (12Х18Н10Т) No1,Сталь Листовая Нержав Никелесод 5 г/к н/с AISI 321 (12х18н10т) No1,"СТАЛЬ ЛИСТОВАЯ НЕРЖАВ НИКЕЛЕСОД марки г/к н/с AISI 321 (12Х18Н10Т) No1, размер 5",5,270000,т,1,0,0,https://www.kavstal.ru/public/assets/images/products/LISTOVOI_PROKAT/STAL_LISTOVAYA_NERZHAV_NIKELESOD/img.webp,нержавеющая сталь;сталь листовая нержав никелесод;г/к н/с aisi 321 (12х18н10т) no1;5;сталь;листовая;нержав;никелесод;г/к;н/с;aisi;321;12х18н10т;no1,г/к н/с AISI 321 (12Х18Н10Т) No1,5,,т
Нержавеющая сталь,СТАЛЬ ЛИСТОВАЯ НЕРЖАВ НИКЕЛЕСОД,г/к н/с AISI 321 (12Х18Н10Т) No1,Сталь Листовая Нержав Никелесод 5 г/к н/с AISI 321 (12х18н10т) No1,"СТАЛЬ ЛИСТОВАЯ НЕРЖАВ НИКЕЛЕСОД марки г/к н/с AISI 321 (12Х18Н10Т) No1, размер 5",5,272000,т,1,0,0,https://www.kavstal.ru/public/assets/images/products/LISTOVOI_PROKAT/STAL_LISTOVAYA_NERZHAV_NIKELESOD/img.webp,нержавеющая сталь;сталь листовая нержав никелесод;г/к н/с aisi 321 (12х18н10т) no1;5;сталь;листовая;нержав;никелесод;г/к;н/с;aisi;321;12х18н10т;no1,г/к н/с AISI 321 (12Х18Н10Т) No1,5,,т
Нержавеющая сталь,СТАЛЬ ЛИСТОВАЯ НЕРЖАВ НИКЕЛЕСОД,г/к н/с AISI 321 (12Х18Н10Т) No1,Сталь Листовая Нержав Никелесод 5 г/к н/с AISI 321 (12х18н10т) No1,"СТАЛЬ ЛИСТОВАЯ НЕРЖАВ НИКЕЛЕСОД марки г/к н/с AISI 321 (12Х18Н10Т) No1, размер 5",5,283390,т,1,0,0,https://www.kavstal.ru/public/assets/images/products/LISTOVOI_PROKAT/STAL_LISTOVAYA_NERZHAV_NIKELESOD/img.webp,нержавеющая сталь;сталь листовая нержав никелесод;г/к н/с aisi 321 (12х18н10т) no1;5;сталь;листовая;нержав;никелесод;г/к;н/с;aisi;321;12х18н10т;no1,г/к н/с AISI 321 (12Х18Н10Т) No1,5,,т
Нержавеющая сталь,СТАЛЬ ЛИСТОВАЯ НЕРЖАВ НИКЕЛЕСОД,г/к н/с AISI 321 (12Х18Н10Т) No1,Сталь Листовая Нержав Никелесод 6 г/к н/с AISI 321 (12х18н10т) No1,"СТАЛЬ ЛИСТОВАЯ НЕРЖАВ НИКЕЛЕСОД марки г/к н/с AISI 321 (12Х18Н10Т) No1, размер 6",6,265000,т,1,0,0,https://www.kavstal.ru/public/assets/images/products/LISTOVOI_PROKAT/STAL_LISTOVAYA_NERZHAV_NIKELESOD/img.webp,нержавеющая сталь;сталь листовая нержав никелесод;г/к н/с aisi 321 (12х18н10т) no1;6;сталь;листовая;нержав;никелесод;г/к;н/с;aisi;321;12х18н10т;no1,г/к н/с AISI 321 (12Х18Н10Т) No1,6,,т
Нержавеющая сталь,СТАЛЬ ЛИСТОВАЯ НЕРЖАВ НИКЕЛЕСОД,г/к н/с AISI 321 (12Х18Н10Т) No1,Сталь Листовая Нержав Никелесод 6 г/к н/с AISI 321 (12х18н10т) No1,"СТАЛЬ ЛИСТОВАЯ НЕРЖАВ НИКЕЛЕСОД марки г/к н/с AISI 321 (12Х18Н10Т) No1, размер 6",6,273000,т,1,0,0,https://www.kavstal.ru/public/assets/images/products/LISTOVOI_PROKAT/STAL_LISTOVAYA_NERZHAV_NIKELESOD/img.webp,нержавеющая сталь;сталь листовая нержав никелесод;г/к н/с aisi 321 (12х18н10т) no1;6;сталь;листовая;нержав;никелесод;г/к;н/с;aisi;321;12х18н10т;no1,г/к н/с AISI 321 (12Х18Н10Т) No1,6,,т
Нержавеющая сталь,СТАЛЬ ЛИСТОВАЯ НЕРЖАВ НИКЕЛЕСОД,г/к н/с AISI 321 (12Х18Н10Т) No1,Сталь Листовая Нержав Никелесод 6 г/к н/с AISI 321 (12х18н10т) No1,"СТАЛЬ ЛИСТОВАЯ НЕРЖАВ НИКЕЛЕСОД марки г/к н/с AISI 321 (12Х18Н10Т) No1, размер 6",6,273500,т,1,0,0,https://www.kavstal.ru/public/assets/images/products/LISTOVOI_PROKAT/STAL_LISTOVAYA_NERZHAV_NIKELESOD/img.webp,нержавеющая сталь;сталь листовая нержав никелесод;г/к н/с aisi 321 (12х18н10т) no1;6;сталь;листовая;нержав;никелесод;г/к;н/с;aisi;321;12х18н10т;no1,г/к н/с AISI 321 (12Х18Н10Т) No1,6,,т
Нержавеющая сталь,СТАЛЬ ЛИСТОВАЯ НЕРЖАВ НИКЕЛЕСОД,г/к н/с AISI 321 (12Х18Н10Т) No1,Сталь Листовая Нержав Никелесод 8 г/к н/с AISI 321 (12х18н10т) No1,"СТАЛЬ ЛИСТОВАЯ НЕРЖАВ НИКЕЛЕСОД марки г/к н/с AISI 321 (12Х18Н10Т) No1, размер 8",8,269000,т,1,0,0,https://www.kavstal.ru/public/assets/images/products/LISTOVOI_PROKAT/STAL_LISTOVAYA_NERZHAV_NIKELESOD/img.webp,нержавеющая сталь;сталь листовая нержав никелесод;г/к н/с aisi 321 (12х18н10т) no1;8;сталь;листовая;нержав;никелесод;г/к;н/с;aisi;321;12х18н10т;no1,г/к н/с AISI 321 (12Х18Н10Т) No1,8,,т
Нержавеющая сталь,СТАЛЬ ЛИСТОВАЯ НЕРЖАВ НИКЕЛЕСОД,г/к н/с AISI 321 (12Х18Н10Т) No1,Сталь Листовая Нержав Никелесод 8 г/к н/с AISI 321 (12х18н10т) No1,"СТАЛЬ ЛИСТОВАЯ НЕРЖАВ НИКЕЛЕСОД марки г/к н/с AISI 321 (12Х18Н10Т) No1, размер 8",8,273500,т,1,0,0,https://www.kavstal.ru/public/assets/images/products/LISTOVOI_PROKAT/STAL_LISTOVAYA_NERZHAV_NIKELESOD/img.webp,нержавеющая сталь;сталь листовая нержав никелесод;г/к н/с aisi 321 (12х18н10т) no1;8;сталь;листовая;нержав;никелесод;г/к;н/с;aisi;321;12х18н10т;no1,г/к н/с AISI 321 (12Х18Н10Т) No1,8,,т
Нержавеющая сталь,СТАЛЬ ЛИСТОВАЯ НЕРЖАВ НИКЕЛЕСОД,г/к н/с AISI 321 (12Х18Н10Т) No1,Сталь Листовая Нержав Никелесод 8 г/к н/с AISI 321 (12х18н10т) No1,"СТАЛЬ ЛИСТОВАЯ НЕРЖАВ НИКЕЛЕСОД марки г/к н/с AISI 321 (12Х18Н10Т) No1, размер 8",8,278000,т,1,0,0,https://www.kavstal.ru/public/assets/images/products/LISTOVOI_PROKAT/STAL_LISTOVAYA_NERZHAV_NIKELESOD/img.webp,нержавеющая сталь;сталь листовая нержав никелесод;г/к н/с aisi 321 (12х18н10т) no1;8;сталь;листовая;нержав;никелесод;г/к;н/с;aisi;321;12х18н10т;no1,г/к н/с AISI 321 (12Х18Н10Т) No1,8,,т
Нержавеющая сталь,СТАЛЬ ЛИСТОВАЯ НЕРЖАВ НИКЕЛЕСОД,г/к н/с AISI 321 (12Х18Н10Т) No1,Сталь Листовая Нержав Никелесод 8 г/к н/с AISI 321 (12х18н10т) No1,"СТАЛЬ ЛИСТОВАЯ НЕРЖАВ НИКЕЛЕСОД марки г/к н/с AISI 321 (12Х18Н10Т) No1, размер 8",8,299090,т,1,0,0,https://www.kavstal.ru/public/assets/images/products/LISTOVOI_PROKAT/STAL_LISTOVAYA_NERZHAV_NIKELESOD/img.webp,нержавеющая сталь;сталь листовая нержав никелесод;г/к н/с aisi 321 (12х18н10т) no1;8;сталь;листовая;нержав;никелесод;г/к;н/с;aisi;321;12х18н10т;no1,г/к н/с AISI 321 (12Х18Н10Т) No1,8,,т
Нержавеющая сталь,СТАЛЬ ЛИСТОВАЯ НЕРЖАВ НИКЕЛЕСОД,г/к н/с AISI 321 (12Х18Н10Т) No1,Сталь Листовая Нержав Никелесод 10 г/к н/с AISI 321 (12х18н10т) No1,"СТАЛЬ ЛИСТОВАЯ НЕРЖАВ НИКЕЛЕСОД марки г/к н/с AISI 321 (12Х18Н10Т) No1, размер 10",10,268150,т,1,0,0,https://www.kavstal.ru/public/assets/images/products/LISTOVOI_PROKAT/STAL_LISTOVAYA_NERZHAV_NIKELESOD/img.webp,нержавеющая сталь;сталь листовая нержав никелесод;г/к н/с aisi 321 (12х18н10т) no1;10;сталь;листовая;нержав;никелесод;г/к;н/с;aisi;321;12х18н10т;no1,г/к н/с AISI 321 (12Х18Н10Т) No1,10,,т
Нержавеющая сталь,СТАЛЬ ЛИСТОВАЯ НЕРЖАВ НИКЕЛЕСОД,г/к н/с AISI 321 (12Х18Н10Т) No1,Сталь Листовая Нержав Никелесод 10 г/к н/с AISI 321 (12х18н10т) No1,"СТАЛЬ ЛИСТОВАЯ НЕРЖАВ НИКЕЛЕСОД марки г/к н/с AISI 321 (12Х18Н10Т) No1, размер 10",10,272000,т,1,0,0,https://www.kavstal.ru/public/assets/images/products/LISTOVOI_PROKAT/STAL_LISTOVAYA_NERZHAV_NIKELESOD/img.webp,нержавеющая сталь;сталь листовая нержав никелесод;г/к н/с aisi 321 (12х18н10т) no1;10;сталь;листовая;нержав;никелесод;г/к;н/с;aisi;321;12х18н10т;no1,г/к н/с AISI 321 (12Х18Н10Т) No1,10,,т
Нержавеющая сталь,СТАЛЬ ЛИСТОВАЯ НЕРЖАВ НИКЕЛЕСОД,г/к н/с AISI 321 (12Х18Н10Т) No1,Сталь Листовая Нержав Никелесод 10 г/к н/с AISI 321 (12х18н10т) No1,"СТАЛЬ ЛИСТОВАЯ НЕРЖАВ НИКЕЛЕСОД марки г/к н/с AISI 321 (12Х18Н10Т) No1, размер 10",10,294370,т,1,0,0,https://www.kavstal.ru/public/assets/images/products/LISTOVOI_PROKAT/STAL_LISTOVAYA_NERZHAV_NIKELESOD/img.webp,нержавеющая сталь;сталь листовая нержав никелесод;г/к н/с aisi 321 (12х18н10т) no1;10;сталь;листовая;нержав;никелесод;г/к;н/с;aisi;321;12х18н10т;no1,г/к н/с AISI 321 (12Х18Н10Т) No1,10,,т
Нержавеющая сталь,СТАЛЬ ЛИСТОВАЯ НЕРЖАВ НИКЕЛЕСОД,г/к н/с AISI 321 (12Х18Н10Т) No1,Сталь Листовая Нержав Никелесод 10 г/к н/с AISI 321 (12х18н10т) No1,"СТАЛЬ ЛИСТОВАЯ НЕРЖАВ НИКЕЛЕСОД марки г/к н/с AISI 321 (12Х18Н10Т) No1, размер 10",10,294960,т,1,0,0,https://www.kavstal.ru/public/assets/images/products/LISTOVOI_PROKAT/STAL_LISTOVAYA_NERZHAV_NIKELESOD/img.webp,нержавеющая сталь;сталь листовая нержав никелесод;г/к н/с aisi 321 (12х18н10т) no1;10;сталь;листовая;нержав;никелесод;г/к;н/с;aisi;321;12х18н10т;no1,г/к н/с AISI 321 (12Х18Н10Т) No1,10,,т
Нержавеющая сталь,СТАЛЬ ЛИСТОВАЯ НЕРЖАВ НИКЕЛЕСОД,г/к н/с AISI 321 (12Х18Н10Т) No1,Сталь Листовая Нержав Никелесод 12 г/к н/с AISI 321 (12х18н10т) No1,"СТАЛЬ ЛИСТОВАЯ НЕРЖАВ НИКЕЛЕСОД марки г/к н/с AISI 321 (12Х18Н10Т) No1, размер 12",12,275000,т,1,0,0,https://www.kavstal.ru/public/assets/images/products/LISTOVOI_PROKAT/STAL_LISTOVAYA_NERZHAV_NIKELESOD/img.webp,нержавеющая сталь;сталь листовая нержав никелесод;г/к н/с aisi 321 (12х18н10т) no1;12;сталь;листовая;нержав;никелесод;г/к;н/с;aisi;321;12х18н10т;no1,г/к н/с AISI 321 (12Х18Н10Т) No1,12,,т
Нержавеющая сталь,СТАЛЬ ЛИСТОВАЯ НЕРЖАВ НИКЕЛЕСОД,г/к н/с AISI 321 (12Х18Н10Т) No1,Сталь Листовая Нержав Никелесод 12 г/к н/с AISI 321 (12х18н10т) No1,"СТАЛЬ ЛИСТОВАЯ НЕРЖАВ НИКЕЛЕСОД марки г/к н/с AISI 321 (12Х18Н10Т) No1, размер 12",12,276000,т,1,0,0,https://www.kavstal.ru/public/assets/images/products/LISTOVOI_PROKAT/STAL_LISTOVAYA_NERZHAV_NIKELESOD/img.webp,нержавеющая сталь;сталь листовая нержав никелесод;г/к н/с aisi 321 (12х18н10т) no1;12;сталь;листовая;нержав;никелесод;г/к;н/с;aisi;321;12х18н10т;no1,г/к н/с AISI 321 (12Х18Н10Т) No1,12,,т
Нержавеющая сталь,СТАЛЬ ЛИСТОВАЯ НЕРЖАВ НИКЕЛЕСОД,г/к н/с AISI 321 (12Х18Н10Т) No1,Сталь Листовая Нержав Никелесод 14 г/к н/с AISI 321 (12х18н10т) No1,"СТАЛЬ ЛИСТОВАЯ НЕРЖАВ НИКЕЛЕСОД марки г/к н/с AISI 321 (12Х18Н10Т) No1, размер 14",14,273500,т,1,0,0,https://www.kavstal.ru/public/assets/images/products/LISTOVOI_PROKAT/STAL_LISTOVAYA_NERZHAV_NIKELESOD/img.webp,нержавеющая сталь;сталь листовая нержав никелесод;г/к н/с aisi 321 (12х18н10т) no1;14;сталь;листовая;нержав;никелесод;г/к;н/с;aisi;321;12х18н10т;no1,г/к н/с AISI 321 (12Х18Н10Т) No1,14,,т
Нержавеющая сталь,СТАЛЬ ЛИСТОВАЯ НЕРЖАВ НИКЕЛЕСОД,г/к н/с AISI 321 (12Х18Н10Т) No1,Сталь Листовая Нержав Никелесод 14 г/к н/с AISI 321 (12х18н10т) No1,"СТАЛЬ ЛИСТОВАЯ НЕРЖАВ НИКЕЛЕСОД марки г/к н/с AISI 321 (12Х18Н10Т) No1, размер 14",14,284480,т,1,0,0,https://www.kavstal.ru/public/assets/images/products/LISTOVOI_PROKAT/STAL_LISTOVAYA_NERZHAV_NIKELESOD/img.webp,нержавеющая сталь;сталь листовая нержав никелесод;г/к н/с aisi 321 (12х18н10т) no1;14;сталь;листовая;нержав;никелесод;г/к;н/с;aisi;321;12х18н10т;no1,г/к н/с AISI 321 (12Х18Н10Т) No1,14,,т
Нержавеющая сталь,СТАЛЬ ЛИСТОВАЯ НЕРЖАВ НИКЕЛЕСОД,г/к н/с AISI 321 (12Х18Н10Т) No1,Сталь Листовая Нержав Никелесод 14 г/к н/с AISI 321 (12х18н10т) No1,"СТАЛЬ ЛИСТОВАЯ НЕРЖАВ НИКЕЛЕСОД марки г/к н/с AISI 321 (12Х18Н10Т) No1, размер 14",14,285380,т,1,0,0,https://www.kavstal.ru/public/assets/images/products/LISTOVOI_PROKAT/STAL_LISTOVAYA_NERZHAV_NIKELESOD/img.webp,нержавеющая сталь;сталь листовая нержав никелесод;г/к н/с aisi 321 (12х18н10т) no1;14;сталь;листовая;нержав;никелесод;г/к;н/с;aisi;321;12х18н10т;no1,г/к н/с AISI 321 (12Х18Н10Т) No1,14,,т
Нержавеющая сталь,СТАЛЬ ЛИСТОВАЯ НЕРЖАВ НИКЕЛЕСОД,г/к н/с AISI 321 (12Х18Н10Т) No1,Сталь Листовая Нержав Никелесод 16 г/к н/с AISI 321 (12х18н10т) No1,"СТАЛЬ ЛИСТОВАЯ НЕРЖАВ НИКЕЛЕСОД марки г/к н/с AISI 321 (12Х18Н10Т) No1, размер 16",16,284480,т,1,0,0,https://www.kavstal.ru/public/assets/images/products/LISTOVOI_PROKAT/STAL_LISTOVAYA_NERZHAV_NIKELESOD/img.webp,нержавеющая сталь;сталь листовая нержав никелесод;г/к н/с aisi 321 (12х18н10т) no1;16;сталь;листовая;нержав;никелесод;г/к;н/с;aisi;321;12х18н10т;no1,г/к н/с AISI 321 (12Х18Н10Т) No1,16,,т
Нержавеющая сталь,СТАЛЬ ЛИСТОВАЯ НЕРЖАВ НИКЕЛЕСОД,г/к н/с AISI 321 (12Х18Н10Т) No1,Сталь Листовая Нержав Никелесод 16 г/к н/с AISI 321 (12х18н10т) No1,"СТАЛЬ ЛИСТОВАЯ НЕРЖАВ НИКЕЛЕСОД марки г/к н/с AISI 321 (12Х18Н10Т) No1, размер 16",16,289980,т,1,0,0,https://www.kavstal.ru/public/assets/images/products/LISTOVOI_PROKAT/STAL_LISTOVAYA_NERZHAV_NIKELESOD/img.webp,нержавеющая сталь;сталь листовая нержав никелесод;г/к н/с aisi 321 (12х18н10т) no1;16;сталь;листовая;нержав;никелесод;г/к;н/с;aisi;321;12х18н10т;no1,г/к н/с AISI 321 (12Х18Н10Т) No1,16,,т
Нержавеющая сталь,СТАЛЬ ЛИСТОВАЯ НЕРЖАВ НИКЕЛЕСОД,г/к н/с AISI 321 (12Х18Н10Т) No1,Сталь Листовая Нержав Никелесод 20 г/к н/с AISI 321 (12х18н10т) No1,"СТАЛЬ ЛИСТОВАЯ НЕРЖАВ НИКЕЛЕСОД марки г/к н/с AISI 321 (12Х18Н10Т) No1, размер 20",20,291080,т,1,0,0,https://www.kavstal.ru/public/assets/images/products/LISTOVOI_PROKAT/STAL_LISTOVAYA_NERZHAV_NIKELESOD/img.webp,нержавеющая сталь;сталь листовая нержав никелесод;г/к н/с aisi 321 (12х18н10т) no1;20;сталь;листовая;нержав;никелесод;г/к;н/с;aisi;321;12х18н10т;no1,г/к н/с AISI 321 (12Х18Н10Т) No1,20,,т
Нержавеющая сталь,СТАЛЬ ЛИСТОВАЯ НЕРЖАВ НИКЕЛЕСОД,г/к н/с AISI 321 (12Х18Н10Т) No1,Сталь Листовая Нержав Никелесод 20 г/к н/с AISI 321 (12х18н10т) No1,"СТАЛЬ ЛИСТОВАЯ НЕРЖАВ НИКЕЛЕСОД марки г/к н/с AISI 321 (12Х18Н10Т) No1, размер 20",20,310000,т,1,0,0,https://www.kavstal.ru/public/assets/images/products/LISTOVOI_PROKAT/STAL_LISTOVAYA_NERZHAV_NIKELESOD/img.webp,нержавеющая сталь;сталь листовая нержав никелесод;г/к н/с aisi 321 (12х18н10т) no1;20;сталь;листовая;нержав;никелесод;г/к;н/с;aisi;321;12х18н10т;no1,г/к н/с AISI 321 (12Х18Н10Т) No1,20,,т
Нержавеющая сталь,СТАЛЬ ЛИСТОВАЯ НЕРЖАВ НИКЕЛЕСОД,г/к н/с AISI 321 (12Х18Н10Т) No1,Сталь Листовая Нержав Никелесод 25 г/к н/с AISI 321 (12х18н10т) No1,"СТАЛЬ ЛИСТОВАЯ НЕРЖАВ НИКЕЛЕСОД марки г/к н/с AISI 321 (12Х18Н10Т) No1, размер 25",25,278000,т,1,0,0,https://www.kavstal.ru/public/assets/images/products/LISTOVOI_PROKAT/STAL_LISTOVAYA_NERZHAV_NIKELESOD/img.webp,нержавеющая сталь;сталь листовая нержав никелесод;г/к н/с aisi 321 (12х18н10т) no1;25;сталь;листовая;нержав;никелесод;г/к;н/с;aisi;321;12х18н10т;no1,г/к н/с AISI 321 (12Х18Н10Т) No1,25,,т
Нержавеющая сталь,СТАЛЬ ЛИСТОВАЯ НЕРЖАВ НИКЕЛЕСОД,г/к н/с AISI 321 (12�18Н10Т) No1,Сталь Листовая Нержав Никелесод 25 г/к н/с AISI 321 (12�18н10т) No1,"СТАЛЬ ЛИСТОВАЯ НЕРЖАВ НИКЕЛЕСОД марки г/к н/с AISI 321 (12�18Н10Т) No1, размер 25",25,295470,т,https://www.kavstal.ru/public/assets/images/mages/unknown/unknown.png,нержавеющая сталь;сталь листовая нержав никелесод;г/к н/с aisi 321 (12?18н10т) no1;25,г/к н/с AISI 321 (12�18Н10Т) No1,https://www.kavstal.ru/public/assets/images/products/LISTOVOI_PROKAT/STAL_LISTOVAYA_NERZHAV_NIKELESOD/img.webp,;сталь;листовая;нержав;никелесод;25;г/к;н/с;aisi;321;12�18н10т;no1,т,,,
Нержавеющая сталь,СТАЛЬ ЛИСТОВАЯ НЕРЖАВ НИКЕЛЕСОД,г/к н/с AISI 321 (12Х18Н10Т) No1,Сталь Листовая Нержав Никелесод 25 г/к н/с AISI 321 (12х18н10т) No1,"СТАЛЬ ЛИСТОВАЯ НЕРЖАВ НИКЕЛЕСОД марки г/к н/с AISI 321 (12Х18Н10Т) No1, размер 25",25,315240,т,1,0,0,https://www.kavstal.ru/public/assets/images/products/LISTOVOI_PROKAT/STAL_LISTOVAYA_NERZHAV_NIKELESOD/img.webp,нержавеющая сталь;сталь листовая нержав никелесод;г/к н/с aisi 321 (12х18н10т) no1;25;сталь;листовая;нержав;никелесод;г/к;н/с;aisi;321;12х18н10т;no1,г/к н/с AISI 321 (12Х18Н10Т) No1,25,,т
Нержавеющая сталь,СТАЛЬ ЛИСТОВАЯ НЕРЖАВ НИКЕЛЕСОД,г/к н/с AISI 321 (12Х18Н10Т) No1,Сталь Листовая Нержав Никелесод 28 г/к н/с AISI 321 (12х18н10т) No1,"СТАЛЬ ЛИСТОВАЯ НЕРЖАВ НИКЕЛЕСОД марки г/к н/с AISI 321 (12Х18Н10Т) No1, размер 28",28,294370,т,1,0,0,https://www.kavstal.ru/public/assets/images/products/LISTOVOI_PROKAT/STAL_LISTOVAYA_NERZHAV_NIKELESOD/img.webp,нержавеющая сталь;сталь листовая нержав никелесод;г/к н/с aisi 321 (12х18н10т) no1;28;сталь;листовая;нержав;никелесод;г/к;н/с;aisi;321;12х18н10т;no1,г/к н/с AISI 321 (12Х18Н10Т) No1,28,,т
Нержавеющая сталь,СТАЛЬ ЛИСТОВАЯ НЕРЖАВ НИКЕЛЕСОД,г/к н/с AISI 321 (12Х18Н10Т) No1,Сталь Листовая Нержав Никелесод 30 г/к н/с AISI 321 (12х18н10т) No1,"СТАЛЬ ЛИСТОВАЯ НЕРЖАВ НИКЕЛЕСОД марки г/к н/с AISI 321 (12Х18Н10Т) No1, размер 30",30,263830,т,1,0,0,https://www.kavstal.ru/public/assets/images/products/LISTOVOI_PROKAT/STAL_LISTOVAYA_NERZHAV_NIKELESOD/img.webp,нержавеющая сталь;сталь листовая нержав никелесод;г/к н/с aisi 321 (12х18н10т) no1;30;сталь;листовая;нержав;никелесод;г/к;н/с;aisi;321;12х18н10т;no1,г/к н/с AISI 321 (12Х18Н10Т) No1,30,,т
Нержавеющая сталь,СТАЛЬ ЛИСТОВАЯ НЕРЖАВ НИКЕЛЕСОД,г/к н/с AISI 321 (12Х18Н10Т) No1,Сталь Листовая Нержав Никелесод 30 г/к н/с AISI 321 (12х18н10т) No1,"СТАЛЬ ЛИСТОВАЯ НЕРЖАВ НИКЕЛЕСОД марки г/к н/с AISI 321 (12Х18Н10Т) No1, размер 30",30,264180,т,1,0,0,https://www.kavstal.ru/public/assets/images/products/LISTOVOI_PROKAT/STAL_LISTOVAYA_NERZHAV_NIKELESOD/img.webp,нержавеющая сталь;сталь листовая нержав никелесод;г/к н/с aisi 321 (12х18н10т) no1;30;сталь;листовая;нержав;никелесод;г/к;н/с;aisi;321;12х18н10т;no1,г/к н/с AISI 321 (12Х18Н10Т) No1,30,,т
Нержавеющая сталь,СТАЛЬ ЛИСТОВАЯ НЕРЖАВ НИКЕЛЕСОД,г/к н/с AISI 321 (12Х18Н10Т) No1,Сталь Листовая Нержав Никелесод 30 г/к н/с AISI 321 (12х18н10т) No1,"СТАЛЬ ЛИСТОВАЯ НЕРЖАВ НИКЕЛЕСОД марки г/к н/с AISI 321 (12Х18Н10Т) No1, размер 30",30,295470,т,1,0,0,https://www.kavstal.ru/public/assets/images/products/LISTOVOI_PROKAT/STAL_LISTOVAYA_NERZHAV_NIKELESOD/img.webp,нержавеющая сталь;сталь листовая нержав никелесод;г/к н/с aisi 321 (12х18н10т) no1;30;сталь;листовая;нержав;никелесод;г/к;н/с;aisi;321;12х18н10т;no1,г/к н/с AISI 321 (12Х18Н10Т) No1,30,,т
Нержавеющая сталь,СТАЛЬ ЛИСТОВАЯ НЕРЖАВ НИКЕЛЕСОД,г/к н/с AISI 321 (12Х18Н10Т) No1,Сталь Листовая Нержав Никелесод 32 г/к н/с AISI 321 (12х18н10т) No1,"СТАЛЬ ЛИСТОВАЯ НЕРЖАВ НИКЕЛЕСОД марки г/к н/с AISI 321 (12Х18Н10Т) No1, размер 32",32,273500,т,1,0,0,https://www.kavstal.ru/public/assets/images/products/LISTOVOI_PROKAT/STAL_LISTOVAYA_NERZHAV_NIKELESOD/img.webp,нержавеющая сталь;сталь листовая нержав никелесод;г/к н/с aisi 321 (12х18н10т) no1;32;сталь;листовая;нержав;никелесод;г/к;н/с;aisi;321;12х18н10т;no1,г/к н/с AISI 321 (12Х18Н10Т) No1,32,,т
Нержавеющая сталь,СТАЛЬ ЛИСТОВАЯ НЕРЖАВ НИКЕЛЕСОД,г/к н/с AISI 321 (12Х18Н10Т) No1,Сталь Листовая Нержав Никелесод 32 г/к н/с AISI 321 (12х18н10т) No1,"СТАЛЬ ЛИСТОВАЯ НЕРЖАВ НИКЕЛЕСОД марки г/к н/с AISI 321 (12Х18Н10Т) No1, размер 32",32,294370,т,1,0,0,https://www.kavstal.ru/public/assets/images/products/LISTOVOI_PROKAT/STAL_LISTOVAYA_NERZHAV_NIKELESOD/img.webp,нержавеющая сталь;сталь листовая нержав никелесод;г/к н/с aisi 321 (12х18н10т) no1;32;сталь;листовая;нержав;никелесод;г/к;н/с;aisi;321;12х18н10т;no1,г/к н/с AISI 321 (12Х18Н10Т) No1,32,,т
Нержавеющая сталь,СТАЛЬ ЛИСТОВАЯ НЕРЖАВ НИКЕЛЕСОД,г/к н/с AISI 321 (12Х18Н10Т) No1,Сталь Листовая Нержав Никелесод 36 г/к н/с AISI 321 (12х18н10т) No1,"СТАЛЬ ЛИСТОВАЯ НЕРЖАВ НИКЕЛЕСОД марки г/к н/с AISI 321 (12Х18Н10Т) No1, размер 36",36,294000,т,1,0,0,https://www.kavstal.ru/public/assets/images/products/LISTOVOI_PROKAT/STAL_LISTOVAYA_NERZHAV_NIKELESOD/img.webp,нержавеющая сталь;сталь листовая нержав никелесод;г/к н/с aisi 321 (12х18н10т) no1;36;сталь;листовая;нержав;никелесод;г/к;н/с;aisi;321;12х18н10т;no1,г/к н/с AISI 321 (12Х18Н10Т) No1,36,,т
Нержавеющая сталь,СТАЛЬ ЛИСТОВАЯ НЕРЖАВ НИКЕЛЕСОД,г/к н/с AISI 321 (12Х18Н10Т) No1,Сталь Листовая Нержав Никелесод 36 г/к н/с AISI 321 (12х18н10т) No1,"СТАЛЬ ЛИСТОВАЯ НЕРЖАВ НИКЕЛЕСОД марки г/к н/с AISI 321 (12Х18Н10Т) No1, размер 36",36,311950,т,1,0,0,https://www.kavstal.ru/public/assets/images/products/LISTOVOI_PROKAT/STAL_LISTOVAYA_NERZHAV_NIKELESOD/img.webp,нержавеющая сталь;сталь листовая нержав никелесод;г/к н/с aisi 321 (12х18н10т) no1;36;сталь;листовая;нержав;никелесод;г/к;н/с;aisi;321;12х18н10т;no1,г/к н/с AISI 321 (12Х18Н10Т) No1,36,,т
Нержавеющая сталь,СТАЛЬ ЛИСТОВАЯ НЕРЖАВ НИКЕЛЕСОД,г/к н/с AISI 321 (12Х18Н10Т) No1,Сталь Листовая Нержав Никелесод 36 г/к н/с AISI 321 (12х18н10т) No1,"СТАЛЬ ЛИСТОВАЯ НЕРЖАВ НИКЕЛЕСОД марки г/к н/с AISI 321 (12Х18Н10Т) No1, размер 36",36,315240,т,1,0,0,https://www.kavstal.ru/public/assets/images/products/LISTOVOI_PROKAT/STAL_LISTOVAYA_NERZHAV_NIKELESOD/img.webp,нержавеющая сталь;сталь листовая нержав никелесод;г/к н/с aisi 321 (12х18н10т) no1;36;сталь;листовая;нержав;никелесод;г/к;н/с;aisi;321;12х18н10т;no1,г/к н/с AISI 321 (12Х18Н10Т) No1,36,,т
Нержавеющая сталь,СТАЛЬ ЛИСТОВАЯ НЕРЖАВ НИКЕЛЕСОД,г/к н/с AISI 321 (12Х18Н10Т) No1,Сталь Листовая Нержав Никелесод 45 г/к н/с AISI 321 (12х18н10т) No1,"СТАЛЬ ЛИСТОВАЯ НЕРЖАВ НИКЕЛЕСОД марки г/к н/с AISI 321 (12Х18Н10Т) No1, размер 45",45,292000,т,1,0,0,https://www.kavstal.ru/public/assets/images/products/LISTOVOI_PROKAT/STAL_LISTOVAYA_NERZHAV_NIKELESOD/img.webp,нержавеющая сталь;сталь листовая нержав никелесод;г/к н/с aisi 321 (12х18н10т) no1;45;сталь;листовая;нержав;никелесод;г/к;н/с;aisi;321;12х18н10т;no1,г/к н/с AISI 321 (12Х18Н10Т) No1,45,,т
Нержавеющая сталь,СТАЛЬ ЛИСТОВАЯ НЕРЖАВ НИКЕЛЕСОД,г/к н/с AISI 321 (12Х18Н10Т) No1,Сталь Листовая Нержав Никелесод 45 г/к н/с AISI 321 (12х18н10т) No1,"СТАЛЬ ЛИСТОВАЯ НЕРЖАВ НИКЕЛЕСОД марки г/к н/с AISI 321 (12Х18Н10Т) No1, размер 45",45,304260,т,1,0,0,https://www.kavstal.ru/public/assets/images/products/LISTOVOI_PROKAT/STAL_LISTOVAYA_NERZHAV_NIKELESOD/img.webp,нержавеющая сталь;сталь листовая нержав никелесод;г/к н/с aisi 321 (12х18н10т) no1;45;сталь;листовая;нержав;никелесод;г/к;н/с;aisi;321;12х18н10т;no1,г/к н/с AISI 321 (12Х18Н10Т) No1,45,,т
Нержавеющая сталь,СТАЛЬ ЛИСТОВАЯ НЕРЖАВ НИКЕЛЕСОД,г/к н/с AISI 321 (12Х18Н10Т) No1,Сталь Листовая Нержав Никелесод 50 г/к н/с AISI 321 (12х18н10т) No1,"СТАЛЬ ЛИСТОВАЯ НЕРЖАВ НИКЕЛЕСОД марки г/к н/с AISI 321 (12Х18Н10Т) No1, размер 50",50,295470,т,1,0,0,https://www.kavstal.ru/public/assets/images/products/LISTOVOI_PROKAT/STAL_LISTOVAYA_NERZHAV_NIKELESOD/img.webp,нержавеющая сталь;сталь листовая нержав никелесод;г/к н/с aisi 321 (12х18н10т) no1;50;сталь;листовая;нержав;никелесод;г/к;н/с;aisi;321;12х18н10т;no1,г/к н/с AISI 321 (12Х18Н10Т) No1,50,,т
Нержавеющая сталь,СТАЛЬ ЛИСТОВАЯ НЕРЖАВ НИКЕЛЕСОД,г/к н/с AISI 321 (12Х18Н10Т) No1,Сталь Листовая Нержав Никелесод 50 г/к н/с AISI 321 (12х18н10т) No1,"СТАЛЬ ЛИСТОВАЯ НЕРЖАВ НИКЕЛЕСОД марки г/к н/с AISI 321 (12Х18Н10Т) No1, размер 50",50,296150,т,1,0,0,https://www.kavstal.ru/public/assets/images/products/LISTOVOI_PROKAT/STAL_LISTOVAYA_NERZHAV_NIKELESOD/img.webp,нержавеющая сталь;сталь листовая нержав никелесод;г/к н/с aisi 321 (12х18н10т) no1;50;сталь;листовая;нержав;никелесод;г/к;н/с;aisi;321;12х18н10т;no1,г/к н/с AISI 321 (12Х18Н10Т) No1,50,,т
Нержавеющая сталь,СТАЛЬ ЛИСТОВАЯ НЕРЖАВ НИКЕЛЕСОД,г/к н/с AISI 321 (12Х18Н10Т) No1,Сталь Листовая Нержав Никелесод 50 г/к н/с AISI 321 (12х18н10т) No1,"СТАЛЬ ЛИСТОВАЯ НЕРЖАВ НИКЕЛЕСОД марки г/к н/с AISI 321 (12Х18Н10Т) No1, размер 50",50,306450,т,1,0,0,https://www.kavstal.ru/public/assets/images/products/LISTOVOI_PROKAT/STAL_LISTOVAYA_NERZHAV_NIKELESOD/img.webp,нержавеющая сталь;сталь листовая нержав никелесод;г/к н/с aisi 321 (12х18н10т) no1;50;сталь;листовая;нержав;никелесод;г/к;н/с;aisi;321;12х18н10т;no1,г/к н/с AISI 321 (12Х18Н10Т) No1,50,,т
Нержавеющая сталь,СТАЛЬ ЛИСТОВАЯ НЕРЖАВ НИКЕЛЕСОД,г/к н/с AISI 321 (12Х18Н10Т) No1,Сталь Листовая Нержав Никелесод 60 г/к н/с AISI 321 (12х18н10т) No1,"СТАЛЬ ЛИСТОВАЯ НЕРЖАВ НИКЕЛЕСОД марки г/к н/с AISI 321 (12Х18Н10Т) No1, размер 60",60,273500,т,1,0,0,https://www.kavstal.ru/public/assets/images/products/LISTOVOI_PROKAT/STAL_LISTOVAYA_NERZHAV_NIKELESOD/img.webp,нержавеющая сталь;сталь листовая нержав никелесод;г/к н/с aisi 321 (12х18н10т) no1;60;сталь;листовая;нержав;никелесод;г/к;н/с;aisi;321;12х18н10т;no1,г/к н/с AISI 321 (12Х18Н10Т) No1,60,,т
Нержавеющая сталь,СТАЛЬ ЛИСТОВАЯ НЕРЖАВ НИКЕЛЕСОД,г/к н/с AISI 904L (06ХН28МДТ) No1,Сталь Листовая Нержав Никелесод 6 г/к н/с AISI 904l (06хн28мдт) No1,"СТАЛЬ ЛИСТОВАЯ НЕРЖАВ НИКЕЛЕСОД марки г/к н/с AISI 904L (06ХН28МДТ) No1, размер 6",6,2144140,т,1,0,0,https://www.kavstal.ru/public/assets/images/products/LISTOVOI_PROKAT/STAL_LISTOVAYA_NERZHAV_NIKELESOD/img.webp,нержавеющая сталь;сталь листовая нержав никелесод;г/к н/с aisi 904l (06хн28мдт) no1;6;сталь;листовая;нержав;никелесод;г/к;н/с;aisi;904l;06хн28мдт;no1,г/к н/с AISI 904L (06ХН28МДТ) No1,6,,т
Нержавеющая сталь,СТАЛЬ ЛИСТОВАЯ НЕРЖАВ НИКЕЛЕСОД,г/к н/с AISI 904L (06ХН28МДТ) No1,Сталь Листовая Нержав Никелесод 8 г/к н/с AISI 904l (06хн28мдт) No1,"СТАЛЬ ЛИСТОВАЯ НЕРЖАВ НИКЕЛЕСОД марки г/к н/с AISI 904L (06ХН28МДТ) No1, размер 8 ; 10; 16; 16; 20; 25",8,1328210,т,1,0,0,https://www.kavstal.ru/public/assets/images/products/LISTOVOI_PROKAT/STAL_LISTOVAYA_NERZHAV_NIKELESOD/img.webp,нержавеющая сталь;сталь листовая нержав никелесод;г/к н/с aisi 904l (06хн28мдт) no1;8;10;16;20;25;сталь;листовая;нержав;никелесод;г/к;н/с;aisi;904l;06хн28мдт;no1,г/к н/с AISI 904L (06ХН28МДТ) No1,8 ; 10; 16; 16; 20; 25,,т
Нержавеющая сталь,СТАЛЬ ЛИСТОВАЯ НЕРЖАВ НИКЕЛЕСОД,х/к н/с 08Х18Н10Т,Сталь Листовая Нержав Никелесод 0.8 х/к н/с 08Х18Н10Т,"СТАЛЬ ЛИСТОВАЯ НЕРЖАВ НИКЕЛЕСОД марки х/к н/с 08Х18Н10Т, размер 0.8",0.8,461040,т,1,0,0,https://www.kavstal.ru/public/assets/images/products/LISTOVOI_PROKAT/STAL_LISTOVAYA_NERZHAV_NIKELESOD/img.webp,нержавеющая сталь;сталь листовая нержав никелесод;х/к н/с 08х18н10т;8;сталь;листовая;нержав;никелесод;0.8;х/к;н/с;08х18н10т,х/к н/с 08Х18Н10Т,0.8,,т
Нержавеющая сталь,СТАЛЬ ЛИСТОВАЯ НЕРЖАВ НИКЕЛЕСОД,х/к н/с 12Х18Н10Т,Сталь Листовая Нержав Никелесод 1.2 х/к н/с 12Х18Н10Т,"СТАЛЬ ЛИСТОВАЯ НЕРЖАВ НИКЕЛЕСОД марки х/к н/с 12Х18Н10Т, размер 1.2",1.2,357000,т,1,0,0,https://www.kavstal.ru/public/assets/images/products/LISTOVOI_PROKAT/STAL_LISTOVAYA_NERZHAV_NIKELESOD/img.webp,нержавеющая сталь;сталь листовая нержав никелесод;х/к н/с 12х18н10т;1;2;сталь;листовая;нержав;никелесод;1.2;х/к;н/с;12х18н10т,х/к н/с 12Х18Н10Т,1.2,,т
Нержавеющая сталь,СТАЛЬ ЛИСТОВАЯ НЕРЖАВ НИКЕЛЕСОД,х/к н/с 12Х18Н10Т,Сталь Листовая Нержав Никелесод 2.2 х/к н/с 12Х18Н10Т,"СТАЛЬ ЛИСТОВАЯ НЕРЖАВ НИКЕЛЕСОД марки х/к н/с 12Х18Н10Т, размер 2.2 ; 3",2.2,346800,т,1,0,0,https://www.kavstal.ru/public/assets/images/products/LISTOVOI_PROKAT/STAL_LISTOVAYA_NERZHAV_NIKELESOD/img.webp,нержавеющая сталь;сталь листовая нержав никелесод;х/к н/с 12х18н10т;2;3;сталь;листовая;нержав;никелесод;2.2;х/к;н/с;12х18н10т,х/к н/с 12Х18Н10Т,2.2 ; 3,,т
Нержавеющая сталь,СТАЛЬ ЛИСТОВАЯ НЕРЖАВ НИКЕЛЕСОД,х/к н/с AISI 201 2B (матовый),Сталь Листовая Нержав Никелесод 0.5 х/к н/с AISI 201 2B (матовый),"СТАЛЬ ЛИСТОВАЯ НЕРЖАВ НИКЕЛЕСОД марки х/к н/с AISI 201 2B (матовый), размер 0.5",0.5,176870,т,1,0,0,https://www.kavstal.ru/public/assets/images/products/LISTOVOI_PROKAT/STAL_LISTOVAYA_NERZHAV_NIKELESOD/img.webp,нержавеющая сталь;сталь листовая нержав никелесод;х/к н/с aisi 201 2b (матовый);5;сталь;листовая;нержав;никелесод;0.5;х/к;н/с;aisi;201;2b;матовый,х/к н/с AISI 201 2B (матовый),0.5,,т
Нержавеющая сталь,СТАЛЬ ЛИСТОВАЯ НЕРЖАВ НИКЕЛЕСОД,х/к н/с AISI 201 2B (матовый),Сталь Листовая Нержав Никелесод 0.5 х/к н/с AISI 201 2B (матовый),"СТАЛЬ ЛИСТОВАЯ НЕРЖАВ НИКЕЛЕСОД марки х/к н/с AISI 201 2B (матовый), размер 0.5",0.5,191010,т,1,0,0,https://www.kavstal.ru/public/assets/images/products/LISTOVOI_PROKAT/STAL_LISTOVAYA_NERZHAV_NIKELESOD/img.webp,нержавеющая сталь;сталь листовая нержав никелесод;х/к н/с aisi 201 2b (матовый);5;сталь;листовая;нержав;никелесод;0.5;х/к;н/с;aisi;201;2b;матовый,х/к н/с AISI 201 2B (матовый),0.5,,т
Нержавеющая сталь,СТАЛЬ ЛИСТОВАЯ НЕРЖАВ НИКЕЛЕСОД,х/к н/с AISI 201 2B (матовый),Сталь Листовая Нержав Никелесод 0.5 х/к н/с AISI 201 2B (матовый),"СТАЛЬ ЛИСТОВАЯ НЕРЖАВ НИКЕЛЕСОД марки х/к н/с AISI 201 2B (матовый), размер 0.5",0.5,230010,т,1,0,0,https://www.kavstal.ru/public/assets/images/products/LISTOVOI_PROKAT/STAL_LISTOVAYA_NERZHAV_NIKELESOD/img.webp,нержавеющая сталь;сталь листовая нержав никелесод;х/к н/с aisi 201 2b (матовый);5;сталь;листовая;нержав;никелесод;0.5;х/к;н/с;aisi;201;2b;матовый,х/к н/с AISI 201 2B (матовый),0.5,,т
Нержавеющая сталь,СТАЛЬ ЛИСТОВАЯ НЕРЖАВ НИКЕЛЕСОД,х/к н/с AISI 201 2B (матовый),Сталь Листовая Нержав Никелесод 0.7 х/к н/с AISI 201 2B (матовый),"СТАЛЬ ЛИСТОВАЯ НЕРЖАВ НИКЕЛЕСОД марки х/к н/с AISI 201 2B (матовый), размер 0.7",0.7,170910,т,1,0,0,https://www.kavstal.ru/public/assets/images/products/LISTOVOI_PROKAT/STAL_LISTOVAYA_NERZHAV_NIKELESOD/img.webp,нержавеющая сталь;сталь листовая нержав никелесод;х/к н/с aisi 201 2b (матовый);7;сталь;листовая;нержав;никелесод;0.7;х/к;н/с;aisi;201;2b;матовый,х/к н/с AISI 201 2B (матовый),0.7,,т
Нержавеющая сталь,СТАЛЬ ЛИСТОВАЯ НЕРЖАВ НИКЕЛЕСОД,х/к н/с AISI 201 2B (матовый),Сталь Листовая Нержав Никелесод 0.7 х/к н/с AISI 201 2B (матовый),"СТАЛЬ ЛИСТОВАЯ НЕРЖАВ НИКЕЛЕСОД марки х/к н/с AISI 201 2B (матовый), размер 0.7",0.7,173920,т,1,0,0,https://www.kavstal.ru/public/assets/images/products/LISTOVOI_PROKAT/STAL_LISTOVAYA_NERZHAV_NIKELESOD/img.webp,нержавеющая сталь;сталь листовая нержав никелесод;х/к н/с aisi 201 2b (матовый);7;сталь;листовая;нержав;никелесод;0.7;х/к;н/с;aisi;201;2b;матовый,х/к н/с AISI 201 2B (матовый),0.7,,т
Нержавеющая сталь,СТАЛЬ ЛИСТОВАЯ НЕРЖАВ НИКЕЛЕСОД,х/к н/с AISI 201 2B (матовый),Сталь Листовая Нержав Никелесод 0.7 х/к н/с AISI 201 2B (матовый),"СТАЛЬ ЛИСТОВАЯ НЕРЖАВ НИКЕЛЕСОД марки х/к н/с AISI 201 2B (матовый), размер 0.7",0.7,180410,т,1,0,0,https://www.kavstal.ru/public/assets/images/products/LISTOVOI_PROKAT/STAL_LISTOVAYA_NERZHAV_NIKELESOD/img.webp,нержавеющая сталь;сталь листовая нержав никелесод;х/к н/с aisi 201 2b (матовый);7;сталь;листовая;нержав;никелесод;0.7;х/к;н/с;aisi;201;2b;матовый,х/к н/с AISI 201 2B (матовый),0.7,,т
Нержавеющая сталь,СТАЛЬ ЛИСТОВАЯ НЕРЖАВ НИКЕЛЕСОД,х/к н/с AISI 201 2B (матовый),Сталь Листовая Нержав Никелесод 0.7 х/к н/с AISI 201 2B (матовый),"СТАЛЬ ЛИСТОВАЯ НЕРЖАВ НИКЕЛЕСОД марки х/к н/с AISI 201 2B (матовый), размер 0.7",0.7,194680,т,1,0,0,https://www.kavstal.ru/public/assets/images/products/LISTOVOI_PROKAT/STAL_LISTOVAYA_NERZHAV_NIKELESOD/img.webp,нержавеющая сталь;сталь листовая нержав никелесод;х/к н/с aisi 201 2b (матовый);7;сталь;листовая;нержав;никелесод;0.7;х/к;н/с;aisi;201;2b;матовый,х/к н/с AISI 201 2B (матовый),0.7,,т
Нержавеющая сталь,СТАЛЬ ЛИСТОВАЯ НЕРЖАВ НИКЕЛЕСОД,х/к н/с AISI 201 2B (матовый),Сталь Листовая Нержав Никелесод 0.8 х/к н/с AISI 201 2B (матовый),"СТАЛЬ ЛИСТОВАЯ НЕРЖАВ НИКЕЛЕСОД марки х/к н/с AISI 201 2B (матовый), размер 0.8",0.8,180950,т,1,0,0,https://www.kavstal.ru/public/assets/images/products/LISTOVOI_PROKAT/STAL_LISTOVAYA_NERZHAV_NIKELESOD/img.webp,нержавеющая сталь;сталь листовая нержав никелесод;х/к н/с aisi 201 2b (матовый);8;сталь;листовая;нержав;никелесод;0.8;х/к;н/с;aisi;201;2b;матовый,х/к н/с AISI 201 2B (матовый),0.8,,т
Нержавеющая сталь,СТАЛЬ ЛИСТОВАЯ НЕРЖАВ НИКЕЛЕСОД,х/к н/с AISI 201 2B (матовый),Сталь Листовая Нержав Никелесод 0.8 х/к н/с AISI 201 2B (матовый),"СТАЛЬ ЛИСТОВАЯ НЕРЖАВ НИКЕЛЕСОД марки х/к н/с AISI 201 2B (матовый), размер 0.8",0.8,183970,т,1,0,0,https://www.kavstal.ru/public/assets/images/products/LISTOVOI_PROKAT/STAL_LISTOVAYA_NERZHAV_NIKELESOD/img.webp,нержавеющая сталь;сталь листовая нержав никелесод;х/к н/с aisi 201 2b (матовый);8;сталь;листовая;нержав;никелесод;0.8;х/к;н/с;aisi;201;2b;матовый,х/к н/с AISI 201 2B (матовый),0.8,,т
Нержавеющая сталь,СТАЛЬ ЛИСТОВАЯ НЕРЖАВ НИКЕЛЕСОД,х/к н/с AISI 201 2B (матовый),Сталь Листовая Нержав Никелесод 0.8 х/к н/с AISI 201 2B (матовый),"СТАЛЬ ЛИСТОВАЯ НЕРЖАВ НИКЕЛЕСОД марки х/к н/с AISI 201 2B (матовый), размер 0.8",0.8,208600,т,1,0,0,https://www.kavstal.ru/public/assets/images/products/LISTOVOI_PROKAT/STAL_LISTOVAYA_NERZHAV_NIKELESOD/img.webp,нержавеющая сталь;сталь листовая нержав никелесод;х/к н/с aisi 201 2b (матовый);8;сталь;листовая;нержав;никелесод;0.8;х/к;н/с;aisi;201;2b;матовый,х/к н/с AISI 201 2B (матовый),0.8,,т
Нержавеющая сталь,СТАЛЬ ЛИСТОВАЯ НЕРЖАВ НИКЕЛЕСОД,х/к н/с AISI 201 2B (матовый),Сталь Листовая Нержав Никелесод 1 х/к н/с AISI 201 2B (матовый),"СТАЛЬ ЛИСТОВАЯ НЕРЖАВ НИКЕЛЕСОД марки х/к н/с AISI 201 2B (матовый), размер 1",1,178550,т,1,0,0,https://www.kavstal.ru/public/assets/images/products/LISTOVOI_PROKAT/STAL_LISTOVAYA_NERZHAV_NIKELESOD/img.webp,нержавеющая сталь;сталь листовая нержав никелесод;х/к н/с aisi 201 2b (матовый);1;сталь;листовая;нержав;никелесод;х/к;н/с;aisi;201;2b;матовый,х/к н/с AISI 201 2B (матовый),1,,т
Нержавеющая сталь,СТАЛЬ ЛИСТОВАЯ НЕРЖАВ НИКЕЛЕСОД,х/к н/с AISI 201 2B (матовый),Сталь Листовая Нержав Никелесод 1 х/к н/с AISI 201 2B (матовый),"СТАЛЬ ЛИСТОВАЯ НЕРЖАВ НИКЕЛЕСОД марки х/к н/с AISI 201 2B (матовый), размер 1",1,185990,т,1,0,0,https://www.kavstal.ru/public/assets/images/products/LISTOVOI_PROKAT/STAL_LISTOVAYA_NERZHAV_NIKELESOD/img.webp,нержавеющая сталь;сталь листовая нержав никелесод;х/к н/с aisi 201 2b (матовый);1;сталь;листовая;нержав;никелесод;х/к;н/с;aisi;201;2b;матовый,х/к н/с AISI 201 2B (матовый),1,,т
Нержавеющая сталь,СТАЛЬ ЛИСТОВАЯ НЕРЖАВ НИКЕЛЕСОД,х/к н/с AISI 201 2B (матовый),Сталь Листовая Нержав Никелесод 1 х/к н/с AISI 201 2B (матовый),"СТАЛЬ ЛИСТОВАЯ НЕРЖАВ НИКЕЛЕСОД марки х/к н/с AISI 201 2B (матовый), размер 1",1,190740,т,1,0,0,https://www.kavstal.ru/public/assets/images/products/LISTOVOI_PROKAT/STAL_LISTOVAYA_NERZHAV_NIKELESOD/img.webp,нержавеющая сталь;сталь листовая нержав никелесод;х/к н/с aisi 201 2b (матовый);1;сталь;листовая;нержав;никелесод;х/к;н/с;aisi;201;2b;матовый,х/к н/с AISI 201 2B (матовый),1,,т
Нержавеющая сталь,СТАЛЬ ЛИСТОВАЯ НЕРЖАВ НИКЕЛЕСОД,х/к н/с AISI 201 2B (матовый),Сталь Листовая Нержав Никелесод 1 х/к н/с AISI 201 2B (матовый),"СТАЛЬ ЛИСТОВАЯ НЕРЖАВ НИКЕЛЕСОД марки х/к н/с AISI 201 2B (матовый), размер 1",1,194680,т,1,0,0,https://www.kavstal.ru/public/assets/images/products/LISTOVOI_PROKAT/STAL_LISTOVAYA_NERZHAV_NIKELESOD/img.webp,нержавеющая сталь;сталь листовая нержав никелесод;х/к н/с aisi 201 2b (матовый);1;сталь;листовая;нержав;никелесод;х/к;н/с;aisi;201;2b;матовый,х/к н/с AISI 201 2B (матовый),1,,т
Нержавеющая сталь,СТАЛЬ ЛИСТОВАЯ НЕРЖАВ НИКЕЛЕСОД,х/к н/с AISI 201 2B (матовый),Сталь Листовая Нержав Никелесод 1 х/к н/с AISI 201 2B (матовый),"СТАЛЬ ЛИСТОВАЯ НЕРЖАВ НИКЕЛЕСОД марки х/к н/с AISI 201 2B (матовый), размер 1",1,198020,т,1,0,0,https://www.kavstal.ru/public/assets/images/products/LISTOVOI_PROKAT/STAL_LISTOVAYA_NERZHAV_NIKELESOD/img.webp,нержавеющая сталь;сталь листовая нержав никелесод;х/к н/с aisi 201 2b (матовый);1;сталь;листовая;нержав;никелесод;х/к;н/с;aisi;201;2b;матовый,х/к н/с AISI 201 2B (матовый),1,,т
Нержавеющая сталь,СТАЛЬ ЛИСТОВАЯ НЕРЖАВ НИКЕЛЕСОД,х/к н/с AISI 201 2B (матовый),Сталь Листовая Нержав Никелесод 1 х/к н/с AISI 201 2B (матовый),"СТАЛЬ ЛИСТОВАЯ НЕРЖАВ НИКЕЛЕСОД марки х/к н/с AISI 201 2B (матовый), размер 1",1,212500,т,1,0,0,https://www.kavstal.ru/public/assets/images/products/LISTOVOI_PROKAT/STAL_LISTOVAYA_NERZHAV_NIKELESOD/img.webp,нержавеющая сталь;сталь листовая нержав никелесод;х/к н/с aisi 201 2b (матовый);1;сталь;листовая;нержав;никелесод;х/к;н/с;aisi;201;2b;матовый,х/к н/с AISI 201 2B (матовый),1,,т
Нержавеющая сталь,СТАЛЬ ЛИСТОВАЯ НЕРЖАВ НИКЕЛЕСОД,х/к н/с AISI 201 2B (матовый),Сталь Листовая Нержав Никелесод 1.2 х/к н/с AISI 201 2B (матовый),"СТАЛЬ ЛИСТОВАЯ НЕРЖАВ НИКЕЛЕСОД марки х/к н/с AISI 201 2B (матовый), размер 1.2",1.2,180950,т,1,0,0,https://www.kavstal.ru/public/assets/images/products/LISTOVOI_PROKAT/STAL_LISTOVAYA_NERZHAV_NIKELESOD/img.webp,нержавеющая сталь;сталь листовая нержав никелесод;х/к н/с aisi 201 2b (матовый);1;2;сталь;листовая;нержав;никелесод;1.2;х/к;н/с;aisi;201;2b;матовый,х/к н/с AISI 201 2B (матовый),1.2,,т
Нержавеющая сталь,СТАЛЬ ЛИСТОВАЯ НЕРЖАВ НИКЕЛЕСОД,х/к н/с AISI 201 2B (матовый),Сталь Листовая Нержав Никелесод 1.2 х/к н/с AISI 201 2B (матовый),"СТАЛЬ ЛИСТОВАЯ НЕРЖАВ НИКЕЛЕСОД марки х/к н/с AISI 201 2B (матовый), размер 1.2",1.2,186540,т,1,0,0,https://www.kavstal.ru/public/assets/images/products/LISTOVOI_PROKAT/STAL_LISTOVAYA_NERZHAV_NIKELESOD/img.webp,нержавеющая сталь;сталь листовая нержав никелесод;х/к н/с aisi 201 2b (матовый);1;2;сталь;листовая;нержав;никелесод;1.2;х/к;н/с;aisi;201;2b;матовый,х/к н/с AISI 201 2B (матовый),1.2,,т
Нержавеющая сталь,СТАЛЬ ЛИСТОВАЯ НЕРЖАВ НИКЕЛЕСОД,х/к н/с AISI 201 2B (матовый),Сталь Листовая Нержав Никелесод 1.5 х/к н/с AISI 201 2B (матовый),"СТАЛЬ ЛИСТОВАЯ НЕРЖАВ НИКЕЛЕСОД марки х/к н/с AISI 201 2B (матовый), размер 1.5",1.5,175930,т,1,0,0,https://www.kavstal.ru/public/assets/images/products/LISTOVOI_PROKAT/STAL_LISTOVAYA_NERZHAV_NIKELESOD/img.webp,нержавеющая сталь;сталь листовая нержав никелесод;х/к н/с aisi 201 2b (матовый);1;5;сталь;листовая;нержав;никелесод;1.5;х/к;н/с;aisi;201;2b;матовый,х/к н/с AISI 201 2B (матовый),1.5,,т
Нержавеющая сталь,СТАЛЬ ЛИСТОВАЯ НЕРЖАВ НИКЕЛЕСОД,х/к н/с AISI 201 2B (матовый),Сталь Листовая Нержав Никелесод 1.5 х/к н/с AISI 201 2B (матовый),"СТАЛЬ ЛИСТОВАЯ НЕРЖАВ НИКЕЛЕСОД марки х/к н/с AISI 201 2B (матовый), размер 1.5",1.5,176940,т,1,0,0,https://www.kavstal.ru/public/assets/images/products/LISTOVOI_PROKAT/STAL_LISTOVAYA_NERZHAV_NIKELESOD/img.webp,нержавеющая сталь;сталь листовая нержав никелесод;х/к н/с aisi 201 2b (матовый);1;5;сталь;листовая;нержав;никелесод;1.5;х/к;н/с;aisi;201;2b;матовый,х/к н/с AISI 201 2B (матовый),1.5,,т
Нержавеющая сталь,СТАЛЬ ЛИСТОВАЯ НЕРЖАВ НИКЕЛЕСОД,х/к н/с AISI 201 2B (матовый),Сталь Листовая Нержав Никелесод 1.5 х/к н/с AISI 201 2B (матовый),"СТАЛЬ ЛИСТОВАЯ НЕРЖАВ НИКЕЛЕСОД марки х/к н/с AISI 201 2B (матовый), размер 1.5",1.5,203180,т,1,0,0,https://www.kavstal.ru/public/assets/images/products/LISTOVOI_PROKAT/STAL_LISTOVAYA_NERZHAV_NIKELESOD/img.webp,нержавеющая сталь;сталь листовая нержав никелесод;х/к н/с aisi 201 2b (матовый);1;5;сталь;листовая;нержав;никелесод;1.5;х/к;н/с;aisi;201;2b;матовый,х/к н/с AISI 201 2B (матовый),1.5,,т
Нержавеющая сталь,СТАЛЬ ЛИСТОВАЯ НЕРЖАВ НИКЕЛЕСОД,х/к н/с AISI 201 2B (матовый),Сталь Листовая Нержав Никелесод 1.85 х/к н/с AISI 201 2B (матовый),"СТАЛЬ ЛИСТОВАЯ НЕРЖАВ НИКЕЛЕСОД марки х/к н/с AISI 201 2B (матовый), размер 1.85",1.85,173920,т,1,0,0,https://www.kavstal.ru/public/assets/images/products/LISTOVOI_PROKAT/STAL_LISTOVAYA_NERZHAV_NIKELESOD/img.webp,нержавеющая сталь;сталь листовая нержав никелесод;х/к н/с aisi 201 2b (матовый);1;85;сталь;листовая;нержав;никелесод;1.85;х/к;н/с;aisi;201;2b;матовый,х/к н/с AISI 201 2B (матовый),1.85,,т
Нержавеющая сталь,СТАЛЬ ЛИСТОВАЯ НЕРЖАВ НИКЕЛЕСОД,х/к н/с AISI 201 2B (матовый),Сталь Листовая Нержав Никелесод 2 х/к н/с AISI 201 2B (матовый),"СТАЛЬ ЛИСТОВАЯ НЕРЖАВ НИКЕЛЕСОД марки х/к н/с AISI 201 2B (матовый), размер 2",2,169890,т,1,0,0,https://www.kavstal.ru/public/assets/images/products/LISTOVOI_PROKAT/STAL_LISTOVAYA_NERZHAV_NIKELESOD/img.webp,нержавеющая сталь;сталь листовая нержав никелесод;х/к н/с aisi 201 2b (матовый);2;сталь;листовая;нержав;никелесод;х/к;н/с;aisi;201;2b;матовый,х/к н/с AISI 201 2B (матовый),2,,т
Нержавеющая сталь,СТАЛЬ ЛИСТОВАЯ НЕРЖАВ НИКЕЛЕСОД,х/к н/с AISI 201 2B (матовый),Сталь Листовая Нержав Никелесод 2 х/к н/с AISI 201 2B (матовый),"СТАЛЬ ЛИСТОВАЯ НЕРЖАВ НИКЕЛЕСОД марки х/к н/с AISI 201 2B (матовый), размер 2",2,175930,т,1,0,0,https://www.kavstal.ru/public/assets/images/products/LISTOVOI_PROKAT/STAL_LISTOVAYA_NERZHAV_NIKELESOD/img.webp,нержавеющая сталь;сталь листовая нержав никелесод;х/к н/с aisi 201 2b (матовый);2;сталь;листовая;нержав;никелесод;х/к;н/с;aisi;201;2b;матовый,х/к н/с AISI 201 2B (матовый),2,,т
Нержавеющая сталь,СТАЛЬ ЛИСТОВАЯ НЕРЖАВ НИКЕЛЕСОД,х/к н/с AISI 201 2B (матовый),Сталь Листовая Нержав Никелесод 2 х/к н/с AISI 201 2B (матовый),"СТАЛЬ ЛИСТОВАЯ НЕРЖАВ НИКЕЛЕСОД марки х/к н/с AISI 201 2B (матовый), размер 2",2,189660,т,1,0,0,https://www.kavstal.ru/public/assets/images/products/LISTOVOI_PROKAT/STAL_LISTOVAYA_NERZHAV_NIKELESOD/img.webp,нержавеющая сталь;сталь листовая нержав никелесод;х/к н/с aisi 201 2b (матовый);2;сталь;листовая;нержав;никелесод;х/к;н/с;aisi;201;2b;матовый,х/к н/с AISI 201 2B (матовый),2,,т
Нержавеющая сталь,СТАЛЬ ЛИСТОВАЯ НЕРЖАВ НИКЕЛЕСОД,х/к н/с AISI 201 2B (матовый),Сталь Листовая Нержав Никелесод 2 х/к н/с AISI 201 2B (матовый),"СТАЛЬ ЛИСТОВАЯ НЕРЖАВ НИКЕЛЕСОД марки х/к н/с AISI 201 2B (матовый), размер 2",2,221170,т,1,0,0,https://www.kavstal.ru/public/assets/images/products/LISTOVOI_PROKAT/STAL_LISTOVAYA_NERZHAV_NIKELESOD/img.webp,нержавеющая сталь;сталь листовая нержав никелесод;х/к н/с aisi 201 2b (матовый);2;сталь;листовая;нержав;никелесод;х/к;н/с;aisi;201;2b;матовый,х/к н/с AISI 201 2B (матовый),2,,т
Нержавеющая сталь,СТАЛЬ ЛИСТОВАЯ НЕРЖАВ НИКЕЛЕСОД,х/к н/с AISI 201 2B (матовый),Сталь Листовая Нержав Никелесод 2.5 х/к н/с AISI 201 2B (матовый),"СТАЛЬ ЛИСТОВАЯ НЕРЖАВ НИКЕЛЕСОД марки х/к н/с AISI 201 2B (матовый), размер 2.5",2.5,207080,т,1,0,0,https://www.kavstal.ru/public/assets/images/products/LISTOVOI_PROKAT/STAL_LISTOVAYA_NERZHAV_NIKELESOD/img.webp,нержавеющая сталь;сталь листовая нержав никелесод;х/к н/с aisi 201 2b (матовый);2;5;сталь;листовая;нержав;никелесод;2.5;х/к;н/с;aisi;201;2b;матовый,х/к н/с AISI 201 2B (матовый),2.5,,т
Нержавеющая сталь,СТАЛЬ ЛИСТОВАЯ НЕРЖАВ НИКЕЛЕСОД,х/к н/с AISI 201 2B (матовый),Сталь Листовая Нержав Никелесод 3 х/к н/с AISI 201 2B (матовый),"СТАЛЬ ЛИСТОВАЯ НЕРЖАВ НИКЕЛЕСОД марки х/к н/с AISI 201 2B (матовый), размер 3",3,180950,т,1,0,0,https://www.kavstal.ru/public/assets/images/products/LISTOVOI_PROKAT/STAL_LISTOVAYA_NERZHAV_NIKELESOD/img.webp,нержавеющая сталь;сталь листовая нержав никелесод;х/к н/с aisi 201 2b (матовый);3;сталь;листовая;нержав;никелесод;х/к;н/с;aisi;201;2b;матовый,х/к н/с AISI 201 2B (матовый),3,,т
Нержавеющая сталь,СТАЛЬ ЛИСТОВАЯ НЕРЖАВ НИКЕЛЕСОД,х/к н/с AISI 201 2B (матовый),Сталь Листовая Нержав Никелесод 3 х/к н/с AISI 201 2B (матовый),"СТАЛЬ ЛИСТОВАЯ НЕРЖАВ НИКЕЛЕСОД марки х/к н/с AISI 201 2B (матовый), размер 3",3,186540,т,1,0,0,https://www.kavstal.ru/public/assets/images/products/LISTOVOI_PROKAT/STAL_LISTOVAYA_NERZHAV_NIKELESOD/img.webp,нержавеющая сталь;сталь листовая нержав никелесод;х/к н/с aisi 201 2b (матовый);3;сталь;листовая;нержав;никелесод;х/к;н/с;aisi;201;2b;матовый,х/к н/с AISI 201 2B (матовый),3,,т
Нержавеющая сталь,СТАЛЬ ЛИСТОВАЯ НЕРЖАВ НИКЕЛЕСОД,х/к н/с AISI 201 2B (матовый),Сталь Листовая Нержав Никелесод 3 х/к н/с AISI 201 2B (матовый),"СТАЛЬ ЛИСТОВАЯ НЕРЖАВ НИКЕЛЕСОД марки х/к н/с AISI 201 2B (матовый), размер 3",3,193010,т,1,0,0,https://www.kavstal.ru/public/assets/images/products/LISTOVOI_PROKAT/STAL_LISTOVAYA_NERZHAV_NIKELESOD/img.webp,нержавеющая сталь;сталь листовая нержав никелесод;х/к н/с aisi 201 2b (матовый);3;сталь;листовая;нержав;никелесод;х/к;н/с;aisi;201;2b;матовый,х/к н/с AISI 201 2B (матовый),3,,т
Нержавеющая сталь,СТАЛЬ ЛИСТОВАЯ НЕРЖАВ НИКЕЛЕСОД,х/к н/с AISI 201 4N+PE некондиция некондиция,Сталь Листовая Нержав Никелесод 0.5 х/к н/с AISI 201 4n+pe некондиция некондиция,"СТАЛЬ ЛИСТОВАЯ НЕРЖАВ НИКЕЛЕСОД марки х/к н/с AISI 201 4N+PE некондиция некондиция, размер 0.5",0.5,179520,т,1,0,0,https://www.kavstal.ru/public/assets/images/products/LISTOVOI_PROKAT/STAL_LISTOVAYA_NERZHAV_NIKELESOD/img.webp,нержавеющая сталь;сталь листовая нержав никелесод;х/к н/с aisi 201 4n+pe некондиция некондиция;5;сталь;листовая;нержав;никелесод;0.5;х/к;н/с;aisi;201;4n+pe;некондиция,х/к н/с AISI 201 4N+PE некондиция некондиция,0.5,,т
Нержавеющая сталь,СТАЛЬ ЛИСТОВАЯ НЕРЖАВ НИКЕЛЕСОД,х/к н/с AISI 201 4N+PE (шлиф.),Сталь Листовая Нержав Никелесод 0.5 х/к н/с AISI 201 4n+pe (шлиф.),"СТАЛЬ ЛИСТОВАЯ НЕРЖАВ НИКЕЛЕСОД марки х/к н/с AISI 201 4N+PE (шлиф.), размер 0.5",0.5,193010,т,1,0,0,https://www.kavstal.ru/public/assets/images/products/LISTOVOI_PROKAT/STAL_LISTOVAYA_NERZHAV_NIKELESOD/img.webp,нержавеющая сталь;сталь листовая нержав никелесод;х/к н/с aisi 201 4n+pe (шлиф.);5;сталь;листовая;нержав;никелесод;0.5;х/к;н/с;aisi;201;4n+pe;шлиф,х/к н/с AISI 201 4N+PE (шлиф.),0.5,,т
Нержавеющая сталь,СТАЛЬ ЛИСТОВАЯ НЕРЖАВ НИКЕЛЕСОД,х/к н/с AISI 201 4N+PE (шлиф.),Сталь Листовая Нержав Никелесод 0.5 х/к н/с AISI 201 4n+pe (шлиф.),"СТАЛЬ ЛИСТОВАЯ НЕРЖАВ НИКЕЛЕСОД марки х/к н/с AISI 201 4N+PE (шлиф.), размер 0.5",0.5,200070,т,1,0,0,https://www.kavstal.ru/public/assets/images/products/LISTOVOI_PROKAT/STAL_LISTOVAYA_NERZHAV_NIKELESOD/img.webp,нержавеющая сталь;сталь листовая нержав никелесод;х/к н/с aisi 201 4n+pe (шлиф.);5;сталь;листовая;нержав;никелесод;0.5;х/к;н/с;aisi;201;4n+pe;шлиф,х/к н/с AISI 201 4N+PE (шлиф.),0.5,,т
Нержавеющая сталь,СТАЛЬ ЛИСТОВАЯ НЕРЖАВ НИКЕЛЕСОД,х/к н/с AISI 201 4N+PE (шлиф.),Сталь Листовая Нержав Никелесод 0.5 х/к н/с AISI 201 4n+pe (шлиф.),"СТАЛЬ ЛИСТОВАЯ НЕРЖАВ НИКЕЛЕСОД марки х/к н/с AISI 201 4N+PE (шлиф.), размер 0.5",0.5,213200,т,1,0,0,https://www.kavstal.ru/public/assets/images/products/LISTOVOI_PROKAT/STAL_LISTOVAYA_NERZHAV_NIKELESOD/img.webp,нержавеющая сталь;сталь листовая нержав никелесод;х/к н/с aisi 201 4n+pe (шлиф.);5;сталь;листовая;нержав;никелесод;0.5;х/к;н/с;aisi;201;4n+pe;шлиф,х/к н/с AISI 201 4N+PE (шлиф.),0.5,,т
Нержавеющая сталь,СТАЛЬ ЛИСТОВАЯ НЕРЖАВ НИКЕЛЕСОД,х/к н/с AISI 201 4N+PE (шлиф.),Сталь Листовая Нержав Никелесод 0.6 х/к н/с AISI 201 4n+pe (шлиф.),"СТАЛЬ ЛИСТОВАЯ НЕРЖАВ НИКЕЛЕСОД марки х/к н/с AISI 201 4N+PE (шлиф.), размер 0.6",0.6,191010,т,1,0,0,https://www.kavstal.ru/public/assets/images/products/LISTOVOI_PROKAT/STAL_LISTOVAYA_NERZHAV_NIKELESOD/img.webp,нержавеющая сталь;сталь листовая нержав никелесод;х/к н/с aisi 201 4n+pe (шлиф.);6;сталь;листовая;нержав;никелесод;0.6;х/к;н/с;aisi;201;4n+pe;шлиф,х/к н/с AISI 201 4N+PE (шлиф.),0.6,,т
Нержавеющая сталь,СТАЛЬ ЛИСТОВАЯ НЕРЖАВ НИКЕЛЕСОД,х/к н/с AISI 201 4N+PE (шлиф.),Сталь Листовая Нержав Никелесод 0.8 х/к н/с AISI 201 4n+pe (шлиф.),"СТАЛЬ ЛИСТОВАЯ НЕРЖАВ НИКЕЛЕСОД марки х/к н/с AISI 201 4N+PE (шлиф.), размер 0.8",0.8,188000,т,1,0,0,https://www.kavstal.ru/public/assets/images/products/LISTOVOI_PROKAT/STAL_LISTOVAYA_NERZHAV_NIKELESOD/img.webp,нержавеющая сталь;сталь листовая нержав никелесод;х/к н/с aisi 201 4n+pe (шлиф.);8;сталь;листовая;нержав;никелесод;0.8;х/к;н/с;aisi;201;4n+pe;шлиф,х/к н/с AISI 201 4N+PE (шлиф.),0.8,,т
Нержавеющая сталь,СТАЛЬ ЛИСТОВАЯ НЕРЖАВ НИКЕЛЕСОД,х/к н/с AISI 201 4N+PE (шлиф.),Сталь Листовая Нержав Никелесод 0.8 х/к н/с AISI 201 4n+pe (шлиф.),"СТАЛЬ ЛИСТОВАЯ НЕРЖАВ НИКЕЛЕСОД марки х/к н/с AISI 201 4N+PE (шлиф.), размер 0.8",0.8,236310,т,1,0,0,https://www.kavstal.ru/public/assets/images/products/LISTOVOI_PROKAT/STAL_LISTOVAYA_NERZHAV_NIKELESOD/img.webp,нержавеющая сталь;сталь листовая нержав никелесод;х/к н/с aisi 201 4n+pe (шлиф.);8;сталь;листовая;нержав;никелесод;0.8;х/к;н/с;aisi;201;4n+pe;шлиф,х/к н/с AISI 201 4N+PE (шлиф.),0.8,,т
Нержавеющая сталь,СТАЛЬ ЛИСТОВАЯ НЕРЖАВ НИКЕЛЕСОД,х/к н/с AISI 201 4N+PE (шлиф.),Сталь Листовая Нержав Никелесод 1 х/к н/с AISI 201 4n+pe (шлиф.),"СТАЛЬ ЛИСТОВАЯ НЕРЖАВ НИКЕЛЕСОД марки х/к н/с AISI 201 4N+PE (шлиф.), размер 1",1,203930,т,1,0,0,https://www.kavstal.ru/public/assets/images/products/LISTOVOI_PROKAT/STAL_LISTOVAYA_NERZHAV_NIKELESOD/img.webp,нержавеющая сталь;сталь листовая нержав никелесод;х/к н/с aisi 201 4n+pe (шлиф.);1;сталь;листовая;нержав;никелесод;х/к;н/с;aisi;201;4n+pe;шлиф,х/к н/с AISI 201 4N+PE (шлиф.),1,,т
Нержавеющая сталь,СТАЛЬ ЛИСТОВАЯ НЕРЖАВ НИКЕЛЕСОД,х/к н/с AISI 201 4N+PE (шлиф.),Сталь Листовая Нержав Никелесод 1 х/к н/с AISI 201 4n+pe (шлиф.),"СТАЛЬ ЛИСТОВАЯ НЕРЖАВ НИКЕЛЕСОД марки х/к н/с AISI 201 4N+PE (шлиф.), размер 1",1,227120,т,1,0,0,https://www.kavstal.ru/public/assets/images/products/LISTOVOI_PROKAT/STAL_LISTOVAYA_NERZHAV_NIKELESOD/img.webp,нержавеющая сталь;сталь листовая нержав никелесод;х/к н/с aisi 201 4n+pe (шлиф.);1;сталь;листовая;нержав;никелесод;х/к;н/с;aisi;201;4n+pe;шлиф,х/к н/с AISI 201 4N+PE (шлиф.),1,,т
Нержавеющая сталь,СТАЛЬ ЛИСТОВАЯ НЕРЖАВ НИКЕЛЕСОД,х/к н/с AISI 201 4N+PE (шлиф.),Сталь Листовая Нержав Никелесод 1.2 х/к н/с AISI 201 4n+pe (шлиф.),"СТАЛЬ ЛИСТОВАЯ НЕРЖАВ НИКЕЛЕСОД марки х/к н/с AISI 201 4N+PE (шлиф.), размер 1.2",1.2,180410,т,1,0,0,https://www.kavstal.ru/public/assets/images/products/LISTOVOI_PROKAT/STAL_LISTOVAYA_NERZHAV_NIKELESOD/img.webp,нержавеющая сталь;сталь листовая нержав никелесод;х/к н/с aisi 201 4n+pe (шлиф.);1;2;сталь;листовая;нержав;никелесод;1.2;х/к;н/с;aisi;201;4n+pe;шлиф,х/к н/с AISI 201 4N+PE (шлиф.),1.2,,т
Нержавеющая сталь,СТАЛЬ ЛИСТОВАЯ НЕРЖАВ НИКЕЛЕСОД,х/к н/с AISI 201 4N+PE (шлиф.),Сталь Листовая Нержав Никелесод 1.2 х/к н/с AISI 201 4n+pe (шлиф.),"СТАЛЬ ЛИСТОВАЯ НЕРЖАВ НИКЕЛЕСОД марки х/к н/с AISI 201 4N+PE (шлиф.), размер 1.2",1.2,185990,т,1,0,0,https://www.kavstal.ru/public/assets/images/products/LISTOVOI_PROKAT/STAL_LISTOVAYA_NERZHAV_NIKELESOD/img.webp,нержавеющая сталь;сталь листовая нержав никелесод;х/к н/с aisi 201 4n+pe (шлиф.);1;2;сталь;листовая;нержав;никелесод;1.2;х/к;н/с;aisi;201;4n+pe;шлиф,х/к н/с AISI 201 4N+PE (шлиф.),1.2,,т
Нержавеющая сталь,СТАЛЬ ЛИСТОВАЯ НЕРЖАВ НИКЕЛЕСОД,х/к н/с AISI 201 4N+PE (шлиф.),Сталь Листовая Нержав Никелесод 1.2 х/к н/с AISI 201 4n+pe (шлиф.),"СТАЛЬ ЛИСТОВАЯ НЕРЖАВ НИКЕЛЕСОД марки х/к н/с AISI 201 4N+PE (шлиф.), размер 1.2",1.2,227120,т,1,0,0,https://www.kavstal.ru/public/assets/images/products/LISTOVOI_PROKAT/STAL_LISTOVAYA_NERZHAV_NIKELESOD/img.webp,нержавеющая сталь;сталь листовая нержав никелесод;х/к н/с aisi 201 4n+pe (шлиф.);1;2;сталь;листовая;нержав;никелесод;1.2;х/к;н/с;aisi;201;4n+pe;шлиф,х/к н/с AISI 201 4N+PE (шлиф.),1.2,,т
Нержавеющая сталь,СТАЛЬ ЛИСТОВАЯ НЕРЖАВ НИКЕЛЕСОД,х/к н/с AISI 201 4N+PE (шлиф.),Сталь Листовая Нержав Никелесод 1.5 х/к н/с AISI 201 4n+pe (шлиф.),"СТАЛЬ ЛИСТОВАЯ НЕРЖАВ НИКЕЛЕСОД марки х/к н/с AISI 201 4N+PE (шлиф.), размер 1.5",1.5,179950,т,1,0,0,https://www.kavstal.ru/public/assets/images/products/LISTOVOI_PROKAT/STAL_LISTOVAYA_NERZHAV_NIKELESOD/img.webp,нержавеющая сталь;сталь листовая нержав никелесод;х/к н/с aisi 201 4n+pe (шлиф.);1;5;сталь;листовая;нержав;никелесод;1.5;х/к;н/с;aisi;201;4n+pe;шлиф,х/к н/с AISI 201 4N+PE (шлиф.),1.5,,т
Нержавеющая сталь,СТАЛЬ ЛИСТОВАЯ НЕРЖАВ НИКЕЛЕСОД,х/к н/с AISI 201 4N+PE (шлиф.),Сталь Листовая Нержав Никелесод 1.5 х/к н/с AISI 201 4n+pe (шлиф.),"СТАЛЬ ЛИСТОВАЯ НЕРЖАВ НИКЕЛЕСОД марки х/к н/с AISI 201 4N+PE (шлиф.), размер 1.5",1.5,196030,т,1,0,0,https://www.kavstal.ru/public/assets/images/products/LISTOVOI_PROKAT/STAL_LISTOVAYA_NERZHAV_NIKELESOD/img.webp,нержавеющая сталь;сталь листовая нержав никелесод;х/к н/с aisi 201 4n+pe (шлиф.);1;5;сталь;листовая;нержав;никелесод;1.5;х/к;н/с;aisi;201;4n+pe;шлиф,х/к н/с AISI 201 4N+PE (шлиф.),1.5,,т
Нержавеющая сталь,СТАЛЬ ЛИСТОВАЯ НЕРЖАВ НИКЕЛЕСОД,х/к н/с AISI 201 4N+PE (шлиф.),Сталь Листовая Нержав Никелесод 2 х/к н/с AISI 201 4n+pe (шлиф.),"СТАЛЬ ЛИСТОВАЯ НЕРЖАВ НИКЕЛЕСОД марки х/к н/с AISI 201 4N+PE (шлиф.), размер 2",2,206070,т,1,0,0,https://www.kavstal.ru/public/assets/images/products/LISTOVOI_PROKAT/STAL_LISTOVAYA_NERZHAV_NIKELESOD/img.webp,нержавеющая сталь;сталь листовая нержав никелесод;х/к н/с aisi 201 4n+pe (шлиф.);2;сталь;листовая;нержав;никелесод;х/к;н/с;aisi;201;4n+pe;шлиф,х/к н/с AISI 201 4N+PE (шлиф.),2,,т
Нержавеющая сталь,СТАЛЬ ЛИСТОВАЯ НЕРЖАВ НИКЕЛЕСОД,х/к н/с AISI 201 4N+PE (шлиф.),Сталь Листовая Нержав Никелесод 2 х/к н/с AISI 201 4n+pe (шлиф.),"СТАЛЬ ЛИСТОВАЯ НЕРЖАВ НИКЕЛЕСОД марки х/к н/с AISI 201 4N+PE (шлиф.), размер 2",2,213200,т,1,0,0,https://www.kavstal.ru/public/assets/images/products/LISTOVOI_PROKAT/STAL_LISTOVAYA_NERZHAV_NIKELESOD/img.webp,нержавеющая сталь;сталь листовая нержав никелесод;х/к н/с aisi 201 4n+pe (шлиф.);2;сталь;листовая;нержав;никелесод;х/к;н/с;aisi;201;4n+pe;шлиф,х/к н/с AISI 201 4N+PE (шлиф.),2,,т
Нержавеющая сталь,СТАЛЬ ЛИСТОВАЯ НЕРЖАВ НИКЕЛЕСОД,х/к н/с AISI 201 4N+PE (шлиф.) неконд,Сталь Листовая Нержав Никелесод 0.8 х/к н/с AISI 201 4n+pe (шлиф.) неконд,"СТАЛЬ ЛИСТОВАЯ НЕРЖАВ НИКЕЛЕСОД марки х/к н/с AISI 201 4N+PE (шлиф.) неконд, размер 0.8",0.8,176870,т,1,0,0,https://www.kavstal.ru/public/assets/images/products/LISTOVOI_PROKAT/STAL_LISTOVAYA_NERZHAV_NIKELESOD/img.webp,нержавеющая сталь;сталь листовая нержав никелесод;х/к н/с aisi 201 4n+pe (шлиф.) неконд;8;сталь;листовая;нержав;никелесод;0.8;х/к;н/с;aisi;201;4n+pe;шлиф;неконд,х/к н/с AISI 201 4N+PE (шлиф.) неконд,0.8,,т
Нержавеющая сталь,СТАЛЬ ЛИСТОВАЯ НЕРЖАВ НИКЕЛЕСОД,х/к н/с AISI 201 4N+PE (шлиф.) неконд,Сталь Листовая Нержав Никелесод 0.8 х/к н/с AISI 201 4n+pe (шлиф.) неконд,"СТАЛЬ ЛИСТОВАЯ НЕРЖАВ НИКЕЛЕСОД марки х/к н/с AISI 201 4N+PE (шлиф.) неконд, размер 0.8",0.8,180410,т,1,0,0,https://www.kavstal.ru/public/assets/images/products/LISTOVOI_PROKAT/STAL_LISTOVAYA_NERZHAV_NIKELESOD/img.webp,нержавеющая сталь;сталь листовая нержав никелесод;х/к н/с aisi 201 4n+pe (шлиф.) неконд;8;сталь;листовая;нержав;никелесод;0.8;х/к;н/с;aisi;201;4n+pe;шлиф;неконд,х/к н/с AISI 201 4N+PE (шлиф.) неконд,0.8,,т
Нержавеющая сталь,СТАЛЬ ЛИСТОВАЯ НЕРЖАВ НИКЕЛЕСОД,х/к н/с AISI 201 No1,Сталь Листовая Нержав Никелесод 3 х/к н/с AISI 201 No1,"СТАЛЬ ЛИСТОВАЯ НЕРЖАВ НИКЕЛЕСОД марки х/к н/с AISI 201 No1, размер 3",3,180950,т,1,0,0,https://www.kavstal.ru/public/assets/images/products/LISTOVOI_PROKAT/STAL_LISTOVAYA_NERZHAV_NIKELESOD/img.webp,нержавеющая сталь;сталь листовая нержав никелесод;х/к н/с aisi 201 no1;3;сталь;листовая;нержав;никелесод;х/к;н/с;aisi;201;no1,х/к н/с AISI 201 No1,3,,т
Нержавеющая сталь,СТАЛЬ ЛИСТОВАЯ НЕРЖАВ НИКЕЛЕСОД,х/к н/с AISI 202 4N+LPE (шлиф.),Сталь Листовая Нержав Никелесод 1 х/к н/с AISI 202 4n+lpe (шлиф.),"СТАЛЬ ЛИСТОВАЯ НЕРЖАВ НИКЕЛЕСОД марки х/к н/с AISI 202 4N+LPE (шлиф.), размер 1",1,239700,т,1,0,0,https://www.kavstal.ru/public/assets/images/products/LISTOVOI_PROKAT/STAL_LISTOVAYA_NERZHAV_NIKELESOD/img.webp,нержавеющая сталь;сталь листовая нержав никелесод;х/к н/с aisi 202 4n+lpe (шлиф.);1;сталь;листовая;нержав;никелесод;х/к;н/с;aisi;202;4n+lpe;шлиф,х/к н/с AISI 202 4N+LPE (шлиф.),1,,т
Нержавеющая сталь,СТАЛЬ ЛИСТОВАЯ НЕРЖАВ НИКЕЛЕСОД,х/к н/с AISI 202 4N+LPE (шлиф.),Сталь Листовая Нержав Никелесод 1.5 х/к н/с AISI 202 4n+lpe (шлиф.),"СТАЛЬ ЛИСТОВАЯ НЕРЖАВ НИКЕЛЕСОД марки х/к н/с AISI 202 4N+LPE (шлиф.), размер 1.5",1.5,252280,т,1,0,0,https://www.kavstal.ru/public/assets/images/products/LISTOVOI_PROKAT/STAL_LISTOVAYA_NERZHAV_NIKELESOD/img.webp,нержавеющая сталь;сталь листовая нержав никелесод;х/к н/с aisi 202 4n+lpe (шлиф.);1;5;сталь;листовая;нержав;никелесод;1.5;х/к;н/с;aisi;202;4n+lpe;шлиф,х/к н/с AISI 202 4N+LPE (шлиф.),1.5,,т
Нержавеющая сталь,СТАЛЬ ЛИСТОВАЯ НЕРЖАВ НИКЕЛЕСОД,х/к н/с AISI 304 (08Х18Н10) 2B,Сталь Листовая Нержав Никелесод 2 х/к н/с AISI 304 (08х18н10) 2B,"СТАЛЬ ЛИСТОВАЯ НЕРЖАВ НИКЕЛЕСОД марки х/к н/с AISI 304 (08Х18Н10) 2B, размер 2",2,244110,т,1,0,0,https://www.kavstal.ru/public/assets/images/products/LISTOVOI_PROKAT/STAL_LISTOVAYA_NERZHAV_NIKELESOD/img.webp,нержавеющая сталь;сталь листовая нержав никелесод;х/к н/с aisi 304 (08х18н10) 2b;2;сталь;листовая;нержав;никелесод;х/к;н/с;aisi;304;08х18н10;2b,х/к н/с AISI 304 (08Х18Н10) 2B,2,,т
Нержавеющая сталь,СТАЛЬ ЛИСТОВАЯ НЕРЖАВ НИКЕЛЕСОД,х/к н/с AISI 304 (08Х18Н10) 2B (матовый),Сталь Листовая Нержав Никелесод 0.4 х/к н/с AISI 304 (08х18н10) 2B (матовый),"СТАЛЬ ЛИСТОВАЯ НЕРЖАВ НИКЕЛЕСОД марки х/к н/с AISI 304 (08Х18Н10) 2B (матовый), размер 0.4",0.4,290090,т,1,0,0,https://www.kavstal.ru/public/assets/images/products/LISTOVOI_PROKAT/STAL_LISTOVAYA_NERZHAV_NIKELESOD/img.webp,нержавеющая сталь;сталь листовая нержав никелесод;х/к н/с aisi 304 (08х18н10) 2b (матовый);4;сталь;листовая;нержав;никелесод;0.4;х/к;н/с;aisi;304;08х18н10;2b;матовый,х/к н/с AISI 304 (08Х18Н10) 2B (матовый),0.4,,т
Нержавеющая сталь,СТАЛЬ ЛИСТОВАЯ НЕРЖАВ НИКЕЛЕСОД,х/к н/с AISI 304 (08Х18Н10) 2B (матовый),Сталь Листовая Нержав Никелесод 0.5 х/к н/с AISI 304 (08х18н10) 2B (матовый),"СТАЛЬ ЛИСТОВАЯ НЕРЖАВ НИКЕЛЕСОД марки х/к н/с AISI 304 (08Х18Н10) 2B (матовый), размер 0.5",0.5,274920,т,1,0,0,https://www.kavstal.ru/public/assets/images/products/LISTOVOI_PROKAT/STAL_LISTOVAYA_NERZHAV_NIKELESOD/img.webp,нержавеющая сталь;сталь листовая нержав никелесод;х/к н/с aisi 304 (08х18н10) 2b (матовый);5;сталь;листовая;нержав;никелесод;0.5;х/к;н/с;aisi;304;08х18н10;2b;матовый,х/к н/с AISI 304 (08Х18Н10) 2B (матовый),0.5,,т
Нержавеющая сталь,СТАЛЬ ЛИСТОВАЯ НЕРЖАВ НИКЕЛЕСОД,х/к н/с AISI 304 (08Х18Н10) 2B (матовый),Сталь Листовая Нержав Никелесод 0.5 х/к н/с AISI 304 (08х18н10) 2B (матовый),"СТАЛЬ ЛИСТОВАЯ НЕРЖАВ НИКЕЛЕСОД марки х/к н/с AISI 304 (08Х18Н10) 2B (матовый), размер 0.5",0.5,275940,т,1,0,0,https://www.kavstal.ru/public/assets/images/products/LISTOVOI_PROKAT/STAL_LISTOVAYA_NERZHAV_NIKELESOD/img.webp,нержавеющая сталь;сталь листовая нержав никелесод;х/к н/с aisi 304 (08х18н10) 2b (матовый);5;сталь;листовая;нержав;никелесод;0.5;х/к;н/с;aisi;304;08х18н10;2b;матовый,х/к н/с AISI 304 (08Х18Н10) 2B (матовый),0.5,,т
Нержавеющая сталь,СТАЛЬ ЛИСТОВАЯ НЕРЖАВ НИКЕЛЕСОД,х/к н/с AISI 304 (08Х18Н10) 2B (матовый),Сталь Листовая Нержав Никелесод 0.5 х/к н/с AISI 304 (08х18н10) 2B (матовый),"СТАЛЬ ЛИСТОВАЯ НЕРЖАВ НИКЕЛЕСОД марки х/к н/с AISI 304 (08Х18Н10) 2B (матовый), размер 0.5",0.5,282000,т,1,0,0,https://www.kavstal.ru/public/assets/images/products/LISTOVOI_PROKAT/STAL_LISTOVAYA_NERZHAV_NIKELESOD/img.webp,нержавеющая сталь;сталь листовая нержав никелесод;х/к н/с aisi 304 (08х18н10) 2b (матовый);5;сталь;листовая;нержав;никелесод;0.5;х/к;н/с;aisi;304;08х18н10;2b;матовый,х/к н/с AISI 304 (08Х18Н10) 2B (матовый),0.5,,т
Нержавеющая сталь,СТАЛЬ ЛИСТОВАЯ НЕРЖАВ НИКЕЛЕСОД,х/к н/с AISI 304 (08Х18Н10) 2B (матовый),Сталь Листовая Нержав Никелесод 0.5 х/к н/с AISI 304 (08х18н10) 2B (матовый),"СТАЛЬ ЛИСТОВАЯ НЕРЖАВ НИКЕЛЕСОД марки х/к н/с AISI 304 (08Х18Н10) 2B (матовый), размер 0.5",0.5,290000,т,1,0,0,https://www.kavstal.ru/public/assets/images/products/LISTOVOI_PROKAT/STAL_LISTOVAYA_NERZHAV_NIKELESOD/img.webp,нержавеющая сталь;сталь листовая нержав никелесод;х/к н/с aisi 304 (08х18н10) 2b (матовый);5;сталь;листовая;нержав;никелесод;0.5;х/к;н/с;aisi;304;08х18н10;2b;матовый,х/к н/с AISI 304 (08Х18Н10) 2B (матовый),0.5,,т
Нержавеющая сталь,СТАЛЬ ЛИСТОВАЯ НЕРЖАВ НИКЕЛЕСОД,х/к н/с AISI 304 (08Х18Н10) 2B (матовый),Сталь Листовая Нержав Никелесод 0.6 х/к н/с AISI 304 (08х18н10) 2B (матовый),"СТАЛЬ ЛИСТОВАЯ НЕРЖАВ НИКЕЛЕСОД марки х/к н/с AISI 304 (08Х18Н10) 2B (матовый), размер 0.6",0.6,270400,т,1,0,0,https://www.kavstal.ru/public/assets/images/products/LISTOVOI_PROKAT/STAL_LISTOVAYA_NERZHAV_NIKELESOD/img.webp,нержавеющая сталь;сталь листовая нержав никелесод;х/к н/с aisi 304 (08х18н10) 2b (матовый);6;сталь;листовая;нержав;никелесод;0.6;х/к;н/с;aisi;304;08х18н10;2b;матовый,х/к н/с AISI 304 (08Х18Н10) 2B (матовый),0.6,,т
Нержавеющая сталь,СТАЛЬ ЛИСТОВАЯ НЕРЖАВ НИКЕЛЕСОД,х/к н/с AISI 304 (08Х18Н10) 2B (матовый),Сталь Листовая Нержав Никелесод 0.6 х/к н/с AISI 304 (08х18н10) 2B (матовый),"СТАЛЬ ЛИСТОВАЯ НЕРЖАВ НИКЕЛЕСОД марки х/к н/с AISI 304 (08Х18Н10) 2B (матовый), размер 0.6",0.6,273780,т,1,0,0,https://www.kavstal.ru/public/assets/images/products/LISTOVOI_PROKAT/STAL_LISTOVAYA_NERZHAV_NIKELESOD/img.webp,нержавеющая сталь;сталь листовая нержав никелесод;х/к н/с aisi 304 (08х18н10) 2b (матовый);6;сталь;листовая;нержав;никелесод;0.6;х/к;н/с;aisi;304;08х18н10;2b;матовый,х/к н/с AISI 304 (08Х18Н10) 2B (матовый),0.6,,т
Нержавеющая сталь,СТАЛЬ ЛИСТОВАЯ НЕРЖАВ НИКЕЛЕСОД,х/к н/с AISI 304 (08Х18Н10) 2B (матовый),Сталь Листовая Нержав Никелесод 0.7 х/к н/с AISI 304 (08х18н10) 2B (матовый),"СТАЛЬ ЛИСТОВАЯ НЕРЖАВ НИКЕЛЕСОД марки х/к н/с AISI 304 (08Х18Н10) 2B (матовый), размер 0.7",0.7,272660,т,1,0,0,https://www.kavstal.ru/public/assets/images/products/LISTOVOI_PROKAT/STAL_LISTOVAYA_NERZHAV_NIKELESOD/img.webp,нержавеющая сталь;сталь листовая нержав никелесод;х/к н/с aisi 304 (08х18н10) 2b (матовый);7;сталь;листовая;нержав;никелесод;0.7;х/к;н/с;aisi;304;08х18н10;2b;матовый,х/к н/с AISI 304 (08Х18Н10) 2B (матовый),0.7,,т
Нержавеющая сталь,СТАЛЬ ЛИСТОВАЯ НЕРЖАВ НИКЕЛЕСОД,х/к н/с AISI 304 (08Х18Н10) 2B (матовый),Сталь Листовая Нержав Никелесод 0.7 х/к н/с AISI 304 (08х18н10) 2B (матовый),"СТАЛЬ ЛИСТОВАЯ НЕРЖАВ НИКЕЛЕСОД марки х/к н/с AISI 304 (08Х18Н10) 2B (матовый), размер 0.7",0.7,272950,т,1,0,0,https://www.kavstal.ru/public/assets/images/products/LISTOVOI_PROKAT/STAL_LISTOVAYA_NERZHAV_NIKELESOD/img.webp,нержавеющая сталь;сталь листовая нержав никелесод;х/к н/с aisi 304 (08х18н10) 2b (матовый);7;сталь;листовая;нержав;никелесод;0.7;х/к;н/с;aisi;304;08х18н10;2b;матовый,х/к н/с AISI 304 (08Х18Н10) 2B (матовый),0.7,,т
Нержавеющая сталь,СТАЛЬ ЛИСТОВАЯ НЕРЖАВ НИКЕЛЕСОД,х/к н/с AISI 304 (08Х18Н10) 2B (матовый),Сталь Листовая Нержав Никелесод 0.7 х/к н/с AISI 304 (08х18н10) 2B (матовый),"СТАЛЬ ЛИСТОВАЯ НЕРЖАВ НИКЕЛЕСОД марки х/к н/с AISI 304 (08Х18Н10) 2B (матовый), размер 0.7",0.7,283520,т,1,0,0,https://www.kavstal.ru/public/assets/images/products/LISTOVOI_PROKAT/STAL_LISTOVAYA_NERZHAV_NIKELESOD/img.webp,нержавеющая сталь;сталь листовая нержав никелесод;х/к н/с aisi 304 (08х18н10) 2b (матовый);7;сталь;листовая;нержав;никелесод;0.7;х/к;н/с;aisi;304;08х18н10;2b;матовый,х/к н/с AISI 304 (08Х18Н10) 2B (матовый),0.7,,т
Нержавеющая сталь,СТАЛЬ ЛИСТОВАЯ НЕРЖАВ НИКЕЛЕСОД,х/к н/с AISI 304 (08Х18Н10) 2B (матовый),Сталь Листовая Нержав Никелесод 0.8 х/к н/с AISI 304 (08х18н10) 2B (матовый),"СТАЛЬ ЛИСТОВАЯ НЕРЖАВ НИКЕЛЕСОД марки х/к н/с AISI 304 (08Х18Н10) 2B (матовый), размер 0.8",0.8,262960,т,1,0,0,https://www.kavstal.ru/public/assets/images/products/LISTOVOI_PROKAT/STAL_LISTOVAYA_NERZHAV_NIKELESOD/img.webp,нержавеющая сталь;сталь листовая нержав никелесод;х/к н/с aisi 304 (08х18н10) 2b (матовый);8;сталь;листовая;нержав;никелесод;0.8;х/к;н/с;aisi;304;08х18н10;2b;матовый,х/к н/с AISI 304 (08Х18Н10) 2B (матовый),0.8,,т
Нержавеющая сталь,СТАЛЬ ЛИСТОВАЯ НЕРЖАВ НИКЕЛЕСОД,х/к н/с AISI 304 (08Х18Н10) 2B (матовый),Сталь Листовая Нержав Никелесод 0.8 х/к н/с AISI 304 (08х18н10) 2B (матовый),"СТАЛЬ ЛИСТОВАЯ НЕРЖАВ НИКЕЛЕСОД марки х/к н/с AISI 304 (08Х18Н10) 2B (матовый), размер 0.8",0.8,271000,т,1,0,0,https://www.kavstal.ru/public/assets/images/products/LISTOVOI_PROKAT/STAL_LISTOVAYA_NERZHAV_NIKELESOD/img.webp,нержавеющая сталь;сталь листовая нержав никелесод;х/к н/с aisi 304 (08х18н10) 2b (матовый);8;сталь;листовая;нержав;никелесод;0.8;х/к;н/с;aisi;304;08х18н10;2b;матовый,х/к н/с AISI 304 (08Х18Н10) 2B (матовый),0.8,,т
Нержавеющая сталь,СТАЛЬ ЛИСТОВАЯ НЕРЖАВ НИКЕЛЕСОД,х/к н/с AISI 304 (08Х18Н10) 2B (матовый),Сталь Листовая Нержав Никелесод 0.8 х/к н/с AISI 304 (08х18н10) 2B (матовый),"СТАЛЬ ЛИСТОВАЯ НЕРЖАВ НИКЕЛЕСОД марки х/к н/с AISI 304 (08Х18Н10) 2B (матовый), размер 0.8",0.8,288000,т,1,0,0,https://www.kavstal.ru/public/assets/images/products/LISTOVOI_PROKAT/STAL_LISTOVAYA_NERZHAV_NIKELESOD/img.webp,нержавеющая сталь;сталь листовая нержав никелесод;х/к н/с aisi 304 (08х18н10) 2b (матовый);8;сталь;листовая;нержав;никелесод;0.8;х/к;н/с;aisi;304;08х18н10;2b;матовый,х/к н/с AISI 304 (08Х18Н10) 2B (матовый),0.8,,т
Нержавеющая сталь,СТАЛЬ ЛИСТОВАЯ НЕРЖАВ НИКЕЛЕСОД,х/к н/с AISI 304 (08Х18Н10) 2B (матовый),Сталь Листовая Нержав Никелесод 1 х/к н/с AISI 304 (08х18н10) 2B (матовый),"СТАЛЬ ЛИСТОВАЯ НЕРЖАВ НИКЕЛЕСОД марки х/к н/с AISI 304 (08Х18Н10) 2B (матовый), размер 1",1,265120,т,1,0,0,https://www.kavstal.ru/public/assets/images/products/LISTOVOI_PROKAT/STAL_LISTOVAYA_NERZHAV_NIKELESOD/img.webp,нержавеющая сталь;сталь листовая нержав никелесод;х/к н/с aisi 304 (08х18н10) 2b (матовый);1;сталь;листовая;нержав;никелесод;х/к;н/с;aisi;304;08х18н10;2b;матовый,х/к н/с AISI 304 (08Х18Н10) 2B (матовый),1,,т
Нержавеющая сталь,СТАЛЬ ЛИСТОВАЯ НЕРЖАВ НИКЕЛЕСОД,х/к н/с AISI 304 (08Х18Н10) 2B (матовый),Сталь Листовая Нержав Никелесод 1 х/к н/с AISI 304 (08х18н10) 2B (матовый),"СТАЛЬ ЛИСТОВАЯ НЕРЖАВ НИКЕЛЕСОД марки х/к н/с AISI 304 (08Х18Н10) 2B (матовый), размер 1",1,270000,т,1,0,0,https://www.kavstal.ru/public/assets/images/products/LISTOVOI_PROKAT/STAL_LISTOVAYA_NERZHAV_NIKELESOD/img.webp,нержавеющая сталь;сталь листовая нержав никелесод;х/к н/с aisi 304 (08х18н10) 2b (матовый);1;сталь;листовая;нержав;никелесод;х/к;н/с;aisi;304;08х18н10;2b;матовый,х/к н/с AISI 304 (08Х18Н10) 2B (матовый),1,,т
Нержавеющая сталь,СТАЛЬ ЛИСТОВАЯ НЕРЖАВ НИКЕЛЕСОД,х/к н/с AISI 304 (08Х18Н10) 2B (матовый),Сталь Листовая Нержав Никелесод 1 х/к н/с AISI 304 (08х18н10) 2B (матовый),"СТАЛЬ ЛИСТОВАЯ НЕРЖАВ НИКЕЛЕСОД марки х/к н/с AISI 304 (08Х18Н10) 2B (матовый), размер 1",1,290000,т,1,0,0,https://www.kavstal.ru/public/assets/images/products/LISTOVOI_PROKAT/STAL_LISTOVAYA_NERZHAV_NIKELESOD/img.webp,нержавеющая сталь;сталь листовая нержав никелесод;х/к н/с aisi 304 (08х18н10) 2b (матовый);1;сталь;листовая;нержав;никелесод;х/к;н/с;aisi;304;08х18н10;2b;матовый,х/к н/с AISI 304 (08Х18Н10) 2B (матовый),1,,т
Нержавеющая сталь,СТАЛЬ ЛИСТОВАЯ НЕРЖАВ НИКЕЛЕСОД,х/к н/с AISI 304 (08Х18Н10) 2B (матовый),Сталь Листовая Нержав Никелесод 1.2 х/к н/с AISI 304 (08х18н10) 2B (матовый),"СТАЛЬ ЛИСТОВАЯ НЕРЖАВ НИКЕЛЕСОД марки х/к н/с AISI 304 (08Х18Н10) 2B (матовый), размер 1.2",1.2,257320,т,1,0,0,https://www.kavstal.ru/public/assets/images/products/LISTOVOI_PROKAT/STAL_LISTOVAYA_NERZHAV_NIKELESOD/img.webp,нержавеющая сталь;сталь листовая нержав никелесод;х/к н/с aisi 304 (08х18н10) 2b (матовый);1;2;сталь;листовая;нержав;никелесод;1.2;х/к;н/с;aisi;304;08х18н10;2b;матовый,х/к н/с AISI 304 (08Х18Н10) 2B (матовый),1.2,,т
Нержавеющая сталь,СТАЛЬ ЛИСТОВАЯ НЕРЖАВ НИКЕЛЕСОД,х/к н/с AISI 304 (08Х18Н10) 2B (матовый),Сталь Листовая Нержав Никелесод 1.2 х/к н/с AISI 304 (08х18н10) 2B (матовый),"СТАЛЬ ЛИСТОВАЯ НЕРЖАВ НИКЕЛЕСОД марки х/к н/с AISI 304 (08Х18Н10) 2B (матовый), размер 1.2",1.2,262960,т,1,0,0,https://www.kavstal.ru/public/assets/images/products/LISTOVOI_PROKAT/STAL_LISTOVAYA_NERZHAV_NIKELESOD/img.webp,нержавеющая сталь;сталь листовая нержав никелесод;х/к н/с aisi 304 (08х18н10) 2b (матовый);1;2;сталь;листовая;нержав;никелесод;1.2;х/к;н/с;aisi;304;08х18н10;2b;матовый,х/к н/с AISI 304 (08Х18Н10) 2B (матовый),1.2,,т
Нержавеющая сталь,СТАЛЬ ЛИСТОВАЯ НЕРЖАВ НИКЕЛЕСОД,х/к н/с AISI 304 (08Х18Н10) 2B (матовый),Сталь Листовая Нержав Никелесод 1.2 х/к н/с AISI 304 (08х18н10) 2B (матовый),"СТАЛЬ ЛИСТОВАЯ НЕРЖАВ НИКЕЛЕСОД марки х/к н/с AISI 304 (08Х18Н10) 2B (матовый), размер 1.2",1.2,265860,т,1,0,0,https://www.kavstal.ru/public/assets/images/products/LISTOVOI_PROKAT/STAL_LISTOVAYA_NERZHAV_NIKELESOD/img.webp,нержавеющая сталь;сталь листовая нержав никелесод;х/к н/с aisi 304 (08х18н10) 2b (матовый);1;2;сталь;листовая;нержав;никелесод;1.2;х/к;н/с;aisi;304;08х18н10;2b;матовый,х/к н/с AISI 304 (08Х18Н10) 2B (матовый),1.2,,т
Нержавеющая сталь,СТАЛЬ ЛИСТОВАЯ НЕРЖАВ НИКЕЛЕСОД,х/к н/с AISI 304 (08Х18Н10) 2B (матовый),Сталь Листовая Нержав Никелесод 1.2 х/к н/с AISI 304 (08х18н10) 2B (матовый),"СТАЛЬ ЛИСТОВАЯ НЕРЖАВ НИКЕЛЕСОД марки х/к н/с AISI 304 (08Х18Н10) 2B (матовый), размер 1.2",1.2,273990,т,1,0,0,https://www.kavstal.ru/public/assets/images/products/LISTOVOI_PROKAT/STAL_LISTOVAYA_NERZHAV_NIKELESOD/img.webp,нержавеющая сталь;сталь листовая нержав никелесод;х/к н/с aisi 304 (08х18н10) 2b (матовый);1;2;сталь;листовая;нержав;никелесод;1.2;х/к;н/с;aisi;304;08х18н10;2b;матовый,х/к н/с AISI 304 (08Х18Н10) 2B (матовый),1.2,,т
Нержавеющая сталь,СТАЛЬ ЛИСТОВАЯ НЕРЖАВ НИКЕЛЕСОД,х/к н/с AISI 304 (08Х18Н10) 2B (матовый),Сталь Листовая Нержав Никелесод 1.5 х/к н/с AISI 304 (08х18н10) 2B (матовый),"СТАЛЬ ЛИСТОВАЯ НЕРЖАВ НИКЕЛЕСОД марки х/к н/с AISI 304 (08Х18Н10) 2B (матовый), размер 1.5",1.5,249830,т,1,0,0,https://www.kavstal.ru/public/assets/images/products/LISTOVOI_PROKAT/STAL_LISTOVAYA_NERZHAV_NIKELESOD/img.webp,нержавеющая сталь;сталь листовая нержав никелесод;х/к н/с aisi 304 (08х18н10) 2b (матовый);1;5;сталь;листовая;нержав;никелесод;1.5;х/к;н/с;aisi;304;08х18н10;2b;матовый,х/к н/с AISI 304 (08Х18Н10) 2B (матовый),1.5,,т
Нержавеющая сталь,СТАЛЬ ЛИСТОВАЯ НЕРЖАВ НИКЕЛЕСОД,х/к н/с AISI 304 (08Х18Н10) 2B (матовый),Сталь Листовая Нержав Никелесод 1.5 х/к н/с AISI 304 (08х18н10) 2B (матовый),"СТАЛЬ ЛИСТОВАЯ НЕРЖАВ НИКЕЛЕСОД марки х/к н/с AISI 304 (08Х18Н10) 2B (матовый), размер 1.5",1.5,257320,т,1,0,0,https://www.kavstal.ru/public/assets/images/products/LISTOVOI_PROKAT/STAL_LISTOVAYA_NERZHAV_NIKELESOD/img.webp,нержавеющая сталь;сталь листовая нержав никелесод;х/к н/с aisi 304 (08х18н10) 2b (матовый);1;5;сталь;листовая;нержав;никелесод;1.5;х/к;н/с;aisi;304;08х18н10;2b;матовый,х/к н/с AISI 304 (08Х18Н10) 2B (матовый),1.5,,т
Нержавеющая сталь,СТАЛЬ ЛИСТОВАЯ НЕРЖАВ НИКЕЛЕСОД,х/к н/с AISI 304 (08Х18Н10) 2B (матовый),Сталь Листовая Нержав Никелесод 1.5 х/к н/с AISI 304 (08х18н10) 2B (матовый),"СТАЛЬ ЛИСТОВАЯ НЕРЖАВ НИКЕЛЕСОД марки х/к н/с AISI 304 (08Х18Н10) 2B (матовый), размер 1.5",1.5,290000,т,1,0,0,https://www.kavstal.ru/public/assets/images/products/LISTOVOI_PROKAT/STAL_LISTOVAYA_NERZHAV_NIKELESOD/img.webp,нержавеющая сталь;сталь листовая нержав никелесод;х/к н/с aisi 304 (08х18н10) 2b (матовый);1;5;сталь;листовая;нержав;никелесод;1.5;х/к;н/с;aisi;304;08х18н10;2b;матовый,х/к н/с AISI 304 (08Х18Н10) 2B (матовый),1.5,,т
Нержавеющая сталь,СТАЛЬ ЛИСТОВАЯ НЕРЖАВ НИКЕЛЕСОД,х/к н/с AISI 304 (08Х18Н10) 2B (матовый),Сталь Листовая Нержав Никелесод 2 х/к н/с AISI 304 (08х18н10) 2B (матовый),"СТАЛЬ ЛИСТОВАЯ НЕРЖАВ НИКЕЛЕСОД марки х/к н/с AISI 304 (08Х18Н10) 2B (матовый), размер 2",2,244110,т,1,0,0,https://www.kavstal.ru/public/assets/images/products/LISTOVOI_PROKAT/STAL_LISTOVAYA_NERZHAV_NIKELESOD/img.webp,нержавеющая сталь;сталь листовая нержав никелесод;х/к н/с aisi 304 (08х18н10) 2b (матовый);2;сталь;листовая;нержав;никелесод;х/к;н/с;aisi;304;08х18н10;2b;матовый,х/к н/с AISI 304 (08Х18Н10) 2B (матовый),2,,т
Нержавеющая сталь,СТАЛЬ ЛИСТОВАЯ НЕРЖАВ НИКЕЛЕСОД,х/к н/с AISI 304 (08Х18Н10) 2B (матовый),Сталь Листовая Нержав Никелесод 2 х/к н/с AISI 304 (08х18н10) 2B (матовый),"СТАЛЬ ЛИСТОВАЯ НЕРЖАВ НИКЕЛЕСОД марки х/к н/с AISI 304 (08Х18Н10) 2B (матовый), размер 2",2,254250,т,1,0,0,https://www.kavstal.ru/public/assets/images/products/LISTOVOI_PROKAT/STAL_LISTOVAYA_NERZHAV_NIKELESOD/img.webp,нержавеющая сталь;сталь листовая нержав никелесод;х/к н/с aisi 304 (08х18н10) 2b (матовый);2;сталь;листовая;нержав;никелесод;х/к;н/с;aisi;304;08х18н10;2b;матовый,х/к н/с AISI 304 (08Х18Н10) 2B (матовый),2,,т
Нержавеющая сталь,СТАЛЬ ЛИСТОВАЯ НЕРЖАВ НИКЕЛЕСОД,х/к н/с AISI 304 (08Х18Н10) 2B (матовый),Сталь Листовая Нержав Никелесод 2 х/к н/с AISI 304 (08х18н10) 2B (матовый),"СТАЛЬ ЛИСТОВАЯ НЕРЖАВ НИКЕЛЕСОД марки х/к н/с AISI 304 (08Х18Н10) 2B (матовый), размер 2",2,257320,т,1,0,0,https://www.kavstal.ru/public/assets/images/products/LISTOVOI_PROKAT/STAL_LISTOVAYA_NERZHAV_NIKELESOD/img.webp,нержавеющая сталь;сталь листовая нержав никелесод;х/к н/с aisi 304 (08х18н10) 2b (матовый);2;сталь;листовая;нержав;никелесод;х/к;н/с;aisi;304;08х18н10;2b;матовый,х/к н/с AISI 304 (08Х18Н10) 2B (матовый),2,,т
Нержавеющая сталь,СТАЛЬ ЛИСТОВАЯ НЕРЖАВ НИКЕЛЕСОД,х/к н/с AISI 304 (08Х18Н10) 2B (матовый),Сталь Листовая Нержав Никелесод 2 х/к н/с AISI 304 (08х18н10) 2B (матовый),"СТАЛЬ ЛИСТОВАЯ НЕРЖАВ НИКЕЛЕСОД марки х/к н/с AISI 304 (08Х18Н10) 2B (матовый), размер 2",2,261880,т,1,0,0,https://www.kavstal.ru/public/assets/images/products/LISTOVOI_PROKAT/STAL_LISTOVAYA_NERZHAV_NIKELESOD/img.webp,нержавеющая сталь;сталь листовая нержав никелесод;х/к н/с aisi 304 (08х18н10) 2b (матовый);2;сталь;листовая;нержав;никелесод;х/к;н/с;aisi;304;08х18н10;2b;матовый,х/к н/с AISI 304 (08Х18Н10) 2B (матовый),2,,т
Нержавеющая сталь,СТАЛЬ ЛИСТОВАЯ НЕРЖАВ НИКЕЛЕСОД,х/к н/с AISI 304 (08Х18Н10) 2B (матовый),Сталь Листовая Нержав Никелесод 2 х/к н/с AISI 304 (08х18н10) 2B (матовый),"СТАЛЬ ЛИСТОВАЯ НЕРЖАВ НИКЕЛЕСОД марки х/к н/с AISI 304 (08Х18Н10) 2B (матовый), размер 2",2,270000,т,1,0,0,https://www.kavstal.ru/public/assets/images/products/LISTOVOI_PROKAT/STAL_LISTOVAYA_NERZHAV_NIKELESOD/img.webp,нержавеющая сталь;сталь листовая нержав никелесод;х/к н/с aisi 304 (08х18н10) 2b (матовый);2;сталь;листовая;нержав;никелесод;х/к;н/с;aisi;304;08х18н10;2b;матовый,х/к н/с AISI 304 (08Х18Н10) 2B (матовый),2,,т
Нержавеющая сталь,СТАЛЬ ЛИСТОВАЯ НЕРЖАВ НИКЕЛЕСОД,х/к н/с AISI 304 (08Х18Н10) 2B (матовый),Сталь Листовая Нержав Никелесод 2.5 х/к н/с AISI 304 (08х18н10) 2B (матовый),"СТАЛЬ ЛИСТОВАЯ НЕРЖАВ НИКЕЛЕСОД марки х/к н/с AISI 304 (08Х18Н10) 2B (матовый), размер 2.5",2.5,261880,т,1,0,0,https://www.kavstal.ru/public/assets/images/products/LISTOVOI_PROKAT/STAL_LISTOVAYA_NERZHAV_NIKELESOD/img.webp,нержавеющая сталь;сталь листовая нержав никелесод;х/к н/с aisi 304 (08х18н10) 2b (матовый);2;5;сталь;листовая;нержав;никелесод;2.5;х/к;н/с;aisi;304;08х18н10;2b;матовый,х/к н/с AISI 304 (08Х18Н10) 2B (матовый),2.5,,т
Нержавеющая сталь,СТАЛЬ ЛИСТОВАЯ НЕРЖАВ НИКЕЛЕСОД,х/к н/с AISI 304 (08Х18Н10) 2B (матовый),Сталь Листовая Нержав Никелесод 3 х/к н/с AISI 304 (08х18н10) 2B (матовый),"СТАЛЬ ЛИСТОВАЯ НЕРЖАВ НИКЕЛЕСОД марки х/к н/с AISI 304 (08Х18Н10) 2B (матовый), размер 3",3,254250,т,1,0,0,https://www.kavstal.ru/public/assets/images/products/LISTOVOI_PROKAT/STAL_LISTOVAYA_NERZHAV_NIKELESOD/img.webp,нержавеющая сталь;сталь листовая нержав никелесод;х/к н/с aisi 304 (08х18н10) 2b (матовый);3;сталь;листовая;нержав;никелесод;х/к;н/с;aisi;304;08х18н10;2b;матовый,х/к н/с AISI 304 (08Х18Н10) 2B (матовый),3,,т
Нержавеющая сталь,СТАЛЬ ЛИСТОВАЯ НЕРЖАВ НИКЕЛЕСОД,х/к н/с AISI 304 (08Х18Н10) 2B (матовый),Сталь Листовая Нержав Никелесод 3 х/к н/с AISI 304 (08х18н10) 2B (матовый),"СТАЛЬ ЛИСТОВАЯ НЕРЖАВ НИКЕЛЕСОД марки х/к н/с AISI 304 (08Х18Н10) 2B (матовый), размер 3",3,261880,т,1,0,0,https://www.kavstal.ru/public/assets/images/products/LISTOVOI_PROKAT/STAL_LISTOVAYA_NERZHAV_NIKELESOD/img.webp,нержавеющая сталь;сталь листовая нержав никелесод;х/к н/с aisi 304 (08х18н10) 2b (матовый);3;сталь;листовая;нержав;никелесод;х/к;н/с;aisi;304;08х18н10;2b;матовый,х/к н/с AISI 304 (08Х18Н10) 2B (матовый),3,,т
Нержавеющая сталь,СТАЛЬ ЛИСТОВАЯ НЕРЖАВ НИКЕЛЕСОД,х/к н/с AISI 304 (08Х18Н10) 2B (матовый),Сталь Листовая Нержав Никелесод 3 х/к н/с AISI 304 (08х18н10) 2B (матовый),"СТАЛЬ ЛИСТОВАЯ НЕРЖАВ НИКЕЛЕСОД марки х/к н/с AISI 304 (08Х18Н10) 2B (матовый), размер 3",3,262960,т,1,0,0,https://www.kavstal.ru/public/assets/images/products/LISTOVOI_PROKAT/STAL_LISTOVAYA_NERZHAV_NIKELESOD/img.webp,нержавеющая сталь;сталь листовая нержав никелесод;х/к н/с aisi 304 (08х18н10) 2b (матовый);3;сталь;листовая;нержав;никелесод;х/к;н/с;aisi;304;08х18н10;2b;матовый,х/к н/с AISI 304 (08Х18Н10) 2B (матовый),3,,т
Нержавеющая сталь,СТАЛЬ ЛИСТОВАЯ НЕРЖАВ НИКЕЛЕСОД,х/к н/с AISI 304 (08Х18Н10) 2B (матовый),Сталь Листовая Нержав Никелесод 3 х/к н/с AISI 304 (08х18н10) 2B (матовый),"СТАЛЬ ЛИСТОВАЯ НЕРЖАВ НИКЕЛЕСОД марки х/к н/с AISI 304 (08Х18Н10) 2B (матовый), размер 3",3,265100,т,1,0,0,https://www.kavstal.ru/public/assets/images/products/LISTOVOI_PROKAT/STAL_LISTOVAYA_NERZHAV_NIKELESOD/img.webp,нержавеющая сталь;сталь листовая нержав никелесод;х/к н/с aisi 304 (08х18н10) 2b (матовый);3;сталь;листовая;нержав;никелесод;х/к;н/с;aisi;304;08х18н10;2b;матовый,х/к н/с AISI 304 (08Х18Н10) 2B (матовый),3,,т
Нержавеющая сталь,СТАЛЬ ЛИСТОВАЯ НЕРЖАВ НИКЕЛЕСОД,х/к н/с AISI 304 (08Х18Н10) 2B (матовый),Сталь Листовая Нержав Никелесод 4 х/к н/с AISI 304 (08х18н10) 2B (матовый),"СТАЛЬ ЛИСТОВАЯ НЕРЖАВ НИКЕЛЕСОД марки х/к н/с AISI 304 (08Х18Н10) 2B (матовый), размер 4",4,260210,т,1,0,0,https://www.kavstal.ru/public/assets/images/products/LISTOVOI_PROKAT/STAL_LISTOVAYA_NERZHAV_NIKELESOD/img.webp,нержавеющая сталь;сталь листовая нержав никелесод;х/к н/с aisi 304 (08х18н10) 2b (матовый);4;сталь;листовая;нержав;никелесод;х/к;н/с;aisi;304;08х18н10;2b;матовый,х/к н/с AISI 304 (08Х18Н10) 2B (матовый),4,,т
Нержавеющая сталь,СТАЛЬ ЛИСТОВАЯ НЕРЖАВ НИКЕЛЕСОД,х/к н/с AISI 304 (08Х18Н10) 2B (матовый),Сталь Листовая Нержав Никелесод 4 х/к н/с AISI 304 (08х18н10) 2B (матовый),"СТАЛЬ ЛИСТОВАЯ НЕРЖАВ НИКЕЛЕСОД марки х/к н/с AISI 304 (08Х18Н10) 2B (матовый), размер 4",4,262960,т,1,0,0,https://www.kavstal.ru/public/assets/images/products/LISTOVOI_PROKAT/STAL_LISTOVAYA_NERZHAV_NIKELESOD/img.webp,нержавеющая сталь;сталь листовая нержав никелесод;х/к н/с aisi 304 (08х18н10) 2b (матовый);4;сталь;листовая;нержав;никелесод;х/к;н/с;aisi;304;08х18н10;2b;матовый,х/к н/с AISI 304 (08Х18Н10) 2B (матовый),4,,т
Нержавеющая сталь,СТАЛЬ ЛИСТОВАЯ НЕРЖАВ НИКЕЛЕСОД,х/к н/с AISI 304 (08Х18Н10) 2B (матовый),Сталь Листовая Нержав Никелесод 4 х/к н/с AISI 304 (08х18н10) 2B (матовый),"СТАЛЬ ЛИСТОВАЯ НЕРЖАВ НИКЕЛЕСОД марки х/к н/с AISI 304 (08Х18Н10) 2B (матовый), размер 4",4,288490,т,1,0,0,https://www.kavstal.ru/public/assets/images/products/LISTOVOI_PROKAT/STAL_LISTOVAYA_NERZHAV_NIKELESOD/img.webp,нержавеющая сталь;сталь листовая нержав никелесод;х/к н/с aisi 304 (08х18н10) 2b (матовый);4;сталь;листовая;нержав;никелесод;х/к;н/с;aisi;304;08х18н10;2b;матовый,х/к н/с AISI 304 (08Х18Н10) 2B (матовый),4,,т
Нержавеющая сталь,СТАЛЬ ЛИСТОВАЯ НЕРЖАВ НИКЕЛЕСОД,х/к н/с AISI 304 (08Х18Н10) 2B (матовый),Сталь Листовая Нержав Никелесод 5 х/к н/с AISI 304 (08х18н10) 2B (матовый),"СТАЛЬ ЛИСТОВАЯ НЕРЖАВ НИКЕЛЕСОД марки х/к н/с AISI 304 (08Х18Н10) 2B (матовый), размер 5",5,288930,т,1,0,0,https://www.kavstal.ru/public/assets/images/products/LISTOVOI_PROKAT/STAL_LISTOVAYA_NERZHAV_NIKELESOD/img.webp,нержавеющая сталь;сталь листовая нержав никелесод;х/к н/с aisi 304 (08х18н10) 2b (матовый);5;сталь;листовая;нержав;никелесод;х/к;н/с;aisi;304;08х18н10;2b;матовый,х/к н/с AISI 304 (08Х18Н10) 2B (матовый),5,,т
Нержавеющая сталь,СТАЛЬ ЛИСТОВАЯ НЕРЖАВ НИКЕЛЕСОД,х/к н/с AISI 304 (08Х18Н10) 2B (матовый),Сталь Листовая Нержав Никелесод 6 х/к н/с AISI 304 (08х18н10) 2B (матовый),"СТАЛЬ ЛИСТОВАЯ НЕРЖАВ НИКЕЛЕСОД марки х/к н/с AISI 304 (08Х18Н10) 2B (матовый), размер 6",6,294330,т,1,0,0,https://www.kavstal.ru/public/assets/images/products/LISTOVOI_PROKAT/STAL_LISTOVAYA_NERZHAV_NIKELESOD/img.webp,нержавеющая сталь;сталь листовая нержав никелесод;х/к н/с aisi 304 (08х18н10) 2b (матовый);6;сталь;листовая;нержав;никелесод;х/к;н/с;aisi;304;08х18н10;2b;матовый,х/к н/с AISI 304 (08Х18Н10) 2B (матовый),6,,т
Нержавеющая сталь,СТАЛЬ ЛИСТОВАЯ НЕРЖАВ НИКЕЛЕСОД,х/к н/с AISI 304 (08Х18Н10) 2B+PE (матовый),Сталь Листовая Нержав Никелесод 1.2 х/к н/с AISI 304 (08х18н10) 2b+pe (матовый),"СТАЛЬ ЛИСТОВАЯ НЕРЖАВ НИКЕЛЕСОД марки х/к н/с AISI 304 (08Х18Н10) 2B+PE (матовый), размер 1.2",1.2,273780,т,1,0,0,https://www.kavstal.ru/public/assets/images/products/LISTOVOI_PROKAT/STAL_LISTOVAYA_NERZHAV_NIKELESOD/img.webp,нержавеющая сталь;сталь листовая нержав никелесод;х/к н/с aisi 304 (08х18н10) 2b+pe (матовый);1;2;сталь;листовая;нержав;никелесод;1.2;х/к;н/с;aisi;304;08х18н10;2b+pe;матовый,х/к н/с AISI 304 (08Х18Н10) 2B+PE (матовый),1.2,,т
Нержавеющая сталь,СТАЛЬ ЛИСТОВАЯ НЕРЖАВ НИКЕЛЕСОД,х/к н/с AISI 304 (08Х18Н10) 2B+PE (матовый),Сталь Листовая Нержав Никелесод 1.5 х/к н/с AISI 304 (08х18н10) 2b+pe (матовый),"СТАЛЬ ЛИСТОВАЯ НЕРЖАВ НИКЕЛЕСОД марки х/к н/с AISI 304 (08Х18Н10) 2B+PE (матовый), размер 1.5",1.5,271530,т,1,0,0,https://www.kavstal.ru/public/assets/images/products/LISTOVOI_PROKAT/STAL_LISTOVAYA_NERZHAV_NIKELESOD/img.webp,нержавеющая сталь;сталь листовая нержав никелесод;х/к н/с aisi 304 (08х18н10) 2b+pe (матовый);1;5;сталь;листовая;нержав;никелесод;1.5;х/к;н/с;aisi;304;08х18н10;2b+pe;матовый,х/к н/с AISI 304 (08Х18Н10) 2B+PE (матовый),1.5,,т
Нержавеющая сталь,СТАЛЬ ЛИСТОВАЯ НЕРЖАВ НИКЕЛЕСОД,х/к н/с AISI 304 (08Х18Н10) 2B+PE (матовый),Сталь Листовая Нержав Никелесод 2 х/к н/с AISI 304 (08х18н10) 2b+pe (матовый),"СТАЛЬ ЛИСТОВАЯ НЕРЖАВ НИКЕЛЕСОД марки х/к н/с AISI 304 (08Х18Н10) 2B+PE (матовый), размер 2",2,273780,т,1,0,0,https://www.kavstal.ru/public/assets/images/products/LISTOVOI_PROKAT/STAL_LISTOVAYA_NERZHAV_NIKELESOD/img.webp,нержавеющая сталь;сталь листовая нержав никелесод;х/к н/с aisi 304 (08х18н10) 2b+pe (матовый);2;сталь;листовая;нержав;никелесод;х/к;н/с;aisi;304;08х18н10;2b+pe;матовый,х/к н/с AISI 304 (08Х18Н10) 2B+PE (матовый),2,,т
Нержавеющая сталь,СТАЛЬ ЛИСТОВАЯ НЕРЖАВ НИКЕЛЕСОД,х/к н/с AISI 304 (08Х18Н10) 2B+PE (матовый),Сталь Листовая Нержав Никелесод 2 х/к н/с AISI 304 (08х18н10) 2b+pe (матовый),"СТАЛЬ ЛИСТОВАЯ НЕРЖАВ НИКЕЛЕСОД марки х/к н/с AISI 304 (08Х18Н10) 2B+PE (матовый), размер 2",2,279450,т,1,0,0,https://www.kavstal.ru/public/assets/images/products/LISTOVOI_PROKAT/STAL_LISTOVAYA_NERZHAV_NIKELESOD/img.webp,нержавеющая сталь;сталь листовая нержав никелесод;х/к н/с aisi 304 (08х18н10) 2b+pe (матовый);2;сталь;листовая;нержав;никелесод;х/к;н/с;aisi;304;08х18н10;2b+pe;матовый,х/к н/с AISI 304 (08Х18Н10) 2B+PE (матовый),2,,т
Нержавеющая сталь,СТАЛЬ ЛИСТОВАЯ НЕРЖАВ НИКЕЛЕСОД,х/к н/с AISI 304 (08Х18Н10) 2B+PE (матовый),Сталь Листовая Нержав Никелесод 3 х/к н/с AISI 304 (08х18н10) 2b+pe (матовый),"СТАЛЬ ЛИСТОВАЯ НЕРЖАВ НИКЕЛЕСОД марки х/к н/с AISI 304 (08Х18Н10) 2B+PE (матовый), размер 3",3,271530,т,1,0,0,https://www.kavstal.ru/public/assets/images/products/LISTOVOI_PROKAT/STAL_LISTOVAYA_NERZHAV_NIKELESOD/img.webp,нержавеющая сталь;сталь листовая нержав никелесод;х/к н/с aisi 304 (08х18н10) 2b+pe (матовый);3;сталь;листовая;нержав;никелесод;х/к;н/с;aisi;304;08х18н10;2b+pe;матовый,х/к н/с AISI 304 (08Х18Н10) 2B+PE (матовый),3,,т
Нержавеющая сталь,СТАЛЬ ЛИСТОВАЯ НЕРЖАВ НИКЕЛЕСОД,х/к н/с AISI 304 (08Х18Н10) 2B+PE (матовый),Сталь Листовая Нержав Никелесод 3 х/к н/с AISI 304 (08х18н10) 2b+pe (матовый),"СТАЛЬ ЛИСТОВАЯ НЕРЖАВ НИКЕЛЕСОД марки х/к н/с AISI 304 (08Х18Н10) 2B+PE (матовый), размер 3",3,276590,т,1,0,0,https://www.kavstal.ru/public/assets/images/products/LISTOVOI_PROKAT/STAL_LISTOVAYA_NERZHAV_NIKELESOD/img.webp,нержавеющая сталь;сталь листовая нержав никелесод;х/к н/с aisi 304 (08х18н10) 2b+pe (матовый);3;сталь;листовая;нержав;никелесод;х/к;н/с;aisi;304;08х18н10;2b+pe;матовый,х/к н/с AISI 304 (08Х18Н10) 2B+PE (матовый),3,,т
Нержавеющая сталь,СТАЛЬ ЛИСТОВАЯ НЕРЖАВ НИКЕЛЕСОД,х/к н/с AISI 304 (08Х18Н10) 2B+РЕ,Сталь Листовая Нержав Никелесод 0.5 х/к н/с AISI 304 (08х18н10) 2b+ре,"СТАЛЬ ЛИСТОВАЯ НЕРЖАВ НИКЕЛЕСОД марки х/к н/с AISI 304 (08Х18Н10) 2B+РЕ, размер 0.5",0.5,317200,т,1,0,0,https://www.kavstal.ru/public/assets/images/products/LISTOVOI_PROKAT/STAL_LISTOVAYA_NERZHAV_NIKELESOD/img.webp,нержавеющая сталь;сталь листовая нержав никелесод;х/к н/с aisi 304 (08х18н10) 2b+ре;5;сталь;листовая;нержав;никелесод;0.5;х/к;н/с;aisi;304;08х18н10;2b+ре,х/к н/с AISI 304 (08Х18Н10) 2B+РЕ,0.5,,т
Нержавеющая сталь,СТАЛЬ ЛИСТОВАЯ НЕРЖАВ НИКЕЛЕСОД,х/к н/с AISI 304 (08Х18Н10) 4N (шлиф.),Сталь Листовая Нержав Никелесод 0.5 х/к н/с AISI 304 (08х18н10) 4n (шлиф.),"СТАЛЬ ЛИСТОВАЯ НЕРЖАВ НИКЕЛЕСОД марки х/к н/с AISI 304 (08Х18Н10) 4N (шлиф.), размер 0.5",0.5,309430,т,1,0,0,https://www.kavstal.ru/public/assets/images/products/LISTOVOI_PROKAT/STAL_LISTOVAYA_NERZHAV_NIKELESOD/img.webp,нержавеющая сталь;сталь листовая нержав никелесод;х/к н/с aisi 304 (08х18н10) 4n (шлиф.);5;сталь;листовая;нержав;никелесод;0.5;х/к;н/с;aisi;304;08х18н10;4n;шлиф,х/к н/с AISI 304 (08Х18Н10) 4N (шлиф.),0.5,,т
Нержавеющая сталь,СТАЛЬ ЛИСТОВАЯ НЕРЖАВ НИКЕЛЕСОД,х/к н/с AISI 304 (08Х18Н10) 4N (шлиф.),Сталь Листовая Нержав Никелесод 0.8 х/к н/с AISI 304 (08х18н10) 4n (шлиф.),"СТАЛЬ ЛИСТОВАЯ НЕРЖАВ НИКЕЛЕСОД марки х/к н/с AISI 304 (08Х18Н10) 4N (шлиф.), размер 0.8",0.8,285100,т,1,0,0,https://www.kavstal.ru/public/assets/images/products/LISTOVOI_PROKAT/STAL_LISTOVAYA_NERZHAV_NIKELESOD/img.webp,нержавеющая сталь;сталь листовая нержав никелесод;х/к н/с aisi 304 (08х18н10) 4n (шлиф.);8;сталь;листовая;нержав;никелесод;0.8;х/к;н/с;aisi;304;08х18н10;4n;шлиф,х/к н/с AISI 304 (08Х18Н10) 4N (шлиф.),0.8,,т
Нержавеющая сталь,СТАЛЬ ЛИСТОВАЯ НЕРЖАВ НИКЕЛЕСОД,х/к н/с AISI 304 (08Х18Н10) 4N (шлиф.),Сталь Листовая Нержав Никелесод 1 х/к н/с AISI 304 (08х18н10) 4n (шлиф.),"СТАЛЬ ЛИСТОВАЯ НЕРЖАВ НИКЕЛЕСОД марки х/к н/с AISI 304 (08Х18Н10) 4N (шлиф.), размер 1",1,299810,т,1,0,0,https://www.kavstal.ru/public/assets/images/products/LISTOVOI_PROKAT/STAL_LISTOVAYA_NERZHAV_NIKELESOD/img.webp,нержавеющая сталь;сталь листовая нержав никелесод;х/к н/с aisi 304 (08х18н10) 4n (шлиф.);1;сталь;листовая;нержав;никелесод;х/к;н/с;aisi;304;08х18н10;4n;шлиф,х/к н/с AISI 304 (08Х18Н10) 4N (шлиф.),1,,т
Нержавеющая сталь,СТАЛЬ ЛИСТОВАЯ НЕРЖАВ НИКЕЛЕСОД,х/к н/с AISI 304 (08Х18Н10) 4N (шлиф.),Сталь Листовая Нержав Никелесод 1.5 х/к н/с AISI 304 (08х18н10) 4n (шлиф.),"СТАЛЬ ЛИСТОВАЯ НЕРЖАВ НИКЕЛЕСОД марки х/к н/с AISI 304 (08Х18Н10) 4N (шлиф.), размер 1.5",1.5,280570,т,1,0,0,https://www.kavstal.ru/public/assets/images/products/LISTOVOI_PROKAT/STAL_LISTOVAYA_NERZHAV_NIKELESOD/img.webp,нержавеющая сталь;сталь листовая нержав никелесод;х/к н/с aisi 304 (08х18н10) 4n (шлиф.);1;5;сталь;листовая;нержав;никелесод;1.5;х/к;н/с;aisi;304;08х18н10;4n;шлиф,х/к н/с AISI 304 (08Х18Н10) 4N (шлиф.),1.5,,т
Нержавеющая сталь,СТАЛЬ ЛИСТОВАЯ НЕРЖАВ НИКЕЛЕСОД,х/к н/с AISI 304 (08Х18Н10) 4N (шлиф.),Сталь Листовая Нержав Никелесод 1.5 х/к н/с AISI 304 (08х18н10) 4n (шлиф.),"СТАЛЬ ЛИСТОВАЯ НЕРЖАВ НИКЕЛЕСОД марки х/к н/с AISI 304 (08Х18Н10) 4N (шлиф.), размер 1.5",1.5,287000,т,1,0,0,https://www.kavstal.ru/public/assets/images/products/LISTOVOI_PROKAT/STAL_LISTOVAYA_NERZHAV_NIKELESOD/img.webp,нержавеющая сталь;сталь листовая нержав никелесод;х/к н/с aisi 304 (08х18н10) 4n (шлиф.);1;5;сталь;листовая;нержав;никелесод;1.5;х/к;н/с;aisi;304;08х18н10;4n;шлиф,х/к н/с AISI 304 (08Х18Н10) 4N (шлиф.),1.5,,т
Нержавеющая сталь,СТАЛЬ ЛИСТОВАЯ НЕРЖАВ НИКЕЛЕСОД,х/к н/с AISI 304 (08Х18Н10) 4N (шлиф.),Сталь Листовая Нержав Никелесод 1.5 х/к н/с AISI 304 (08х18н10) 4n (шлиф.),"СТАЛЬ ЛИСТОВАЯ НЕРЖАВ НИКЕЛЕСОД марки х/к н/с AISI 304 (08Х18Н10) 4N (шлиф.), размер 1.5",1.5,295590,т,1,0,0,https://www.kavstal.ru/public/assets/images/products/LISTOVOI_PROKAT/STAL_LISTOVAYA_NERZHAV_NIKELESOD/img.webp,нержавеющая сталь;сталь листовая нержав никелесод;х/к н/с aisi 304 (08х18н10) 4n (шлиф.);1;5;сталь;листовая;нержав;никелесод;1.5;х/к;н/с;aisi;304;08х18н10;4n;шлиф,х/к н/с AISI 304 (08Х18Н10) 4N (шлиф.),1.5,,т
Нержавеющая сталь,СТАЛЬ ЛИСТОВАЯ НЕРЖАВ НИКЕЛЕСОД,х/к н/с AISI 304 (08Х18Н10) 4N+LASER PE (шлиф.),Сталь Листовая Нержав Никелесод 3 х/к н/с AISI 304 (08х18н10) 4n+laser Pe (шлиф.),"СТАЛЬ ЛИСТОВАЯ НЕРЖАВ НИКЕЛЕСОД марки х/к н/с AISI 304 (08Х18Н10) 4N+LASER PE (шлиф.), размер 3",3,319100,т,1,0,0,https://www.kavstal.ru/public/assets/images/products/LISTOVOI_PROKAT/STAL_LISTOVAYA_NERZHAV_NIKELESOD/img.webp,нержавеющая сталь;сталь листовая нержав никелесод;х/к н/с aisi 304 (08х18н10) 4n+laser pe (шлиф.);3;сталь;листовая;нержав;никелесод;х/к;н/с;aisi;304;08х18н10;4n+laser;pe;шлиф,х/к н/с AISI 304 (08Х18Н10) 4N+LASER PE (шлиф.),3,,т
Нержавеющая сталь,СТАЛЬ ЛИСТОВАЯ НЕРЖАВ НИКЕЛЕСОД,х/к н/с AISI 304 (08Х18Н10) 4N+LPE (шлиф.),Сталь Листовая Нержав Никелесод 1.5 х/к н/с AISI 304 (08х18н10) 4n+lpe (шлиф.),"СТАЛЬ ЛИСТОВАЯ НЕРЖАВ НИКЕЛЕСОД марки х/к н/с AISI 304 (08Х18Н10) 4N+LPE (шлиф.), размер 1.5",1.5,338000,т,1,0,0,https://www.kavstal.ru/public/assets/images/products/LISTOVOI_PROKAT/STAL_LISTOVAYA_NERZHAV_NIKELESOD/img.webp,нержавеющая сталь;сталь листовая нержав никелесод;х/к н/с aisi 304 (08х18н10) 4n+lpe (шлиф.);1;5;сталь;листовая;нержав;никелесод;1.5;х/к;н/с;aisi;304;08х18н10;4n+lpe;шлиф,х/к н/с AISI 304 (08Х18Н10) 4N+LPE (шлиф.),1.5,,т
Нержавеющая сталь,СТАЛЬ ЛИСТОВАЯ НЕРЖАВ НИКЕЛЕСОД,х/к н/с AISI 304 (08Х18Н10) 4N+PE,Сталь Листовая Нержав Никелесод 0.7 х/к н/с AISI 304 (08х18н10) 4n+pe,"СТАЛЬ ЛИСТОВАЯ НЕРЖАВ НИКЕЛЕСОД марки х/к н/с AISI 304 (08Х18Н10) 4N+PE, размер 0.7",0.7,377030,т,1,0,0,https://www.kavstal.ru/public/assets/images/products/LISTOVOI_PROKAT/STAL_LISTOVAYA_NERZHAV_NIKELESOD/img.webp,нержавеющая сталь;сталь листовая нержав никелесод;х/к н/с aisi 304 (08х18н10) 4n+pe;7;сталь;листовая;нержав;никелесод;0.7;х/к;н/с;aisi;304;08х18н10;4n+pe,х/к н/с AISI 304 (08Х18Н10) 4N+PE,0.7,,т
Нержавеющая сталь,СТАЛЬ ЛИСТОВАЯ НЕРЖАВ НИКЕЛЕСОД,х/к н/с AISI 304 (08Х18Н10) 4N+PE (шлиф.),Сталь Листовая Нержав Никелесод 0.5 х/к н/с AISI 304 (08х18н10) 4n+pe (шлиф.),"СТАЛЬ ЛИСТОВАЯ НЕРЖАВ НИКЕЛЕСОД марки х/к н/с AISI 304 (08Х18Н10) 4N+PE (шлиф.), размер 0.5",0.5,282740,т,1,0,0,https://www.kavstal.ru/public/assets/images/products/LISTOVOI_PROKAT/STAL_LISTOVAYA_NERZHAV_NIKELESOD/img.webp,нержавеющая сталь;сталь листовая нержав никелесод;х/к н/с aisi 304 (08х18н10) 4n+pe (шлиф.);5;сталь;листовая;нержав;никелесод;0.5;х/к;н/с;aisi;304;08х18н10;4n+pe;шлиф,х/к н/с AISI 304 (08Х18Н10) 4N+PE (шлиф.),0.5,,т
Нержавеющая сталь,СТАЛЬ ЛИСТОВАЯ НЕРЖАВ НИКЕЛЕСОД,х/к н/с AISI 304 (08Х18Н10) 4N+PE (шлиф.),Сталь Листовая Нержав Никелесод 0.5 х/к н/с AISI 304 (08х18н10) 4n+pe (шлиф.),"СТАЛЬ ЛИСТОВАЯ НЕРЖАВ НИКЕЛЕСОД марки х/к н/с AISI 304 (08Х18Н10) 4N+PE (шлиф.), размер 0.5",0.5,323550,т,1,0,0,https://www.kavstal.ru/public/assets/images/products/LISTOVOI_PROKAT/STAL_LISTOVAYA_NERZHAV_NIKELESOD/img.webp,нержавеющая сталь;сталь листовая нержав никелесод;х/к н/с aisi 304 (08х18н10) 4n+pe (шлиф.);5;сталь;листовая;нержав;никелесод;0.5;х/к;н/с;aisi;304;08х18н10;4n+pe;шлиф,х/к н/с AISI 304 (08Х18Н10) 4N+PE (шлиф.),0.5,,т
Нержавеющая сталь,СТАЛЬ ЛИСТОВАЯ НЕРЖАВ НИКЕЛЕСОД,х/к н/с AISI 304 (08Х18Н10) 4N+PE (шлиф.),Сталь Листовая Нержав Никелесод 0.6 х/к н/с AISI 304 (08х18н10) 4n+pe (шлиф.),"СТАЛЬ ЛИСТОВАЯ НЕРЖАВ НИКЕЛЕСОД марки х/к н/с AISI 304 (08Х18Н10) 4N+PE (шлиф.), размер 0.6",0.6,274920,т,1,0,0,https://www.kavstal.ru/public/assets/images/products/LISTOVOI_PROKAT/STAL_LISTOVAYA_NERZHAV_NIKELESOD/img.webp,нержавеющая сталь;сталь листовая нержав никелесод;х/к н/с aisi 304 (08х18н10) 4n+pe (шлиф.);6;сталь;листовая;нержав;никелесод;0.6;х/к;н/с;aisi;304;08х18н10;4n+pe;шлиф,х/к н/с AISI 304 (08Х18Н10) 4N+PE (шлиф.),0.6,,т
Нержавеющая сталь,СТАЛЬ ЛИСТОВАЯ НЕРЖАВ НИКЕЛЕСОД,х/к н/с AISI 304 (08Х18Н10) 4N+PE (шлиф.),Сталь Листовая Нержав Никелесод 0.6 х/к н/с AISI 304 (08х18н10) 4n+pe (шлиф.),"СТАЛЬ ЛИСТОВАЯ НЕРЖАВ НИКЕЛЕСОД марки х/к н/с AISI 304 (08Х18Н10) 4N+PE (шлиф.), размер 0.6",0.6,278320,т,1,0,0,https://www.kavstal.ru/public/assets/images/products/LISTOVOI_PROKAT/STAL_LISTOVAYA_NERZHAV_NIKELESOD/img.webp,нержавеющая сталь;сталь листовая нержав никелесод;х/к н/с aisi 304 (08х18н10) 4n+pe (шлиф.);6;сталь;листовая;нержав;никелесод;0.6;х/к;н/с;aisi;304;08х18н10;4n+pe;шлиф,х/к н/с AISI 304 (08Х18Н10) 4N+PE (шлиф.),0.6,,т
Нержавеющая сталь,СТАЛЬ ЛИСТОВАЯ НЕРЖАВ НИКЕЛЕСОД,х/к н/с AISI 304 (08Х18Н10) 4N+PE (шлиф.),Сталь Листовая Нержав Никелесод 0.7 х/к н/с AISI 304 (08х18н10) 4n+pe (шлиф.),"СТАЛЬ ЛИСТОВАЯ НЕРЖАВ НИКЕЛЕСОД марки х/к н/с AISI 304 (08Х18Н10) 4N+PE (шлиф.), размер 0.7",0.7,288930,т,1,0,0,https://www.kavstal.ru/public/assets/images/products/LISTOVOI_PROKAT/STAL_LISTOVAYA_NERZHAV_NIKELESOD/img.webp,нержавеющая сталь;сталь листовая нержав никелесод;х/к н/с aisi 304 (08х18н10) 4n+pe (шлиф.);7;сталь;листовая;нержав;никелесод;0.7;х/к;н/с;aisi;304;08х18н10;4n+pe;шлиф,х/к н/с AISI 304 (08Х18Н10) 4N+PE (шлиф.),0.7,,т
Нержавеющая сталь,СТАЛЬ ЛИСТОВАЯ НЕРЖАВ НИКЕЛЕСОД,х/к н/с AISI 304 (08Х18Н10) 4N+PE (шлиф.),Сталь Листовая Нержав Никелесод 0.8 х/к н/с AISI 304 (08х18н10) 4n+pe (шлиф.),"СТАЛЬ ЛИСТОВАЯ НЕРЖАВ НИКЕЛЕСОД марки х/к н/с AISI 304 (08Х18Н10) 4N+PE (шлиф.), размер 0.8",0.8,272660,т,1,0,0,https://www.kavstal.ru/public/assets/images/products/LISTOVOI_PROKAT/STAL_LISTOVAYA_NERZHAV_NIKELESOD/img.webp,нержавеющая сталь;сталь листовая нержав никелесод;х/к н/с aisi 304 (08х18н10) 4n+pe (шлиф.);8;сталь;листовая;нержав;никелесод;0.8;х/к;н/с;aisi;304;08х18н10;4n+pe;шлиф,х/к н/с AISI 304 (08Х18Н10) 4N+PE (шлиф.),0.8,,т
Нержавеющая сталь,СТАЛЬ ЛИСТОВАЯ НЕРЖАВ НИКЕЛЕСОД,х/к н/с AISI 304 (08Х18Н10) 4N+PE (шлиф.),Сталь Листовая Нержав Никелесод 0.8 х/к н/с AISI 304 (08х18н10) 4n+pe (шлиф.),"СТАЛЬ ЛИСТОВАЯ НЕРЖАВ НИКЕЛЕСОД марки х/к н/с AISI 304 (08Х18Н10) 4N+PE (шлиф.), размер 0.8",0.8,279450,т,1,0,0,https://www.kavstal.ru/public/assets/images/products/LISTOVOI_PROKAT/STAL_LISTOVAYA_NERZHAV_NIKELESOD/img.webp,нержавеющая сталь;сталь листовая нержав никелесод;х/к н/с aisi 304 (08х18н10) 4n+pe (шлиф.);8;сталь;листовая;нержав;никелесод;0.8;х/к;н/с;aisi;304;08х18н10;4n+pe;шлиф,х/к н/с AISI 304 (08Х18Н10) 4N+PE (шлиф.),0.8,,т
Нержавеющая сталь,СТАЛЬ ЛИСТОВАЯ НЕРЖАВ НИКЕЛЕСОД,х/к н/с AISI 304 (08Х18Н10) 4N+PE (шлиф.),Сталь Листовая Нержав Никелесод 0.8 х/к н/с AISI 304 (08х18н10) 4n+pe (шлиф.),"СТАЛЬ ЛИСТОВАЯ НЕРЖАВ НИКЕЛЕСОД марки х/к н/с AISI 304 (08Х18Н10) 4N+PE (шлиф.), размер 0.8",0.8,285960,т,1,0,0,https://www.kavstal.ru/public/assets/images/products/LISTOVOI_PROKAT/STAL_LISTOVAYA_NERZHAV_NIKELESOD/img.webp,нержавеющая сталь;сталь листовая нержав никелесод;х/к н/с aisi 304 (08х18н10) 4n+pe (шлиф.);8;сталь;листовая;нержав;никелесод;0.8;х/к;н/с;aisi;304;08х18н10;4n+pe;шлиф,х/к н/с AISI 304 (08Х18Н10) 4N+PE (шлиф.),0.8,,т
Нержавеющая сталь,СТАЛЬ ЛИСТОВАЯ НЕРЖАВ НИКЕЛЕСОД,х/к н/с AISI 304 (08Х18Н10) 4N+PE (шлиф.),Сталь Листовая Нержав Никелесод 0.8 х/к н/с AISI 304 (08х18н10) 4n+pe (шлиф.),"СТАЛЬ ЛИСТОВАЯ НЕРЖАВ НИКЕЛЕСОД марки х/к н/с AISI 304 (08Х18Н10) 4N+PE (шлиф.), размер 0.8",0.8,288860,т,1,0,0,https://www.kavstal.ru/public/assets/images/products/LISTOVOI_PROKAT/STAL_LISTOVAYA_NERZHAV_NIKELESOD/img.webp,нержавеющая сталь;сталь листовая нержав никелесод;х/к н/с aisi 304 (08х18н10) 4n+pe (шлиф.);8;сталь;листовая;нержав;никелесод;0.8;х/к;н/с;aisi;304;08х18н10;4n+pe;шлиф,х/к н/с AISI 304 (08Х18Н10) 4N+PE (шлиф.),0.8,,т
Нержавеющая сталь,СТАЛЬ ЛИСТОВАЯ НЕРЖАВ НИКЕЛЕСОД,х/к н/с AISI 304 (08Х18Н10) 4N+PE (шлиф.),Сталь Листовая Нержав Никелесод 1 х/к н/с AISI 304 (08х18н10) 4n+pe (шлиф.),"СТАЛЬ ЛИСТОВАЯ НЕРЖАВ НИКЕЛЕСОД марки х/к н/с AISI 304 (08Х18Н10) 4N+PE (шлиф.), размер 1",1,279450,т,1,0,0,https://www.kavstal.ru/public/assets/images/products/LISTOVOI_PROKAT/STAL_LISTOVAYA_NERZHAV_NIKELESOD/img.webp,нержавеющая сталь;сталь листовая нержав никелесод;х/к н/с aisi 304 (08х18н10) 4n+pe (шлиф.);1;сталь;листовая;нержав;никелесод;х/к;н/с;aisi;304;08х18н10;4n+pe;шлиф,х/к н/с AISI 304 (08Х18Н10) 4N+PE (шлиф.),1,,т
Нержавеющая сталь,СТАЛЬ ЛИСТОВАЯ НЕРЖАВ НИКЕЛЕСОД,х/к н/с AISI 304 (08Х18Н10) 4N+PE (шлиф.),Сталь Листовая Нержав Никелесод 1 х/к н/с AISI 304 (08х18н10) 4n+pe (шлиф.),"СТАЛЬ ЛИСТОВАЯ НЕРЖАВ НИКЕЛЕСОД марки х/к н/с AISI 304 (08Х18Н10) 4N+PE (шлиф.), размер 1",1,291720,т,1,0,0,https://www.kavstal.ru/public/assets/images/products/LISTOVOI_PROKAT/STAL_LISTOVAYA_NERZHAV_NIKELESOD/img.webp,нержавеющая сталь;сталь листовая нержав никелесод;х/к н/с aisi 304 (08х18н10) 4n+pe (шлиф.);1;сталь;листовая;нержав;никелесод;х/к;н/с;aisi;304;08х18н10;4n+pe;шлиф,х/к н/с AISI 304 (08Х18Н10) 4N+PE (шлиф.),1,,т
Нержавеющая сталь,СТАЛЬ ЛИСТОВАЯ НЕРЖАВ НИКЕЛЕСОД,х/к н/с AISI 304 (08Х18Н10) 4N+PE (шлиф.),Сталь Листовая Нержав Никелесод 1 х/к н/с AISI 304 (08х18н10) 4n+pe (шлиф.),"СТАЛЬ ЛИСТОВАЯ НЕРЖАВ НИКЕЛЕСОД марки х/к н/с AISI 304 (08Х18Н10) 4N+PE (шлиф.), размер 1",1,304330,т,1,0,0,https://www.kavstal.ru/public/assets/images/products/LISTOVOI_PROKAT/STAL_LISTOVAYA_NERZHAV_NIKELESOD/img.webp,нержавеющая сталь;сталь листовая нержав никелесод;х/к н/с aisi 304 (08х18н10) 4n+pe (шлиф.);1;сталь;листовая;нержав;никелесод;х/к;н/с;aisi;304;08х18н10;4n+pe;шлиф,х/к н/с AISI 304 (08Х18Н10) 4N+PE (шлиф.),1,,т
Нержавеющая сталь,СТАЛЬ ЛИСТОВАЯ НЕРЖАВ НИКЕЛЕСОД,х/к н/с AISI 304 (08Х18Н10) 4N+PE (шлиф.),Сталь Листовая Нержав Никелесод 1.2 х/к н/с AISI 304 (08х18н10) 4n+pe (шлиф.),"СТАЛЬ ЛИСТОВАЯ НЕРЖАВ НИКЕЛЕСОД марки х/к н/с AISI 304 (08Х18Н10) 4N+PE (шлиф.), размер 1.2",1.2,277180,т,1,0,0,https://www.kavstal.ru/public/assets/images/products/LISTOVOI_PROKAT/STAL_LISTOVAYA_NERZHAV_NIKELESOD/img.webp,нержавеющая сталь;сталь листовая нержав никелесод;х/к н/с aisi 304 (08х18н10) 4n+pe (шлиф.);1;2;сталь;листовая;нержав;никелесод;1.2;х/к;н/с;aisi;304;08х18н10;4n+pe;шлиф,х/к н/с AISI 304 (08Х18Н10) 4N+PE (шлиф.),1.2,,т
Нержавеющая сталь,СТАЛЬ ЛИСТОВАЯ НЕРЖАВ НИКЕЛЕСОД,х/к н/с AISI 304 (08Х18Н10) 4N+PE (шлиф.),Сталь Листовая Нержав Никелесод 1.2 х/к н/с AISI 304 (08х18н10) 4n+pe (шлиф.),"СТАЛЬ ЛИСТОВАЯ НЕРЖАВ НИКЕЛЕСОД марки х/к н/с AISI 304 (08Х18Н10) 4N+PE (шлиф.), размер 1.2 ; 1.5; 1.5",1.2,280570,т,1,0,0,https://www.kavstal.ru/public/assets/images/products/LISTOVOI_PROKAT/STAL_LISTOVAYA_NERZHAV_NIKELESOD/img.webp,нержавеющая сталь;сталь листовая нержав никелесод;х/к н/с aisi 304 (08х18н10) 4n+pe (шлиф.);1;2;5;сталь;листовая;нержав;никелесод;1.2;х/к;н/с;aisi;304;08х18н10;4n+pe;шлиф,х/к н/с AISI 304 (08Х18Н10) 4N+PE (шлиф.),1.2 ; 1.5; 1.5,,т
Нержавеющая сталь,СТАЛЬ ЛИСТОВАЯ НЕРЖАВ НИКЕЛЕСОД,х/к н/с AISI 304 (08Х18Н10) 4N+PE (шлиф.),Сталь Листовая Нержав Никелесод 1.5 х/к н/с AISI 304 (08х18н10) 4n+pe (шлиф.),"СТАЛЬ ЛИСТОВАЯ НЕРЖАВ НИКЕЛЕСОД марки х/к н/с AISI 304 (08Х18Н10) 4N+PE (шлиф.), размер 1.5",1.5,281810,т,1,0,0,https://www.kavstal.ru/public/assets/images/products/LISTOVOI_PROKAT/STAL_LISTOVAYA_NERZHAV_NIKELESOD/img.webp,нержавеющая сталь;сталь листовая нержав никелесод;х/к н/с aisi 304 (08х18н10) 4n+pe (шлиф.);1;5;сталь;листовая;нержав;никелесод;1.5;х/к;н/с;aisi;304;08х18н10;4n+pe;шлиф,х/к н/с AISI 304 (08Х18Н10) 4N+PE (шлиф.),1.5,,т
Нержавеющая сталь,СТАЛЬ ЛИСТОВАЯ НЕРЖАВ НИКЕЛЕСОД,х/к н/с AISI 304 (08Х18Н10) 4N+PE (шлиф.),Сталь Листовая Нержав Никелесод 1.5 х/к н/с AISI 304 (08х18н10) 4n+pe (шлиф.),"СТАЛЬ ЛИСТОВАЯ НЕРЖАВ НИКЕЛЕСОД марки х/к н/с AISI 304 (08Х18Н10) 4N+PE (шлиф.), размер 1.5",1.5,287840,т,1,0,0,https://www.kavstal.ru/public/assets/images/products/LISTOVOI_PROKAT/STAL_LISTOVAYA_NERZHAV_NIKELESOD/img.webp,нержавеющая сталь;сталь листовая нержав никелесод;х/к н/с aisi 304 (08х18н10) 4n+pe (шлиф.);1;5;сталь;листовая;нержав;никелесод;1.5;х/к;н/с;aisi;304;08х18н10;4n+pe;шлиф,х/к н/с AISI 304 (08Х18Н10) 4N+PE (шлиф.),1.5,,т
Нержавеющая сталь,СТАЛЬ ЛИСТОВАЯ НЕРЖАВ НИКЕЛЕСОД,х/к н/с AISI 304 (08Х18Н10) 4N+PE (шлиф.),Сталь Листовая Нержав Никелесод 2 х/к н/с AISI 304 (08х18н10) 4n+pe (шлиф.),"СТАЛЬ ЛИСТОВАЯ НЕРЖАВ НИКЕЛЕСОД марки х/к н/с AISI 304 (08Х18Н10) 4N+PE (шлиф.), размер 2",2,273780,т,1,0,0,https://www.kavstal.ru/public/assets/images/products/LISTOVOI_PROKAT/STAL_LISTOVAYA_NERZHAV_NIKELESOD/img.webp,нержавеющая сталь;сталь листовая нержав никелесод;х/к н/с aisi 304 (08х18н10) 4n+pe (шлиф.);2;сталь;листовая;нержав;никелесод;х/к;н/с;aisi;304;08х18н10;4n+pe;шлиф,х/к н/с AISI 304 (08Х18Н10) 4N+PE (шлиф.),2,,т
Нержавеющая сталь,СТАЛЬ ЛИСТОВАЯ НЕРЖАВ НИКЕЛЕСОД,х/к н/с AISI 304 (08Х18Н10) 4N+PE (шлиф.),Сталь Листовая Нержав Никелесод 2 х/к н/с AISI 304 (08х18н10) 4n+pe (шлиф.),"СТАЛЬ ЛИСТОВАЯ НЕРЖАВ НИКЕЛЕСОД марки х/к н/с AISI 304 (08Х18Н10) 4N+PE (шлиф.), размер 2",2,293010,т,1,0,0,https://www.kavstal.ru/public/assets/images/products/LISTOVOI_PROKAT/STAL_LISTOVAYA_NERZHAV_NIKELESOD/img.webp,нержавеющая сталь;сталь листовая нержав никелесод;х/к н/с aisi 304 (08х18н10) 4n+pe (шлиф.);2;сталь;листовая;нержав;никелесод;х/к;н/с;aisi;304;08х18н10;4n+pe;шлиф,х/к н/с AISI 304 (08Х18Н10) 4N+PE (шлиф.),2,,т
Нержавеющая сталь,СТАЛЬ ЛИСТОВАЯ НЕРЖАВ НИКЕЛЕСОД,х/к н/с AISI 304 (08Х18Н10) 4N+PE (шлиф.),Сталь Листовая Нержав Никелесод 2 х/к н/с AISI 304 (08х18н10) 4n+pe (шлиф.),"СТАЛЬ ЛИСТОВАЯ НЕРЖАВ НИКЕЛЕСОД марки х/к н/с AISI 304 (08Х18Н10) 4N+PE (шлиф.), размер 2",2,295000,т,1,0,0,https://www.kavstal.ru/public/assets/images/products/LISTOVOI_PROKAT/STAL_LISTOVAYA_NERZHAV_NIKELESOD/img.webp,нержавеющая сталь;сталь листовая нержав никелесод;х/к н/с aisi 304 (08х18н10) 4n+pe (шлиф.);2;сталь;листовая;нержав;никелесод;х/к;н/с;aisi;304;08х18н10;4n+pe;шлиф,х/к н/с AISI 304 (08Х18Н10) 4N+PE (шлиф.),2,,т
Нержавеющая сталь,СТАЛЬ ЛИСТОВАЯ НЕРЖАВ НИКЕЛЕСОД,х/к н/с AISI 304 (08Х18Н10) 4N+PE (шлиф.),Сталь Листовая Нержав Никелесод 2.5 х/к н/с AISI 304 (08х18н10) 4n+pe (шлиф.),"СТАЛЬ ЛИСТОВАЯ НЕРЖАВ НИКЕЛЕСОД марки х/к н/с AISI 304 (08Х18Н10) 4N+PE (шлиф.), размер 2.5",2.5,281810,т,1,0,0,https://www.kavstal.ru/public/assets/images/products/LISTOVOI_PROKAT/STAL_LISTOVAYA_NERZHAV_NIKELESOD/img.webp,нержавеющая сталь;сталь листовая нержав никелесод;х/к н/с aisi 304 (08х18н10) 4n+pe (шлиф.);2;5;сталь;листовая;нержав;никелесод;2.5;х/к;н/с;aisi;304;08х18н10;4n+pe;шлиф,х/к н/с AISI 304 (08Х18Н10) 4N+PE (шлиф.),2.5,,т
Нержавеющая сталь,СТАЛЬ ЛИСТОВАЯ НЕРЖАВ НИКЕЛЕСОД,х/к н/с AISI 304 (08Х18Н10) 4N+PE (шлиф.),Сталь Листовая Нержав Никелесод 3 х/к н/с AISI 304 (08х18н10) 4n+pe (шлиф.),"СТАЛЬ ЛИСТОВАЯ НЕРЖАВ НИКЕЛЕСОД марки х/к н/с AISI 304 (08Х18Н10) 4N+PE (шлиф.), размер 3",3,280270,т,1,0,0,https://www.kavstal.ru/public/assets/images/products/LISTOVOI_PROKAT/STAL_LISTOVAYA_NERZHAV_NIKELESOD/img.webp,нержавеющая сталь;сталь листовая нержав никелесод;х/к н/с aisi 304 (08х18н10) 4n+pe (шлиф.);3;сталь;листовая;нержав;никелесод;х/к;н/с;aisi;304;08х18н10;4n+pe;шлиф,х/к н/с AISI 304 (08Х18Н10) 4N+PE (шлиф.),3,,т
Нержавеющая сталь,СТАЛЬ ЛИСТОВАЯ НЕРЖАВ НИКЕЛЕСОД,х/к н/с AISI 304 (08Х18Н10) 4N+PE (шлиф.),Сталь Листовая Нержав Никелесод 3 х/к н/с AISI 304 (08х18н10) 4n+pe (шлиф.),"СТАЛЬ ЛИСТОВАЯ НЕРЖАВ НИКЕЛЕСОД марки х/к н/с AISI 304 (08Х18Н10) 4N+PE (шлиф.), размер 3",3,281810,т,1,0,0,https://www.kavstal.ru/public/assets/images/products/LISTOVOI_PROKAT/STAL_LISTOVAYA_NERZHAV_NIKELESOD/img.webp,нержавеющая сталь;сталь листовая нержав никелесод;х/к н/с aisi 304 (08х18н10) 4n+pe (шлиф.);3;сталь;листовая;нержав;никелесод;х/к;н/с;aisi;304;08х18н10;4n+pe;шлиф,х/к н/с AISI 304 (08Х18Н10) 4N+PE (шлиф.),3,,т
Нержавеющая сталь,СТАЛЬ ЛИСТОВАЯ НЕРЖАВ НИКЕЛЕСОД,х/к н/с AISI 304 (08Х18Н10) 4N+PE (шлиф.),Сталь Листовая Нержав Никелесод 3 х/к н/с AISI 304 (08х18н10) 4n+pe (шлиф.),"СТАЛЬ ЛИСТОВАЯ НЕРЖАВ НИКЕЛЕСОД марки х/к н/с AISI 304 (08Х18Н10) 4N+PE (шлиф.), размер 3",3,282840,т,1,0,0,https://www.kavstal.ru/public/assets/images/products/LISTOVOI_PROKAT/STAL_LISTOVAYA_NERZHAV_NIKELESOD/img.webp,нержавеющая сталь;сталь листовая нержав никелесод;х/к н/с aisi 304 (08х18н10) 4n+pe (шлиф.);3;сталь;листовая;нержав;никелесод;х/к;н/с;aisi;304;08х18н10;4n+pe;шлиф,х/к н/с AISI 304 (08Х18Н10) 4N+PE (шлиф.),3,,т
Нержавеющая сталь,СТАЛЬ ЛИСТОВАЯ НЕРЖАВ НИКЕЛЕСОД,х/к н/с AISI 304 (08Х18Н10) BA,Сталь Листовая Нержав Никелесод 0.5 х/к н/с AISI 304 (08х18н10) BA,"СТАЛЬ ЛИСТОВАЯ НЕРЖАВ НИКЕЛЕСОД марки х/к н/с AISI 304 (08Х18Н10) BA, размер 0.5",0.5,288550,т,1,0,0,https://www.kavstal.ru/public/assets/images/products/LISTOVOI_PROKAT/STAL_LISTOVAYA_NERZHAV_NIKELESOD/img.webp,нержавеющая сталь;сталь листовая нержав никелесод;х/к н/с aisi 304 (08х18н10) ba;5;сталь;листовая;нержав;никелесод;0.5;х/к;н/с;aisi;304;08х18н10;ba,х/к н/с AISI 304 (08Х18Н10) BA,0.5,,т
Нержавеющая сталь,СТАЛЬ ЛИСТОВАЯ НЕРЖАВ НИКЕЛЕСОД,х/к н/с AISI 304 (08Х18Н10) BA,Сталь Листовая Нержав Никелесод 0.7 х/к н/с AISI 304 (08х18н10) BA,"СТАЛЬ ЛИСТОВАЯ НЕРЖАВ НИКЕЛЕСОД марки х/к н/с AISI 304 (08Х18Н10) BA, размер 0.7",0.7,286350,т,1,0,0,https://www.kavstal.ru/public/assets/images/products/LISTOVOI_PROKAT/STAL_LISTOVAYA_NERZHAV_NIKELESOD/img.webp,нержавеющая сталь;сталь листовая нержав никелесод;х/к н/с aisi 304 (08х18н10) ba;7;сталь;листовая;нержав;никелесод;0.7;х/к;н/с;aisi;304;08х18н10;ba,х/к н/с AISI 304 (08Х18Н10) BA,0.7,,т
Нержавеющая сталь,СТАЛЬ ЛИСТОВАЯ НЕРЖАВ НИКЕЛЕСОД,х/к н/с AISI 304 (08Х18Н10) BA,Сталь Листовая Нержав Никелесод 0.8 х/к н/с AISI 304 (08х18н10) BA,"СТАЛЬ ЛИСТОВАЯ НЕРЖАВ НИКЕЛЕСОД марки х/к н/с AISI 304 (08Х18Н10) BA, размер 0.8",0.8,295590,т,1,0,0,https://www.kavstal.ru/public/assets/images/products/LISTOVOI_PROKAT/STAL_LISTOVAYA_NERZHAV_NIKELESOD/img.webp,нержавеющая сталь;сталь листовая нержав никелесод;х/к н/с aisi 304 (08х18н10) ba;8;сталь;листовая;нержав;никелесод;0.8;х/к;н/с;aisi;304;08х18н10;ba,х/к н/с AISI 304 (08Х18Н10) BA,0.8,,т
Нержавеющая сталь,СТАЛЬ ЛИСТОВАЯ НЕРЖАВ НИКЕЛЕСОД,х/к н/с AISI 304 (08Х18Н10) BA(зеркальный),Сталь Листовая Нержав Никелесод 1.2 х/к н/с AISI 304 (08х18н10) BA(зеркальный),"СТАЛЬ ЛИСТОВАЯ НЕРЖАВ НИКЕЛЕСОД марки х/к н/с AISI 304 (08Х18Н10) BA(зеркальный), размер 1.2",1.2,292820,т,1,0,0,https://www.kavstal.ru/public/assets/images/products/LISTOVOI_PROKAT/STAL_LISTOVAYA_NERZHAV_NIKELESOD/img.webp,нержавеющая сталь;сталь листовая нержав никелесод;х/к н/с aisi 304 (08х18н10) ba(зеркальный);1;2;сталь;листовая;нержав;никелесод;1.2;х/к;н/с;aisi;304;08х18н10;ba(зеркальный,х/к н/с AISI 304 (08Х18Н10) BA(зеркальный),1.2,,т
Нержавеющая сталь,СТАЛЬ ЛИСТОВАЯ НЕРЖАВ НИКЕЛЕСОД,х/к н/с AISI 304 (08Х18Н10) BA+Paper (зеркало),Сталь Листовая Нержав Никелесод 0.4 х/к н/с AISI 304 (08х18н10) BA+Paper (зеркало),"СТАЛЬ ЛИСТОВАЯ НЕРЖАВ НИКЕЛЕСОД марки х/к н/с AISI 304 (08Х18Н10) BA+Paper (зеркало), размер 0.4",0.4,306680,т,1,0,0,https://www.kavstal.ru/public/assets/images/products/LISTOVOI_PROKAT/STAL_LISTOVAYA_NERZHAV_NIKELESOD/img.webp,нержавеющая сталь;сталь листовая нержав никелесод;х/к н/с aisi 304 (08х18н10) ba+paper (зеркало);4;сталь;листовая;нержав;никелесод;0.4;х/к;н/с;aisi;304;08х18н10;ba+paper;зеркало,х/к н/с AISI 304 (08Х18Н10) BA+Paper (зеркало),0.4,,т
Нержавеющая сталь,СТАЛЬ ЛИСТОВАЯ НЕРЖАВ НИКЕЛЕСОД,х/к н/с AISI 304 (08Х18Н10) BA+PE (зеркальный),Сталь Листовая Нержав Никелесод 0.5 х/к н/с AISI 304 (08х18н10) Ba+pe (зеркальный),"СТАЛЬ ЛИСТОВАЯ НЕРЖАВ НИКЕЛЕСОД марки х/к н/с AISI 304 (08Х18Н10) BA+PE (зеркальный), размер 0.5",0.5,299810,т,1,0,0,https://www.kavstal.ru/public/assets/images/products/LISTOVOI_PROKAT/STAL_LISTOVAYA_NERZHAV_NIKELESOD/img.webp,нержавеющая сталь;сталь листовая нержав никелесод;х/к н/с aisi 304 (08х18н10) ba+pe (зеркальный);5;сталь;листовая;нержав;никелесод;0.5;х/к;н/с;aisi;304;08х18н10;ba+pe;зеркальный,х/к н/с AISI 304 (08Х18Н10) BA+PE (зеркальный),0.5,,т
Нержавеющая сталь,СТАЛЬ ЛИСТОВАЯ НЕРЖАВ НИКЕЛЕСОД,х/к н/с AISI 304 (08Х18Н10) BA+PE (зеркальный),Сталь Листовая Нержав Никелесод 0.5 х/к н/с AISI 304 (08х18н10) Ba+pe (зеркальный),"СТАЛЬ ЛИСТОВАЯ НЕРЖАВ НИКЕЛЕСОД марки х/к н/с AISI 304 (08Х18Н10) BA+PE (зеркальный), размер 0.5",0.5,312730,т,1,0,0,https://www.kavstal.ru/public/assets/images/products/LISTOVOI_PROKAT/STAL_LISTOVAYA_NERZHAV_NIKELESOD/img.webp,нержавеющая сталь;сталь листовая нержав никелесод;х/к н/с aisi 304 (08х18н10) ba+pe (зеркальный);5;сталь;листовая;нержав;никелесод;0.5;х/к;н/с;aisi;304;08х18н10;ba+pe;зеркальный,х/к н/с AISI 304 (08Х18Н10) BA+PE (зеркальный),0.5,,т
Нержавеющая сталь,СТАЛЬ ЛИСТОВАЯ НЕРЖАВ НИКЕЛЕСОД,х/к н/с AISI 304 (08Х18Н10) BA+PE (зеркальный),Сталь Листовая Нержав Никелесод 0.6 х/к н/с AISI 304 (08х18н10) Ba+pe (зеркальный),"СТАЛЬ ЛИСТОВАЯ НЕРЖАВ НИКЕЛЕСОД марки х/к н/с AISI 304 (08Х18Н10) BA+PE (зеркальный), размер 0.6",0.6,281710,т,1,0,0,https://www.kavstal.ru/public/assets/images/products/LISTOVOI_PROKAT/STAL_LISTOVAYA_NERZHAV_NIKELESOD/img.webp,нержавеющая сталь;сталь листовая нержав никелесод;х/к н/с aisi 304 (08х18н10) ba+pe (зеркальный);6;сталь;листовая;нержав;никелесод;0.6;х/к;н/с;aisi;304;08х18н10;ba+pe;зеркальный,х/к н/с AISI 304 (08Х18Н10) BA+PE (зеркальный),0.6,,т
Нержавеющая сталь,СТАЛЬ ЛИСТОВАЯ НЕРЖАВ НИКЕЛЕСОД,х/к н/с AISI 304 (08Х18Н10) BA+PE (зеркальный),Сталь Листовая Нержав Никелесод 0.7 х/к н/с AISI 304 (08х18н10) Ba+pe (зеркальный),"СТАЛЬ ЛИСТОВАЯ НЕРЖАВ НИКЕЛЕСОД марки х/к н/с AISI 304 (08Х18Н10) BA+PE (зеркальный), размер 0.7",0.7,298380,т,1,0,0,https://www.kavstal.ru/public/assets/images/products/LISTOVOI_PROKAT/STAL_LISTOVAYA_NERZHAV_NIKELESOD/img.webp,нержавеющая сталь;сталь листовая нержав никелесод;х/к н/с aisi 304 (08х18н10) ba+pe (зеркальный);7;сталь;листовая;нержав;никелесод;0.7;х/к;н/с;aisi;304;08х18н10;ba+pe;зеркальный,х/к н/с AISI 304 (08Х18Н10) BA+PE (зеркальный),0.7,,т
Нержавеющая сталь,СТАЛЬ ЛИСТОВАЯ НЕРЖАВ НИКЕЛЕСОД,х/к н/с AISI 304 (08Х18Н10) BA+PE (зеркальный),Сталь Листовая Нержав Никелесод 0.8 х/к н/с AISI 304 (08х18н10) Ba+pe (зеркальный),"СТАЛЬ ЛИСТОВАЯ НЕРЖАВ НИКЕЛЕСОД марки х/к н/с AISI 304 (08Х18Н10) BA+PE (зеркальный), размер 0.8",0.8,285100,т,1,0,0,https://www.kavstal.ru/public/assets/images/products/LISTOVOI_PROKAT/STAL_LISTOVAYA_NERZHAV_NIKELESOD/img.webp,нержавеющая сталь;сталь листовая нержав никелесод;х/к н/с aisi 304 (08х18н10) ba+pe (зеркальный);8;сталь;листовая;нержав;никелесод;0.8;х/к;н/с;aisi;304;08х18н10;ba+pe;зеркальный,х/к н/с AISI 304 (08Х18Н10) BA+PE (зеркальный),0.8,,т
Нержавеющая сталь,СТАЛЬ ЛИСТОВАЯ НЕРЖАВ НИКЕЛЕСОД,х/к н/с AISI 304 (08Х18Н10) BA+PE (зеркальный),Сталь Листовая Нержав Никелесод 0.8 х/к н/с AISI 304 (08х18н10) Ba+pe (зеркальный),"СТАЛЬ ЛИСТОВАЯ НЕРЖАВ НИКЕЛЕСОД марки х/к н/с AISI 304 (08Х18Н10) BA+PE (зеркальный), размер 0.8",0.8,289630,т,1,0,0,https://www.kavstal.ru/public/assets/images/products/LISTOVOI_PROKAT/STAL_LISTOVAYA_NERZHAV_NIKELESOD/img.webp,нержавеющая сталь;сталь листовая нержав никелесод;х/к н/с aisi 304 (08х18н10) ba+pe (зеркальный);8;сталь;листовая;нержав;никелесод;0.8;х/к;н/с;aisi;304;08х18н10;ba+pe;зеркальный,х/к н/с AISI 304 (08Х18Н10) BA+PE (зеркальный),0.8,,т
Нержавеющая сталь,СТАЛЬ ЛИСТОВАЯ НЕРЖАВ НИКЕЛЕСОД,х/к н/с AISI 304 (08Х18Н10) BA+PE (зеркальный),Сталь Листовая Нержав Никелесод 1 х/к н/с AISI 304 (08х18н10) Ba+pe (зеркальный),"СТАЛЬ ЛИСТОВАЯ НЕРЖАВ НИКЕЛЕСОД марки х/к н/с AISI 304 (08Х18Н10) BA+PE (зеркальный), размер 1",1,286240,т,1,0,0,https://www.kavstal.ru/public/assets/images/products/LISTOVOI_PROKAT/STAL_LISTOVAYA_NERZHAV_NIKELESOD/img.webp,нержавеющая сталь;сталь листовая нержав никелесод;х/к н/с aisi 304 (08х18н10) ba+pe (зеркальный);1;сталь;листовая;нержав;никелесод;х/к;н/с;aisi;304;08х18н10;ba+pe;зеркальный,х/к н/с AISI 304 (08Х18Н10) BA+PE (зеркальный),1,,т
Нержавеющая сталь,СТАЛЬ ЛИСТОВАЯ НЕРЖАВ НИКЕЛЕСОД,х/к н/с AISI 304 (08Х18Н10) BA+PE (зеркальный),Сталь Листовая Нержав Никелесод 1 х/к н/с AISI 304 (08х18н10) Ba+pe (зеркальный),"СТАЛЬ ЛИСТОВАЯ НЕРЖАВ НИКЕЛЕСОД марки х/к н/с AISI 304 (08Х18Н10) BA+PE (зеркальный), размер 1",1,293940,т,1,0,0,https://www.kavstal.ru/public/assets/images/products/LISTOVOI_PROKAT/STAL_LISTOVAYA_NERZHAV_NIKELESOD/img.webp,нержавеющая сталь;сталь листовая нержав никелесод;х/к н/с aisi 304 (08х18н10) ba+pe (зеркальный);1;сталь;листовая;нержав;никелесод;х/к;н/с;aisi;304;08х18н10;ba+pe;зеркальный,х/к н/с AISI 304 (08Х18Н10) BA+PE (зеркальный),1,,т
Нержавеющая сталь,СТАЛЬ ЛИСТОВАЯ НЕРЖАВ НИКЕЛЕСОД,х/к н/с AISI 304 (08Х18Н10) BA+PE (зеркальный),Сталь Листовая Нержав Никелесод 1 х/к н/с AISI 304 (08х18н10) Ba+pe (зеркальный),"СТАЛЬ ЛИСТОВАЯ НЕРЖАВ НИКЕЛЕСОД марки х/к н/с AISI 304 (08Х18Н10) BA+PE (зеркальный), размер 1",1,304330,т,1,0,0,https://www.kavstal.ru/public/assets/images/products/LISTOVOI_PROKAT/STAL_LISTOVAYA_NERZHAV_NIKELESOD/img.webp,нержавеющая сталь;сталь листовая нержав никелесод;х/к н/с aisi 304 (08х18н10) ba+pe (зеркальный);1;сталь;листовая;нержав;никелесод;х/к;н/с;aisi;304;08х18н10;ba+pe;зеркальный,х/к н/с AISI 304 (08Х18Н10) BA+PE (зеркальный),1,,т
Нержавеющая сталь,СТАЛЬ ЛИСТОВАЯ НЕРЖАВ НИКЕЛЕСОД,х/к н/с AISI 304 (08Х18Н10) BA+PE (зеркальный),Сталь Листовая Нержав Никелесод 1.2 х/к н/с AISI 304 (08х18н10) Ba+pe (зеркальный),"СТАЛЬ ЛИСТОВАЯ НЕРЖАВ НИКЕЛЕСОД марки х/к н/с AISI 304 (08Х18Н10) BA+PE (зеркальный), размер 1.2",1.2,294240,т,1,0,0,https://www.kavstal.ru/public/assets/images/products/LISTOVOI_PROKAT/STAL_LISTOVAYA_NERZHAV_NIKELESOD/img.webp,нержавеющая сталь;сталь листовая нержав никелесод;х/к н/с aisi 304 (08х18н10) ba+pe (зеркальный);1;2;сталь;листовая;нержав;никелесод;1.2;х/к;н/с;aisi;304;08х18н10;ba+pe;зеркальный,х/к н/с AISI 304 (08Х18Н10) BA+PE (зеркальный),1.2,,т
Нержавеющая сталь,СТАЛЬ ЛИСТОВАЯ НЕРЖАВ НИКЕЛЕСОД,х/к н/с AISI 304 (08Х18Н10) BA+PE (зеркальный),Сталь Листовая Нержав Никелесод 1.5 х/к н/с AISI 304 (08х18н10) Ba+pe (зеркальный),"СТАЛЬ ЛИСТОВАЯ НЕРЖАВ НИКЕЛЕСОД марки х/к н/с AISI 304 (08Х18Н10) BA+PE (зеркальный), размер 1.5",1.5,281710,т,1,0,0,https://www.kavstal.ru/public/assets/images/products/LISTOVOI_PROKAT/STAL_LISTOVAYA_NERZHAV_NIKELESOD/img.webp,нержавеющая сталь;сталь листовая нержав никелесод;х/к н/с aisi 304 (08х18н10) ba+pe (зеркальный);1;5;сталь;листовая;нержав;никелесод;1.5;х/к;н/с;aisi;304;08х18н10;ba+pe;зеркальный,х/к н/с AISI 304 (08Х18Н10) BA+PE (зеркальный),1.5,,т
Нержавеющая сталь,СТАЛЬ ЛИСТОВАЯ НЕРЖАВ НИКЕЛЕСОД,х/к н/с AISI 304 (08Х18Н10) BA+PE (зеркальный),Сталь Листовая Нержав Никелесод 1.5 х/к н/с AISI 304 (08х18н10) Ba+pe (зеркальный),"СТАЛЬ ЛИСТОВАЯ НЕРЖАВ НИКЕЛЕСОД марки х/к н/с AISI 304 (08Х18Н10) BA+PE (зеркальный), размер 1.5",1.5,286240,т,1,0,0,https://www.kavstal.ru/public/assets/images/products/LISTOVOI_PROKAT/STAL_LISTOVAYA_NERZHAV_NIKELESOD/img.webp,нержавеющая сталь;сталь листовая нержав никелесод;х/к н/с aisi 304 (08х18н10) ba+pe (зеркальный);1;5;сталь;листовая;нержав;никелесод;1.5;х/к;н/с;aisi;304;08х18н10;ba+pe;зеркальный,х/к н/с AISI 304 (08Х18Н10) BA+PE (зеркальный),1.5,,т
Нержавеющая сталь,СТАЛЬ ЛИСТОВАЯ НЕРЖАВ НИКЕЛЕСОД,х/к н/с AISI 304 (08Х18Н10) BA+PE (зеркальный),Сталь Листовая Нержав Никелесод 2 х/к н/с AISI 304 (08х18н10) Ba+pe (зеркальный),"СТАЛЬ ЛИСТОВАЯ НЕРЖАВ НИКЕЛЕСОД марки х/к н/с AISI 304 (08Х18Н10) BA+PE (зеркальный), размер 2",2,286760,т,1,0,0,https://www.kavstal.ru/public/assets/images/products/LISTOVOI_PROKAT/STAL_LISTOVAYA_NERZHAV_NIKELESOD/img.webp,нержавеющая сталь;сталь листовая нержав никелесод;х/к н/с aisi 304 (08х18н10) ba+pe (зеркальный);2;сталь;листовая;нержав;никелесод;х/к;н/с;aisi;304;08х18н10;ba+pe;зеркальный,х/к н/с AISI 304 (08Х18Н10) BA+PE (зеркальный),2,,т
Нержавеющая сталь,СТАЛЬ ЛИСТОВАЯ НЕРЖАВ НИКЕЛЕСОД,х/к н/с AISI 304 (08Х18Н10) BA+PE (зеркальный),Сталь Листовая Нержав Никелесод 3 х/к н/с AISI 304 (08х18н10) Ba+pe (зеркальный),"СТАЛЬ ЛИСТОВАЯ НЕРЖАВ НИКЕЛЕСОД марки х/к н/с AISI 304 (08Х18Н10) BA+PE (зеркальный), размер 3",3,328110,т,1,0,0,https://www.kavstal.ru/public/assets/images/products/LISTOVOI_PROKAT/STAL_LISTOVAYA_NERZHAV_NIKELESOD/img.webp,нержавеющая сталь;сталь листовая нержав никелесод;х/к н/с aisi 304 (08х18н10) ba+pe (зеркальный);3;сталь;листовая;нержав;никелесод;х/к;н/с;aisi;304;08х18н10;ba+pe;зеркальный,х/к н/с AISI 304 (08Х18Н10) BA+PE (зеркальный),3,,т
Нержавеющая сталь,СТАЛЬ ЛИСТОВАЯ НЕРЖАВ НИКЕЛЕСОД,х/к н/с AISI 304 (08Х18Н10) BA+PI (зерк),Сталь Листовая Нержав Никелесод 0.4 х/к н/с AISI 304 (08х18н10) Ba+pi (зерк),"СТАЛЬ ЛИСТОВАЯ НЕРЖАВ НИКЕЛЕСОД марки х/к н/с AISI 304 (08Х18Н10) BA+PI (зерк), размер 0.4",0.4,314060,т,1,0,0,https://www.kavstal.ru/public/assets/images/products/LISTOVOI_PROKAT/STAL_LISTOVAYA_NERZHAV_NIKELESOD/img.webp,нержавеющая сталь;сталь листовая нержав никелесод;х/к н/с aisi 304 (08х18н10) ba+pi (зерк);4;сталь;листовая;нержав;никелесод;0.4;х/к;н/с;aisi;304;08х18н10;ba+pi;зерк,х/к н/с AISI 304 (08Х18Н10) BA+PI (зерк),0.4,,т
Нержавеющая сталь,СТАЛЬ ЛИСТОВАЯ НЕРЖАВ НИКЕЛЕСОД,х/к н/с AISI 304 (08Х18Н10) BA+PI (зеркальный),Сталь Листовая Нержав Никелесод 1.5 х/к н/с AISI 304 (08х18н10) Ba+pi (зеркальный),"СТАЛЬ ЛИСТОВАЯ НЕРЖАВ НИКЕЛЕСОД марки х/к н/с AISI 304 (08Х18Н10) BA+PI (зеркальный), размер 1.5",1.5,277180,т,1,0,0,https://www.kavstal.ru/public/assets/images/products/LISTOVOI_PROKAT/STAL_LISTOVAYA_NERZHAV_NIKELESOD/img.webp,нержавеющая сталь;сталь листовая нержав никелесод;х/к н/с aisi 304 (08х18н10) ba+pi (зеркальный);1;5;сталь;листовая;нержав;никелесод;1.5;х/к;н/с;aisi;304;08х18н10;ba+pi;зеркальный,х/к н/с AISI 304 (08Х18Н10) BA+PI (зеркальный),1.5,,т
Нержавеющая сталь,СТАЛЬ ЛИСТОВАЯ НЕРЖАВ НИКЕЛЕСОД,х/к н/с AISI 304 (08Х18Н10) DECO1+PE,Сталь Листовая Нержав Никелесод 0.8 х/к н/с AISI 304 (08х18н10) Deco1+pe,"СТАЛЬ ЛИСТОВАЯ НЕРЖАВ НИКЕЛЕСОД марки х/к н/с AISI 304 (08Х18Н10) DECO1+PE, размер 0.8",0.8,294150,т,1,0,0,https://www.kavstal.ru/public/assets/images/products/LISTOVOI_PROKAT/STAL_LISTOVAYA_NERZHAV_NIKELESOD/img.webp,нержавеющая сталь;сталь листовая нержав никелесод;х/к н/с aisi 304 (08х18н10) deco1+pe;8;сталь;листовая;нержав;никелесод;0.8;х/к;н/с;aisi;304;08х18н10;deco1+pe,х/к н/с AISI 304 (08Х18Н10) DECO1+PE,0.8,,т
Нержавеющая сталь,СТАЛЬ ЛИСТОВАЯ НЕРЖАВ НИКЕЛЕСОД,х/к н/с AISI 304 (08Х18Н10) DECO1+PE,Сталь Листовая Нержав Никелесод 1 х/к н/с AISI 304 (08х18н10) Deco1+pe,"СТАЛЬ ЛИСТОВАЯ НЕРЖАВ НИКЕЛЕСОД марки х/к н/с AISI 304 (08Х18Н10) DECO1+PE, размер 1",1,300910,т,1,0,0,https://www.kavstal.ru/public/assets/images/products/LISTOVOI_PROKAT/STAL_LISTOVAYA_NERZHAV_NIKELESOD/img.webp,нержавеющая сталь;сталь листовая нержав никелесод;х/к н/с aisi 304 (08х18н10) deco1+pe;1;сталь;листовая;нержав;никелесод;х/к;н/с;aisi;304;08х18н10;deco1+pe,х/к н/с AISI 304 (08Х18Н10) DECO1+PE,1,,т
Нержавеющая сталь,СТАЛЬ ЛИСТОВАЯ НЕРЖАВ НИКЕЛЕСОД,х/к н/с AISI 304 (08Х18Н10) DECO1+PE,Сталь Листовая Нержав Никелесод 1.5 х/к н/с AISI 304 (08х18н10) Deco1+pe,"СТАЛЬ ЛИСТОВАЯ НЕРЖАВ НИКЕЛЕСОД марки х/к н/с AISI 304 (08Х18Н10) DECO1+PE, размер 1.5",1.5,299810,т,1,0,0,https://www.kavstal.ru/public/assets/images/products/LISTOVOI_PROKAT/STAL_LISTOVAYA_NERZHAV_NIKELESOD/img.webp,нержавеющая сталь;сталь листовая нержав никелесод;х/к н/с aisi 304 (08х18н10) deco1+pe;1;5;сталь;листовая;нержав;никелесод;1.5;х/к;н/с;aisi;304;08х18н10;deco1+pe,х/к н/с AISI 304 (08Х18Н10) DECO1+PE,1.5,,т
Нержавеющая сталь,СТАЛЬ ЛИСТОВАЯ НЕРЖАВ НИКЕЛЕСОД,х/к н/с AISI 304 (08Х18Н10) DECO8+PE,Сталь Листовая Нержав Никелесод 0.8 х/к н/с AISI 304 (08х18н10) Deco8+pe,"СТАЛЬ ЛИСТОВАЯ НЕРЖАВ НИКЕЛЕСОД марки х/к н/с AISI 304 (08Х18Н10) DECO8+PE, размер 0.8",0.8,294150,т,1,0,0,https://www.kavstal.ru/public/assets/images/products/LISTOVOI_PROKAT/STAL_LISTOVAYA_NERZHAV_NIKELESOD/img.webp,нержавеющая сталь;сталь листовая нержав никелесод;х/к н/с aisi 304 (08х18н10) deco8+pe;8;сталь;листовая;нержав;никелесод;0.8;х/к;н/с;aisi;304;08х18н10;deco8+pe,х/к н/с AISI 304 (08Х18Н10) DECO8+PE,0.8,,т
Нержавеющая сталь,СТАЛЬ ЛИСТОВАЯ НЕРЖАВ НИКЕЛЕСОД,х/к н/с AISI 304 (08Х18Н10) DECO8+PE,Сталь Листовая Нержав Никелесод 1 х/к н/с AISI 304 (08х18н10) Deco8+pe,"СТАЛЬ ЛИСТОВАЯ НЕРЖАВ НИКЕЛЕСОД марки х/к н/с AISI 304 (08Х18Н10) DECO8+PE, размер 1 ; 1.5",1,299810,т,1,0,0,https://www.kavstal.ru/public/assets/images/products/LISTOVOI_PROKAT/STAL_LISTOVAYA_NERZHAV_NIKELESOD/img.webp,нержавеющая сталь;сталь листовая нержав никелесод;х/к н/с aisi 304 (08х18н10) deco8+pe;1;5;сталь;листовая;нержав;никелесод;х/к;н/с;aisi;304;08х18н10;deco8+pe,х/к н/с AISI 304 (08Х18Н10) DECO8+PE,1 ; 1.5,,т
Нержавеющая сталь,СТАЛЬ ЛИСТОВАЯ НЕРЖАВ НИКЕЛЕСОД,х/к н/с AISI 304 (08Х18Н10) DECO9+PE,Сталь Листовая Нержав Никелесод 0.8 х/к н/с AISI 304 (08х18н10) Deco9+pe,"СТАЛЬ ЛИСТОВАЯ НЕРЖАВ НИКЕЛЕСОД марки х/к н/с AISI 304 (08Х18Н10) DECO9+PE, размер 0.8",0.8,294150,т,1,0,0,https://www.kavstal.ru/public/assets/images/products/LISTOVOI_PROKAT/STAL_LISTOVAYA_NERZHAV_NIKELESOD/img.webp,нержавеющая сталь;сталь листовая нержав никелесод;х/к н/с aisi 304 (08х18н10) deco9+pe;8;сталь;листовая;нержав;никелесод;0.8;х/к;н/с;aisi;304;08х18н10;deco9+pe,х/к н/с AISI 304 (08Х18Н10) DECO9+PE,0.8,,т
Нержавеющая сталь,СТАЛЬ ЛИСТОВАЯ НЕРЖАВ НИКЕЛЕСОД,х/к н/с AISI 304 (08Х18Н10) DECO9+PE,Сталь Листовая Нержав Никелесод 1 х/к н/с AISI 304 (08х18н10) Deco9+pe,"СТАЛЬ ЛИСТОВАЯ НЕРЖАВ НИКЕЛЕСОД марки х/к н/с AISI 304 (08Х18Н10) DECO9+PE, размер 1 ; 1.5; 1.5",1,299810,т,1,0,0,https://www.kavstal.ru/public/assets/images/products/LISTOVOI_PROKAT/STAL_LISTOVAYA_NERZHAV_NIKELESOD/img.webp,нержавеющая сталь;сталь листовая нержав никелесод;х/к н/с aisi 304 (08х18н10) deco9+pe;1;5;сталь;листовая;нержав;никелесод;х/к;н/с;aisi;304;08х18н10;deco9+pe,х/к н/с AISI 304 (08Х18Н10) DECO9+PE,1 ; 1.5; 1.5,,т
Нержавеющая сталь,СТАЛЬ ЛИСТОВАЯ НЕРЖАВ НИКЕЛЕСОД,х/к н/с AISI 304L (03Х18Н10) 2B рулон (матовый),Сталь Листовая Нержав Никелесод 0.6 х/к н/с AISI 304l (03х18н10) 2B рулон (матовый),"СТАЛЬ ЛИСТОВАЯ НЕРЖАВ НИКЕЛЕСОД марки х/к н/с AISI 304L (03Х18Н10) 2B рулон (матовый), размер 0.6",0.6,259220,т,1,0,0,https://www.kavstal.ru/public/assets/images/products/LISTOVOI_PROKAT/STAL_LISTOVAYA_NERZHAV_NIKELESOD/img.webp,нержавеющая сталь;сталь листовая нержав никелесод;х/к н/с aisi 304l (03х18н10) 2b рулон (матовый);6;сталь;листовая;нержав;никелесод;0.6;х/к;н/с;aisi;304l;03х18н10;2b;рулон;матовый,х/к н/с AISI 304L (03Х18Н10) 2B рулон (матовый),0.6,,т
Нержавеющая сталь,СТАЛЬ ЛИСТОВАЯ НЕРЖАВ НИКЕЛЕСОД,х/к н/с AISI 304L (03Х18Н11) 2B (матовый),Сталь Листовая Нержав Никелесод 0.93 х/к н/с AISI 304l (03х18н11) 2B (матовый),"СТАЛЬ ЛИСТОВАЯ НЕРЖАВ НИКЕЛЕСОД марки х/к н/с AISI 304L (03Х18Н11) 2B (матовый), размер 0.93",0.93,259220,т,1,0,0,https://www.kavstal.ru/public/assets/images/products/LISTOVOI_PROKAT/STAL_LISTOVAYA_NERZHAV_NIKELESOD/img.webp,нержавеющая сталь;сталь листовая нержав никелесод;х/к н/с aisi 304l (03х18н11) 2b (матовый);93;сталь;листовая;нержав;никелесод;0.93;х/к;н/с;aisi;304l;03х18н11;2b;матовый,х/к н/с AISI 304L (03Х18Н11) 2B (матовый),0.93,,т
Нержавеющая сталь,СТАЛЬ ЛИСТОВАЯ НЕРЖАВ НИКЕЛЕСОД,х/к н/с AISI 304L (03Х18Н11) 2B (матовый),Сталь Листовая Нержав Никелесод 1 х/к н/с AISI 304l (03х18н11) 2B (матовый),"СТАЛЬ ЛИСТОВАЯ НЕРЖАВ НИКЕЛЕСОД марки х/к н/с AISI 304L (03Х18Н11) 2B (матовый), размер 1",1,269110,т,1,0,0,https://www.kavstal.ru/public/assets/images/products/LISTOVOI_PROKAT/STAL_LISTOVAYA_NERZHAV_NIKELESOD/img.webp,нержавеющая сталь;сталь листовая нержав никелесод;х/к н/с aisi 304l (03х18н11) 2b (матовый);1;сталь;листовая;нержав;никелесод;х/к;н/с;aisi;304l;03х18н11;2b;матовый,х/к н/с AISI 304L (03Х18Н11) 2B (матовый),1,,т
Нержавеющая сталь,СТАЛЬ ЛИСТОВАЯ НЕРЖАВ НИКЕЛЕСОД,х/к н/с AISI 304L (03Х18Н11) 2B (матовый),Сталь Листовая Нержав Никелесод 1.2 х/к н/с AISI 304l (03х18н11) 2B (матовый),"СТАЛЬ ЛИСТОВАЯ НЕРЖАВ НИКЕЛЕСОД марки х/к н/с AISI 304L (03Х18Н11) 2B (матовый), размер 1.2",1.2,257030,т,1,0,0,https://www.kavstal.ru/public/assets/images/products/LISTOVOI_PROKAT/STAL_LISTOVAYA_NERZHAV_NIKELESOD/img.webp,нержавеющая сталь;сталь листовая нержав никелесод;х/к н/с aisi 304l (03х18н11) 2b (матовый);1;2;сталь;листовая;нержав;никелесод;1.2;х/к;н/с;aisi;304l;03х18н11;2b;матовый,х/к н/с AISI 304L (03Х18Н11) 2B (матовый),1.2,,т
Нержавеющая сталь,СТАЛЬ ЛИСТОВАЯ НЕРЖАВ НИКЕЛЕСОД,х/к н/с AISI 304L (03Х18Н11) 2B (матовый),Сталь Листовая Нержав Никелесод 1.85 х/к н/с AISI 304l (03х18н11) 2B (матовый),"СТАЛЬ ЛИСТОВАЯ НЕРЖАВ НИКЕЛЕСОД марки х/к н/с AISI 304L (03Х18Н11) 2B (матовый), размер 1.85",1.85,260320,т,1,0,0,https://www.kavstal.ru/public/assets/images/products/LISTOVOI_PROKAT/STAL_LISTOVAYA_NERZHAV_NIKELESOD/img.webp,нержавеющая сталь;сталь листовая нержав никелесод;х/к н/с aisi 304l (03х18н11) 2b (матовый);1;85;сталь;листовая;нержав;никелесод;1.85;х/к;н/с;aisi;304l;03х18н11;2b;матовый,х/к н/с AISI 304L (03Х18Н11) 2B (матовый),1.85,,т
Нержавеющая сталь,СТАЛЬ ЛИСТОВАЯ НЕРЖАВ НИКЕЛЕСОД,х/к н/с AISI 304L (03Х18Н11) 2B (матовый),Сталь Листовая Нержав Никелесод 2.38 х/к н/с AISI 304l (03х18н11) 2B (матовый),"СТАЛЬ ЛИСТОВАЯ НЕРЖАВ НИКЕЛЕСОД марки х/к н/с AISI 304L (03Х18Н11) 2B (матовый), размер 2.38",2.38,270200,т,1,0,0,https://www.kavstal.ru/public/assets/images/products/LISTOVOI_PROKAT/STAL_LISTOVAYA_NERZHAV_NIKELESOD/img.webp,нержавеющая сталь;сталь листовая нержав никелесод;х/к н/с aisi 304l (03х18н11) 2b (матовый);2;38;сталь;листовая;нержав;никелесод;2.38;х/к;н/с;aisi;304l;03х18н11;2b;матовый,х/к н/с AISI 304L (03Х18Н11) 2B (матовый),2.38,,т
Нержавеющая сталь,СТАЛЬ ЛИСТОВАЯ НЕРЖАВ НИКЕЛЕСОД,х/к н/с AISI 304L (03Х18Н11) 2B (матовый),Сталь Листовая Нержав Никелесод 4.8 х/к н/с AISI 304l (03х18н11) 2B (матовый),"СТАЛЬ ЛИСТОВАЯ НЕРЖАВ НИКЕЛЕСОД марки х/к н/с AISI 304L (03Х18Н11) 2B (матовый), размер 4.8",4.8,273510,т,1,0,0,https://www.kavstal.ru/public/assets/images/products/LISTOVOI_PROKAT/STAL_LISTOVAYA_NERZHAV_NIKELESOD/img.webp,нержавеющая сталь;сталь листовая нержав никелесод;х/к н/с aisi 304l (03х18н11) 2b (матовый);4;8;сталь;листовая;нержав;никелесод;4.8;х/к;н/с;aisi;304l;03х18н11;2b;матовый,х/к н/с AISI 304L (03Х18Н11) 2B (матовый),4.8,,т
Нержавеющая сталь,СТАЛЬ ЛИСТОВАЯ НЕРЖАВ НИКЕЛЕСОД,х/к н/с AISI 310S 2B (матовый),Сталь Листовая Нержав Никелесод 0.8 х/к н/с AISI 310s 2B (матовый),"СТАЛЬ ЛИСТОВАЯ НЕРЖАВ НИКЕЛЕСОД марки х/к н/с AISI 310S 2B (матовый), размер 0.8 ; 1; 1; 1.5; 1.5; 2; 2; 3; 3",0.8,651220,т,1,0,0,https://www.kavstal.ru/public/assets/images/products/LISTOVOI_PROKAT/STAL_LISTOVAYA_NERZHAV_NIKELESOD/img.webp,нержавеющая сталь;сталь листовая нержав никелесод;х/к н/с aisi 310s 2b (матовый);8;1;5;2;3;сталь;листовая;нержав;никелесод;0.8;х/к;н/с;aisi;310s;2b;матовый,х/к н/с AISI 310S 2B (матовый),0.8 ; 1; 1; 1.5; 1.5; 2; 2; 3; 3,,т
Нержавеющая сталь,СТАЛЬ ЛИСТОВАЯ НЕРЖАВ НИКЕЛЕСОД,х/к н/с AISI 310S (08Х18Н10) 2B,Сталь Листовая Нержав Никелесод 0.8 х/к н/с AISI 310s (08х18н10) 2B,"СТАЛЬ ЛИСТОВАЯ НЕРЖАВ НИКЕЛЕСОД марки х/к н/с AISI 310S (08Х18Н10) 2B, размер 0.8 ; 3",0.8,0,т,1,0,0,https://www.kavstal.ru/public/assets/images/products/LISTOVOI_PROKAT/STAL_LISTOVAYA_NERZHAV_NIKELESOD/img.webp,нержавеющая сталь;сталь листовая нержав никелесод;х/к н/с aisi 310s (08х18н10) 2b;8;3;сталь;листовая;нержав;никелесод;0.8;х/к;н/с;aisi;310s;08х18н10;2b,х/к н/с AISI 310S (08Х18Н10) 2B,0.8 ; 3,,т
Нержавеющая сталь,СТАЛЬ ЛИСТОВАЯ НЕРЖАВ НИКЕЛЕСОД,х/к н/с AISI 316L 2B (матовый),Сталь Листовая Нержав Никелесод 0.5 х/к н/с AISI 316l 2B (матовый),"СТАЛЬ ЛИСТОВАЯ НЕРЖАВ НИКЕЛЕСОД марки х/к н/с AISI 316L 2B (матовый), размер 0.5",0.5,463580,т,1,0,0,https://www.kavstal.ru/public/assets/images/products/LISTOVOI_PROKAT/STAL_LISTOVAYA_NERZHAV_NIKELESOD/img.webp,нержавеющая сталь;сталь листовая нержав никелесод;х/к н/с aisi 316l 2b (матовый);5;сталь;листовая;нержав;никелесод;0.5;х/к;н/с;aisi;316l;2b;матовый,х/к н/с AISI 316L 2B (матовый),0.5,,т
Нержавеющая сталь,СТАЛЬ ЛИСТОВАЯ НЕРЖАВ НИКЕЛЕСОД,х/к н/с AISI 316L 2B (матовый),Сталь Листовая Нержав Никелесод 0.5 х/к н/с AISI 316l 2B (матовый),"СТАЛЬ ЛИСТОВАЯ НЕРЖАВ НИКЕЛЕСОД марки х/к н/с AISI 316L 2B (матовый), размер 0.5",0.5,697890,т,1,0,0,https://www.kavstal.ru/public/assets/images/products/LISTOVOI_PROKAT/STAL_LISTOVAYA_NERZHAV_NIKELESOD/img.webp,нержавеющая сталь;сталь листовая нержав никелесод;х/к н/с aisi 316l 2b (матовый);5;сталь;листовая;нержав;никелесод;0.5;х/к;н/с;aisi;316l;2b;матовый,х/к н/с AISI 316L 2B (матовый),0.5,,т
Нержавеющая сталь,СТАЛЬ ЛИСТОВАЯ НЕРЖАВ НИКЕЛЕСОД,х/к н/с AISI 316L 2B (матовый),Сталь Листовая Нержав Никелесод 0.6 х/к н/с AISI 316l 2B (матовый),"СТАЛЬ ЛИСТОВАЯ НЕРЖАВ НИКЕЛЕСОД марки х/к н/с AISI 316L 2B (матовый), размер 0.6",0.6,463580,т,1,0,0,https://www.kavstal.ru/public/assets/images/products/LISTOVOI_PROKAT/STAL_LISTOVAYA_NERZHAV_NIKELESOD/img.webp,нержавеющая сталь;сталь листовая нержав никелесод;х/к н/с aisi 316l 2b (матовый);6;сталь;листовая;нержав;никелесод;0.6;х/к;н/с;aisi;316l;2b;матовый,х/к н/с AISI 316L 2B (матовый),0.6,,т
Нержавеющая сталь,СТАЛЬ ЛИСТОВАЯ НЕРЖАВ НИКЕЛЕСОД,х/к н/с AISI 316L 2B (матовый),Сталь Листовая Нержав Никелесод 0.7 х/к н/с AISI 316l 2B (матовый),"СТАЛЬ ЛИСТОВАЯ НЕРЖАВ НИКЕЛЕСОД марки х/к н/с AISI 316L 2B (матовый), размер 0.7 ; 0.8; 0.8; 1; 1",0.7,452550,т,1,0,0,https://www.kavstal.ru/public/assets/images/products/LISTOVOI_PROKAT/STAL_LISTOVAYA_NERZHAV_NIKELESOD/img.webp,нержавеющая сталь;сталь листовая нержав никелесод;х/к н/с aisi 316l 2b (матовый);7;8;1;сталь;листовая;нержав;никелесод;0.7;х/к;н/с;aisi;316l;2b;матовый,х/к н/с AISI 316L 2B (матовый),0.7 ; 0.8; 0.8; 1; 1,,т
Нержавеющая сталь,СТАЛЬ ЛИСТОВАЯ НЕРЖАВ НИКЕЛЕСОД,х/к н/с AISI 316L 2B (матовый),Сталь Листовая Нержав Никелесод 1 х/к н/с AISI 316l 2B (матовый),"СТАЛЬ ЛИСТОВАЯ НЕРЖАВ НИКЕЛЕСОД марки х/к н/с AISI 316L 2B (матовый), размер 1",1,495000,т,1,0,0,https://www.kavstal.ru/public/assets/images/products/LISTOVOI_PROKAT/STAL_LISTOVAYA_NERZHAV_NIKELESOD/img.webp,нержавеющая сталь;сталь листовая нержав никелесод;х/к н/с aisi 316l 2b (матовый);1;сталь;листовая;нержав;никелесод;х/к;н/с;aisi;316l;2b;матовый,х/к н/с AISI 316L 2B (матовый),1,,т
Нержавеющая сталь,СТАЛЬ ЛИСТОВАЯ НЕРЖАВ НИКЕЛЕСОД,х/к н/с AISI 316L 2B (матовый),Сталь Листовая Нержав Никелесод 1.2 х/к н/с AISI 316l 2B (матовый),"СТАЛЬ ЛИСТОВАЯ НЕРЖАВ НИКЕЛЕСОД марки х/к н/с AISI 316L 2B (матовый), размер 1.2",1.2,524290,т,1,0,0,https://www.kavstal.ru/public/assets/images/products/LISTOVOI_PROKAT/STAL_LISTOVAYA_NERZHAV_NIKELESOD/img.webp,нержавеющая сталь;сталь листовая нержав никелесод;х/к н/с aisi 316l 2b (матовый);1;2;сталь;листовая;нержав;никелесод;1.2;х/к;н/с;aisi;316l;2b;матовый,х/к н/с AISI 316L 2B (матовый),1.2,,т
Нержавеющая сталь,СТАЛЬ ЛИСТОВАЯ НЕРЖАВ НИКЕЛЕСОД,х/к н/с AISI 316L 2B (матовый),Сталь Листовая Нержав Никелесод 1.5 х/к н/с AISI 316l 2B (матовый),"СТАЛЬ ЛИСТОВАЯ НЕРЖАВ НИКЕЛЕСОД марки х/к н/с AISI 316L 2B (матовый), размер 1.5",1.5,481550,т,1,0,0,https://www.kavstal.ru/public/assets/images/products/LISTOVOI_PROKAT/STAL_LISTOVAYA_NERZHAV_NIKELESOD/img.webp,нержавеющая сталь;сталь листовая нержав никелесод;х/к н/с aisi 316l 2b (матовый);1;5;сталь;листовая;нержав;никелесод;1.5;х/к;н/с;aisi;316l;2b;матовый,х/к н/с AISI 316L 2B (матовый),1.5,,т
Нержавеющая сталь,СТАЛЬ ЛИСТОВАЯ НЕРЖАВ НИКЕЛЕСОД,х/к н/с AISI 316L 2B (матовый),Сталь Листовая Нержав Никелесод 1.5 х/к н/с AISI 316l 2B (матовый),"СТАЛЬ ЛИСТОВАЯ НЕРЖАВ НИКЕЛЕСОД марки х/к н/с AISI 316L 2B (матовый), размер 1.5",1.5,495000,т,1,0,0,https://www.kavstal.ru/public/assets/images/products/LISTOVOI_PROKAT/STAL_LISTOVAYA_NERZHAV_NIKELESOD/img.webp,нержавеющая сталь;сталь листовая нержав никелесод;х/к н/с aisi 316l 2b (матовый);1;5;сталь;листовая;нержав;никелесод;1.5;х/к;н/с;aisi;316l;2b;матовый,х/к н/с AISI 316L 2B (матовый),1.5,,т
Нержавеющая сталь,СТАЛЬ ЛИСТОВАЯ НЕРЖАВ НИКЕЛЕСОД,х/к н/с AISI 316L 2B (матовый),Сталь Листовая Нержав Никелесод 2 х/к н/с AISI 316l 2B (матовый),"СТАЛЬ ЛИСТОВАЯ НЕРЖАВ НИКЕЛЕСОД марки х/к н/с AISI 316L 2B (матовый), размер 2",2,508590,т,1,0,0,https://www.kavstal.ru/public/assets/images/products/LISTOVOI_PROKAT/STAL_LISTOVAYA_NERZHAV_NIKELESOD/img.webp,нержавеющая сталь;сталь листовая нержав никелесод;х/к н/с aisi 316l 2b (матовый);2;сталь;листовая;нержав;никелесод;х/к;н/с;aisi;316l;2b;матовый,х/к н/с AISI 316L 2B (матовый),2,,т
Нержавеющая сталь,СТАЛЬ ЛИСТОВАЯ НЕРЖАВ НИКЕЛЕСОД,х/к н/с AISI 316L 2B (матовый),Сталь Листовая Нержав Никелесод 2.5 х/к н/с AISI 316l 2B (матовый),"СТАЛЬ ЛИСТОВАЯ НЕРЖАВ НИКЕЛЕСОД марки х/к н/с AISI 316L 2B (матовый), размер 2.5",2.5,513250,т,1,0,0,https://www.kavstal.ru/public/assets/images/products/LISTOVOI_PROKAT/STAL_LISTOVAYA_NERZHAV_NIKELESOD/img.webp,нержавеющая сталь;сталь листовая нержав никелесод;х/к н/с aisi 316l 2b (матовый);2;5;сталь;листовая;нержав;никелесод;2.5;х/к;н/с;aisi;316l;2b;матовый,х/к н/с AISI 316L 2B (матовый),2.5,,т
Нержавеющая сталь,СТАЛЬ ЛИСТОВАЯ НЕРЖАВ НИКЕЛЕСОД,х/к н/с AISI 316L 2B (матовый),Сталь Листовая Нержав Никелесод 3 х/к н/с AISI 316l 2B (матовый),"СТАЛЬ ЛИСТОВАЯ НЕРЖАВ НИКЕЛЕСОД марки х/к н/с AISI 316L 2B (матовый), размер 3",3,507740,т,1,0,0,https://www.kavstal.ru/public/assets/images/products/LISTOVOI_PROKAT/STAL_LISTOVAYA_NERZHAV_NIKELESOD/img.webp,нержавеющая сталь;сталь листовая нержав никелесод;х/к н/с aisi 316l 2b (матовый);3;сталь;листовая;нержав;никелесод;х/к;н/с;aisi;316l;2b;матовый,х/к н/с AISI 316L 2B (матовый),3,,т
Нержавеющая сталь,СТАЛЬ ЛИСТОВАЯ НЕРЖАВ НИКЕЛЕСОД,х/к н/с AISI 316L 2B (матовый),Сталь Листовая Нержав Никелесод 3 х/к н/с AISI 316l 2B (матовый),"СТАЛЬ ЛИСТОВАЯ НЕРЖАВ НИКЕЛЕСОД марки х/к н/с AISI 316L 2B (матовый), размер 3",3,530000,т,1,0,0,https://www.kavstal.ru/public/assets/images/products/LISTOVOI_PROKAT/STAL_LISTOVAYA_NERZHAV_NIKELESOD/img.webp,нержавеющая сталь;сталь листовая нержав никелесод;х/к н/с aisi 316l 2b (матовый);3;сталь;листовая;нержав;никелесод;х/к;н/с;aisi;316l;2b;матовый,х/к н/с AISI 316L 2B (матовый),3,,т
Нержавеющая сталь,СТАЛЬ ЛИСТОВАЯ НЕРЖАВ НИКЕЛЕСОД,х/к н/с AISI 316L 2B (матовый),Сталь Листовая Нержав Никелесод 3 х/к н/с AISI 316l 2B (матовый),"СТАЛЬ ЛИСТОВАЯ НЕРЖАВ НИКЕЛЕСОД марки х/к н/с AISI 316L 2B (матовый), размер 3",3,584340,т,1,0,0,https://www.kavstal.ru/public/assets/images/products/LISTOVOI_PROKAT/STAL_LISTOVAYA_NERZHAV_NIKELESOD/img.webp,нержавеющая сталь;сталь листовая нержав никелесод;х/к н/с aisi 316l 2b (матовый);3;сталь;листовая;нержав;никелесод;х/к;н/с;aisi;316l;2b;матовый,х/к н/с AISI 316L 2B (матовый),3,,т
Нержавеющая сталь,СТАЛЬ ЛИСТОВАЯ НЕРЖАВ НИКЕЛЕСОД,х/к н/с AISI 316L 2B (матовый),Сталь Листовая Нержав Никелесод 4 х/к н/с AISI 316l 2B (матовый),"СТАЛЬ ЛИСТОВАЯ НЕРЖАВ НИКЕЛЕСОД марки х/к н/с AISI 316L 2B (матовый), размер 4",4,452550,т,1,0,0,https://www.kavstal.ru/public/assets/images/products/LISTOVOI_PROKAT/STAL_LISTOVAYA_NERZHAV_NIKELESOD/img.webp,нержавеющая сталь;сталь листовая нержав никелесод;х/к н/с aisi 316l 2b (матовый);4;сталь;листовая;нержав;никелесод;х/к;н/с;aisi;316l;2b;матовый,х/к н/с AISI 316L 2B (матовый),4,,т
Нержавеющая сталь,СТАЛЬ ЛИСТОВАЯ НЕРЖАВ НИКЕЛЕСОД,х/к н/с AISI 316L 2B (матовый),Сталь Листовая Нержав Никелесод 4 х/к н/с AISI 316l 2B (матовый),"СТАЛЬ ЛИСТОВАЯ НЕРЖАВ НИКЕЛЕСОД марки х/к н/с AISI 316L 2B (матовый), размер 4",4,497780,т,1,0,0,https://www.kavstal.ru/public/assets/images/products/LISTOVOI_PROKAT/STAL_LISTOVAYA_NERZHAV_NIKELESOD/img.webp,нержавеющая сталь;сталь листовая нержав никелесод;х/к н/с aisi 316l 2b (матовый);4;сталь;листовая;нержав;никелесод;х/к;н/с;aisi;316l;2b;матовый,х/к н/с AISI 316L 2B (матовый),4,,т
Нержавеющая сталь,СТАЛЬ ЛИСТОВАЯ НЕРЖАВ НИКЕЛЕСОД,х/к н/с AISI 316L 2B (матовый),Сталь Листовая Нержав Никелесод 6 х/к н/с AISI 316l 2B (матовый),"СТАЛЬ ЛИСТОВАЯ НЕРЖАВ НИКЕЛЕСОД марки х/к н/с AISI 316L 2B (матовый), размер 6",6,665780,т,1,0,0,https://www.kavstal.ru/public/assets/images/products/LISTOVOI_PROKAT/STAL_LISTOVAYA_NERZHAV_NIKELESOD/img.webp,нержавеющая сталь;сталь листовая нержав никелесод;х/к н/с aisi 316l 2b (матовый);6;сталь;листовая;нержав;никелесод;х/к;н/с;aisi;316l;2b;матовый,х/к н/с AISI 316L 2B (матовый),6,,т
Нержавеющая сталь,СТАЛЬ ЛИСТОВАЯ НЕРЖАВ НИКЕЛЕСОД,х/к н/с AISI 316L 2B (матовый) неконд,Сталь Листовая Нержав Никелесод 0.5 х/к н/с AISI 316l 2B (матовый) неконд,"СТАЛЬ ЛИСТОВАЯ НЕРЖАВ НИКЕЛЕСОД марки х/к н/с AISI 316L 2B (матовый) неконд, размер 0.5",0.5,459000,т,1,0,0,https://www.kavstal.ru/public/assets/images/products/LISTOVOI_PROKAT/STAL_LISTOVAYA_NERZHAV_NIKELESOD/img.webp,нержавеющая сталь;сталь листовая нержав никелесод;х/к н/с aisi 316l 2b (матовый) неконд;5;сталь;листовая;нержав;никелесод;0.5;х/к;н/с;aisi;316l;2b;матовый;неконд,х/к н/с AISI 316L 2B (матовый) неконд,0.5,,т
Нержавеющая сталь,СТАЛЬ ЛИСТОВАЯ НЕРЖАВ НИКЕЛЕСОД,х/к н/с AISI 316L 2B (матовый) неконд,Сталь Листовая Нержав Никелесод 0.5 х/к н/с AISI 316l 2B (матовый) неконд,"СТАЛЬ ЛИСТОВАЯ НЕРЖАВ НИКЕЛЕСОД марки х/к н/с AISI 316L 2B (матовый) неконд, размер 0.5",0.5,515000,т,1,0,0,https://www.kavstal.ru/public/assets/images/products/LISTOVOI_PROKAT/STAL_LISTOVAYA_NERZHAV_NIKELESOD/img.webp,нержавеющая сталь;сталь листовая нержав никелесод;х/к н/с aisi 316l 2b (матовый) неконд;5;сталь;листовая;нержав;никелесод;0.5;х/к;н/с;aisi;316l;2b;матовый;неконд,х/к н/с AISI 316L 2B (матовый) неконд,0.5,,т
Нержавеющая сталь,СТАЛЬ ЛИСТОВАЯ НЕРЖАВ НИКЕЛЕСОД,х/к н/с AISI 316L 2B (матовый) неконд,Сталь Листовая Нержав Никелесод 0.5 х/к н/с AISI 316l 2B (матовый) неконд,"СТАЛЬ ЛИСТОВАЯ НЕРЖАВ НИКЕЛЕСОД марки х/к н/с AISI 316L 2B (матовый) неконд, размер 0.5",0.5,617100,т,1,0,0,https://www.kavstal.ru/public/assets/images/products/LISTOVOI_PROKAT/STAL_LISTOVAYA_NERZHAV_NIKELESOD/img.webp,нержавеющая сталь;сталь листовая нержав никелесод;х/к н/с aisi 316l 2b (матовый) неконд;5;сталь;листовая;нержав;никелесод;0.5;х/к;н/с;aisi;316l;2b;матовый;неконд,х/к н/с AISI 316L 2B (матовый) неконд,0.5,,т
Нержавеющая сталь,СТАЛЬ ЛИСТОВАЯ НЕРЖАВ НИКЕЛЕСОД,х/к н/с AISI 316L 2B (матовый) уценка,Сталь Листовая Нержав Никелесод 2 х/к н/с AISI 316l 2B (матовый) уценка,"СТАЛЬ ЛИСТОВАЯ НЕРЖАВ НИКЕЛЕСОД марки х/к н/с AISI 316L 2B (матовый) уценка, размер 2",2,515000,т,1,0,0,https://www.kavstal.ru/public/assets/images/products/LISTOVOI_PROKAT/STAL_LISTOVAYA_NERZHAV_NIKELESOD/img.webp,нержавеющая сталь;сталь листовая нержав никелесод;х/к н/с aisi 316l 2b (матовый) уценка;2;сталь;листовая;нержав;никелесод;х/к;н/с;aisi;316l;2b;матовый;уценка,х/к н/с AISI 316L 2B (матовый) уценка,2,,т
Нержавеющая сталь,СТАЛЬ ЛИСТОВАЯ НЕРЖАВ НИКЕЛЕСОД,х/к н/с AISI 316L 2B (матовый)уценка,Сталь Листовая Нержав Никелесод 1 х/к н/с AISI 316l 2B (матовый)уценка,"СТАЛЬ ЛИСТОВАЯ НЕРЖАВ НИКЕЛЕСОД марки х/к н/с AISI 316L 2B (матовый)уценка, размер 1 ; 1.5",1,515000,т,1,0,0,https://www.kavstal.ru/public/assets/images/products/LISTOVOI_PROKAT/STAL_LISTOVAYA_NERZHAV_NIKELESOD/img.webp,нержавеющая сталь;сталь листовая нержав никелесод;х/к н/с aisi 316l 2b (матовый)уценка;1;5;сталь;листовая;нержав;никелесод;х/к;н/с;aisi;316l;2b;матовый)уценка,х/к н/с AISI 316L 2B (матовый)уценка,1 ; 1.5,,т
Нержавеющая сталь,СТАЛЬ ЛИСТОВАЯ НЕРЖАВ НИКЕЛЕСОД,х/к н/с AISI 316L 2B+PE (матовый),Сталь Листовая Нержав Никелесод 0.5 х/к н/с AISI 316l 2b+pe (матовый),"СТАЛЬ ЛИСТОВАЯ НЕРЖАВ НИКЕЛЕСОД марки х/к н/с AISI 316L 2B+PE (матовый), размер 0.5",0.5,463580,т,1,0,0,https://www.kavstal.ru/public/assets/images/products/LISTOVOI_PROKAT/STAL_LISTOVAYA_NERZHAV_NIKELESOD/img.webp,нержавеющая сталь;сталь листовая нержав никелесод;х/к н/с aisi 316l 2b+pe (матовый);5;сталь;листовая;нержав;никелесод;0.5;х/к;н/с;aisi;316l;2b+pe;матовый,х/к н/с AISI 316L 2B+PE (матовый),0.5,,т
Нержавеющая сталь,СТАЛЬ ЛИСТОВАЯ НЕРЖАВ НИКЕЛЕСОД,х/к н/с AISI 316L 2B+PE (матовый),Сталь Листовая Нержав Никелесод 3 х/к н/с AISI 316l 2b+pe (матовый),"СТАЛЬ ЛИСТОВАЯ НЕРЖАВ НИКЕЛЕСОД марки х/к н/с AISI 316L 2B+PE (матовый), размер 3",3,568120,т,1,0,0,https://www.kavstal.ru/public/assets/images/products/LISTOVOI_PROKAT/STAL_LISTOVAYA_NERZHAV_NIKELESOD/img.webp,нержавеющая сталь;сталь листовая нержав никелесод;х/к н/с aisi 316l 2b+pe (матовый);3;сталь;листовая;нержав;никелесод;х/к;н/с;aisi;316l;2b+pe;матовый,х/к н/с AISI 316L 2B+PE (матовый),3,,т
Нержавеющая сталь,СТАЛЬ ЛИСТОВАЯ НЕРЖАВ НИКЕЛЕСОД,х/к н/с AISI 316L 4N+PE (шлиф.),Сталь Листовая Нержав Никелесод 2.5 х/к н/с AISI 316l 4n+pe (шлиф.),"СТАЛЬ ЛИСТОВАЯ НЕРЖАВ НИКЕЛЕСОД марки х/к н/с AISI 316L 4N+PE (шлиф.), размер 2.5",2.5,463580,т,1,0,0,https://www.kavstal.ru/public/assets/images/products/LISTOVOI_PROKAT/STAL_LISTOVAYA_NERZHAV_NIKELESOD/img.webp,нержавеющая сталь;сталь листовая нержав никелесод;х/к н/с aisi 316l 4n+pe (шлиф.);2;5;сталь;листовая;нержав;никелесод;2.5;х/к;н/с;aisi;316l;4n+pe;шлиф,х/к н/с AISI 316L 4N+PE (шлиф.),2.5,,т
Нержавеющая сталь,СТАЛЬ ЛИСТОВАЯ НЕРЖАВ НИКЕЛЕСОД,х/к н/с AISI 316Ti 2B (матовый),Сталь Листовая Нержав Никелесод 1.5 х/к н/с AISI 316Ti 2B (матовый),"СТАЛЬ ЛИСТОВАЯ НЕРЖАВ НИКЕЛЕСОД марки х/к н/с AISI 316Ti 2B (матовый), размер 1.5",1.5,562930,т,1,0,0,https://www.kavstal.ru/public/assets/images/products/LISTOVOI_PROKAT/STAL_LISTOVAYA_NERZHAV_NIKELESOD/img.webp,нержавеющая сталь;сталь листовая нержав никелесод;х/к н/с aisi 316ti 2b (матовый);1;5;сталь;листовая;нержав;никелесод;1.5;х/к;н/с;aisi;316ti;2b;матовый,х/к н/с AISI 316Ti 2B (матовый),1.5,,т
Нержавеющая сталь,СТАЛЬ ЛИСТОВАЯ НЕРЖАВ НИКЕЛЕСОД,х/к н/с AISI 316Ti 2B (матовый),Сталь Листовая Нержав Никелесод 1.5 х/к н/с AISI 316Ti 2B (матовый),"СТАЛЬ ЛИСТОВАЯ НЕРЖАВ НИКЕЛЕСОД марки х/к н/с AISI 316Ti 2B (матовый), размер 1.5",1.5,605990,т,1,0,0,https://www.kavstal.ru/public/assets/images/products/LISTOVOI_PROKAT/STAL_LISTOVAYA_NERZHAV_NIKELESOD/img.webp,нержавеющая сталь;сталь листовая нержав никелесод;х/к н/с aisi 316ti 2b (матовый);1;5;сталь;листовая;нержав;никелесод;1.5;х/к;н/с;aisi;316ti;2b;матовый,х/к н/с AISI 316Ti 2B (матовый),1.5,,т
Нержавеющая сталь,СТАЛЬ ЛИСТОВАЯ НЕРЖАВ НИКЕЛЕСОД,х/к н/с AISI 316Ti 2B (матовый),Сталь Листовая Нержав Никелесод 2 х/к н/с AISI 316Ti 2B (матовый),"СТАЛЬ ЛИСТОВАЯ НЕРЖАВ НИКЕЛЕСОД марки х/к н/с AISI 316Ti 2B (матовый), размер 2 ; 3; 3",2,562930,т,1,0,0,https://www.kavstal.ru/public/assets/images/products/LISTOVOI_PROKAT/STAL_LISTOVAYA_NERZHAV_NIKELESOD/img.webp,нержавеющая сталь;сталь листовая нержав никелесод;х/к н/с aisi 316ti 2b (матовый);2;3;сталь;листовая;нержав;никелесод;х/к;н/с;aisi;316ti;2b;матовый,х/к н/с AISI 316Ti 2B (матовый),2 ; 3; 3,,т
Нержавеющая сталь,СТАЛЬ ЛИСТОВАЯ НЕРЖАВ НИКЕЛЕСОД,х/к н/с AISI 316Ti 2B (матовый)уценка,Сталь Листовая Нержав Никелесод 1.5 х/к н/с AISI 316Ti 2B (матовый)уценка,"СТАЛЬ ЛИСТОВАЯ НЕРЖАВ НИКЕЛЕСОД марки х/к н/с AISI 316Ti 2B (матовый)уценка, размер 1.5",1.5,617100,т,1,0,0,https://www.kavstal.ru/public/assets/images/products/LISTOVOI_PROKAT/STAL_LISTOVAYA_NERZHAV_NIKELESOD/img.webp,нержавеющая сталь;сталь листовая нержав никелесод;х/к н/с aisi 316ti 2b (матовый)уценка;1;5;сталь;листовая;нержав;никелесод;1.5;х/к;н/с;aisi;316ti;2b;матовый)уценка,х/к н/с AISI 316Ti 2B (матовый)уценка,1.5,,т
Нержавеющая сталь,СТАЛЬ ЛИСТОВАЯ НЕРЖАВ НИКЕЛЕСОД,х/к н/с AISI 321 (12Х18Н10Т) 2B (матовый),Сталь Листовая Нержав Никелесод 0.5 х/к н/с AISI 321 (12х18н10т) 2B (матовый),"СТАЛЬ ЛИСТОВАЯ НЕРЖАВ НИКЕЛЕСОД марки х/к н/с AISI 321 (12Х18Н10Т) 2B (матовый), размер 0.5 ; 0.6",0.5,289980,т,1,0,0,https://www.kavstal.ru/public/assets/images/products/LISTOVOI_PROKAT/STAL_LISTOVAYA_NERZHAV_NIKELESOD/img.webp,нержавеющая сталь;сталь листовая нержав никелесод;х/к н/с aisi 321 (12х18н10т) 2b (матовый);5;6;сталь;листовая;нержав;никелесод;0.5;х/к;н/с;aisi;321;12х18н10т;2b;матовый,х/к н/с AISI 321 (12Х18Н10Т) 2B (матовый),0.5 ; 0.6,,т
Нержавеющая сталь,СТАЛЬ ЛИСТОВАЯ НЕРЖАВ НИКЕЛЕСОД,х/к н/с AISI 321 (12Х18Н10Т) 2B (матовый),Сталь Листовая Нержав Никелесод 0.6 х/к н/с AISI 321 (12х18н10т) 2B (матовый),"СТАЛЬ ЛИСТОВАЯ НЕРЖАВ НИКЕЛЕСОД марки х/к н/с AISI 321 (12Х18Н10Т) 2B (матовый), размер 0.6",0.6,292900,т,1,0,0,https://www.kavstal.ru/public/assets/images/products/LISTOVOI_PROKAT/STAL_LISTOVAYA_NERZHAV_NIKELESOD/img.webp,нержавеющая сталь;сталь листовая нержав никелесод;х/к н/с aisi 321 (12х18н10т) 2b (матовый);6;сталь;листовая;нержав;никелесод;0.6;х/к;н/с;aisi;321;12х18н10т;2b;матовый,х/к н/с AISI 321 (12Х18Н10Т) 2B (матовый),0.6,,т
Нержавеющая сталь,СТАЛЬ ЛИСТОВАЯ НЕРЖАВ НИКЕЛЕСОД,х/к н/с AISI 321 (12Х18Н10Т) 2B (матовый),Сталь Листовая Нержав Никелесод 0.7 х/к н/с AISI 321 (12х18н10т) 2B (матовый),"СТАЛЬ ЛИСТОВАЯ НЕРЖАВ НИКЕЛЕСОД марки х/к н/с AISI 321 (12Х18Н10Т) 2B (матовый), размер 0.7",0.7,289980,т,1,0,0,https://www.kavstal.ru/public/assets/images/products/LISTOVOI_PROKAT/STAL_LISTOVAYA_NERZHAV_NIKELESOD/img.webp,нержавеющая сталь;сталь листовая нержав никелесод;х/к н/с aisi 321 (12х18н10т) 2b (матовый);7;сталь;листовая;нержав;никелесод;0.7;х/к;н/с;aisi;321;12х18н10т;2b;матовый,х/к н/с AISI 321 (12Х18Н10Т) 2B (матовый),0.7,,т
Нержавеющая сталь,СТАЛЬ ЛИСТОВАЯ НЕРЖАВ НИКЕЛЕСОД,х/к н/с AISI 321 (12Х18Н10Т) 2B (матовый),Сталь Листовая Нержав Никелесод 0.8 х/к н/с AISI 321 (12х18н10т) 2B (матовый),"СТАЛЬ ЛИСТОВАЯ НЕРЖАВ НИКЕЛЕСОД марки х/к н/с AISI 321 (12Х18Н10Т) 2B (матовый), размер 0.8",0.8,283390,т,1,0,0,https://www.kavstal.ru/public/assets/images/products/LISTOVOI_PROKAT/STAL_LISTOVAYA_NERZHAV_NIKELESOD/img.webp,нержавеющая сталь;сталь листовая нержав никелесод;х/к н/с aisi 321 (12х18н10т) 2b (матовый);8;сталь;листовая;нержав;никелесод;0.8;х/к;н/с;aisi;321;12х18н10т;2b;матовый,х/к н/с AISI 321 (12Х18Н10Т) 2B (матовый),0.8,,т
Нержавеющая сталь,СТАЛЬ ЛИСТОВАЯ НЕРЖАВ НИКЕЛЕСОД,х/к н/с AISI 321 (12Х18Н10Т) 2B (матовый),Сталь Листовая Нержав Никелесод 0.8 х/к н/с AISI 321 (12х18н10т) 2B (матовый),"СТАЛЬ ЛИСТОВАЯ НЕРЖАВ НИКЕЛЕСОД марки х/к н/с AISI 321 (12Х18Н10Т) 2B (матовый), размер 0.8",0.8,289000,т,1,0,0,https://www.kavstal.ru/public/assets/images/products/LISTOVOI_PROKAT/STAL_LISTOVAYA_NERZHAV_NIKELESOD/img.webp,нержавеющая сталь;сталь листовая нержав никелесод;х/к н/с aisi 321 (12х18н10т) 2b (матовый);8;сталь;листовая;нержав;никелесод;0.8;х/к;н/с;aisi;321;12х18н10т;2b;матовый,х/к н/с AISI 321 (12Х18Н10Т) 2B (матовый),0.8,,т
Нержавеющая сталь,СТАЛЬ ЛИСТОВАЯ НЕРЖАВ НИКЕЛЕСОД,х/к н/с AISI 321 (12Х18Н10Т) 2B (матовый),Сталь Листовая Нержав Никелесод 0.8 х/к н/с AISI 321 (12х18н10т) 2B (матовый),"СТАЛЬ ЛИСТОВАЯ НЕРЖАВ НИКЕЛЕСОД марки х/к н/с AISI 321 (12Х18Н10Т) 2B (матовый), размер 0.8",0.8,313050,т,1,0,0,https://www.kavstal.ru/public/assets/images/products/LISTOVOI_PROKAT/STAL_LISTOVAYA_NERZHAV_NIKELESOD/img.webp,нержавеющая сталь;сталь листовая нержав никелесод;х/к н/с aisi 321 (12х18н10т) 2b (матовый);8;сталь;листовая;нержав;никелесод;0.8;х/к;н/с;aisi;321;12х18н10т;2b;матовый,х/к н/с AISI 321 (12Х18Н10Т) 2B (матовый),0.8,,т
Нержавеющая сталь,СТАЛЬ ЛИСТОВАЯ НЕРЖАВ НИКЕЛЕСОД,х/к н/с AISI 321 (12Х18Н10Т) 2B (матовый),Сталь Листовая Нержав Никелесод 1 х/к н/с AISI 321 (12х18н10т) 2B (матовый),"СТАЛЬ ЛИСТОВАЯ НЕРЖАВ НИКЕЛЕСОД марки х/к н/с AISI 321 (12Х18Н10Т) 2B (матовый), размер 1",1,283390,т,1,0,0,https://www.kavstal.ru/public/assets/images/products/LISTOVOI_PROKAT/STAL_LISTOVAYA_NERZHAV_NIKELESOD/img.webp,нержавеющая сталь;сталь листовая нержав никелесод;х/к н/с aisi 321 (12х18н10т) 2b (матовый);1;сталь;листовая;нержав;никелесод;х/к;н/с;aisi;321;12х18н10т;2b;матовый,х/к н/с AISI 321 (12Х18Н10Т) 2B (матовый),1,,т
Нержавеющая сталь,СТАЛЬ ЛИСТОВАЯ НЕРЖАВ НИКЕЛЕСОД,х/к н/с AISI 321 (12Х18Н10Т) 2B (матовый),Сталь Листовая Нержав Никелесод 1 х/к н/с AISI 321 (12х18н10т) 2B (матовый),"СТАЛЬ ЛИСТОВАЯ НЕРЖАВ НИКЕЛЕСОД марки х/к н/с AISI 321 (12Х18Н10Т) 2B (матовый), размер 1",1,288880,т,1,0,0,https://www.kavstal.ru/public/assets/images/products/LISTOVOI_PROKAT/STAL_LISTOVAYA_NERZHAV_NIKELESOD/img.webp,нержавеющая сталь;сталь листовая нержав никелесод;х/к н/с aisi 321 (12х18н10т) 2b (матовый);1;сталь;листовая;нержав;никелесод;х/к;н/с;aisi;321;12х18н10т;2b;матовый,х/к н/с AISI 321 (12Х18Н10Т) 2B (матовый),1,,т
Нержавеющая сталь,СТАЛЬ ЛИСТОВАЯ НЕРЖАВ НИКЕЛЕСОД,х/к н/с AISI 321 (12Х18Н10Т) 2B (матовый),Сталь Листовая Нержав Никелесод 1 х/к н/с AISI 321 (12х18н10т) 2B (матовый),"СТАЛЬ ЛИСТОВАЯ НЕРЖАВ НИКЕЛЕСОД марки х/к н/с AISI 321 (12Х18Н10Т) 2B (матовый), размер 1",1,290000,т,1,0,0,https://www.kavstal.ru/public/assets/images/products/LISTOVOI_PROKAT/STAL_LISTOVAYA_NERZHAV_NIKELESOD/img.webp,нержавеющая сталь;сталь листовая нержав никелесод;х/к н/с aisi 321 (12х18н10т) 2b (матовый);1;сталь;листовая;нержав;никелесод;х/к;н/с;aisi;321;12х18н10т;2b;матовый,х/к н/с AISI 321 (12Х18Н10Т) 2B (матовый),1,,т
Нержавеющая сталь,СТАЛЬ ЛИСТОВАЯ НЕРЖАВ НИКЕЛЕСОД,х/к н/с AISI 321 (12Х18Н10Т) 2B (матовый),Сталь Листовая Нержав Никелесод 1 х/к н/с AISI 321 (12х18н10т) 2B (матовый),"СТАЛЬ ЛИСТОВАЯ НЕРЖАВ НИКЕЛЕСОД марки х/к н/с AISI 321 (12Х18Н10Т) 2B (матовый), размер 1",1,302060,т,1,0,0,https://www.kavstal.ru/public/assets/images/products/LISTOVOI_PROKAT/STAL_LISTOVAYA_NERZHAV_NIKELESOD/img.webp,нержавеющая сталь;сталь листовая нержав никелесод;х/к н/с aisi 321 (12х18н10т) 2b (матовый);1;сталь;листовая;нержав;никелесод;х/к;н/с;aisi;321;12х18н10т;2b;матовый,х/к н/с AISI 321 (12Х18Н10Т) 2B (матовый),1,,т
Нержавеющая сталь,СТАЛЬ ЛИСТОВАЯ НЕРЖАВ НИКЕЛЕСОД,х/к н/с AISI 321 (12Х18Н10Т) 2B (матовый),Сталь Листовая Нержав Никелесод 1.2 х/к н/с AISI 321 (12х18н10т) 2B (матовый),"СТАЛЬ ЛИСТОВАЯ НЕРЖАВ НИКЕЛЕСОД марки х/к н/с AISI 321 (12Х18Н10Т) 2B (матовый), размер 1.2",1.2,283390,т,1,0,0,https://www.kavstal.ru/public/assets/images/products/LISTOVOI_PROKAT/STAL_LISTOVAYA_NERZHAV_NIKELESOD/img.webp,нержавеющая сталь;сталь листовая нержав никелесод;х/к н/с aisi 321 (12х18н10т) 2b (матовый);1;2;сталь;листовая;нержав;никелесод;1.2;х/к;н/с;aisi;321;12х18н10т;2b;матовый,х/к н/с AISI 321 (12Х18Н10Т) 2B (матовый),1.2,,т
Нержавеющая сталь,СТАЛЬ ЛИСТОВАЯ НЕРЖАВ НИКЕЛЕСОД,х/к н/с AISI 321 (12Х18Н10Т) 2B (матовый),Сталь Листовая Нержав Никелесод 1.2 х/к н/с AISI 321 (12х18н10т) 2B (матовый),"СТАЛЬ ЛИСТОВАЯ НЕРЖАВ НИКЕЛЕСОД марки х/к н/с AISI 321 (12Х18Н10Т) 2B (матовый), размер 1.2",1.2,305360,т,1,0,0,https://www.kavstal.ru/public/assets/images/products/LISTOVOI_PROKAT/STAL_LISTOVAYA_NERZHAV_NIKELESOD/img.webp,нержавеющая сталь;сталь листовая нержав никелесод;х/к н/с aisi 321 (12х18н10т) 2b (матовый);1;2;сталь;листовая;нержав;никелесод;1.2;х/к;н/с;aisi;321;12х18н10т;2b;матовый,х/к н/с AISI 321 (12Х18Н10Т) 2B (матовый),1.2,,т
Нержавеющая сталь,СТАЛЬ ЛИСТОВАЯ НЕРЖАВ НИКЕЛЕСОД,х/к н/с AISI 321 (12Х18Н10Т) 2B (матовый),Сталь Листовая Нержав Никелесод 1.5 х/к н/с AISI 321 (12х18н10т) 2B (матовый),"СТАЛЬ ЛИСТОВАЯ НЕРЖАВ НИКЕЛЕСОД марки х/к н/с AISI 321 (12Х18Н10Т) 2B (матовый), размер 1.5",1.5,283390,т,1,0,0,https://www.kavstal.ru/public/assets/images/products/LISTOVOI_PROKAT/STAL_LISTOVAYA_NERZHAV_NIKELESOD/img.webp,нержавеющая сталь;сталь листовая нержав никелесод;х/к н/с aisi 321 (12х18н10т) 2b (матовый);1;5;сталь;листовая;нержав;никелесод;1.5;х/к;н/с;aisi;321;12х18н10т;2b;матовый,х/к н/с AISI 321 (12Х18Н10Т) 2B (матовый),1.5,,т
Нержавеющая сталь,СТАЛЬ ЛИСТОВАЯ НЕРЖАВ НИКЕЛЕСОД,х/к н/с AISI 321 (12Х18Н10Т) 2B (матовый),Сталь Листовая Нержав Никелесод 1.5 х/к н/с AISI 321 (12х18н10т) 2B (матовый),"СТАЛЬ ЛИСТОВАЯ НЕРЖАВ НИКЕЛЕСОД марки х/к н/с AISI 321 (12Х18Н10Т) 2B (матовый), размер 1.5",1.5,289000,т,1,0,0,https://www.kavstal.ru/public/assets/images/products/LISTOVOI_PROKAT/STAL_LISTOVAYA_NERZHAV_NIKELESOD/img.webp,нержавеющая сталь;сталь листовая нержав никелесод;х/к н/с aisi 321 (12х18н10т) 2b (матовый);1;5;сталь;листовая;нержав;никелесод;1.5;х/к;н/с;aisi;321;12х18н10т;2b;матовый,х/к н/с AISI 321 (12Х18Н10Т) 2B (матовый),1.5,,т
Нержавеющая сталь,СТАЛЬ ЛИСТОВАЯ НЕРЖАВ НИКЕЛЕСОД,х/к н/с AISI 321 (12Х18Н10Т) 2B (матовый),Сталь Листовая Нержав Никелесод 1.5 х/к н/с AISI 321 (12х18н10т) 2B (матовый),"СТАЛЬ ЛИСТОВАЯ НЕРЖАВ НИКЕЛЕСОД марки х/к н/с AISI 321 (12Х18Н10Т) 2B (матовый), размер 1.5",1.5,305000,т,1,0,0,https://www.kavstal.ru/public/assets/images/products/LISTOVOI_PROKAT/STAL_LISTOVAYA_NERZHAV_NIKELESOD/img.webp,нержавеющая сталь;сталь листовая нержав никелесод;х/к н/с aisi 321 (12х18н10т) 2b (матовый);1;5;сталь;листовая;нержав;никелесод;1.5;х/к;н/с;aisi;321;12х18н10т;2b;матовый,х/к н/с AISI 321 (12Х18Н10Т) 2B (матовый),1.5,,т
Нержавеющая сталь,СТАЛЬ ЛИСТОВАЯ НЕРЖАВ НИКЕЛЕСОД,х/к н/с AISI 321 (12Х18Н10Т) 2B (матовый),Сталь Листовая Нержав Никелесод 2 х/к н/с AISI 321 (12х18н10т) 2B (матовый),"СТАЛЬ ЛИСТОВАЯ НЕРЖАВ НИКЕЛЕСОД марки х/к н/с AISI 321 (12Х18Н10Т) 2B (матовый), размер 2",2,289000,т,1,0,0,https://www.kavstal.ru/public/assets/images/products/LISTOVOI_PROKAT/STAL_LISTOVAYA_NERZHAV_NIKELESOD/img.webp,нержавеющая сталь;сталь листовая нержав никелесод;х/к н/с aisi 321 (12х18н10т) 2b (матовый);2;сталь;листовая;нержав;никелесод;х/к;н/с;aisi;321;12х18н10т;2b;матовый,х/к н/с AISI 321 (12Х18Н10Т) 2B (матовый),2,,т
Нержавеющая сталь,СТАЛЬ ЛИСТОВАЯ НЕРЖАВ НИКЕЛЕСОД,х/к н/с AISI 321 (12Х18Н10Т) 2B (матовый),Сталь Листовая Нержав Никелесод 2 х/к н/с AISI 321 (12х18н10т) 2B (матовый),"СТАЛЬ ЛИСТОВАЯ НЕРЖАВ НИКЕЛЕСОД марки х/к н/с AISI 321 (12Х18Н10Т) 2B (матовый), размер 2",2,292000,т,1,0,0,https://www.kavstal.ru/public/assets/images/products/LISTOVOI_PROKAT/STAL_LISTOVAYA_NERZHAV_NIKELESOD/img.webp,нержавеющая сталь;сталь листовая нержав никелесод;х/к н/с aisi 321 (12х18н10т) 2b (матовый);2;сталь;листовая;нержав;никелесод;х/к;н/с;aisi;321;12х18н10т;2b;матовый,х/к н/с AISI 321 (12Х18Н10Т) 2B (матовый),2,,т
Нержавеющая сталь,СТАЛЬ ЛИСТОВАЯ НЕРЖАВ НИКЕЛЕСОД,х/к н/с AISI 321 (12Х18Н10Т) 2B (матовый),Сталь Листовая Нержав Никелесод 2 х/к н/с AISI 321 (12х18н10т) 2B (матовый),"СТАЛЬ ЛИСТОВАЯ НЕРЖАВ НИКЕЛЕСОД марки х/к н/с AISI 321 (12Х18Н10Т) 2B (матовый), размер 2",2,295000,т,1,0,0,https://www.kavstal.ru/public/assets/images/products/LISTOVOI_PROKAT/STAL_LISTOVAYA_NERZHAV_NIKELESOD/img.webp,нержавеющая сталь;сталь листовая нержав никелесод;х/к н/с aisi 321 (12х18н10т) 2b (матовый);2;сталь;листовая;нержав;никелесод;х/к;н/с;aisi;321;12х18н10т;2b;матовый,х/к н/с AISI 321 (12Х18Н10Т) 2B (матовый),2,,т
Нержавеющая сталь,СТАЛЬ ЛИСТОВАЯ НЕРЖАВ НИКЕЛЕСОД,х/к н/с AISI 321 (12Х18Н10Т) 2B (матовый),Сталь Листовая Нержав Никелесод 2.5 х/к н/с AISI 321 (12х18н10т) 2B (матовый),"СТАЛЬ ЛИСТОВАЯ НЕРЖАВ НИКЕЛЕСОД марки х/к н/с AISI 321 (12Х18Н10Т) 2B (матовый), размер 2.5",2.5,280090,т,1,0,0,https://www.kavstal.ru/public/assets/images/products/LISTOVOI_PROKAT/STAL_LISTOVAYA_NERZHAV_NIKELESOD/img.webp,нержавеющая сталь;сталь листовая нержав никелесод;х/к н/с aisi 321 (12х18н10т) 2b (матовый);2;5;сталь;листовая;нержав;никелесод;2.5;х/к;н/с;aisi;321;12х18н10т;2b;матовый,х/к н/с AISI 321 (12Х18Н10Т) 2B (матовый),2.5,,т
Нержавеющая сталь,СТАЛЬ ЛИСТОВАЯ НЕРЖАВ НИКЕЛЕСОД,х/к н/с AISI 321 (12Х18Н10Т) 2B (матовый),Сталь Листовая Нержав Никелесод 2.5 х/к н/с AISI 321 (12х18н10т) 2B (матовый),"СТАЛЬ ЛИСТОВАЯ НЕРЖАВ НИКЕЛЕСОД марки х/к н/с AISI 321 (12Х18Н10Т) 2B (матовый), размер 2.5 ; 3",2.5,292000,т,1,0,0,https://www.kavstal.ru/public/assets/images/products/LISTOVOI_PROKAT/STAL_LISTOVAYA_NERZHAV_NIKELESOD/img.webp,нержавеющая сталь;сталь листовая нержав никелесод;х/к н/с aisi 321 (12х18н10т) 2b (матовый);2;5;3;сталь;листовая;нержав;никелесод;2.5;х/к;н/с;aisi;321;12х18н10т;2b;матовый,х/к н/с AISI 321 (12Х18Н10Т) 2B (матовый),2.5 ; 3,,т
Нержавеющая сталь,СТАЛЬ ЛИСТОВАЯ НЕРЖАВ НИКЕЛЕСОД,х/к н/с AISI 321 (12Х18Н10Т) 2B (матовый),Сталь Листовая Нержав Никелесод 3 х/к н/с AISI 321 (12х18н10т) 2B (матовый),"СТАЛЬ ЛИСТОВАЯ НЕРЖАВ НИКЕЛЕСОД марки х/к н/с AISI 321 (12Х18Н10Т) 2B (матовый), размер 3",3,293000,т,1,0,0,https://www.kavstal.ru/public/assets/images/products/LISTOVOI_PROKAT/STAL_LISTOVAYA_NERZHAV_NIKELESOD/img.webp,нержавеющая сталь;сталь листовая нержав никелесод;х/к н/с aisi 321 (12х18н10т) 2b (матовый);3;сталь;листовая;нержав;никелесод;х/к;н/с;aisi;321;12х18н10т;2b;матовый,х/к н/с AISI 321 (12Х18Н10Т) 2B (матовый),3,,т
Нержавеющая сталь,СТАЛЬ ЛИСТОВАЯ НЕРЖАВ НИКЕЛЕСОД,х/к н/с AISI 321 (12Х18Н10Т) 2B (матовый),Сталь Листовая Нержав Никелесод 3 х/к н/с AISI 321 (12х18н10т) 2B (матовый),"СТАЛЬ ЛИСТОВАЯ НЕРЖАВ НИКЕЛЕСОД марки х/к н/с AISI 321 (12Х18Н10Т) 2B (матовый), размер 3",3,296580,т,1,0,0,https://www.kavstal.ru/public/assets/images/products/LISTOVOI_PROKAT/STAL_LISTOVAYA_NERZHAV_NIKELESOD/img.webp,нержавеющая сталь;сталь листовая нержав никелесод;х/к н/с aisi 321 (12х18н10т) 2b (матовый);3;сталь;листовая;нержав;никелесод;х/к;н/с;aisi;321;12х18н10т;2b;матовый,х/к н/с AISI 321 (12Х18Н10Т) 2B (матовый),3,,т
Нержавеющая сталь,СТАЛЬ ЛИСТОВАЯ НЕРЖАВ НИКЕЛЕСОД,х/к н/с AISI 321 (12Х18Н10Т) 2B (матовый),Сталь Листовая Нержав Никелесод 3 х/к н/с AISI 321 (12х18н10т) 2B (матовый),"СТАЛЬ ЛИСТОВАЯ НЕРЖАВ НИКЕЛЕСОД марки х/к н/с AISI 321 (12Х18Н10Т) 2B (матовый), размер 3",3,298000,т,1,0,0,https://www.kavstal.ru/public/assets/images/products/LISTOVOI_PROKAT/STAL_LISTOVAYA_NERZHAV_NIKELESOD/img.webp,нержавеющая сталь;сталь листовая нержав никелесод;х/к н/с aisi 321 (12х18н10т) 2b (матовый);3;сталь;листовая;нержав;никелесод;х/к;н/с;aisi;321;12х18н10т;2b;матовый,х/к н/с AISI 321 (12Х18Н10Т) 2B (матовый),3,,т
Нержавеющая сталь,СТАЛЬ ЛИСТОВАЯ НЕРЖАВ НИКЕЛЕСОД,х/к н/с AISI 321 (12Х18Н10Т) 2B (матовый),Сталь Листовая Нержав Никелесод 3 х/к н/с AISI 321 (12х18н10т) 2B (матовый),"СТАЛЬ ЛИСТОВАЯ НЕРЖАВ НИКЕЛЕСОД марки х/к н/с AISI 321 (12Х18Н10Т) 2B (матовый), размер 3",3,302060,т,1,0,0,https://www.kavstal.ru/public/assets/images/products/LISTOVOI_PROKAT/STAL_LISTOVAYA_NERZHAV_NIKELESOD/img.webp,нержавеющая сталь;сталь листовая нержав никелесод;х/к н/с aisi 321 (12х18н10т) 2b (матовый);3;сталь;листовая;нержав;никелесод;х/к;н/с;aisi;321;12х18н10т;2b;матовый,х/к н/с AISI 321 (12Х18Н10Т) 2B (матовый),3,,т
Нержавеющая сталь,СТАЛЬ ЛИСТОВАЯ НЕРЖАВ НИКЕЛЕСОД,х/к н/с AISI 321 (12Х18Н10Т) 2B (матовый),Сталь Листовая Нержав Никелесод 4 х/к н/с AISI 321 (12х18н10т) 2B (матовый),"СТАЛЬ ЛИСТОВАЯ НЕРЖАВ НИКЕЛЕСОД марки х/к н/с AISI 321 (12Х18Н10Т) 2B (матовый), размер 4",4,289000,т,1,0,0,https://www.kavstal.ru/public/assets/images/products/LISTOVOI_PROKAT/STAL_LISTOVAYA_NERZHAV_NIKELESOD/img.webp,нержавеющая сталь;сталь листовая нержав никелесод;х/к н/с aisi 321 (12х18н10т) 2b (матовый);4;сталь;листовая;нержав;никелесод;х/к;н/с;aisi;321;12х18н10т;2b;матовый,х/к н/с AISI 321 (12Х18Н10Т) 2B (матовый),4,,т
Нержавеющая сталь,СТАЛЬ ЛИСТОВАЯ НЕРЖАВ НИКЕЛЕСОД,х/к н/с AISI 321 (12Х18Н10Т) 2B (матовый),Сталь Листовая Нержав Никелесод 4 х/к н/с AISI 321 (12х18н10т) 2B (матовый),"СТАЛЬ ЛИСТОВАЯ НЕРЖАВ НИКЕЛЕСОД марки х/к н/с AISI 321 (12Х18Н10Т) 2B (матовый), размер 4",4,313050,т,1,0,0,https://www.kavstal.ru/public/assets/images/products/LISTOVOI_PROKAT/STAL_LISTOVAYA_NERZHAV_NIKELESOD/img.webp,нержавеющая сталь;сталь листовая нержав никелесод;х/к н/с aisi 321 (12х18н10т) 2b (матовый);4;сталь;листовая;нержав;никелесод;х/к;н/с;aisi;321;12х18н10т;2b;матовый,х/к н/с AISI 321 (12Х18Н10Т) 2B (матовый),4,,т
Нержавеющая сталь,СТАЛЬ ЛИСТОВАЯ НЕРЖАВ НИКЕЛЕСОД,х/к н/с AISI 321 (12Х18Н10Т) 2B (матовый),Сталь Листовая Нержав Никелесод 5 х/к н/с AISI 321 (12х18н10т) 2B (матовый),"СТАЛЬ ЛИСТОВАЯ НЕРЖАВ НИКЕЛЕСОД марки х/к н/с AISI 321 (12Х18Н10Т) 2B (матовый), размер 5",5,302060,т,1,0,0,https://www.kavstal.ru/public/assets/images/products/LISTOVOI_PROKAT/STAL_LISTOVAYA_NERZHAV_NIKELESOD/img.webp,нержавеющая сталь;сталь листовая нержав никелесод;х/к н/с aisi 321 (12х18н10т) 2b (матовый);5;сталь;листовая;нержав;никелесод;х/к;н/с;aisi;321;12х18н10т;2b;матовый,х/к н/с AISI 321 (12Х18Н10Т) 2B (матовый),5,,т
Нержавеющая сталь,СТАЛЬ ЛИСТОВАЯ НЕРЖАВ НИКЕЛЕСОД,х/к н/с AISI 321 (12Х18Н10Т) 2B (матовый),Сталь Листовая Нержав Никелесод 6 х/к н/с AISI 321 (12х18н10т) 2B (матовый),"СТАЛЬ ЛИСТОВАЯ НЕРЖАВ НИКЕЛЕСОД марки х/к н/с AISI 321 (12Х18Н10Т) 2B (матовый), размер 6",6,313050,т,1,0,0,https://www.kavstal.ru/public/assets/images/products/LISTOVOI_PROKAT/STAL_LISTOVAYA_NERZHAV_NIKELESOD/img.webp,нержавеющая сталь;сталь листовая нержав никелесод;х/к н/с aisi 321 (12х18н10т) 2b (матовый);6;сталь;листовая;нержав;никелесод;х/к;н/с;aisi;321;12х18н10т;2b;матовый,х/к н/с AISI 321 (12Х18Н10Т) 2B (матовый),6,,т
Нержавеющая сталь,СТАЛЬ СОРТ НЕРЖ НИКЕЛ КВАДРАТ,AISI 304 (08Х18Н10) h11 (Калиброванный),Сталь Сорт Нерж Никел Квадрат 6 AISI 304 (08х18н10) h11 (Калиброванный),"СТАЛЬ СОРТ НЕРЖ НИКЕЛ КВАДРАТ марки AISI 304 (08Х18Н10) h11 (Калиброванный), размер 6 ; 8; 10; 12; 14; 15; 20; 25; 30; 40; 50; 60",6,294000,т,1,0,0,https://www.kavstal.ru/public/assets/images/products/SORTOVOI_PROKAT/STAL_SORT_NERZH_NIKEL_KVADRAT/431_Martensitic_Stainless_Steel_Bar_Round_Square_Stainless_Steel_Bar_ASTM_A479_316L_Stainless_Steel_Bar.avif,нержавеющая сталь;сталь сорт нерж никел квадрат;aisi 304 (08х18н10) h11 (калиброванный);6;8;10;12;14;15;20;25;30;40;50;60;сталь;сорт;нерж;никел;квадрат;aisi;304;08х18н10;h11;калиброванный,AISI 304 (08Х18Н10) h11 (Калиброванный),6 ; 8; 10; 12; 14; 15; 20; 25; 30; 40; 50; 60,ГОСТ 2591-2006,т
Нержавеющая сталь,СТАЛЬ СОРТ НЕРЖ НИКЕЛ КВАДРАТ,AISI 304 (08Х18Н10) h11 (Калиброванный),Сталь Сорт Нерж Никел Квадрат 65 AISI 304 (08х18н10) h11 (Калиброванный),"СТАЛЬ СОРТ НЕРЖ НИКЕЛ КВАДРАТ марки AISI 304 (08Х18Н10) h11 (Калиброванный), размер 65 ; 70; 80; 90; 100",65,321000,т,1,0,0,https://www.kavstal.ru/public/assets/images/products/SORTOVOI_PROKAT/STAL_SORT_NERZH_NIKEL_KVADRAT/431_Martensitic_Stainless_Steel_Bar_Round_Square_Stainless_Steel_Bar_ASTM_A479_316L_Stainless_Steel_Bar.avif,нержавеющая сталь;сталь сорт нерж никел квадрат;aisi 304 (08х18н10) h11 (калиброванный);65;70;80;90;100;сталь;сорт;нерж;никел;квадрат;aisi;304;08х18н10;h11;калиброванный,AISI 304 (08Х18Н10) h11 (Калиброванный),65 ; 70; 80; 90; 100,ГОСТ 2591-2006,т
Нержавеющая сталь,СТАЛЬ СОРТ НЕРЖ НИКЕЛ КВАДРАТ,AISI 321 12Х18Н10Т h11 (Калиброванный),Сталь Сорт Нерж Никел Квадрат 20 AISI 321 12Х18Н10Т h11 (Калиброванный),"СТАЛЬ СОРТ НЕРЖ НИКЕЛ КВАДРАТ марки AISI 321 12Х18Н10Т h11 (Калиброванный), размер 20 ; 30; 30; 40",20,353100,т,1,0,0,https://www.kavstal.ru/public/assets/images/products/SORTOVOI_PROKAT/STAL_SORT_NERZH_NIKEL_KVADRAT/431_Martensitic_Stainless_Steel_Bar_Round_Square_Stainless_Steel_Bar_ASTM_A479_316L_Stainless_Steel_Bar.avif,нержавеющая сталь;сталь сорт нерж никел квадрат;aisi 321 12х18н10т h11 (калиброванный);20;30;40;сталь;сорт;нерж;никел;квадрат;aisi;321;12х18н10т;h11;калиброванный,AISI 321 12Х18Н10Т h11 (Калиброванный),20 ; 30; 30; 40,ГОСТ 2591-2006,т
Нержавеющая сталь,СТАЛЬ СОРТ НЕРЖ НИКЕЛ КРУГ,05Х12Н9М2С3М некондиция,Сталь Сорт Нерж Никел Круг 120 05Х12Н9М2С3М некондиция,"СТАЛЬ СОРТ НЕРЖ НИКЕЛ КРУГ марки 05Х12Н9М2С3М некондиция, размер 120",120,250000,т,1,0,0,https://www.kavstal.ru/public/assets/images/products/SORTOVOI_PROKAT/STAL_SORT_NERZH_NIKEL_KRUG/img.webp,нержавеющая сталь;сталь сорт нерж никел круг;05х12н9м2с3м некондиция;120;сталь;сорт;нерж;никел;круг;05х12н9м2с3м;некондиция,05Х12Н9М2С3М некондиция,120,ГОСТ 2590-2006,т
Нержавеющая сталь,СТАЛЬ СОРТ НЕРЖ НИКЕЛ КРУГ,07Х16Н4Б,Сталь Сорт Нерж Никел Круг 40 07Х16Н4Б,"СТАЛЬ СОРТ НЕРЖ НИКЕЛ КРУГ марки 07Х16Н4Б, размер 40",40,395000,т,1,0,0,https://www.kavstal.ru/public/assets/images/products/SORTOVOI_PROKAT/STAL_SORT_NERZH_NIKEL_KRUG/img.webp,нержавеющая сталь;сталь сорт нерж никел круг;07х16н4б;40;сталь;сорт;нерж;никел;круг,07Х16Н4Б,40,ГОСТ 2590-2006,т
Нержавеющая сталь,СТАЛЬ СОРТ НЕРЖ НИКЕЛ КРУГ,07Х16Н6,Сталь Сорт Нерж Никел Круг 230 07х16н6,"СТАЛЬ СОРТ НЕРЖ НИКЕЛ КРУГ марки 07Х16Н6, размер 230",230,380000,т,1,0,0,https://www.kavstal.ru/public/assets/images/products/SORTOVOI_PROKAT/STAL_SORT_NERZH_NIKEL_KRUG/img.webp,нержавеющая сталь;сталь сорт нерж никел круг;07х16н6;230;сталь;сорт;нерж;никел;круг,07Х16Н6,230,ГОСТ 2590-2006,т
Нержавеющая сталь,СТАЛЬ СОРТ НЕРЖ НИКЕЛ КРУГ,07Х16Н6-Ш Электрошлаковый переплав,Сталь Сорт Нерж Никел Круг 36 07х16н6-ш Электрошлаковый переплав,"СТАЛЬ СОРТ НЕРЖ НИКЕЛ КРУГ марки 07Х16Н6-Ш Электрошлаковый переплав, размер 36 ; 58; 85",36,520000,т,1,0,0,https://www.kavstal.ru/public/assets/images/products/SORTOVOI_PROKAT/STAL_SORT_NERZH_NIKEL_KRUG/img.webp,нержавеющая сталь;сталь сорт нерж никел круг;07х16н6-ш электрошлаковый переплав;36;58;85;сталь;сорт;нерж;никел;круг;07х16н6-ш;электрошлаковый;переплав,07Х16Н6-Ш Электрошлаковый переплав,36 ; 58; 85,ГОСТ 2590-2006,т
Нержавеющая сталь,СТАЛЬ СОРТ НЕРЖ НИКЕЛ КРУГ,08Х17Н6Т,Сталь Сорт Нерж Никел Круг 100 08х17н6т,"СТАЛЬ СОРТ НЕРЖ НИКЕЛ КРУГ марки 08Х17Н6Т, размер 100 ; 110; 120",100,285000,т,1,0,0,https://www.kavstal.ru/public/assets/images/products/SORTOVOI_PROKAT/STAL_SORT_NERZH_NIKEL_KRUG/img.webp,нержавеющая сталь;сталь сорт нерж никел круг;08х17н6т;100;110;120;сталь;сорт;нерж;никел;круг,08Х17Н6Т,100 ; 110; 120,ГОСТ 2590-2006,т
Нержавеющая сталь,СТАЛЬ СОРТ НЕРЖ НИКЕЛ КРУГ,08Х18Н10 (AISI 304) Россия,Сталь Сорт Нерж Никел Круг 60 08Х18Н10 (aisi 304) Россия,"СТАЛЬ СОРТ НЕРЖ НИКЕЛ КРУГ марки 08Х18Н10 (AISI 304) Россия, размер 60 ; 65; 105; 120; 140; 150; 170; 180; 200; 210; 220",60,250000,т,1,0,0,https://www.kavstal.ru/public/assets/images/products/SORTOVOI_PROKAT/STAL_SORT_NERZH_NIKEL_KRUG/img.webp,нержавеющая сталь;сталь сорт нерж никел круг;08х18н10 (aisi 304) россия;60;65;105;120;140;150;170;180;200;210;220;сталь;сорт;нерж;никел;круг;08х18н10;aisi;304;россия,08Х18Н10 (AISI 304) Россия,60 ; 65; 105; 120; 140; 150; 170; 180; 200; 210; 220,ГОСТ 2590-2006,т
Нержавеющая сталь,СТАЛЬ СОРТ НЕРЖ НИКЕЛ КРУГ,08Х18Н10Т-Ш Электрошлаковый переплав,Сталь Сорт Нерж Никел Круг 70 08х18н10т-ш Электрошлаковый переплав,"СТАЛЬ СОРТ НЕРЖ НИКЕЛ КРУГ марки 08Х18Н10Т-Ш Электрошлаковый переплав, размер 70",70,450000,т,1,0,0,https://www.kavstal.ru/public/assets/images/products/SORTOVOI_PROKAT/STAL_SORT_NERZH_NIKEL_KRUG/img.webp,нержавеющая сталь;сталь сорт нерж никел круг;08х18н10т-ш электрошлаковый переплав;70;сталь;сорт;нерж;никел;круг;08х18н10т-ш;электрошлаковый;переплав,08Х18Н10Т-Ш Электрошлаковый переплав,70,ГОСТ 2590-2006,т
Нержавеющая сталь,СТАЛЬ СОРТ НЕРЖ НИКЕЛ КРУГ,10Х17Н13М2Т,Сталь Сорт Нерж Никел Круг 30 10х17н13м2т,"СТАЛЬ СОРТ НЕРЖ НИКЕЛ КРУГ марки 10Х17Н13М2Т, размер 30 ; 40; 50; 60; 80; 90; 100; 110; 130",30,635000,т,1,0,0,https://www.kavstal.ru/public/assets/images/products/SORTOVOI_PROKAT/STAL_SORT_NERZH_NIKEL_KRUG/img.webp,нержавеющая сталь;сталь сорт нерж никел круг;10х17н13м2т;30;40;50;60;80;90;100;110;130;сталь;сорт;нерж;никел;круг,10Х17Н13М2Т,30 ; 40; 50; 60; 80; 90; 100; 110; 130,ГОСТ 2590-2006,т
Нержавеющая сталь,СТАЛЬ СОРТ НЕРЖ НИКЕЛ КРУГ,12Х18Н10Т,Сталь Сорт Нерж Никел Круг 8 12Х18Н10Т,"СТАЛЬ СОРТ НЕРЖ НИКЕЛ КРУГ марки 12Х18Н10Т, размер 8",8,350000,т,1,0,0,https://www.kavstal.ru/public/assets/images/products/SORTOVOI_PROKAT/STAL_SORT_NERZH_NIKEL_KRUG/img.webp,нержавеющая сталь;сталь сорт нерж никел круг;12х18н10т;8;сталь;сорт;нерж;никел;круг,12Х18Н10Т,8,ГОСТ 2590-2006,т
Нержавеющая сталь,СТАЛЬ СОРТ НЕРЖ НИКЕЛ КРУГ,12Х18Н10Т,Сталь Сорт Нерж Никел Круг 10 12Х18Н10Т,"СТАЛЬ СОРТ НЕРЖ НИКЕЛ КРУГ марки 12Х18Н10Т, размер 10",10,320000,т,1,0,0,https://www.kavstal.ru/public/assets/images/products/SORTOVOI_PROKAT/STAL_SORT_NERZH_NIKEL_KRUG/img.webp,нержавеющая сталь;сталь сорт нерж никел круг;12х18н10т;10;сталь;сорт;нерж;никел;круг,12Х18Н10Т,10,ГОСТ 2590-2006,т
Нержавеющая сталь,СТАЛЬ СОРТ НЕРЖ НИКЕЛ КРУГ,12Х18Н10Т,Сталь Сорт Нерж Никел Круг 12 12Х18Н10Т,"СТАЛЬ СОРТ НЕРЖ НИКЕЛ КРУГ марки 12Х18Н10Т, размер 12 ; 14",12,310000,т,1,0,0,https://www.kavstal.ru/public/assets/images/products/SORTOVOI_PROKAT/STAL_SORT_NERZH_NIKEL_KRUG/img.webp,нержавеющая сталь;сталь сорт нерж никел круг;12х18н10т;12;14;сталь;сорт;нерж;никел;круг,12Х18Н10Т,12 ; 14,ГОСТ 2590-2006,т
Нержавеющая сталь,СТАЛЬ СОРТ НЕРЖ НИКЕЛ КРУГ,12Х18Н10Т,Сталь Сорт Нерж Никел Круг 15 12Х18Н10Т,"СТАЛЬ СОРТ НЕРЖ НИКЕЛ КРУГ марки 12Х18Н10Т, размер 15",15,317000,т,1,0,0,https://www.kavstal.ru/public/assets/images/products/SORTOVOI_PROKAT/STAL_SORT_NERZH_NIKEL_KRUG/img.webp,нержавеющая сталь;сталь сорт нерж никел круг;12х18н10т;15;сталь;сорт;нерж;никел;круг,12Х18Н10Т,15,ГОСТ 2590-2006,т
Нержавеющая сталь,СТАЛЬ СОРТ НЕРЖ НИКЕЛ КРУГ,12Х18Н10Т,Сталь Сорт Нерж Никел Круг 16 12Х18Н10Т,"СТАЛЬ СОРТ НЕРЖ НИКЕЛ КРУГ марки 12Х18Н10Т, размер 16 ; 18; 22; 24; 25; 26",16,310000,т,1,0,0,https://www.kavstal.ru/public/assets/images/products/SORTOVOI_PROKAT/STAL_SORT_NERZH_NIKEL_KRUG/img.webp,нержавеющая сталь;сталь сорт нерж никел круг;12х18н10т;16;18;22;24;25;26;сталь;сорт;нерж;никел;круг,12Х18Н10Т,16 ; 18; 22; 24; 25; 26,ГОСТ 2590-2006,т
Нержавеющая сталь,СТАЛЬ СОРТ НЕРЖ НИКЕЛ КРУГ,12Х18Н10Т,Сталь Сорт Нерж Никел Круг 32 12Х18Н10Т,"СТАЛЬ СОРТ НЕРЖ НИКЕЛ КРУГ марки 12Х18Н10Т, размер 32 ; 34; 35; 42; 52; 55; 56; 60; 70; 75; 85; 90; 95; 100; 105; 110; 115; 120; 130; 140; 145; 150; 155; 170; 180; 200",32,300000,т,1,0,0,https://www.kavstal.ru/public/assets/images/products/SORTOVOI_PROKAT/STAL_SORT_NERZH_NIKEL_KRUG/img.webp,нержавеющая сталь;сталь сорт нерж никел круг;12х18н10т;32;34;35;42;52;55;56;60;70;75;85;90;95;100;105;110;115;120;130;140;145;150;155;170;180;200;сталь;сорт;нерж;никел;круг,12Х18Н10Т,32 ; 34; 35; 42; 52; 55; 56; 60; 70; 75; 85; 90; 95; 100; 105; 110; 115; 120; 130; 140; 145; 150; 155; 170; 180; 200,ГОСТ 2590-2006,т
Нержавеющая сталь,СТАЛЬ СОРТ НЕРЖ НИКЕЛ КРУГ,12Х18Н10Т,Сталь Сорт Нерж Никел Круг 210 12Х18Н10Т,"СТАЛЬ СОРТ НЕРЖ НИКЕЛ КРУГ марки 12Х18Н10Т, размер 210",210,310000,т,1,0,0,https://www.kavstal.ru/public/assets/images/products/SORTOVOI_PROKAT/STAL_SORT_NERZH_NIKEL_KRUG/img.webp,нержавеющая сталь;сталь сорт нерж никел круг;12х18н10т;210;сталь;сорт;нерж;никел;круг,12Х18Н10Т,210,ГОСТ 2590-2006,т
Нержавеющая сталь,СТАЛЬ СОРТ НЕРЖ НИКЕЛ КРУГ,12Х18Н10Т,Сталь Сорт Нерж Никел Круг 230 12Х18Н10Т,"СТАЛЬ СОРТ НЕРЖ НИКЕЛ КРУГ марки 12Х18Н10Т, размер 230",230,340000,т,1,0,0,https://www.kavstal.ru/public/assets/images/products/SORTOVOI_PROKAT/STAL_SORT_NERZH_NIKEL_KRUG/img.webp,нержавеющая сталь;сталь сорт нерж никел круг;12х18н10т;230;сталь;сорт;нерж;никел;круг,12Х18Н10Т,230,ГОСТ 2590-2006,т
Нержавеющая сталь,СТАЛЬ СОРТ НЕРЖ НИКЕЛ КРУГ,12Х18Н10Т,Сталь Сорт Нерж Никел Круг 250 12Х18Н10Т,"СТАЛЬ СОРТ НЕРЖ НИКЕЛ КРУГ марки 12Х18Н10Т, размер 250 ; 260; 270; 280",250,370000,т,1,0,0,https://www.kavstal.ru/public/assets/images/products/SORTOVOI_PROKAT/STAL_SORT_NERZH_NIKEL_KRUG/img.webp,нержавеющая сталь;сталь сорт нерж никел круг;12х18н10т;250;260;270;280;сталь;сорт;нерж;никел;круг,12Х18Н10Т,250 ; 260; 270; 280,ГОСТ 2590-2006,т
Нержавеющая сталь,СТАЛЬ СОРТ НЕРЖ НИКЕЛ КРУГ,14Х17Н2,Сталь Сорт Нерж Никел Круг 10 14х17н2,"СТАЛЬ СОРТ НЕРЖ НИКЕЛ КРУГ марки 14Х17Н2, размер 10",10,350000,т,1,0,0,https://www.kavstal.ru/public/assets/images/products/SORTOVOI_PROKAT/STAL_SORT_NERZH_NIKEL_KRUG/img.webp,нержавеющая сталь;сталь сорт нерж никел круг;14х17н2;10;сталь;сорт;нерж;никел;круг,14Х17Н2,10,ГОСТ 2590-2006,т
Нержавеющая сталь,СТАЛЬ СОРТ НЕРЖ НИКЕЛ КРУГ,14Х17Н2,Сталь Сорт Нерж Никел Круг 12 14х17н2,"СТАЛЬ СОРТ НЕРЖ НИКЕЛ КРУГ марки 14Х17Н2, размер 12 ; 14; 16; 18; 20; 22; 24; 25; 26",12,320000,т,1,0,0,https://www.kavstal.ru/public/assets/images/products/SORTOVOI_PROKAT/STAL_SORT_NERZH_NIKEL_KRUG/img.webp,нержавеющая сталь;сталь сорт нерж никел круг;14х17н2;12;14;16;18;20;22;24;25;26;сталь;сорт;нерж;никел;круг,14Х17Н2,12 ; 14; 16; 18; 20; 22; 24; 25; 26,ГОСТ 2590-2006,т
Нержавеющая сталь,СТАЛЬ СОРТ НЕРЖ НИКЕЛ КРУГ,14Х17Н2,Сталь Сорт Нерж Никел Круг 28 14х17н2,"СТАЛЬ СОРТ НЕРЖ НИКЕЛ КРУГ марки 14Х17Н2, размер 28",28,297000,т,1,0,0,https://www.kavstal.ru/public/assets/images/products/SORTOVOI_PROKAT/STAL_SORT_NERZH_NIKEL_KRUG/img.webp,нержавеющая сталь;сталь сорт нерж никел круг;14х17н2;28;сталь;сорт;нерж;никел;круг,14Х17Н2,28,ГОСТ 2590-2006,т
Нержавеющая сталь,СТАЛЬ СОРТ НЕРЖ НИКЕЛ КРУГ,14Х17Н2,Сталь Сорт Нерж Никел Круг 30 14х17н2,"СТАЛЬ СОРТ НЕРЖ НИКЕЛ КРУГ марки 14Х17Н2, размер 30",30,292000,т,1,0,0,https://www.kavstal.ru/public/assets/images/products/SORTOVOI_PROKAT/STAL_SORT_NERZH_NIKEL_KRUG/img.webp,нержавеющая сталь;сталь сорт нерж никел круг;14х17н2;30;сталь;сорт;нерж;никел;круг,14Х17Н2,30,ГОСТ 2590-2006,т
Нержавеющая сталь,СТАЛЬ СОРТ НЕРЖ НИКЕЛ КРУГ,14Х17Н2,Сталь Сорт Нерж Никел Круг 35 14х17н2,"СТАЛЬ СОРТ НЕРЖ НИКЕЛ КРУГ марки 14Х17Н2, размер 35",35,297000,т,1,0,0,https://www.kavstal.ru/public/assets/images/products/SORTOVOI_PROKAT/STAL_SORT_NERZH_NIKEL_KRUG/img.webp,нержавеющая сталь;сталь сорт нерж никел круг;14х17н2;35;сталь;сорт;нерж;никел;круг,14Х17Н2,35,ГОСТ 2590-2006,т
Нержавеющая сталь,СТАЛЬ СОРТ НЕРЖ НИКЕЛ КРУГ,14Х17Н2,Сталь Сорт Нерж Никел Круг 36 14х17н2,"СТАЛЬ СОРТ НЕРЖ НИКЕЛ КРУГ марки 14Х17Н2, размер 36",36,292000,т,1,0,0,https://www.kavstal.ru/public/assets/images/products/SORTOVOI_PROKAT/STAL_SORT_NERZH_NIKEL_KRUG/img.webp,нержавеющая сталь;сталь сорт нерж никел круг;14х17н2;36;сталь;сорт;нерж;никел;круг,14Х17Н2,36,ГОСТ 2590-2006,т
Нержавеющая сталь,СТАЛЬ СОРТ НЕРЖ НИКЕЛ КРУГ,14Х17Н2,Сталь Сорт Нерж Никел Круг 38 14х17н2,"СТАЛЬ СОРТ НЕРЖ НИКЕЛ КРУГ марки 14Х17Н2, размер 38 ; 40; 42; 45; 48",38,297000,т,1,0,0,https://www.kavstal.ru/public/assets/images/products/SORTOVOI_PROKAT/STAL_SORT_NERZH_NIKEL_KRUG/img.webp,нержавеющая сталь;сталь сорт нерж никел круг;14х17н2;38;40;42;45;48;сталь;сорт;нерж;никел;круг,14Х17Н2,38 ; 40; 42; 45; 48,ГОСТ 2590-2006,т
Нержавеющая сталь,СТАЛЬ СОРТ НЕРЖ НИКЕЛ КРУГ,14Х17Н2,Сталь Сорт Нерж Никел Круг 50 14х17н2,"СТАЛЬ СОРТ НЕРЖ НИКЕЛ КРУГ марки 14Х17Н2, размер 50 ; 55",50,295000,т,1,0,0,https://www.kavstal.ru/public/assets/images/products/SORTOVOI_PROKAT/STAL_SORT_NERZH_NIKEL_KRUG/img.webp,нержавеющая сталь;сталь сорт нерж никел круг;14х17н2;50;55;сталь;сорт;нерж;никел;круг,14Х17Н2,50 ; 55,ГОСТ 2590-2006,т
Нержавеющая сталь,СТАЛЬ СОРТ НЕРЖ НИКЕЛ КРУГ,14Х17Н2,Сталь Сорт Нерж Никел Круг 56 14х17н2,"СТАЛЬ СОРТ НЕРЖ НИКЕЛ КРУГ марки 14Х17Н2, размер 56 ; 60",56,297000,т,1,0,0,https://www.kavstal.ru/public/assets/images/products/SORTOVOI_PROKAT/STAL_SORT_NERZH_NIKEL_KRUG/img.webp,нержавеющая сталь;сталь сорт нерж никел круг;14х17н2;56;60;сталь;сорт;нерж;никел;круг,14Х17Н2,56 ; 60,ГОСТ 2590-2006,т
Нержавеющая сталь,СТАЛЬ СОРТ НЕРЖ НИКЕЛ КРУГ,14Х17Н2,Сталь Сорт Нерж Никел Круг 65 14х17н2,"СТАЛЬ СОРТ НЕРЖ НИКЕЛ КРУГ марки 14Х17Н2, размер 65",65,292000,т,1,0,0,https://www.kavstal.ru/public/assets/images/products/SORTOVOI_PROKAT/STAL_SORT_NERZH_NIKEL_KRUG/img.webp,нержавеющая сталь;сталь сорт нерж никел круг;14х17н2;65;сталь;сорт;нерж;никел;круг,14Х17Н2,65,ГОСТ 2590-2006,т
Нержавеющая сталь,СТАЛЬ СОРТ НЕРЖ НИКЕЛ КРУГ,14Х17Н2,Сталь Сорт Нерж Никел Круг 70 14х17н2,"СТАЛЬ СОРТ НЕРЖ НИКЕЛ КРУГ марки 14Х17Н2, размер 70",70,297000,т,1,0,0,https://www.kavstal.ru/public/assets/images/products/SORTOVOI_PROKAT/STAL_SORT_NERZH_NIKEL_KRUG/img.webp,нержавеющая сталь;сталь сорт нерж никел круг;14х17н2;70;сталь;сорт;нерж;никел;круг,14Х17Н2,70,ГОСТ 2590-2006,т
Нержавеющая сталь,СТАЛЬ СОРТ НЕРЖ НИКЕЛ КРУГ,14Х17Н2,Сталь Сорт Нерж Никел Круг 75 14х17н2,"СТАЛЬ СОРТ НЕРЖ НИКЕЛ КРУГ марки 14Х17Н2, размер 75",75,292000,т,1,0,0,https://www.kavstal.ru/public/assets/images/products/SORTOVOI_PROKAT/STAL_SORT_NERZH_NIKEL_KRUG/img.webp,нержавеющая сталь;сталь сорт нерж никел круг;14х17н2;75;сталь;сорт;нерж;никел;круг,14Х17Н2,75,ГОСТ 2590-2006,т
Нержавеющая сталь,СТАЛЬ СОРТ НЕРЖ НИКЕЛ КРУГ,14Х17Н2,Сталь Сорт Нерж Никел Круг 80 14х17н2,"СТАЛЬ СОРТ НЕРЖ НИКЕЛ КРУГ марки 14Х17Н2, размер 80 ; 90; 95; 100; 105",80,297000,т,1,0,0,https://www.kavstal.ru/public/assets/images/products/SORTOVOI_PROKAT/STAL_SORT_NERZH_NIKEL_KRUG/img.webp,нержавеющая сталь;сталь сорт нерж никел круг;14х17н2;80;90;95;100;105;сталь;сорт;нерж;никел;круг,14Х17Н2,80 ; 90; 95; 100; 105,ГОСТ 2590-2006,т
Нержавеющая сталь,СТАЛЬ СОРТ НЕРЖ НИКЕЛ КРУГ,14Х17Н2,Сталь Сорт Нерж Никел Круг 110 14х17н2,"СТАЛЬ СОРТ НЕРЖ НИКЕЛ КРУГ марки 14Х17Н2, размер 110",110,295000,т,1,0,0,https://www.kavstal.ru/public/assets/images/products/SORTOVOI_PROKAT/STAL_SORT_NERZH_NIKEL_KRUG/img.webp,нержавеющая сталь;сталь сорт нерж никел круг;14х17н2;110;сталь;сорт;нерж;никел;круг,14Х17Н2,110,ГОСТ 2590-2006,т
Нержавеющая сталь,СТАЛЬ СОРТ НЕРЖ НИКЕЛ КРУГ,14Х17Н2,Сталь Сорт Нерж Никел Круг 120 14х17н2,"СТАЛЬ СОРТ НЕРЖ НИКЕЛ КРУГ марки 14Х17Н2, размер 120 ; 130",120,297000,т,1,0,0,https://www.kavstal.ru/public/assets/images/products/SORTOVOI_PROKAT/STAL_SORT_NERZH_NIKEL_KRUG/img.webp,нержавеющая сталь;сталь сорт нерж никел круг;14х17н2;120;130;сталь;сорт;нерж;никел;круг,14Х17Н2,120 ; 130,ГОСТ 2590-2006,т
Нержавеющая сталь,СТАЛЬ СОРТ НЕРЖ НИКЕЛ КРУГ,14Х17Н2,Сталь Сорт Нерж Никел Круг 140 14х17н2,"СТАЛЬ СОРТ НЕРЖ НИКЕЛ КРУГ марки 14Х17Н2, размер 140 ; 150",140,290000,т,1,0,0,https://www.kavstal.ru/public/assets/images/products/SORTOVOI_PROKAT/STAL_SORT_NERZH_NIKEL_KRUG/img.webp,нержавеющая сталь;сталь сорт нерж никел круг;14х17н2;140;150;сталь;сорт;нерж;никел;круг,14Х17Н2,140 ; 150,ГОСТ 2590-2006,т
Нержавеющая сталь,СТАЛЬ СОРТ НЕРЖ НИКЕЛ КРУГ,14Х17Н2,Сталь Сорт Нерж Никел Круг 170 14х17н2,"СТАЛЬ СОРТ НЕРЖ НИКЕЛ КРУГ марки 14Х17Н2, размер 170",170,297000,т,1,0,0,https://www.kavstal.ru/public/assets/images/products/SORTOVOI_PROKAT/STAL_SORT_NERZH_NIKEL_KRUG/img.webp,нержавеющая сталь;сталь сорт нерж никел круг;14х17н2;170;сталь;сорт;нерж;никел;круг,14Х17Н2,170,ГОСТ 2590-2006,т
Нержавеющая сталь,СТАЛЬ СОРТ НЕРЖ НИКЕЛ КРУГ,14Х17Н2,Сталь Сорт Нерж Никел Круг 240 14х17н2,"СТАЛЬ СОРТ НЕРЖ НИКЕЛ КРУГ марки 14Х17Н2, размер 240",240,320000,т,1,0,0,https://www.kavstal.ru/public/assets/images/products/SORTOVOI_PROKAT/STAL_SORT_NERZH_NIKEL_KRUG/img.webp,нержавеющая сталь;сталь сорт нерж никел круг;14х17н2;240;сталь;сорт;нерж;никел;круг,14Х17Н2,240,ГОСТ 2590-2006,т
Нержавеющая сталь,СТАЛЬ СОРТ НЕРЖ НИКЕЛ КРУГ,AISI 201 12Х15Г9НД h9 (Калиброванный),Сталь Сорт Нерж Никел Круг 40 AISI 201 12х15г9нд h9 (Калиброванный),"СТАЛЬ СОРТ НЕРЖ НИКЕЛ КРУГ марки AISI 201 12Х15Г9НД h9 (Калиброванный), размер 40 ; 45; 50; 60; 65; 70; 80; 85",40,181900,т,1,0,0,https://www.kavstal.ru/public/assets/images/products/SORTOVOI_PROKAT/STAL_SORT_NERZH_NIKEL_KRUG/img.webp,нержавеющая сталь;сталь сорт нерж никел круг;aisi 201 12х15г9нд h9 (калиброванный);40;45;50;60;65;70;80;85;сталь;сорт;нерж;никел;круг;aisi;201;12х15г9нд;h9;калиброванный,AISI 201 12Х15Г9НД h9 (Калиброванный),40 ; 45; 50; 60; 65; 70; 80; 85,ГОСТ 2590-2006,т
Нержавеющая сталь,СТАЛЬ СОРТ НЕРЖ НИКЕЛ КРУГ,AISI 304 08Х18Н10 DIN1013 (Обточенный),Сталь Сорт Нерж Никел Круг 120 AISI 304 08Х18Н10 Din1013 (Обточенный),"СТАЛЬ СОРТ НЕРЖ НИКЕЛ КРУГ марки AISI 304 08Х18Н10 DIN1013 (Обточенный), размер 120 ; 130; 140; 150",120,265000,т,1,0,0,https://www.kavstal.ru/public/assets/images/products/SORTOVOI_PROKAT/STAL_SORT_NERZH_NIKEL_KRUG/img.webp,нержавеющая сталь;сталь сорт нерж никел круг;aisi 304 08х18н10 din1013 (обточенный);120;130;140;150;сталь;сорт;нерж;никел;круг;aisi;304;08х18н10;din1013;обточенный,AISI 304 08Х18Н10 DIN1013 (Обточенный),120 ; 130; 140; 150,ГОСТ 2590-2006,т
Нержавеющая сталь,СТАЛЬ СОРТ НЕРЖ НИКЕЛ КРУГ,AISI 304 08Х18Н10 DIN1013 (Обточенный),Сталь Сорт Нерж Никел Круг 170 AISI 304 08Х18Н10 Din1013 (Обточенный),"СТАЛЬ СОРТ НЕРЖ НИКЕЛ КРУГ марки AISI 304 08Х18Н10 DIN1013 (Обточенный), размер 170",170,273000,т,1,0,0,https://www.kavstal.ru/public/assets/images/products/SORTOVOI_PROKAT/STAL_SORT_NERZH_NIKEL_KRUG/img.webp,нержавеющая сталь;сталь сорт нерж никел круг;aisi 304 08х18н10 din1013 (обточенный);170;сталь;сорт;нерж;никел;круг;aisi;304;08х18н10;din1013;обточенный,AISI 304 08Х18Н10 DIN1013 (Обточенный),170,ГОСТ 2590-2006,т
Нержавеющая сталь,СТАЛЬ СОРТ НЕРЖ НИКЕЛ КРУГ,AISI 304 08Х18Н10 DIN1013 (Обточенный),Сталь Сорт Нерж Никел Круг 180 AISI 304 08Х18Н10 Din1013 (Обточенный),"СТАЛЬ СОРТ НЕРЖ НИКЕЛ КРУГ марки AISI 304 08Х18Н10 DIN1013 (Обточенный), размер 180 ; 190",180,280000,т,1,0,0,https://www.kavstal.ru/public/assets/images/products/SORTOVOI_PROKAT/STAL_SORT_NERZH_NIKEL_KRUG/img.webp,нержавеющая сталь;сталь сорт нерж никел круг;aisi 304 08х18н10 din1013 (обточенный);180;190;сталь;сорт;нерж;никел;круг;aisi;304;08х18н10;din1013;обточенный,AISI 304 08Х18Н10 DIN1013 (Обточенный),180 ; 190,ГОСТ 2590-2006,т
Нержавеющая сталь,СТАЛЬ СОРТ НЕРЖ НИКЕЛ КРУГ,AISI 304 08Х18Н10 DIN1013 (Обточенный),Сталь Сорт Нерж Никел Круг 210 AISI 304 08Х18Н10 Din1013 (Обточенный),"СТАЛЬ СОРТ НЕРЖ НИКЕЛ КРУГ марки AISI 304 08Х18Н10 DIN1013 (Обточенный), размер 210 ; 230; 240; 250",210,295000,т,1,0,0,https://www.kavstal.ru/public/assets/images/products/SORTOVOI_PROKAT/STAL_SORT_NERZH_NIKEL_KRUG/img.webp,нержавеющая сталь;сталь сорт нерж никел круг;aisi 304 08х18н10 din1013 (обточенный);210;230;240;250;сталь;сорт;нерж;никел;круг;aisi;304;08х18н10;din1013;обточенный,AISI 304 08Х18Н10 DIN1013 (Обточенный),210 ; 230; 240; 250,ГОСТ 2590-2006,т
Нержавеющая сталь,СТАЛЬ СОРТ НЕРЖ НИКЕЛ КРУГ,AISI 304 08Х18Н10 DIN1013 (Обточенный),Сталь Сорт Нерж Никел Круг 270 AISI 304 08Х18Н10 Din1013 (Обточенный),"СТАЛЬ СОРТ НЕРЖ НИКЕЛ КРУГ марки AISI 304 08Х18Н10 DIN1013 (Обточенный), размер 270",270,315000,т,1,0,0,https://www.kavstal.ru/public/assets/images/products/SORTOVOI_PROKAT/STAL_SORT_NERZH_NIKEL_KRUG/img.webp,нержавеющая сталь;сталь сорт нерж никел круг;aisi 304 08х18н10 din1013 (обточенный);270;сталь;сорт;нерж;никел;круг;aisi;304;08х18н10;din1013;обточенный,AISI 304 08Х18Н10 DIN1013 (Обточенный),270,ГОСТ 2590-2006,т
Нержавеющая сталь,СТАЛЬ СОРТ НЕРЖ НИКЕЛ КРУГ,AISI 304 08Х18Н10 DIN1013 (Обточенный) некондиция,Сталь Сорт Нерж Никел Круг 200 AISI 304 08Х18Н10 Din1013 (Обточенный) некондиция,"СТАЛЬ СОРТ НЕРЖ НИКЕЛ КРУГ марки AISI 304 08Х18Н10 DIN1013 (Обточенный) некондиция, размер 200",200,200000,т,1,0,0,https://www.kavstal.ru/public/assets/images/products/SORTOVOI_PROKAT/STAL_SORT_NERZH_NIKEL_KRUG/img.webp,нержавеющая сталь;сталь сорт нерж никел круг;aisi 304 08х18н10 din1013 (обточенный) некондиция;200;сталь;сорт;нерж;никел;круг;aisi;304;08х18н10;din1013;обточенный;некондиция,AISI 304 08Х18Н10 DIN1013 (Обточенный) некондиция,200,ГОСТ 2590-2006,т
Нержавеющая сталь,СТАЛЬ СОРТ НЕРЖ НИКЕЛ КРУГ,AISI 304 08Х18Н10 h9 (Калиброванный),Сталь Сорт Нерж Никел Круг 38 AISI 304 08Х18Н10 h9 (Калиброванный),"СТАЛЬ СОРТ НЕРЖ НИКЕЛ КРУГ марки AISI 304 08Х18Н10 h9 (Калиброванный), размер 38 ; 40; 42; 45; 48; 50; 55; 56; 60; 65; 70; 75; 80; 85; 90; 95; 100",38,256000,т,1,0,0,https://www.kavstal.ru/public/assets/images/products/SORTOVOI_PROKAT/STAL_SORT_NERZH_NIKEL_KRUG/img.webp,нержавеющая сталь;сталь сорт нерж никел круг;aisi 304 08х18н10 h9 (калиброванный);38;40;42;45;48;50;55;56;60;65;70;75;80;85;90;95;100;сталь;сорт;нерж;никел;круг;aisi;304;08х18н10;h9;калиброванный,AISI 304 08Х18Н10 h9 (Калиброванный),38 ; 40; 42; 45; 48; 50; 55; 56; 60; 65; 70; 75; 80; 85; 90; 95; 100,ГОСТ 2590-2006,т
Нержавеющая сталь,СТАЛЬ СОРТ НЕРЖ НИКЕЛ КРУГ,AISI 310S 20Х23Н18 DIN 1013,Сталь Сорт Нерж Никел Круг 120 AISI 310s 20х23н18 Din 1013,"СТАЛЬ СОРТ НЕРЖ НИКЕЛ КРУГ марки AISI 310S 20Х23Н18 DIN 1013, размер 120 ; 130",120,642000,т,1,0,0,https://www.kavstal.ru/public/assets/images/products/SORTOVOI_PROKAT/STAL_SORT_NERZH_NIKEL_KRUG/img.webp,нержавеющая сталь;сталь сорт нерж никел круг;aisi 310s 20х23н18 din 1013;120;130;сталь;сорт;нерж;никел;круг;aisi;310s;20х23н18;din;1013,AISI 310S 20Х23Н18 DIN 1013,120 ; 130,ГОСТ 2590-2006,т
Нержавеющая сталь,СТАЛЬ СОРТ НЕРЖ НИКЕЛ КРУГ,AISI 310S 20Х23Н18 h9 (Калиброванный),Сталь Сорт Нерж Никел Круг 40 AISI 310s 20х23н18 h9 (Калиброванный),"СТАЛЬ СОРТ НЕРЖ НИКЕЛ КРУГ марки AISI 310S 20Х23Н18 h9 (Калиброванный), размер 40 ; 50; 60; 65; 70; 80; 90",40,610000,т,1,0,0,https://www.kavstal.ru/public/assets/images/products/SORTOVOI_PROKAT/STAL_SORT_NERZH_NIKEL_KRUG/img.webp,нержавеющая сталь;сталь сорт нерж никел круг;aisi 310s 20х23н18 h9 (калиброванный);40;50;60;65;70;80;90;сталь;сорт;нерж;никел;круг;aisi;310s;20х23н18;h9;калиброванный,AISI 310S 20Х23Н18 h9 (Калиброванный),40 ; 50; 60; 65; 70; 80; 90,ГОСТ 2590-2006,т
Нержавеющая сталь,СТАЛЬ СОРТ НЕРЖ НИКЕЛ КРУГ,AISI 316L DIN1013 (Обточенный),Сталь Сорт Нерж Никел Круг 110 AISI 316l Din1013 (Обточенный),"СТАЛЬ СОРТ НЕРЖ НИКЕЛ КРУГ марки AISI 316L DIN1013 (Обточенный), размер 110 ; 120; 130; 165",110,481500,т,1,0,0,https://www.kavstal.ru/public/assets/images/products/SORTOVOI_PROKAT/STAL_SORT_NERZH_NIKEL_KRUG/img.webp,нержавеющая сталь;сталь сорт нерж никел круг;aisi 316l din1013 (обточенный);110;120;130;165;сталь;сорт;нерж;никел;круг;aisi;316l;din1013;обточенный,AISI 316L DIN1013 (Обточенный),110 ; 120; 130; 165,ГОСТ 2590-2006,т
Нержавеющая сталь,СТАЛЬ СОРТ НЕРЖ НИКЕЛ КРУГ,AISI 316L h9 (Калиброванный),Сталь Сорт Нерж Никел Круг 45 AISI 316l h9 (Калиброванный),"СТАЛЬ СОРТ НЕРЖ НИКЕЛ КРУГ марки AISI 316L h9 (Калиброванный), размер 45 ; 50",45,444000,т,1,0,0,https://www.kavstal.ru/public/assets/images/products/SORTOVOI_PROKAT/STAL_SORT_NERZH_NIKEL_KRUG/img.webp,нержавеющая сталь;сталь сорт нерж никел круг;aisi 316l h9 (калиброванный);45;50;сталь;сорт;нерж;никел;круг;aisi;316l;h9;калиброванный,AISI 316L h9 (Калиброванный),45 ; 50,ГОСТ 2590-2006,т
Нержавеющая сталь,СТАЛЬ СОРТ НЕРЖ НИКЕЛ КРУГ,AISI 316TI DIN1013 (Обточенный),Сталь Сорт Нерж Никел Круг 100 AISI 316ti Din1013 (Обточенный),"СТАЛЬ СОРТ НЕРЖ НИКЕЛ КРУГ марки AISI 316TI DIN1013 (Обточенный), размер 100",100,502900,т,1,0,0,https://www.kavstal.ru/public/assets/images/products/SORTOVOI_PROKAT/STAL_SORT_NERZH_NIKEL_KRUG/img.webp,нержавеющая сталь;сталь сорт нерж никел круг;aisi 316ti din1013 (обточенный);100;сталь;сорт;нерж;никел;круг;aisi;316ti;din1013;обточенный,AISI 316TI DIN1013 (Обточенный),100,ГОСТ 2590-2006,т
Нержавеющая сталь,СТАЛЬ СОРТ НЕРЖ НИКЕЛ КРУГ,AISI 316TI DIN1013 (Обточенный),Сталь Сорт Нерж Никел Круг 110 AISI 316ti Din1013 (Обточенный),"СТАЛЬ СОРТ НЕРЖ НИКЕЛ КРУГ марки AISI 316TI DIN1013 (Обточенный), размер 110 ; 120; 130; 140",110,514000,т,1,0,0,https://www.kavstal.ru/public/assets/images/products/SORTOVOI_PROKAT/STAL_SORT_NERZH_NIKEL_KRUG/img.webp,нержавеющая сталь;сталь сорт нерж никел круг;aisi 316ti din1013 (обточенный);110;120;130;140;сталь;сорт;нерж;никел;круг;aisi;316ti;din1013;обточенный,AISI 316TI DIN1013 (Обточенный),110 ; 120; 130; 140,ГОСТ 2590-2006,т
Нержавеющая сталь,СТАЛЬ СОРТ НЕРЖ НИКЕЛ КРУГ,AISI 316TI h9 (Калиброванный),Сталь Сорт Нерж Никел Круг 40 AISI 316ti h9 (Калиброванный),"СТАЛЬ СОРТ НЕРЖ НИКЕЛ КРУГ марки AISI 316TI h9 (Калиброванный), размер 40 ; 42; 45; 50; 55; 60; 65; 70; 75; 80; 90",40,502900,т,1,0,0,https://www.kavstal.ru/public/assets/images/products/SORTOVOI_PROKAT/STAL_SORT_NERZH_NIKEL_KRUG/img.webp,нержавеющая сталь;сталь сорт нерж никел круг;aisi 316ti h9 (калиброванный);40;42;45;50;55;60;65;70;75;80;90;сталь;сорт;нерж;никел;круг;aisi;316ti;h9;калиброванный,AISI 316TI h9 (Калиброванный),40 ; 42; 45; 50; 55; 60; 65; 70; 75; 80; 90,ГОСТ 2590-2006,т
Нержавеющая сталь,СТАЛЬ СОРТ НЕРЖ НИКЕЛ КРУГ,AISI 321 12Х18Н10Т DIN1013 (Обточенный),Сталь Сорт Нерж Никел Круг 105 AISI 321 12Х18Н10Т Din1013 (Обточенный),"СТАЛЬ СОРТ НЕРЖ НИКЕЛ КРУГ марки AISI 321 12Х18Н10Т DIN1013 (Обточенный), размер 105 ; 110; 120; 130; 140; 150; 160; 180",105,310000,т,1,0,0,https://www.kavstal.ru/public/assets/images/products/SORTOVOI_PROKAT/STAL_SORT_NERZH_NIKEL_KRUG/img.webp,нержавеющая сталь;сталь сорт нерж никел круг;aisi 321 12х18н10т din1013 (обточенный);105;110;120;130;140;150;160;180;сталь;сорт;нерж;никел;круг;aisi;321;12х18н10т;din1013;обточенный,AISI 321 12Х18Н10Т DIN1013 (Обточенный),105 ; 110; 120; 130; 140; 150; 160; 180,ГОСТ 2590-2006,т
Нержавеющая сталь,СТАЛЬ СОРТ НЕРЖ НИКЕЛ КРУГ,AISI 321 12Х18Н10Т h9 (Калиброванный),Сталь Сорт Нерж Никел Круг 38 AISI 321 12Х18Н10Т h9 (Калиброванный),"СТАЛЬ СОРТ НЕРЖ НИКЕЛ КРУГ марки AISI 321 12Х18Н10Т h9 (Калиброванный), размер 38 ; 40; 42; 45; 48; 50; 55; 56; 60; 65; 70; 75; 80; 85; 90; 95; 100",38,305000,т,1,0,0,https://www.kavstal.ru/public/assets/images/products/SORTOVOI_PROKAT/STAL_SORT_NERZH_NIKEL_KRUG/img.webp,нержавеющая сталь;сталь сорт нерж никел круг;aisi 321 12х18н10т h9 (калиброванный);38;40;42;45;48;50;55;56;60;65;70;75;80;85;90;95;100;сталь;сорт;нерж;никел;круг;aisi;321;12х18н10т;h9;калиброванный,AISI 321 12Х18Н10Т h9 (Калиброванный),38 ; 40; 42; 45; 48; 50; 55; 56; 60; 65; 70; 75; 80; 85; 90; 95; 100,ГОСТ 2590-2006,т
Нержавеющая сталь,СТАЛЬ СОРТ НЕРЖ НИКЕЛ КРУГ,AISI 431 14Х17Н2 DIN1013 (Обточенный),Сталь Сорт Нерж Никел Круг 110 AISI 431 14х17н2 Din1013 (Обточенный),"СТАЛЬ СОРТ НЕРЖ НИКЕЛ КРУГ марки AISI 431 14Х17Н2 DIN1013 (Обточенный), размер 110 ; 120; 130; 140",110,225000,т,1,0,0,https://www.kavstal.ru/public/assets/images/products/SORTOVOI_PROKAT/STAL_SORT_NERZH_NIKEL_KRUG/img.webp,нержавеющая сталь;сталь сорт нерж никел круг;aisi 431 14х17н2 din1013 (обточенный);110;120;130;140;сталь;сорт;нерж;никел;круг;aisi;431;14х17н2;din1013;обточенный,AISI 431 14Х17Н2 DIN1013 (Обточенный),110 ; 120; 130; 140,ГОСТ 2590-2006,т
Нержавеющая сталь,СТАЛЬ СОРТ НЕРЖ НИКЕЛ КРУГ,AISI 431 14Х17Н2 h9 (Калиброванный),Сталь Сорт Нерж Никел Круг 40 AISI 431 14х17н2 h9 (Калиброванный),"СТАЛЬ СОРТ НЕРЖ НИКЕЛ КРУГ марки AISI 431 14Х17Н2 h9 (Калиброванный), размер 40 ; 42; 45; 50; 55; 60; 65; 70; 75; 80; 85; 90; 100",40,209000,т,1,0,0,https://www.kavstal.ru/public/assets/images/products/SORTOVOI_PROKAT/STAL_SORT_NERZH_NIKEL_KRUG/img.webp,нержавеющая сталь;сталь сорт нерж никел круг;aisi 431 14х17н2 h9 (калиброванный);40;42;45;50;55;60;65;70;75;80;85;90;100;сталь;сорт;нерж;никел;круг;aisi;431;14х17н2;h9;калиброванный,AISI 431 14Х17Н2 h9 (Калиброванный),40 ; 42; 45; 50; 55; 60; 65; 70; 75; 80; 85; 90; 100,ГОСТ 2590-2006,т
Нержавеющая сталь,СТАЛЬ СОРТ НЕРЖ НИКЕЛ КРУГ,AISI 904L 06ХН28МДТ,Сталь Сорт Нерж Никел Круг 60 AISI 904l 06хн28мдт,"СТАЛЬ СОРТ НЕРЖ НИКЕЛ КРУГ марки AISI 904L 06ХН28МДТ, размер 60 ; 70; 80; 90; 100; 110; 120",60,1712000,т,1,0,0,https://www.kavstal.ru/public/assets/images/products/SORTOVOI_PROKAT/STAL_SORT_NERZH_NIKEL_KRUG/img.webp,нержавеющая сталь;сталь сорт нерж никел круг;aisi 904l 06хн28мдт;60;70;80;90;100;110;120;сталь;сорт;нерж;никел;круг;aisi;904l;06хн28мдт,AISI 904L 06ХН28МДТ,60 ; 70; 80; 90; 100; 110; 120,ГОСТ 2590-2006,т
Нержавеющая сталь,СТАЛЬ СОРТ НЕРЖ НИКЕЛ КРУГ,AISI 904L 06ХН28МДТ ков,Сталь Сорт Нерж Никел Круг 130 AISI 904l 06хн28мдт ков,"СТАЛЬ СОРТ НЕРЖ НИКЕЛ КРУГ марки AISI 904L 06ХН28МДТ ков, размер 130 ; 140; 160; 170",130,1712000,т,1,0,0,https://www.kavstal.ru/public/assets/images/products/SORTOVOI_PROKAT/STAL_SORT_NERZH_NIKEL_KRUG/img.webp,нержавеющая сталь;сталь сорт нерж никел круг;aisi 904l 06хн28мдт ков;130;140;160;170;сталь;сорт;нерж;никел;круг;aisi;904l;06хн28мдт;ков,AISI 904L 06ХН28МДТ ков,130 ; 140; 160; 170,ГОСТ 2590-2006,т
Нержавеющая сталь,СТАЛЬ СОРТ НЕРЖ НИКЕЛ КРУГ,10Х17Н13М2Т,Сталь Сорт Нерж Никел Круг 300 10х17н13м2т,"СТАЛЬ СОРТ НЕРЖ НИКЕЛ КРУГ марки 10Х17Н13М2Т, размер 300",300,730000,т,1,0,0,https://www.kavstal.ru/public/assets/images/products/SORTOVOI_PROKAT/STAL_SORT_NERZH_NIKEL_KRUG/img.webp,нержавеющая сталь;сталь сорт нерж никел круг;10х17н13м2т;300;сталь;сорт;нерж;никел;круг,10Х17Н13М2Т,300,ГОСТ 2590-2006,т
Нержавеющая сталь,СТАЛЬ СОРТ НЕРЖ НИКЕЛ КРУГ,12Х18Н10Т,Сталь Сорт Нерж Никел Круг 360 12Х18Н10Т,"СТАЛЬ СОРТ НЕРЖ НИКЕЛ КРУГ марки 12Х18Н10Т, размер 360 ; 400",360,425000,т,1,0,0,https://www.kavstal.ru/public/assets/images/products/SORTOVOI_PROKAT/STAL_SORT_NERZH_NIKEL_KRUG/img.webp,нержавеющая сталь;сталь сорт нерж никел круг;12х18н10т;360;400;сталь;сорт;нерж;никел;круг,12Х18Н10Т,360 ; 400,ГОСТ 2590-2006,т
Нержавеющая сталь,СТАЛЬ СОРТ НЕРЖ НИКЕЛ КРУГ,12Х18Н10Т,Сталь Сорт Нерж Никел Круг 550 12Х18Н10Т,"СТАЛЬ СОРТ НЕРЖ НИКЕЛ КРУГ марки 12Х18Н10Т, размер 550",550,450000,т,1,0,0,https://www.kavstal.ru/public/assets/images/products/SORTOVOI_PROKAT/STAL_SORT_NERZH_NIKEL_KRUG/img.webp,нержавеющая сталь;сталь сорт нерж никел круг;12х18н10т;550;сталь;сорт;нерж;никел;круг,12Х18Н10Т,550,ГОСТ 2590-2006,т
Нержавеющая сталь,СТАЛЬ СОРТ НЕРЖ НИКЕЛ КРУГ,AISI 316L DIN1013 (Обточенный),Сталь Сорт Нерж Никел Круг 210 AISI 316l Din1013 (Обточенный),"СТАЛЬ СОРТ НЕРЖ НИКЕЛ КРУГ марки AISI 316L DIN1013 (Обточенный), размер 210 ; 220; 230; 240",210,535000,т,1,0,0,https://www.kavstal.ru/public/assets/images/products/SORTOVOI_PROKAT/STAL_SORT_NERZH_NIKEL_KRUG/img.webp,нержавеющая сталь;сталь сорт нерж никел круг;aisi 316l din1013 (обточенный);210;220;230;240;сталь;сорт;нерж;никел;круг;aisi;316l;din1013;обточенный,AISI 316L DIN1013 (Обточенный),210 ; 220; 230; 240,ГОСТ 2590-2006,т
Нержавеющая сталь,СТАЛЬ СОРТ НЕРЖ НИКЕЛ КРУГ,AISI 316TI DIN1013 (Обточенный),Сталь Сорт Нерж Никел Круг 300 AISI 316ti Din1013 (Обточенный),"СТАЛЬ СОРТ НЕРЖ НИКЕЛ КРУГ марки AISI 316TI DIN1013 (Обточенный), размер 300",300,642000,т,1,0,0,https://www.kavstal.ru/public/assets/images/products/SORTOVOI_PROKAT/STAL_SORT_NERZH_NIKEL_KRUG/img.webp,нержавеющая сталь;сталь сорт нерж никел круг;aisi 316ti din1013 (обточенный);300;сталь;сорт;нерж;никел;круг;aisi;316ti;din1013;обточенный,AISI 316TI DIN1013 (Обточенный),300,ГОСТ 2590-2006,т
Нержавеющая сталь,СТАЛЬ СОРТ НЕРЖ НИКЕЛ КРУГ,AISI 321 12Х18Н10Т DIN1013 (Обточенный),Сталь Сорт Нерж Никел Круг 200 AISI 321 12Х18Н10Т Din1013 (Обточенный),"СТАЛЬ СОРТ НЕРЖ НИКЕЛ КРУГ марки AISI 321 12Х18Н10Т DIN1013 (Обточенный), размер 200",200,310000,т,1,0,0,https://www.kavstal.ru/public/assets/images/products/SORTOVOI_PROKAT/STAL_SORT_NERZH_NIKEL_KRUG/img.webp,нержавеющая сталь;сталь сорт нерж никел круг;aisi 321 12х18н10т din1013 (обточенный);200;сталь;сорт;нерж;никел;круг;aisi;321;12х18н10т;din1013;обточенный,AISI 321 12Х18Н10Т DIN1013 (Обточенный),200,ГОСТ 2590-2006,т
Нержавеющая сталь,СТАЛЬ СОРТ НЕРЖ НИКЕЛ КРУГ,AISI 321 12Х18Н10Т DIN1013 (Обточенный),Сталь Сорт Нерж Никел Круг 230 AISI 321 12Х18Н10Т Din1013 (Обточенный),"СТАЛЬ СОРТ НЕРЖ НИКЕЛ КРУГ марки AISI 321 12Х18Н10Т DIN1013 (Обточенный), размер 230 ; 240; 270; 300; 320; 360",230,343000,т,1,0,0,https://www.kavstal.ru/public/assets/images/products/SORTOVOI_PROKAT/STAL_SORT_NERZH_NIKEL_KRUG/img.webp,нержавеющая сталь;сталь сорт нерж никел круг;aisi 321 12х18н10т din1013 (обточенный);230;240;270;300;320;360;сталь;сорт;нерж;никел;круг;aisi;321;12х18н10т;din1013;обточенный,AISI 321 12Х18Н10Т DIN1013 (Обточенный),230 ; 240; 270; 300; 320; 360,ГОСТ 2590-2006,т
Нержавеющая сталь,СТАЛЬ СОРТ НЕРЖ НИКЕЛ КРУГ,AISI 904L 06ХН28МДТ,Сталь Сорт Нерж Никел Круг 150 AISI 904l 06хн28мдт,"СТАЛЬ СОРТ НЕРЖ НИКЕЛ КРУГ марки AISI 904L 06ХН28МДТ, размер 150",150,1712000,т,1,0,0,https://www.kavstal.ru/public/assets/images/products/SORTOVOI_PROKAT/STAL_SORT_NERZH_NIKEL_KRUG/img.webp,нержавеющая сталь;сталь сорт нерж никел круг;aisi 904l 06хн28мдт;150;сталь;сорт;нерж;никел;круг;aisi;904l;06хн28мдт,AISI 904L 06ХН28МДТ,150,ГОСТ 2590-2006,т
Нержавеющая сталь,СТАЛЬ СОРТ НЕРЖ НИКЕЛ КРУГ,AISI 904L 06ХН28МДТ ков,Сталь Сорт Нерж Никел Круг 180 AISI 904l 06хн28мдт ков,"СТАЛЬ СОРТ НЕРЖ НИКЕЛ КРУГ марки AISI 904L 06ХН28МДТ ков, размер 180 ; 200",180,1712000,т,1,0,0,https://www.kavstal.ru/public/assets/images/products/SORTOVOI_PROKAT/STAL_SORT_NERZH_NIKEL_KRUG/img.webp,нержавеющая сталь;сталь сорт нерж никел круг;aisi 904l 06хн28мдт ков;180;200;сталь;сорт;нерж;никел;круг;aisi;904l;06хн28мдт;ков,AISI 904L 06ХН28МДТ ков,180 ; 200,ГОСТ 2590-2006,т
Нержавеющая сталь,СТАЛЬ СОРТ НЕРЖ НИКЕЛ КРУГ,14Х17Н2 некондиция,Сталь Сорт Нерж Никел Круг 0 14х17н2 некондиция,"СТАЛЬ СОРТ НЕРЖ НИКЕЛ КРУГ марки 14Х17Н2 некондиция, размер 0",0,101650,т,1,0,0,https://www.kavstal.ru/public/assets/images/products/SORTOVOI_PROKAT/STAL_SORT_NERZH_NIKEL_KRUG/img.webp,нержавеющая сталь;сталь сорт нерж никел круг;14х17н2 некондиция;сталь;сорт;нерж;никел;круг;14х17н2;некондиция,14Х17Н2 некондиция,0,ГОСТ 2590-2006,т
Нержавеющая сталь,СТАЛЬ СОРТ НЕРЖ НИКЕЛ КРУГ,AISI 201 12Х15Г9НД h9 (Калиброванный),Сталь Сорт Нерж Никел Круг 3 AISI 201 12х15г9нд h9 (Калиброванный),"СТАЛЬ СОРТ НЕРЖ НИКЕЛ КРУГ марки AISI 201 12Х15Г9НД h9 (Калиброванный), размер 3",3,200000,т,1,0,0,https://www.kavstal.ru/public/assets/images/products/SORTOVOI_PROKAT/STAL_SORT_NERZH_NIKEL_KRUG/img.webp,нержавеющая сталь;сталь сорт нерж никел круг;aisi 201 12х15г9нд h9 (калиброванный);3;сталь;сорт;нерж;никел;круг;aisi;201;12х15г9нд;h9;калиброванный,AISI 201 12Х15Г9НД h9 (Калиброванный),3,ГОСТ 2590-2006,т
Нержавеющая сталь,СТАЛЬ СОРТ НЕРЖ НИКЕЛ КРУГ,AISI 201 12Х15Г9НД h9 (Калиброванный),Сталь Сорт Нерж Никел Круг 4 AISI 201 12х15г9нд h9 (Калиброванный),"СТАЛЬ СОРТ НЕРЖ НИКЕЛ КРУГ марки AISI 201 12Х15Г9НД h9 (Калиброванный), размер 4",4,187000,т,1,0,0,https://www.kavstal.ru/public/assets/images/products/SORTOVOI_PROKAT/STAL_SORT_NERZH_NIKEL_KRUG/img.webp,нержавеющая сталь;сталь сорт нерж никел круг;aisi 201 12х15г9нд h9 (калиброванный);4;сталь;сорт;нерж;никел;круг;aisi;201;12х15г9нд;h9;калиброванный,AISI 201 12Х15Г9НД h9 (Калиброванный),4,ГОСТ 2590-2006,т
Нержавеющая сталь,СТАЛЬ СОРТ НЕРЖ НИКЕЛ КРУГ,AISI 201 12Х15Г9НД h9 (Калиброванный),Сталь Сорт Нерж Никел Круг 6 AISI 201 12х15г9нд h9 (Калиброванный),"СТАЛЬ СОРТ НЕРЖ НИКЕЛ КРУГ марки AISI 201 12Х15Г9НД h9 (Калиброванный), размер 6 ; 7; 8; 10; 12; 14; 15; 16; 18; 20; 22; 24; 25; 26; 28; 30; 32; 35; 36",6,181900,т,1,0,0,https://www.kavstal.ru/public/assets/images/products/SORTOVOI_PROKAT/STAL_SORT_NERZH_NIKEL_KRUG/img.webp,нержавеющая сталь;сталь сорт нерж никел круг;aisi 201 12х15г9нд h9 (калиброванный);6;7;8;10;12;14;15;16;18;20;22;24;25;26;28;30;32;35;36;сталь;сорт;нерж;никел;круг;aisi;201;12х15г9нд;h9;калиброванный,AISI 201 12Х15Г9НД h9 (Калиброванный),6 ; 7; 8; 10; 12; 14; 15; 16; 18; 20; 22; 24; 25; 26; 28; 30; 32; 35; 36,ГОСТ 2590-2006,т
Нержавеющая сталь,СТАЛЬ СОРТ НЕРЖ НИКЕЛ КРУГ,AISI 201 12Х15Г9НД h9 HBN190-210,Сталь Сорт Нерж Никел Круг 7.5 AISI 201 12х15г9нд h9 Hbn190-210,"СТАЛЬ СОРТ НЕРЖ НИКЕЛ КРУГ марки AISI 201 12Х15Г9НД h9 HBN190-210, размер 7.5 ; 8.5; 9.5",7.5,181900,т,1,0,0,https://www.kavstal.ru/public/assets/images/products/SORTOVOI_PROKAT/STAL_SORT_NERZH_NIKEL_KRUG/img.webp,нержавеющая сталь;сталь сорт нерж никел круг;aisi 201 12х15г9нд h9 hbn190-210;7;5;8;9;сталь;сорт;нерж;никел;круг;7.5;aisi;201;12х15г9нд;h9;hbn190-210,AISI 201 12Х15Г9НД h9 HBN190-210,7.5 ; 8.5; 9.5,ГОСТ 2590-2006,т
Нержавеющая сталь,СТАЛЬ СОРТ НЕРЖ НИКЕЛ КРУГ,AISI 304 08Х18Н10 h9 (Калиброванный),Сталь Сорт Нерж Никел Круг 4 AISI 304 08Х18Н10 h9 (Калиброванный),"СТАЛЬ СОРТ НЕРЖ НИКЕЛ КРУГ марки AISI 304 08Х18Н10 h9 (Калиброванный), размер 4",4,263000,т,1,0,0,https://www.kavstal.ru/public/assets/images/products/SORTOVOI_PROKAT/STAL_SORT_NERZH_NIKEL_KRUG/img.webp,нержавеющая сталь;сталь сорт нерж никел круг;aisi 304 08х18н10 h9 (калиброванный);4;сталь;сорт;нерж;никел;круг;aisi;304;08х18н10;h9;калиброванный,AISI 304 08Х18Н10 h9 (Калиброванный),4,ГОСТ 2590-2006,т
Нержавеющая сталь,СТАЛЬ СОРТ НЕРЖ НИКЕЛ КРУГ,AISI 304 08Х18Н10 h9 (Калиброванный),Сталь Сорт Нерж Никел Круг 5 AISI 304 08Х18Н10 h9 (Калиброванный),"СТАЛЬ СОРТ НЕРЖ НИКЕЛ КРУГ марки AISI 304 08Х18Н10 h9 (Калиброванный), размер 5 ; 6; 7; 8; 9; 10; 12; 14; 15; 16; 18; 20; 22; 24; 24; 25; 26; 26; 27; 28; 28; 30; 32; 34; 35; 36",5,256000,т,1,0,0,https://www.kavstal.ru/public/assets/images/products/SORTOVOI_PROKAT/STAL_SORT_NERZH_NIKEL_KRUG/img.webp,нержавеющая сталь;сталь сорт нерж никел круг;aisi 304 08х18н10 h9 (калиброванный);5;6;7;8;9;10;12;14;15;16;18;20;22;24;25;26;27;28;30;32;34;35;36;сталь;сорт;нерж;никел;круг;aisi;304;08х18н10;h9;калиброванный,AISI 304 08Х18Н10 h9 (Калиброванный),5 ; 6; 7; 8; 9; 10; 12; 14; 15; 16; 18; 20; 22; 24; 24; 25; 26; 26; 27; 28; 28; 30; 32; 34; 35; 36,ГОСТ 2590-2006,т
Нержавеющая сталь,СТАЛЬ СОРТ НЕРЖ НИКЕЛ КРУГ,AISI 310S 20Х23Н18 h9 (Калиброванный),Сталь Сорт Нерж Никел Круг 5 AISI 310s 20х23н18 h9 (Калиброванный),"СТАЛЬ СОРТ НЕРЖ НИКЕЛ КРУГ марки AISI 310S 20Х23Н18 h9 (Калиброванный), размер 5 ; 6; 8; 12; 16; 20; 25; 30; 36",5,610000,т,1,0,0,https://www.kavstal.ru/public/assets/images/products/SORTOVOI_PROKAT/STAL_SORT_NERZH_NIKEL_KRUG/img.webp,нержавеющая сталь;сталь сорт нерж никел круг;aisi 310s 20х23н18 h9 (калиброванный);5;6;8;12;16;20;25;30;36;сталь;сорт;нерж;никел;круг;aisi;310s;20х23н18;h9;калиброванный,AISI 310S 20Х23Н18 h9 (Калиброванный),5 ; 6; 8; 12; 16; 20; 25; 30; 36,ГОСТ 2590-2006,т
Нержавеющая сталь,СТАЛЬ СОРТ НЕРЖ НИКЕЛ КРУГ,AISI 316L h9 (Калиброванный),Сталь Сорт Нерж Никел Круг 6 AISI 316l h9 (Калиброванный),"СТАЛЬ СОРТ НЕРЖ НИКЕЛ КРУГ марки AISI 316L h9 (Калиброванный), размер 6 ; 10; 12; 15; 16; 20; 22; 28; 30; 35",6,444000,т,1,0,0,https://www.kavstal.ru/public/assets/images/products/SORTOVOI_PROKAT/STAL_SORT_NERZH_NIKEL_KRUG/img.webp,нержавеющая сталь;сталь сорт нерж никел круг;aisi 316l h9 (калиброванный);6;10;12;15;16;20;22;28;30;35;сталь;сорт;нерж;никел;круг;aisi;316l;h9;калиброванный,AISI 316L h9 (Калиброванный),6 ; 10; 12; 15; 16; 20; 22; 28; 30; 35,ГОСТ 2590-2006,т
Нержавеющая сталь,СТАЛЬ СОРТ НЕРЖ НИКЕЛ КРУГ,AISI 316TI h9 (Калиброванный),Сталь Сорт Нерж Никел Круг 6 AISI 316ti h9 (Калиброванный),"СТАЛЬ СОРТ НЕРЖ НИКЕЛ КРУГ марки AISI 316TI h9 (Калиброванный), размер 6 ; 8; 10; 12; 14; 16; 18; 20; 25; 28; 30; 32; 35",6,502900,т,1,0,0,https://www.kavstal.ru/public/assets/images/products/SORTOVOI_PROKAT/STAL_SORT_NERZH_NIKEL_KRUG/img.webp,нержавеющая сталь;сталь сорт нерж никел круг;aisi 316ti h9 (калиброванный);6;8;10;12;14;16;18;20;25;28;30;32;35;сталь;сорт;нерж;никел;круг;aisi;316ti;h9;калиброванный,AISI 316TI h9 (Калиброванный),6 ; 8; 10; 12; 14; 16; 18; 20; 25; 28; 30; 32; 35,ГОСТ 2590-2006,т
Нержавеющая сталь,СТАЛЬ СОРТ НЕРЖ НИКЕЛ КРУГ,AISI 321 12Х18Н10Т h9 (Калиброванный),Сталь Сорт Нерж Никел Круг 3 AISI 321 12Х18Н10Т h9 (Калиброванный),"СТАЛЬ СОРТ НЕРЖ НИКЕЛ КРУГ марки AISI 321 12Х18Н10Т h9 (Калиброванный), размер 3",3,321000,т,1,0,0,https://www.kavstal.ru/public/assets/images/products/SORTOVOI_PROKAT/STAL_SORT_NERZH_NIKEL_KRUG/img.webp,нержавеющая сталь;сталь сорт нерж никел круг;aisi 321 12х18н10т h9 (калиброванный);3;сталь;сорт;нерж;никел;круг;aisi;321;12х18н10т;h9;калиброванный,AISI 321 12Х18Н10Т h9 (Калиброванный),3,ГОСТ 2590-2006,т
Нержавеющая сталь,СТАЛЬ СОРТ НЕРЖ НИКЕЛ КРУГ,AISI 321 12Х18Н10Т h9 (Калиброванный),Сталь Сорт Нерж Никел Круг 4 AISI 321 12Х18Н10Т h9 (Калиброванный),"СТАЛЬ СОРТ НЕРЖ НИКЕЛ КРУГ марки AISI 321 12Х18Н10Т h9 (Калиброванный), размер 4",4,315000,т,1,0,0,https://www.kavstal.ru/public/assets/images/products/SORTOVOI_PROKAT/STAL_SORT_NERZH_NIKEL_KRUG/img.webp,нержавеющая сталь;сталь сорт нерж никел круг;aisi 321 12х18н10т h9 (калиброванный);4;сталь;сорт;нерж;никел;круг;aisi;321;12х18н10т;h9;калиброванный,AISI 321 12Х18Н10Т h9 (Калиброванный),4,ГОСТ 2590-2006,т
Нержавеющая сталь,СТАЛЬ СОРТ НЕРЖ НИКЕЛ КРУГ,AISI 321 12Х18Н10Т h9 (Калиброванный),Сталь Сорт Нерж Никел Круг 5 AISI 321 12Х18Н10Т h9 (Калиброванный),"СТАЛЬ СОРТ НЕРЖ НИКЕЛ КРУГ марки AISI 321 12Х18Н10Т h9 (Калиброванный), размер 5 ; 6; 8; 9; 10; 10.8; 12; 14; 14.6; 15; 16; 18; 20; 22; 24; 25; 26; 28; 30.6; 32; 35; 36",5,305000,т,1,0,0,https://www.kavstal.ru/public/assets/images/products/SORTOVOI_PROKAT/STAL_SORT_NERZH_NIKEL_KRUG/img.webp,нержавеющая сталь;сталь сорт нерж никел круг;aisi 321 12х18н10т h9 (калиброванный);5;6;8;9;10;12;14;15;16;18;20;22;24;25;26;28;30;32;35;36;сталь;сорт;нерж;никел;круг;aisi;321;12х18н10т;h9;калиброванный,AISI 321 12Х18Н10Т h9 (Калиброванный),5 ; 6; 8; 9; 10; 10.8; 12; 14; 14.6; 15; 16; 18; 20; 22; 24; 25; 26; 28; 30.6; 32; 35; 36,ГОСТ 2590-2006,т
Нержавеющая сталь,СТАЛЬ СОРТ НЕРЖ НИКЕЛ КРУГ,AISI 431 14Х17Н2 h9 (Калиброванный),Сталь Сорт Нерж Никел Круг 5 AISI 431 14х17н2 h9 (Калиброванный),"СТАЛЬ СОРТ НЕРЖ НИКЕЛ КРУГ марки AISI 431 14Х17Н2 h9 (Калиброванный), размер 5 ; 6; 8; 9; 10; 10.8; 12; 14; 14.6; 16; 18; 18.3; 20; 22; 25; 26; 28; 30; 32; 34; 35; 36",5,209000,т,1,0,0,https://www.kavstal.ru/public/assets/images/products/SORTOVOI_PROKAT/STAL_SORT_NERZH_NIKEL_KRUG/img.webp,нержавеющая сталь;сталь сорт нерж никел круг;aisi 431 14х17н2 h9 (калиброванный);5;6;8;9;10;12;14;16;18;3;20;22;25;26;28;30;32;34;35;36;сталь;сорт;нерж;никел;круг;aisi;431;14х17н2;h9;калиброванный,AISI 431 14Х17Н2 h9 (Калиброванный),5 ; 6; 8; 9; 10; 10.8; 12; 14; 14.6; 16; 18; 18.3; 20; 22; 25; 26; 28; 30; 32; 34; 35; 36,ГОСТ 2590-2006,т
Нержавеющая сталь,СТАЛЬ СОРТ НЕРЖ НИКЕЛ ШЕСТИГРАННИК,AISI 420 20Х13,Сталь Сорт Нерж Никел Шестигранник 17 AISI 420 20Х13,"СТАЛЬ СОРТ НЕРЖ НИКЕЛ ШЕСТИГРАННИК марки AISI 420 20Х13, размер 17",17,259000,т,1,0,0,https://www.kavstal.ru/public/assets/images/products/SORTOVOI_PROKAT/STAL_SORT_NERZH_NIKEL_SHESTIGRANNIK/img.webp,нержавеющая сталь;сталь сорт нерж никел шестигранник;aisi 420 20х13;17;сталь;сорт;нерж;никел;шестигранник;aisi;420;20х13,AISI 420 20Х13,17,,т
Нержавеющая сталь,СТАЛЬ СОРТ НЕРЖ НИКЕЛ ШЕСТИГРАННИК,12Х18Н10Т AISI 321,Сталь Сорт Нерж Никел Шестигранник 8 12Х18Н10Т AISI 321,"СТАЛЬ СОРТ НЕРЖ НИКЕЛ ШЕСТИГРАННИК марки 12Х18Н10Т AISI 321, размер 8 ; 10; 12; 13; 14; 17; 19; 22; 24; 27; 30; 32; 36; 41; 46",8,360000,т,1,0,0,https://www.kavstal.ru/public/assets/images/products/SORTOVOI_PROKAT/STAL_SORT_NERZH_NIKEL_SHESTIGRANNIK/img.webp,нержавеющая сталь;сталь сорт нерж никел шестигранник;12х18н10т aisi 321;8;10;12;13;14;17;19;22;24;27;30;32;36;41;46;сталь;сорт;нерж;никел;шестигранник;12х18н10т;aisi;321,12Х18Н10Т AISI 321,8 ; 10; 12; 13; 14; 17; 19; 22; 24; 27; 30; 32; 36; 41; 46,,т
Нержавеющая сталь,СТАЛЬ СОРТ НЕРЖ НИКЕЛ ШЕСТИГРАННИК,12Х18Н10Т AISI 321,Сталь Сорт Нерж Никел Шестигранник 60 12Х18Н10Т AISI 321,"СТАЛЬ СОРТ НЕРЖ НИКЕЛ ШЕСТИГРАННИК марки 12Х18Н10Т AISI 321, размер 60 ; 65; 70; 75",60,376000,т,1,0,0,https://www.kavstal.ru/public/assets/images/products/SORTOVOI_PROKAT/STAL_SORT_NERZH_NIKEL_SHESTIGRANNIK/img.webp,нержавеющая сталь;сталь сорт нерж никел шестигранник;12х18н10т aisi 321;60;65;70;75;сталь;сорт;нерж;никел;шестигранник;12х18н10т;aisi;321,12Х18Н10Т AISI 321,60 ; 65; 70; 75,,т
Нержавеющая сталь,СТАЛЬ СОРТ НЕРЖ НИКЕЛ ШЕСТИГРАННИК,AISI 304 (08Х18Н10),Сталь Сорт Нерж Никел Шестигранник 10 AISI 304 (08х18н10),"СТАЛЬ СОРТ НЕРЖ НИКЕЛ ШЕСТИГРАННИК марки AISI 304 (08Х18Н10), размер 10 ; 12; 14; 17; 19; 22; 24; 27; 30; 32; 36; 41; 46; 50",10,306000,т,1,0,0,https://www.kavstal.ru/public/assets/images/products/SORTOVOI_PROKAT/STAL_SORT_NERZH_NIKEL_SHESTIGRANNIK/img.webp,нержавеющая сталь;сталь сорт нерж никел шестигранник;aisi 304 (08х18н10);10;12;14;17;19;22;24;27;30;32;36;41;46;50;сталь;сорт;нерж;никел;шестигранник;aisi;304;08х18н10,AISI 304 (08Х18Н10),10 ; 12; 14; 17; 19; 22; 24; 27; 30; 32; 36; 41; 46; 50,,т
Нержавеющая сталь,СТАЛЬ СОРТ НЕРЖ НИКЕЛ ШЕСТИГРАННИК,AISI 304 (08Х18Н10) некондиция,Сталь Сорт Нерж Никел Шестигранник 32 AISI 304 (08х18н10) некондиция,"СТАЛЬ СОРТ НЕРЖ НИКЕЛ ШЕСТИГРАННИК марки AISI 304 (08Х18Н10) некондиция, размер 32",32,150000,т,1,0,0,https://www.kavstal.ru/public/assets/images/products/SORTOVOI_PROKAT/STAL_SORT_NERZH_NIKEL_SHESTIGRANNIK/img.webp,нержавеющая сталь;сталь сорт нерж никел шестигранник;aisi 304 (08х18н10) некондиция;32;сталь;сорт;нерж;никел;шестигранник;aisi;304;08х18н10;некондиция,AISI 304 (08Х18Н10) некондиция,32,,т
Нержавеющая сталь,СТАЛЬ СОРТ НЕРЖ НИКЕЛ ШЕСТИГРАННИК,AISI 316L,Сталь Сорт Нерж Никел Шестигранник 16 AISI 316l,"СТАЛЬ СОРТ НЕРЖ НИКЕЛ ШЕСТИГРАННИК марки AISI 316L, размер 16 ; 22; 24; 27; 30",16,510000,т,1,0,0,https://www.kavstal.ru/public/assets/images/products/SORTOVOI_PROKAT/STAL_SORT_NERZH_NIKEL_SHESTIGRANNIK/img.webp,нержавеющая сталь;сталь сорт нерж никел шестигранник;aisi 316l;16;22;24;27;30;сталь;сорт;нерж;никел;шестигранник;aisi;316l,AISI 316L,16 ; 22; 24; 27; 30,,т
Нержавеющая сталь,СТАЛЬ СОРТ НЕРЖ НИКЕЛ ШЕСТИГРАННИК,AISI 431,Сталь Сорт Нерж Никел Шестигранник 17 AISI 431,"СТАЛЬ СОРТ НЕРЖ НИКЕЛ ШЕСТИГРАННИК марки AISI 431, размер 17 ; 19; 24; 27; 30; 36; 41",17,333000,т,1,0,0,https://www.kavstal.ru/public/assets/images/products/SORTOVOI_PROKAT/STAL_SORT_NERZH_NIKEL_SHESTIGRANNIK/img.webp,нержавеющая сталь;сталь сорт нерж никел шестигранник;aisi 431;17;19;24;27;30;36;41;сталь;сорт;нерж;никел;шестигранник;aisi;431,AISI 431,17 ; 19; 24; 27; 30; 36; 41,,т
Нержавеющая сталь,СТАЛЬ СОРТ НЕРЖ НИКЕЛ ШЕСТИГРАННИК,AISI 431 некондиция,Сталь Сорт Нерж Никел Шестигранник 36 AISI 431 некондиция,"СТАЛЬ СОРТ НЕРЖ НИКЕЛ ШЕСТИГРАННИК марки AISI 431 некондиция, размер 36",36,150000,т,1,0,0,https://www.kavstal.ru/public/assets/images/products/SORTOVOI_PROKAT/STAL_SORT_NERZH_NIKEL_SHESTIGRANNIK/img.webp,нержавеющая сталь;сталь сорт нерж никел шестигранник;aisi 431 некондиция;36;сталь;сорт;нерж;никел;шестигранник;aisi;431;некондиция,AISI 431 некондиция,36,,т
Нержавеющая сталь,ПРОВОЛОКА НЕРЖАВЕЮЩАЯ,12Х18Н10Т,Проволока Нержавеющая 0.11 12Х18Н10Т,"ПРОВОЛОКА НЕРЖАВЕЮЩАЯ марки 12Х18Н10Т, размер 0.11",0.11,150000,т,1,0,0,https://www.kavstal.ru/public/assets/images/products/NERZHAVEYUSHCHAYA_STAL/PROVOLKA_NERZHAVEYUSHCHAYA/img.webp,нержавеющая сталь;проволока нержавеющая;12х18н10т;11;проволока;нержавеющая;0.11,12Х18Н10Т,0.11,,т
Нержавеющая сталь,ПРОВОЛОКА НЕРЖАВЕЮЩАЯ,12Х18Н10Т,Проволока Нержавеющая 0.11 12Х18Н10Т,"ПРОВОЛОКА НЕРЖАВЕЮЩАЯ марки 12Х18Н10Т, размер 0.11",0.11,594000,т,1,0,0,https://www.kavstal.ru/public/assets/images/products/NERZHAVEYUSHCHAYA_STAL/PROVOLKA_NERZHAVEYUSHCHAYA/img.webp,нержавеющая сталь;проволока нержавеющая;12х18н10т;11;проволока;нержавеющая;0.11,12Х18Н10Т,0.11,,т
Нержавеющая сталь,ПРОВОЛОКА НЕРЖАВЕЮЩАЯ,12Х18Н10Т,Проволока Нержавеющая 0.13 12Х18Н10Т,"ПРОВОЛОКА НЕРЖАВЕЮЩАЯ марки 12Х18Н10Т, размер 0.13 ; 0.14",0.13,573000,т,1,0,0,https://www.kavstal.ru/public/assets/images/products/NERZHAVEYUSHCHAYA_STAL/PROVOLKA_NERZHAVEYUSHCHAYA/img.webp,нержавеющая сталь;проволока нержавеющая;12х18н10т;13;14;проволока;нержавеющая;0.13,12Х18Н10Т,0.13 ; 0.14,,т
Нержавеющая сталь,ПРОВОЛОКА НЕРЖАВЕЮЩАЯ,12Х18Н10Т,Проволока Нержавеющая 0.16 12Х18Н10Т,"ПРОВОЛОКА НЕРЖАВЕЮЩАЯ марки 12Х18Н10Т, размер 0.16",0.16,150000,т,1,0,0,https://www.kavstal.ru/public/assets/images/products/NERZHAVEYUSHCHAYA_STAL/PROVOLKA_NERZHAVEYUSHCHAYA/img.webp,нержавеющая сталь;проволока нержавеющая;12х18н10т;16;проволока;нержавеющая;0.16,12Х18Н10Т,0.16,,т
Нержавеющая сталь,ПРОВОЛОКА НЕРЖАВЕЮЩАЯ,12Х18Н10Т,Проволока Нержавеющая 0.16 12Х18Н10Т,"ПРОВОЛОКА НЕРЖАВЕЮЩАЯ марки 12Х18Н10Т, размер 0.16",0.16,573000,т,1,0,0,https://www.kavstal.ru/public/assets/images/products/NERZHAVEYUSHCHAYA_STAL/PROVOLKA_NERZHAVEYUSHCHAYA/img.webp,нержавеющая сталь;проволока нержавеющая;12х18н10т;16;проволока;нержавеющая;0.16,12Х18Н10Т,0.16,,т
Нержавеющая сталь,ПРОВОЛОКА НЕРЖАВЕЮЩАЯ,12Х18Н10Т,Проволока Нержавеющая 0.2 12Х18Н10Т,"ПРОВОЛОКА НЕРЖАВЕЮЩАЯ марки 12Х18Н10Т, размер 0.2",0.2,150000,т,1,0,0,https://www.kavstal.ru/public/assets/images/products/NERZHAVEYUSHCHAYA_STAL/PROVOLKA_NERZHAVEYUSHCHAYA/img.webp,нержавеющая сталь;проволока нержавеющая;12х18н10т;2;проволока;нержавеющая;0.2,12Х18Н10Т,0.2,,т
Нержавеющая сталь,ПРОВОЛОКА НЕРЖАВЕЮЩАЯ,12Х18Н10Т,Проволока Нержавеющая 0.2 12Х18Н10Т,"ПРОВОЛОКА НЕРЖАВЕЮЩАЯ марки 12Х18Н10Т, размер 0.2",0.2,460000,т,1,0,0,https://www.kavstal.ru/public/assets/images/products/NERZHAVEYUSHCHAYA_STAL/PROVOLKA_NERZHAVEYUSHCHAYA/img.webp,нержавеющая сталь;проволока нержавеющая;12х18н10т;2;проволока;нержавеющая;0.2,12Х18Н10Т,0.2,,т
Нержавеющая сталь,ПРОВОЛОКА НЕРЖАВЕЮЩАЯ,12Х18Н10Т,Проволока Нержавеющая 0.22 12Х18Н10Т,"ПРОВОЛОКА НЕРЖАВЕЮЩАЯ марки 12Х18Н10Т, размер 0.22",0.22,454000,т,1,0,0,https://www.kavstal.ru/public/assets/images/products/NERZHAVEYUSHCHAYA_STAL/PROVOLKA_NERZHAVEYUSHCHAYA/img.webp,нержавеющая сталь;проволока нержавеющая;12х18н10т;22;проволока;нержавеющая;0.22,12Х18Н10Т,0.22,,т
Нержавеющая сталь,ПРОВОЛОКА НЕРЖАВЕЮЩАЯ,12Х18Н10Т,Проволока Нержавеющая 0.24 12Х18Н10Т,"ПРОВОЛОКА НЕРЖАВЕЮЩАЯ марки 12Х18Н10Т, размер 0.24",0.24,438000,т,1,0,0,https://www.kavstal.ru/public/assets/images/products/NERZHAVEYUSHCHAYA_STAL/PROVOLKA_NERZHAVEYUSHCHAYA/img.webp,нержавеющая сталь;проволока нержавеющая;12х18н10т;24;проволока;нержавеющая;0.24,12Х18Н10Т,0.24,,т
Нержавеющая сталь,ПРОВОЛОКА НЕРЖАВЕЮЩАЯ,12Х18Н10Т,Проволока Нержавеющая 0.25 12Х18Н10Т,"ПРОВОЛОКА НЕРЖАВЕЮЩАЯ марки 12Х18Н10Т, размер 0.25",0.25,430000,т,1,0,0,https://www.kavstal.ru/public/assets/images/products/NERZHAVEYUSHCHAYA_STAL/PROVOLKA_NERZHAVEYUSHCHAYA/img.webp,нержавеющая сталь;проволока нержавеющая;12х18н10т;25;проволока;нержавеющая;0.25,12Х18Н10Т,0.25,,т
Нержавеющая сталь,ПРОВОЛОКА НЕРЖАВЕЮЩАЯ,12Х18Н10Т,Проволока Нержавеющая 0.28 12Х18Н10Т,"ПРОВОЛОКА НЕРЖАВЕЮЩАЯ марки 12Х18Н10Т, размер 0.28",0.28,418000,т,1,0,0,https://www.kavstal.ru/public/assets/images/products/NERZHAVEYUSHCHAYA_STAL/PROVOLKA_NERZHAVEYUSHCHAYA/img.webp,нержавеющая сталь;проволока нержавеющая;12х18н10т;28;проволока;нержавеющая;0.28,12Х18Н10Т,0.28,,т
Нержавеющая сталь,ПРОВОЛОКА НЕРЖАВЕЮЩАЯ,12Х18Н10Т,Проволока Нержавеющая 0.3 12Х18Н10Т,"ПРОВОЛОКА НЕРЖАВЕЮЩАЯ марки 12Х18Н10Т, размер 0.3",0.3,150000,т,1,0,0,https://www.kavstal.ru/public/assets/images/products/NERZHAVEYUSHCHAYA_STAL/PROVOLKA_NERZHAVEYUSHCHAYA/img.webp,нержавеющая сталь;проволока нержавеющая;12х18н10т;3;проволока;нержавеющая;0.3,12Х18Н10Т,0.3,,т
Нержавеющая сталь,ПРОВОЛОКА НЕРЖАВЕЮЩАЯ,12Х18Н10Т,Проволока Нержавеющая 0.32 12Х18Н10Т,"ПРОВОЛОКА НЕРЖАВЕЮЩАЯ марки 12Х18Н10Т, размер 0.32 ; 0.36",0.32,407000,т,1,0,0,https://www.kavstal.ru/public/assets/images/products/NERZHAVEYUSHCHAYA_STAL/PROVOLKA_NERZHAVEYUSHCHAYA/img.webp,нержавеющая сталь;проволока нержавеющая;12х18н10т;32;36;проволока;нержавеющая;0.32,12Х18Н10Т,0.32 ; 0.36,,т
Нержавеющая сталь,ПРОВОЛОКА НЕРЖАВЕЮЩАЯ,12Х18Н10Т,Проволока Нержавеющая 0.4 12Х18Н10Т,"ПРОВОЛОКА НЕРЖАВЕЮЩАЯ марки 12Х18Н10Т, размер 0.4 ; 0.45; 0.5; 0.6",0.4,396000,т,1,0,0,https://www.kavstal.ru/public/assets/images/products/NERZHAVEYUSHCHAYA_STAL/PROVOLKA_NERZHAVEYUSHCHAYA/img.webp,нержавеющая сталь;проволока нержавеющая;12х18н10т;4;45;5;6;проволока;нержавеющая;0.4,12Х18Н10Т,0.4 ; 0.45; 0.5; 0.6,,т
Нержавеющая сталь,ПРОВОЛОКА НЕРЖАВЕЮЩАЯ,12Х18Н10Т,Проволока Нержавеющая 0.7 12Х18Н10Т,"ПРОВОЛОКА НЕРЖАВЕЮЩАЯ марки 12Х18Н10Т, размер 0.7 ; 0.8",0.7,385000,т,1,0,0,https://www.kavstal.ru/public/assets/images/products/NERZHAVEYUSHCHAYA_STAL/PROVOLKA_NERZHAVEYUSHCHAYA/img.webp,нержавеющая сталь;проволока нержавеющая;12х18н10т;7;8;проволока;нержавеющая;0.7,12Х18Н10Т,0.7 ; 0.8,,т
Нержавеющая сталь,ПРОВОЛОКА НЕРЖАВЕЮЩАЯ,12Х18Н10Т,Проволока Нержавеющая 1 12Х18Н10Т,"ПРОВОЛОКА НЕРЖАВЕЮЩАЯ марки 12Х18Н10Т, размер 1 ; 1.2; 1.6; 1.8",1,345000,т,1,0,0,https://www.kavstal.ru/public/assets/images/products/NERZHAVEYUSHCHAYA_STAL/PROVOLKA_NERZHAVEYUSHCHAYA/img.webp,нержавеющая сталь;проволока нержавеющая;12х18н10т;1;2;6;8;проволока;нержавеющая,12Х18Н10Т,1 ; 1.2; 1.6; 1.8,,т
Нержавеющая сталь,ПРОВОЛОКА НЕРЖАВЕЮЩАЯ,12Х18Н10Т,Проволока Нержавеющая 2 12Х18Н10Т,"ПРОВОЛОКА НЕРЖАВЕЮЩАЯ марки 12Х18Н10Т, размер 2 ; 2.5; 3",2,321000,т,1,0,0,https://www.kavstal.ru/public/assets/images/products/NERZHAVEYUSHCHAYA_STAL/PROVOLKA_NERZHAVEYUSHCHAYA/img.webp,нержавеющая сталь;проволока нержавеющая;12х18н10т;2;5;3;проволока;нержавеющая,12Х18Н10Т,2 ; 2.5; 3,,т
Нержавеющая сталь,ПРОВОЛОКА НЕРЖАВЕЮЩАЯ,12Х18Н10Т,Проволока Нержавеющая 4 12Х18Н10Т,"ПРОВОЛОКА НЕРЖАВЕЮЩАЯ марки 12Х18Н10Т, размер 4",4,295000,т,1,0,0,https://www.kavstal.ru/public/assets/images/products/NERZHAVEYUSHCHAYA_STAL/PROVOLKA_NERZHAVEYUSHCHAYA/img.webp,нержавеющая сталь;проволока нержавеющая;12х18н10т;4;проволока;нержавеющая,12Х18Н10Т,4,,т
Нержавеющая сталь,ПРОВОЛОКА НЕРЖАВЕЮЩАЯ,12Х18Н10Т,Проволока Нержавеющая 4 12Х18Н10Т,"ПРОВОЛОКА НЕРЖАВЕЮЩАЯ марки 12Х18Н10Т, размер 4",4,321000,т,1,0,0,https://www.kavstal.ru/public/assets/images/products/NERZHAVEYUSHCHAYA_STAL/PROVOLKA_NERZHAVEYUSHCHAYA/img.webp,нержавеющая сталь;проволока нержавеющая;12х18н10т;4;проволока;нержавеющая,12Х18Н10Т,4,,т
Нержавеющая сталь,ПРОВОЛОКА НЕРЖАВЕЮЩАЯ,12Х18Н10Т,Проволока Нержавеющая 5 12Х18Н10Т,"ПРОВОЛОКА НЕРЖАВЕЮЩАЯ марки 12Х18Н10Т, размер 5 ; 6",5,295000,т,1,0,0,https://www.kavstal.ru/public/assets/images/products/NERZHAVEYUSHCHAYA_STAL/PROVOLKA_NERZHAVEYUSHCHAYA/img.webp,нержавеющая сталь;проволока нержавеющая;12х18н10т;5;6;проволока;нержавеющая,12Х18Н10Т,5 ; 6,,т
Нержавеющая сталь,ПРОВОЛОКА НЕРЖАВЕЮЩАЯ,12Х18Н10Т,Проволока Нержавеющая 6 12Х18Н10Т,"ПРОВОЛОКА НЕРЖАВЕЮЩАЯ марки 12Х18Н10Т, размер 6 ; 10",6,321000,т,1,0,0,https://www.kavstal.ru/public/assets/images/products/NERZHAVEYUSHCHAYA_STAL/PROVOLKA_NERZHAVEYUSHCHAYA/img.webp,нержавеющая сталь;проволока нержавеющая;12х18н10т;6;10;проволока;нержавеющая,12Х18Н10Т,6 ; 10,,т
Нержавеющая сталь,ПРОВОЛОКА НЕРЖАВЕЮЩАЯ,12Х18Н10Т AISI321 Х,Проволока Нержавеющая 0.3 12Х18Н10Т Aisi321 Х,"ПРОВОЛОКА НЕРЖАВЕЮЩАЯ марки 12Х18Н10Т AISI321 Х, размер 0.3",0.3,428000,т,1,0,0,https://www.kavstal.ru/public/assets/images/products/NERZHAVEYUSHCHAYA_STAL/PROVOLKA_NERZHAVEYUSHCHAYA/img.webp,нержавеющая сталь;проволока нержавеющая;12х18н10т aisi321 х;3;проволока;нержавеющая;0.3;12х18н10т;aisi321,12Х18Н10Т AISI321 Х,0.3,,т
Нержавеющая сталь,ПРОВОЛОКА НЕРЖАВЕЮЩАЯ,12Х18Н10Т некондиция,Проволока Нержавеющая 0.25 12Х18Н10Т некондиция,"ПРОВОЛОКА НЕРЖАВЕЮЩАЯ марки 12Х18Н10Т некондиция, размер 0.25 ; 0.28; 0.35; 0.45; 0.5",0.25,150000,т,1,0,0,https://www.kavstal.ru/public/assets/images/products/NERZHAVEYUSHCHAYA_STAL/PROVOLKA_NERZHAVEYUSHCHAYA/img.webp,нержавеющая сталь;проволока нержавеющая;12х18н10т некондиция;25;28;35;45;5;проволока;нержавеющая;0.25;12х18н10т;некондиция,12Х18Н10Т некондиция,0.25 ; 0.28; 0.35; 0.45; 0.5,,т
Нержавеющая сталь,ПРОВОЛОКА НЕРЖАВЕЮЩАЯ,12Х18Н10Т Х,Проволока Нержавеющая 1.5 12Х18Н10Т Х,"ПРОВОЛОКА НЕРЖАВЕЮЩАЯ марки 12Х18Н10Т Х, размер 1.5",1.5,373430,т,1,0,0,https://www.kavstal.ru/public/assets/images/products/NERZHAVEYUSHCHAYA_STAL/PROVOLKA_NERZHAVEYUSHCHAYA/img.webp,нержавеющая сталь;проволока нержавеющая;12х18н10т х;1;5;проволока;нержавеющая;1.5;12х18н10т,12Х18Н10Т Х,1.5,,т
Нержавеющая сталь,ПРОВОЛОКА НЕРЖАВЕЮЩАЯ,AISI 201 12�15Г9НД,Проволока Нержавеющая 1.6 AISI 201 12�15г9нд,"ПРОВОЛОКА НЕРЖАВЕЮЩАЯ марки AISI 201 12�15Г9НД, размер 1.6",1.6,225000,т,https://www.kavstal.ru/public/assets/images/mages/unknown/unknown.png,нержавеющая сталь;проволока нержавеющая;aisi 201 12?15г9нд;1;6,AISI 201 12�15Г9НД,https://www.kavstal.ru/public/assets/images/products/NERZHAVEYUSHCHAYA_STAL/PROVOLKA_NERZHAVEYUSHCHAYA/img.webp,;проволока;нержавеющая;1.6;aisi;201;12�15г9нд,т,,,
Нержавеющая сталь,ПРОВОЛОКА НЕРЖАВЕЮЩАЯ,AISI 201 12Х15Г9НД,Проволока Нержавеющая 2 AISI 201 12х15г9нд,"ПРОВОЛОКА НЕРЖАВЕЮЩАЯ марки AISI 201 12Х15Г9НД, размер 2 ; 2.5; 3; 4; 4.5; 5; 6",2,198000,т,1,0,0,https://www.kavstal.ru/public/assets/images/products/NERZHAVEYUSHCHAYA_STAL/PROVOLKA_NERZHAVEYUSHCHAYA/img.webp,нержавеющая сталь;проволока нержавеющая;aisi 201 12х15г9нд;2;5;3;4;6;проволока;нержавеющая;aisi;201;12х15г9нд,AISI 201 12Х15Г9НД,2 ; 2.5; 3; 4; 4.5; 5; 6,,т
Нержавеющая сталь,ПРОВОЛОКА НЕРЖАВЕЮЩАЯ,AISI 304 (08Х18Н10),Проволока Нержавеющая 0.12 AISI 304 (08х18н10),"ПРОВОЛОКА НЕРЖАВЕЮЩАЯ марки AISI 304 (08Х18Н10), размер 0.12 ; 0.13",0.12,150000,т,1,0,0,https://www.kavstal.ru/public/assets/images/products/NERZHAVEYUSHCHAYA_STAL/PROVOLKA_NERZHAVEYUSHCHAYA/img.webp,нержавеющая сталь;проволока нержавеющая;aisi 304 (08х18н10);12;13;проволока;нержавеющая;0.12;aisi;304;08х18н10,AISI 304 (08Х18Н10),0.12 ; 0.13,,т
Нержавеющая сталь,ПРОВОЛОКА НЕРЖАВЕЮЩАЯ,AISI 304 (08Х18Н10),Проволока Нержавеющая 0.14 AISI 304 (08х18н10),"ПРОВОЛОКА НЕРЖАВЕЮЩАЯ марки AISI 304 (08Х18Н10), размер 0.14",0.14,513000,т,1,0,0,https://www.kavstal.ru/public/assets/images/products/NERZHAVEYUSHCHAYA_STAL/PROVOLKA_NERZHAVEYUSHCHAYA/img.webp,нержавеющая сталь;проволока нержавеющая;aisi 304 (08х18н10);14;проволока;нержавеющая;0.14;aisi;304;08х18н10,AISI 304 (08Х18Н10),0.14,,т
Нержавеющая сталь,ПРОВОЛОКА НЕРЖАВЕЮЩАЯ,AISI 304 (08Х18Н10),Проволока Нержавеющая 0.16 AISI 304 (08х18н10),"ПРОВОЛОКА НЕРЖАВЕЮЩАЯ марки AISI 304 (08Х18Н10), размер 0.16",0.16,150000,т,1,0,0,https://www.kavstal.ru/public/assets/images/products/NERZHAVEYUSHCHAYA_STAL/PROVOLKA_NERZHAVEYUSHCHAYA/img.webp,нержавеющая сталь;проволока нержавеющая;aisi 304 (08х18н10);16;проволока;нержавеющая;0.16;aisi;304;08х18н10,AISI 304 (08Х18Н10),0.16,,т
Нержавеющая сталь,ПРОВОЛОКА НЕРЖАВЕЮЩАЯ,AISI 304 (08Х18Н10),Проволока Нержавеющая 0.16 AISI 304 (08х18н10),"ПРОВОЛОКА НЕРЖАВЕЮЩАЯ марки AISI 304 (08Х18Н10), размер 0.16",0.16,428000,т,1,0,0,https://www.kavstal.ru/public/assets/images/products/NERZHAVEYUSHCHAYA_STAL/PROVOLKA_NERZHAVEYUSHCHAYA/img.webp,нержавеющая сталь;проволока нержавеющая;aisi 304 (08х18н10);16;проволока;нержавеющая;0.16;aisi;304;08х18н10,AISI 304 (08Х18Н10),0.16,,т
Нержавеющая сталь,ПРОВОЛОКА НЕРЖАВЕЮЩАЯ,AISI 304 (08Х18Н10),Проволока Нержавеющая 0.2 AISI 304 (08х18н10),"ПРОВОЛОКА НЕРЖАВЕЮЩАЯ марки AISI 304 (08Х18Н10), размер 0.2",0.2,150000,т,1,0,0,https://www.kavstal.ru/public/assets/images/products/NERZHAVEYUSHCHAYA_STAL/PROVOLKA_NERZHAVEYUSHCHAYA/img.webp,нержавеющая сталь;проволока нержавеющая;aisi 304 (08х18н10);2;проволока;нержавеющая;0.2;aisi;304;08х18н10,AISI 304 (08Х18Н10),0.2,,т
Нержавеющая сталь,ПРОВОЛОКА НЕРЖАВЕЮЩАЯ,AISI 304 (08Х18Н10),Проволока Нержавеющая 0.2 AISI 304 (08х18н10),"ПРОВОЛОКА НЕРЖАВЕЮЩАЯ марки AISI 304 (08Х18Н10), размер 0.2",0.2,385000,т,1,0,0,https://www.kavstal.ru/public/assets/images/products/NERZHAVEYUSHCHAYA_STAL/PROVOLKA_NERZHAVEYUSHCHAYA/img.webp,нержавеющая сталь;проволока нержавеющая;aisi 304 (08х18н10);2;проволока;нержавеющая;0.2;aisi;304;08х18н10,AISI 304 (08Х18Н10),0.2,,т
Нержавеющая сталь,ПРОВОЛОКА НЕРЖАВЕЮЩАЯ,AISI 304 (08Х18Н10),Проволока Нержавеющая 0.22 AISI 304 (08х18н10),"ПРОВОЛОКА НЕРЖАВЕЮЩАЯ марки AISI 304 (08Х18Н10), размер 0.22 ; 0.24",0.22,150000,т,1,0,0,https://www.kavstal.ru/public/assets/images/products/NERZHAVEYUSHCHAYA_STAL/PROVOLKA_NERZHAVEYUSHCHAYA/img.webp,нержавеющая сталь;проволока нержавеющая;aisi 304 (08х18н10);22;24;проволока;нержавеющая;0.22;aisi;304;08х18н10,AISI 304 (08Х18Н10),0.22 ; 0.24,,т
Нержавеющая сталь,ПРОВОЛОКА НЕРЖАВЕЮЩАЯ,AISI 304 (08Х18Н10),Проволока Нержавеющая 0.24 AISI 304 (08х18н10),"ПРОВОЛОКА НЕРЖАВЕЮЩАЯ марки AISI 304 (08Х18Н10), размер 0.24",0.24,364000,т,1,0,0,https://www.kavstal.ru/public/assets/images/products/NERZHAVEYUSHCHAYA_STAL/PROVOLKA_NERZHAVEYUSHCHAYA/img.webp,нержавеющая сталь;проволока нержавеющая;aisi 304 (08х18н10);24;проволока;нержавеющая;0.24;aisi;304;08х18н10,AISI 304 (08Х18Н10),0.24,,т
Нержавеющая сталь,ПРОВОЛОКА НЕРЖАВЕЮЩАЯ,AISI 304 (08Х18Н10),Проволока Нержавеющая 0.25 AISI 304 (08х18н10),"ПРОВОЛОКА НЕРЖАВЕЮЩАЯ марки AISI 304 (08Х18Н10), размер 0.25",0.25,150000,т,1,0,0,https://www.kavstal.ru/public/assets/images/products/NERZHAVEYUSHCHAYA_STAL/PROVOLKA_NERZHAVEYUSHCHAYA/img.webp,нержавеющая сталь;проволока нержавеющая;aisi 304 (08х18н10);25;проволока;нержавеющая;0.25;aisi;304;08х18н10,AISI 304 (08Х18Н10),0.25,,т
Нержавеющая сталь,ПРОВОЛОКА НЕРЖАВЕЮЩАЯ,AISI 304 (08Х18Н10),Проволока Нержавеющая 0.25 AISI 304 (08х18н10),"ПРОВОЛОКА НЕРЖАВЕЮЩАЯ марки AISI 304 (08Х18Н10), размер 0.25",0.25,364000,т,1,0,0,https://www.kavstal.ru/public/assets/images/products/NERZHAVEYUSHCHAYA_STAL/PROVOLKA_NERZHAVEYUSHCHAYA/img.webp,нержавеющая сталь;проволока нержавеющая;aisi 304 (08х18н10);25;проволока;нержавеющая;0.25;aisi;304;08х18н10,AISI 304 (08Х18Н10),0.25,,т
Нержавеющая сталь,ПРОВОЛОКА НЕРЖАВЕЮЩАЯ,AISI 304 (08Х18Н10),Проволока Нержавеющая 0.3 AISI 304 (08х18н10),"ПРОВОЛОКА НЕРЖАВЕЮЩАЯ марки AISI 304 (08Х18Н10), размер 0.3",0.3,150000,т,1,0,0,https://www.kavstal.ru/public/assets/images/products/NERZHAVEYUSHCHAYA_STAL/PROVOLKA_NERZHAVEYUSHCHAYA/img.webp,нержавеющая сталь;проволока нержавеющая;aisi 304 (08х18н10);3;проволока;нержавеющая;0.3;aisi;304;08х18н10,AISI 304 (08Х18Н10),0.3,,т
Нержавеющая сталь,ПРОВОЛОКА НЕРЖАВЕЮЩАЯ,AISI 304 (08Х18Н10),Проволока Нержавеющая 0.3 AISI 304 (08х18н10),"ПРОВОЛОКА НЕРЖАВЕЮЩАЯ марки AISI 304 (08Х18Н10), размер 0.3",0.3,359000,т,1,0,0,https://www.kavstal.ru/public/assets/images/products/NERZHAVEYUSHCHAYA_STAL/PROVOLKA_NERZHAVEYUSHCHAYA/img.webp,нержавеющая сталь;проволока нержавеющая;aisi 304 (08х18н10);3;проволока;нержавеющая;0.3;aisi;304;08х18н10,AISI 304 (08Х18Н10),0.3,,т
Нержавеющая сталь,ПРОВОЛОКА НЕРЖАВЕЮЩАЯ,AISI 304 (08Х18Н10),Проволока Нержавеющая 0.32 AISI 304 (08х18н10),"ПРОВОЛОКА НЕРЖАВЕЮЩАЯ марки AISI 304 (08Х18Н10), размер 0.32",0.32,150000,т,1,0,0,https://www.kavstal.ru/public/assets/images/products/NERZHAVEYUSHCHAYA_STAL/PROVOLKA_NERZHAVEYUSHCHAYA/img.webp,нержавеющая сталь;проволока нержавеющая;aisi 304 (08х18н10);32;проволока;нержавеющая;0.32;aisi;304;08х18н10,AISI 304 (08Х18Н10),0.32,,т
Нержавеющая сталь,ПРОВОЛОКА НЕРЖАВЕЮЩАЯ,AISI 304 (08Х18Н10),Проволока Нержавеющая 0.32 AISI 304 (08х18н10),"ПРОВОЛОКА НЕРЖАВЕЮЩАЯ марки AISI 304 (08Х18Н10), размер 0.32",0.32,359000,т,1,0,0,https://www.kavstal.ru/public/assets/images/products/NERZHAVEYUSHCHAYA_STAL/PROVOLKA_NERZHAVEYUSHCHAYA/img.webp,нержавеющая сталь;проволока нержавеющая;aisi 304 (08х18н10);32;проволока;нержавеющая;0.32;aisi;304;08х18н10,AISI 304 (08Х18Н10),0.32,,т
Нержавеющая сталь,ПРОВОЛОКА НЕРЖАВЕЮЩАЯ,AISI 304 (08Х18Н10),Проволока Нержавеющая 0.36 AISI 304 (08х18н10),"ПРОВОЛОКА НЕРЖАВЕЮЩАЯ марки AISI 304 (08Х18Н10), размер 0.36",0.36,353000,т,1,0,0,https://www.kavstal.ru/public/assets/images/products/NERZHAVEYUSHCHAYA_STAL/PROVOLKA_NERZHAVEYUSHCHAYA/img.webp,нержавеющая сталь;проволока нержавеющая;aisi 304 (08х18н10);36;проволока;нержавеющая;0.36;aisi;304;08х18н10,AISI 304 (08Х18Н10),0.36,,т
Нержавеющая сталь,ПРОВОЛОКА НЕРЖАВЕЮЩАЯ,AISI 304 (08Х18Н10),Проволока Нержавеющая 0.4 AISI 304 (08х18н10),"ПРОВОЛОКА НЕРЖАВЕЮЩАЯ марки AISI 304 (08Х18Н10), размер 0.4",0.4,150000,т,1,0,0,https://www.kavstal.ru/public/assets/images/products/NERZHAVEYUSHCHAYA_STAL/PROVOLKA_NERZHAVEYUSHCHAYA/img.webp,нержавеющая сталь;проволока нержавеющая;aisi 304 (08х18н10);4;проволока;нержавеющая;0.4;aisi;304;08х18н10,AISI 304 (08Х18Н10),0.4,,т
Нержавеющая сталь,ПРОВОЛОКА НЕРЖАВЕЮЩАЯ,AISI 304 (08Х18Н10),Проволока Нержавеющая 0.4 AISI 304 (08х18н10),"ПРОВОЛОКА НЕРЖАВЕЮЩАЯ марки AISI 304 (08Х18Н10), размер 0.4",0.4,348000,т,1,0,0,https://www.kavstal.ru/public/assets/images/products/NERZHAVEYUSHCHAYA_STAL/PROVOLKA_NERZHAVEYUSHCHAYA/img.webp,нержавеющая сталь;проволока нержавеющая;aisi 304 (08х18н10);4;проволока;нержавеющая;0.4;aisi;304;08х18н10,AISI 304 (08Х18Н10),0.4,,т
Нержавеющая сталь,ПРОВОЛОКА НЕРЖАВЕЮЩАЯ,AISI 304 (08Х18Н10),Проволока Нержавеющая 0.45 AISI 304 (08х18н10),"ПРОВОЛОКА НЕРЖАВЕЮЩАЯ марки AISI 304 (08Х18Н10), размер 0.45",0.45,150000,т,1,0,0,https://www.kavstal.ru/public/assets/images/products/NERZHAVEYUSHCHAYA_STAL/PROVOLKA_NERZHAVEYUSHCHAYA/img.webp,нержавеющая сталь;проволока нержавеющая;aisi 304 (08х18н10);45;проволока;нержавеющая;0.45;aisi;304;08х18н10,AISI 304 (08Х18Н10),0.45,,т
Нержавеющая сталь,ПРОВОЛОКА НЕРЖАВЕЮЩАЯ,AISI 304 (08Х18Н10),Проволока Нержавеющая 0.45 AISI 304 (08х18н10),"ПРОВОЛОКА НЕРЖАВЕЮЩАЯ марки AISI 304 (08Х18Н10), размер 0.45",0.45,348000,т,1,0,0,https://www.kavstal.ru/public/assets/images/products/NERZHAVEYUSHCHAYA_STAL/PROVOLKA_NERZHAVEYUSHCHAYA/img.webp,нержавеющая сталь;проволока нержавеющая;aisi 304 (08х18н10);45;проволока;нержавеющая;0.45;aisi;304;08х18н10,AISI 304 (08Х18Н10),0.45,,т
Нержавеющая сталь,ПРОВОЛОКА НЕРЖАВЕЮЩАЯ,AISI 304 (08Х18Н10),Проволока Нержавеющая 0.5 AISI 304 (08х18н10),"ПРОВОЛОКА НЕРЖАВЕЮЩАЯ марки AISI 304 (08Х18Н10), размер 0.5",0.5,150000,т,1,0,0,https://www.kavstal.ru/public/assets/images/products/NERZHAVEYUSHCHAYA_STAL/PROVOLKA_NERZHAVEYUSHCHAYA/img.webp,нержавеющая сталь;проволока нержавеющая;aisi 304 (08х18н10);5;проволока;нержавеющая;0.5;aisi;304;08х18н10,AISI 304 (08Х18Н10),0.5,,т
Нержавеющая сталь,ПРОВОЛОКА НЕРЖАВЕЮЩАЯ,AISI 304 (08Х18Н10),Проволока Нержавеющая 0.5 AISI 304 (08х18н10),"ПРОВОЛОКА НЕРЖАВЕЮЩАЯ марки AISI 304 (08Х18Н10), размер 0.5",0.5,342000,т,1,0,0,https://www.kavstal.ru/public/assets/images/products/NERZHAVEYUSHCHAYA_STAL/PROVOLKA_NERZHAVEYUSHCHAYA/img.webp,нержавеющая сталь;проволока нержавеющая;aisi 304 (08х18н10);5;проволока;нержавеющая;0.5;aisi;304;08х18н10,AISI 304 (08Х18Н10),0.5,,т
Нержавеющая сталь,ПРОВОЛОКА НЕРЖАВЕЮЩАЯ,AISI 304 (08Х18Н10),Проволока Нержавеющая 0.6 AISI 304 (08х18н10),"ПРОВОЛОКА НЕРЖАВЕЮЩАЯ марки AISI 304 (08Х18Н10), размер 0.6",0.6,150000,т,1,0,0,https://www.kavstal.ru/public/assets/images/products/NERZHAVEYUSHCHAYA_STAL/PROVOLKA_NERZHAVEYUSHCHAYA/img.webp,нержавеющая сталь;проволока нержавеющая;aisi 304 (08х18н10);6;проволока;нержавеющая;0.6;aisi;304;08х18н10,AISI 304 (08Х18Н10),0.6,,т
Нержавеющая сталь,ПРОВОЛОКА НЕРЖАВЕЮЩАЯ,AISI 304 (08Х18Н10),Проволока Нержавеющая 0.6 AISI 304 (08х18н10),"ПРОВОЛОКА НЕРЖАВЕЮЩАЯ марки AISI 304 (08Х18Н10), размер 0.6",0.6,342000,т,1,0,0,https://www.kavstal.ru/public/assets/images/products/NERZHAVEYUSHCHAYA_STAL/PROVOLKA_NERZHAVEYUSHCHAYA/img.webp,нержавеющая сталь;проволока нержавеющая;aisi 304 (08х18н10);6;проволока;нержавеющая;0.6;aisi;304;08х18н10,AISI 304 (08Х18Н10),0.6,,т
Нержавеющая сталь,ПРОВОЛОКА НЕРЖАВЕЮЩАЯ,AISI 304 (08Х18Н10),Проволока Нержавеющая 0.7 AISI 304 (08х18н10),"ПРОВОЛОКА НЕРЖАВЕЮЩАЯ марки AISI 304 (08Х18Н10), размер 0.7",0.7,331000,т,1,0,0,https://www.kavstal.ru/public/assets/images/products/NERZHAVEYUSHCHAYA_STAL/PROVOLKA_NERZHAVEYUSHCHAYA/img.webp,нержавеющая сталь;проволока нержавеющая;aisi 304 (08х18н10);7;проволока;нержавеющая;0.7;aisi;304;08х18н10,AISI 304 (08Х18Н10),0.7,,т
Нержавеющая сталь,ПРОВОЛОКА НЕРЖАВЕЮЩАЯ,AISI 304 (08Х18Н10),Проволока Нержавеющая 0.9 AISI 304 (08х18н10),"ПРОВОЛОКА НЕРЖАВЕЮЩАЯ марки AISI 304 (08Х18Н10), размер 0.9 ; 1; 1.2; 1.4; 1.6",0.9,310000,т,1,0,0,https://www.kavstal.ru/public/assets/images/products/NERZHAVEYUSHCHAYA_STAL/PROVOLKA_NERZHAVEYUSHCHAYA/img.webp,нержавеющая сталь;проволока нержавеющая;aisi 304 (08х18н10);9;1;2;4;6;проволока;нержавеющая;0.9;aisi;304;08х18н10,AISI 304 (08Х18Н10),0.9 ; 1; 1.2; 1.4; 1.6,,т
Нержавеющая сталь,ПРОВОЛОКА НЕРЖАВЕЮЩАЯ,AISI 304 (08Х18Н10),Проволока Нержавеющая 2 AISI 304 (08х18н10),"ПРОВОЛОКА НЕРЖАВЕЮЩАЯ марки AISI 304 (08Х18Н10), размер 2 ; 2.5; 3; 3.8; 4; 6",2,285000,т,1,0,0,https://www.kavstal.ru/public/assets/images/products/NERZHAVEYUSHCHAYA_STAL/PROVOLKA_NERZHAVEYUSHCHAYA/img.webp,нержавеющая сталь;проволока нержавеющая;aisi 304 (08х18н10);2;5;3;8;4;6;проволока;нержавеющая;aisi;304;08х18н10,AISI 304 (08Х18Н10),2 ; 2.5; 3; 3.8; 4; 6,,т
Нержавеющая сталь,ПРОВОЛОКА НЕРЖАВЕЮЩАЯ,AISI 304 (08Х18Н10) DIN 200,Проволока Нержавеющая 0.8 AISI 304 (08х18н10) Din 200,"ПРОВОЛОКА НЕРЖАВЕЮЩАЯ марки AISI 304 (08Х18Н10) DIN 200, размер 0.8",0.8,331000,т,1,0,0,https://www.kavstal.ru/public/assets/images/products/NERZHAVEYUSHCHAYA_STAL/PROVOLKA_NERZHAVEYUSHCHAYA/img.webp,нержавеющая сталь;проволока нержавеющая;aisi 304 (08х18н10) din 200;8;проволока;нержавеющая;0.8;aisi;304;08х18н10;din;200,AISI 304 (08Х18Н10) DIN 200,0.8,,т
Нержавеющая сталь,ПРОВОЛОКА НЕРЖАВЕЮЩАЯ,AISI 304 (08Х18Н10) неконд,Проволока Нержавеющая 0.28 AISI 304 (08х18н10) неконд,"ПРОВОЛОКА НЕРЖАВЕЮЩАЯ марки AISI 304 (08Х18Н10) неконд, размер 0.28",0.28,150000,т,1,0,0,https://www.kavstal.ru/public/assets/images/products/NERZHAVEYUSHCHAYA_STAL/PROVOLKA_NERZHAVEYUSHCHAYA/img.webp,нержавеющая сталь;проволока нержавеющая;aisi 304 (08х18н10) неконд;28;проволока;нержавеющая;0.28;aisi;304;08х18н10;неконд,AISI 304 (08Х18Н10) неконд,0.28,,т
Нержавеющая сталь,ПРОВОЛОКА НЕРЖАВЕЮЩАЯ,AISI 304 L (08Х18Н10),Проволока Нержавеющая 3.35 AISI 304 L (08х18н10),"ПРОВОЛОКА НЕРЖАВЕЮЩАЯ марки AISI 304 L (08Х18Н10), размер 3.35",3.35,285000,т,1,0,0,https://www.kavstal.ru/public/assets/images/products/NERZHAVEYUSHCHAYA_STAL/PROVOLKA_NERZHAVEYUSHCHAYA/img.webp,нержавеющая сталь;проволока нержавеющая;aisi 304 l (08х18н10);3;35;проволока;нержавеющая;3.35;aisi;304;08х18н10,AISI 304 L (08Х18Н10),3.35,,т
Нержавеющая сталь,ПРОВОЛОКА НЕРЖАВЕЮЩАЯ,AISI 310S,Проволока Нержавеющая 1.2 AISI 310s,"ПРОВОЛОКА НЕРЖАВЕЮЩАЯ марки AISI 310S, размер 1.2 ; 1.6",1.2,900000,т,1,0,0,https://www.kavstal.ru/public/assets/images/products/NERZHAVEYUSHCHAYA_STAL/PROVOLKA_NERZHAVEYUSHCHAYA/img.webp,нержавеющая сталь;проволока нержавеющая;aisi 310s;1;2;6;проволока;нержавеющая;1.2;aisi;310s,AISI 310S,1.2 ; 1.6,,т
Нержавеющая сталь,ПРОВОЛОКА НЕРЖАВЕЮЩАЯ,AISI 310S,Проволока Нержавеющая 2 AISI 310s,"ПРОВОЛОКА НЕРЖАВЕЮЩАЯ марки AISI 310S, размер 2 ; 5",2,655000,т,1,0,0,https://www.kavstal.ru/public/assets/images/products/NERZHAVEYUSHCHAYA_STAL/PROVOLKA_NERZHAVEYUSHCHAYA/img.webp,нержавеющая сталь;проволока нержавеющая;aisi 310s;2;5;проволока;нержавеющая;aisi;310s,AISI 310S,2 ; 5,,т
Нержавеющая сталь,ПРОВОЛОКА НЕРЖАВЕЮЩАЯ,AISI 316L,Проволока Нержавеющая 0.28 AISI 316l,"ПРОВОЛОКА НЕРЖАВЕЮЩАЯ марки AISI 316L, размер 0.28",0.28,525000,т,1,0,0,https://www.kavstal.ru/public/assets/images/products/NERZHAVEYUSHCHAYA_STAL/PROVOLKA_NERZHAVEYUSHCHAYA/img.webp,нержавеющая сталь;проволока нержавеющая;aisi 316l;28;проволока;нержавеющая;0.28;aisi;316l,AISI 316L,0.28,,т
Нержавеющая сталь,ПРОВОЛОКА НЕРЖАВЕЮЩАЯ,AISI 316L,Проволока Нержавеющая 2 AISI 316l,"ПРОВОЛОКА НЕРЖАВЕЮЩАЯ марки AISI 316L, размер 2",2,454000,т,1,0,0,https://www.kavstal.ru/public/assets/images/products/NERZHAVEYUSHCHAYA_STAL/PROVOLKA_NERZHAVEYUSHCHAYA/img.webp,нержавеющая сталь;проволока нержавеющая;aisi 316l;2;проволока;нержавеющая;aisi;316l,AISI 316L,2,,т
Нержавеющая сталь,ПРОВОЛОКА НЕРЖАВЕЮЩАЯ,AISI 316Ti,Проволока Нержавеющая 0.2 AISI 316Ti,"ПРОВОЛОКА НЕРЖАВЕЮЩАЯ марки AISI 316Ti, размер 0.2",0.2,652000,т,1,0,0,https://www.kavstal.ru/public/assets/images/products/NERZHAVEYUSHCHAYA_STAL/PROVOLKA_NERZHAVEYUSHCHAYA/img.webp,нержавеющая сталь;проволока нержавеющая;aisi 316ti;2;проволока;нержавеющая;0.2;aisi;316ti,AISI 316Ti,0.2,,т
Нержавеющая сталь,ПРОВОЛОКА НЕРЖАВЕЮЩАЯ,AISI 316Ti,Проволока Нержавеющая 0.3 AISI 316Ti,"ПРОВОЛОКА НЕРЖАВЕЮЩАЯ марки AISI 316Ti, размер 0.3 ; 0.4",0.3,610000,т,1,0,0,https://www.kavstal.ru/public/assets/images/products/NERZHAVEYUSHCHAYA_STAL/PROVOLKA_NERZHAVEYUSHCHAYA/img.webp,нержавеющая сталь;проволока нержавеющая;aisi 316ti;3;4;проволока;нержавеющая;0.3;aisi;316ti,AISI 316Ti,0.3 ; 0.4,,т
Нержавеющая сталь,ПРОВОЛОКА НЕРЖАВЕЮЩАЯ,AISI 316Ti,Проволока Нержавеющая 2 AISI 316Ti,"ПРОВОЛОКА НЕРЖАВЕЮЩАЯ марки AISI 316Ti, размер 2 ; 3; 5",2,514000,т,1,0,0,https://www.kavstal.ru/public/assets/images/products/NERZHAVEYUSHCHAYA_STAL/PROVOLKA_NERZHAVEYUSHCHAYA/img.webp,нержавеющая сталь;проволока нержавеющая;aisi 316ti;2;3;5;проволока;нержавеющая;aisi;316ti,AISI 316Ti,2 ; 3; 5,,т
Нержавеющая сталь,ПРОВОЛОКА НЕРЖАВЕЮЩАЯ,AISI 410 12Х13,Проволока Нержавеющая 6 AISI 410 12х13,"ПРОВОЛОКА НЕРЖАВЕЮЩАЯ марки AISI 410 12Х13, размер 6",6,205000,т,1,0,0,https://www.kavstal.ru/public/assets/images/products/NERZHAVEYUSHCHAYA_STAL/PROVOLKA_NERZHAVEYUSHCHAYA/img.webp,нержавеющая сталь;проволока нержавеющая;aisi 410 12х13;6;проволока;нержавеющая;aisi;410;12х13,AISI 410 12Х13,6,,т
Нержавеющая сталь,ПРОВОЛОКА НЕРЖАВЕЮЩАЯ,AISI 430,Проволока Нержавеющая 0.3 AISI 430,"ПРОВОЛОКА НЕРЖАВЕЮЩАЯ марки AISI 430, размер 0.3 ; 0.5",0.3,375000,т,1,0,0,https://www.kavstal.ru/public/assets/images/products/NERZHAVEYUSHCHAYA_STAL/PROVOLKA_NERZHAVEYUSHCHAYA/img.webp,нержавеющая сталь;проволока нержавеющая;aisi 430;3;5;проволока;нержавеющая;0.3;aisi;430,AISI 430,0.3 ; 0.5,,т
Нержавеющая сталь,ПРОВОЛОКА НЕРЖАВЕЮЩАЯ,AISI 430,Проволока Нержавеющая 2.8 AISI 430,"ПРОВОЛОКА НЕРЖАВЕЮЩАЯ марки AISI 430, размер 2.8 ; 4; 5",2.8,199000,т,1,0,0,https://www.kavstal.ru/public/assets/images/products/NERZHAVEYUSHCHAYA_STAL/PROVOLKA_NERZHAVEYUSHCHAYA/img.webp,нержавеющая сталь;проволока нержавеющая;aisi 430;2;8;4;5;проволока;нержавеющая;2.8;aisi;430,AISI 430,2.8 ; 4; 5,,т
Нержавеющая сталь,ПРОВОЛОКА НЕРЖАВЕЮЩАЯ,AISI316L некондиция,Проволока Нержавеющая 0.28 Aisi316l некондиция,"ПРОВОЛОКА НЕРЖАВЕЮЩАЯ марки AISI316L некондиция, размер 0.28",0.28,150000,т,1,0,0,https://www.kavstal.ru/public/assets/images/products/NERZHAVEYUSHCHAYA_STAL/PROVOLKA_NERZHAVEYUSHCHAYA/img.webp,нержавеющая сталь;проволока нержавеющая;aisi316l некондиция;28;проволока;нержавеющая;0.28;aisi316l;некондиция,AISI316L некондиция,0.28,,т
Нержавеющая сталь,ПРОВОЛОКА НЕРЖАВЕЮЩАЯ,EN 10270-3 1.4310 AISI 302,Проволока Нержавеющая 0.3 En 10270-3 1.4310 AISI 302,"ПРОВОЛОКА НЕРЖАВЕЮЩАЯ марки EN 10270-3 1.4310 AISI 302, размер 0.3",0.3,150000,т,1,0,0,https://www.kavstal.ru/public/assets/images/products/NERZHAVEYUSHCHAYA_STAL/PROVOLKA_NERZHAVEYUSHCHAYA/img.webp,нержавеющая сталь;проволока нержавеющая;en 10270-3 1.4310 aisi 302;3;проволока;нержавеющая;0.3;en;10270-3;1.4310;aisi;302,EN 10270-3 1.4310 AISI 302,0.3,,т
Нержавеющая сталь,ПРОВОЛОКА НЕРЖАВЕЮЩАЯ,EN 10270-3 1.4310 AISI 302,Проволока Нержавеющая 0.3 En 10270-3 1.4310 AISI 302,"ПРОВОЛОКА НЕРЖАВЕЮЩАЯ марки EN 10270-3 1.4310 AISI 302, размер 0.3",0.3,428000,т,1,0,0,https://www.kavstal.ru/public/assets/images/products/NERZHAVEYUSHCHAYA_STAL/PROVOLKA_NERZHAVEYUSHCHAYA/img.webp,нержавеющая сталь;проволока нержавеющая;en 10270-3 1.4310 aisi 302;3;проволока;нержавеющая;0.3;en;10270-3;1.4310;aisi;302,EN 10270-3 1.4310 AISI 302,0.3,,т
Нержавеющая сталь,ПРОВОЛОКА НЕРЖАВЕЮЩАЯ,EN 10270-3 1.4310 AISI 302,Проволока Нержавеющая 0.4 En 10270-3 1.4310 AISI 302,"ПРОВОЛОКА НЕРЖАВЕЮЩАЯ марки EN 10270-3 1.4310 AISI 302, размер 0.4",0.4,481000,т,1,0,0,https://www.kavstal.ru/public/assets/images/products/NERZHAVEYUSHCHAYA_STAL/PROVOLKA_NERZHAVEYUSHCHAYA/img.webp,нержавеющая сталь;проволока нержавеющая;en 10270-3 1.4310 aisi 302;4;проволока;нержавеющая;0.4;en;10270-3;1.4310;aisi;302,EN 10270-3 1.4310 AISI 302,0.4,,т
Нержавеющая сталь,ПРОВОЛОКА НЕРЖАВЕЮЩАЯ,EN 10270-3 1.4310 AISI 302,Проволока Нержавеющая 0.5 En 10270-3 1.4310 AISI 302,"ПРОВОЛОКА НЕРЖАВЕЮЩАЯ марки EN 10270-3 1.4310 AISI 302, размер 0.5",0.5,416000,т,1,0,0,https://www.kavstal.ru/public/assets/images/products/NERZHAVEYUSHCHAYA_STAL/PROVOLKA_NERZHAVEYUSHCHAYA/img.webp,нержавеющая сталь;проволока нержавеющая;en 10270-3 1.4310 aisi 302;5;проволока;нержавеющая;0.5;en;10270-3;1.4310;aisi;302,EN 10270-3 1.4310 AISI 302,0.5,,т
Нержавеющая сталь,ПРОВОЛОКА НЕРЖАВЕЮЩАЯ,EN 10270-3 1.4310 AISI 302,Проволока Нержавеющая 0.8 En 10270-3 1.4310 AISI 302,"ПРОВОЛОКА НЕРЖАВЕЮЩАЯ марки EN 10270-3 1.4310 AISI 302, размер 0.8",0.8,372000,т,1,0,0,https://www.kavstal.ru/public/assets/images/products/NERZHAVEYUSHCHAYA_STAL/PROVOLKA_NERZHAVEYUSHCHAYA/img.webp,нержавеющая сталь;проволока нержавеющая;en 10270-3 1.4310 aisi 302;8;проволока;нержавеющая;0.8;en;10270-3;1.4310;aisi;302,EN 10270-3 1.4310 AISI 302,0.8,,т
Нержавеющая сталь,ПРОВОЛОКА НЕРЖАВЕЮЩАЯ,EN 10270-3 1.4310 AISI 302,Проволока Нержавеющая 1.2 En 10270-3 1.4310 AISI 302,"ПРОВОЛОКА НЕРЖАВЕЮЩАЯ марки EN 10270-3 1.4310 AISI 302, размер 1.2 ; 1.4; 1.5; 1.6; 1.8",1.2,355000,т,1,0,0,https://www.kavstal.ru/public/assets/images/products/NERZHAVEYUSHCHAYA_STAL/PROVOLKA_NERZHAVEYUSHCHAYA/img.webp,нержавеющая сталь;проволока нержавеющая;en 10270-3 1.4310 aisi 302;1;2;4;5;6;8;проволока;нержавеющая;1.2;en;10270-3;1.4310;aisi;302,EN 10270-3 1.4310 AISI 302,1.2 ; 1.4; 1.5; 1.6; 1.8,,т
Нержавеющая сталь,ПРОВОЛОКА НЕРЖАВЕЮЩАЯ,EN 10270-3 1.4310 AISI 302,Проволока Нержавеющая 2.5 En 10270-3 1.4310 AISI 302,"ПРОВОЛОКА НЕРЖАВЕЮЩАЯ марки EN 10270-3 1.4310 AISI 302, размер 2.5 ; 3; 3.5; 4; 4.5; 5; 5.5; 6; 7; 10; 12",2.5,333000,т,1,0,0,https://www.kavstal.ru/public/assets/images/products/NERZHAVEYUSHCHAYA_STAL/PROVOLKA_NERZHAVEYUSHCHAYA/img.webp,нержавеющая сталь;проволока нержавеющая;en 10270-3 1.4310 aisi 302;2;5;3;4;6;7;10;12;проволока;нержавеющая;2.5;en;10270-3;1.4310;aisi;302,EN 10270-3 1.4310 AISI 302,2.5 ; 3; 3.5; 4; 4.5; 5; 5.5; 6; 7; 10; 12,,т
Нержавеющая сталь,ПРОВОЛОКА НЕРЖАВЕЮЩАЯ,ER308 Lsi SD300,Проволока Нержавеющая 1.6 Er308 Lsi Sd300,"ПРОВОЛОКА НЕРЖАВЕЮЩАЯ марки ER308 Lsi SD300, размер 1.6",1.6,465450,т,1,0,0,https://www.kavstal.ru/public/assets/images/products/NERZHAVEYUSHCHAYA_STAL/PROVOLKA_NERZHAVEYUSHCHAYA/img.webp,нержавеющая сталь;проволока нержавеющая;er308 lsi sd300;1;6;проволока;нержавеющая;1.6;er308;lsi;sd300,ER308 Lsi SD300,1.6,,т
Нержавеющая сталь,ПРОВОЛОКА НЕРЖАВЕЮЩАЯ,ER308 Lsi SD300 1,Проволока Нержавеющая 1.2 Er308 Lsi Sd300 1,"ПРОВОЛОКА НЕРЖАВЕЮЩАЯ марки ER308 Lsi SD300 1, размер 1.2",1.2,465450,т,1,0,0,https://www.kavstal.ru/public/assets/images/products/NERZHAVEYUSHCHAYA_STAL/PROVOLKA_NERZHAVEYUSHCHAYA/img.webp,нержавеющая сталь;проволока нержавеющая;er308 lsi sd300 1;1;2;проволока;нержавеющая;1.2;er308;lsi;sd300,ER308 Lsi SD300 1,1.2,,т
Нержавеющая сталь,ПРОВОЛОКА НЕРЖАВЕЮЩАЯ,ER308 L,Проволока Нержавеющая 5 Er308 L,"ПРОВОЛОКА НЕРЖАВЕЮЩАЯ марки ER308 L, размер 5",5,417300,т,1,0,0,https://www.kavstal.ru/public/assets/images/products/NERZHAVEYUSHCHAYA_STAL/PROVOLKA_NERZHAVEYUSHCHAYA/img.webp,нержавеющая сталь;проволока нержавеющая;er308 l;5;проволока;нержавеющая;er308,ER308 L,5,,т
Нержавеющая сталь,ПРОВОЛОКА НЕРЖАВЕЮЩАЯ,ER316L,Проволока Нержавеющая 1.2 Er316l,"ПРОВОЛОКА НЕРЖАВЕЮЩАЯ марки ER316L, размер 1.2 ; 1.6",1.2,716900,т,1,0,0,https://www.kavstal.ru/public/assets/images/products/NERZHAVEYUSHCHAYA_STAL/PROVOLKA_NERZHAVEYUSHCHAYA/img.webp,нержавеющая сталь;проволока нержавеющая;er316l;1;2;6;проволока;нержавеющая;1.2,ER316L,1.2 ; 1.6,,т
Нержавеющая сталь,ПРОВОЛОКА НЕРЖАВЕЮЩАЯ,ER316L,Проволока Нержавеющая 2 Er316l,"ПРОВОЛОКА НЕРЖАВЕЮЩАЯ марки ER316L, размер 2 ; 3; 4; 5",2,640930,т,1,0,0,https://www.kavstal.ru/public/assets/images/products/NERZHAVEYUSHCHAYA_STAL/PROVOLKA_NERZHAVEYUSHCHAYA/img.webp,нержавеющая сталь;проволока нержавеющая;er316l;2;3;4;5;проволока;нержавеющая,ER316L,2 ; 3; 4; 5,,т
Нержавеющая сталь,ПРОВОЛОКА НЕРЖАВЕЮЩАЯ,ER308 L,Проволока Нержавеющая 2 Er308 L,"ПРОВОЛОКА НЕРЖАВЕЮЩАЯ марки ER308 L, размер 2 ; 2.4; 3.2",2,411950,т,1,0,0,https://www.kavstal.ru/public/assets/images/products/NERZHAVEYUSHCHAYA_STAL/PROVOLKA_NERZHAVEYUSHCHAYA/img.webp,нержавеющая сталь;проволока нержавеющая;er308 l;2;4;3;проволока;нержавеющая;er308,ER308 L,2 ; 2.4; 3.2,,т
Нержавеющая сталь,ПРОВОЛОКА НЕРЖАВЕЮЩАЯ,ER316 L,Проволока Нержавеющая 2.4 Er316 L,"ПРОВОЛОКА НЕРЖАВЕЮЩАЯ марки ER316 L, размер 2.4 ; 3.2",2.4,640930,т,1,0,0,https://www.kavstal.ru/public/assets/images/products/NERZHAVEYUSHCHAYA_STAL/PROVOLKA_NERZHAVEYUSHCHAYA/img.webp,нержавеющая сталь;проволока нержавеющая;er316 l;2;4;3;проволока;нержавеющая;2.4;er316,ER316 L,2.4 ; 3.2,,т
Нержавеющая сталь,СТАЛЬ ЛИСТОВАЯ НЕРЖАВ БЕЗ НИКЕЛЯ,г/к б/н AISI 409L No1,Сталь Листовая Нержав Без Никеля 4 г/к б/н AISI 409l No1,"СТАЛЬ ЛИСТОВАЯ НЕРЖАВ БЕЗ НИКЕЛЯ марки г/к б/н AISI 409L No1, размер 4 ; 5; 5",4,162390,т,1,0,0,https://www.kavstal.ru/public/assets/images/products/LISTOVOI_PROKAT/STAL_LISTOVAYA_NERZHAV_BEZ_NIKELYA/img.webp,нержавеющая сталь;сталь листовая нержав без никеля;г/к б/н aisi 409l no1;4;5;сталь;листовая;нержав;без;никеля;г/к;б/н;aisi;409l;no1,г/к б/н AISI 409L No1,4 ; 5; 5,,т
Нержавеющая сталь,СТАЛЬ ЛИСТОВАЯ НЕРЖАВ БЕЗ НИКЕЛЯ,г/к б/н AISI 409L No1,Сталь Листовая Нержав Без Никеля 6 г/к б/н AISI 409l No1,"СТАЛЬ ЛИСТОВАЯ НЕРЖАВ БЕЗ НИКЕЛЯ марки г/к б/н AISI 409L No1, размер 6",6,170480,т,1,0,0,https://www.kavstal.ru/public/assets/images/products/LISTOVOI_PROKAT/STAL_LISTOVAYA_NERZHAV_BEZ_NIKELYA/img.webp,нержавеющая сталь;сталь листовая нержав без никеля;г/к б/н aisi 409l no1;6;сталь;листовая;нержав;без;никеля;г/к;б/н;aisi;409l;no1,г/к б/н AISI 409L No1,6,,т
Нержавеющая сталь,СТАЛЬ ЛИСТОВАЯ НЕРЖАВ БЕЗ НИКЕЛЯ,г/к б/н AISI 409L No1,Сталь Листовая Нержав Без Никеля 8 г/к б/н AISI 409l No1,"СТАЛЬ ЛИСТОВАЯ НЕРЖАВ БЕЗ НИКЕЛЯ марки г/к б/н AISI 409L No1, размер 8",8,166440,т,1,0,0,https://www.kavstal.ru/public/assets/images/products/LISTOVOI_PROKAT/STAL_LISTOVAYA_NERZHAV_BEZ_NIKELYA/img.webp,нержавеющая сталь;сталь листовая нержав без никеля;г/к б/н aisi 409l no1;8;сталь;листовая;нержав;без;никеля;г/к;б/н;aisi;409l;no1,г/к б/н AISI 409L No1,8,,т
Нержавеющая сталь,СТАЛЬ ЛИСТОВАЯ НЕРЖАВ БЕЗ НИКЕЛЯ,г/к б/н AISI 409L No1,Сталь Листовая Нержав Без Никеля 12 г/к б/н AISI 409l No1,"СТАЛЬ ЛИСТОВАЯ НЕРЖАВ БЕЗ НИКЕЛЯ марки г/к б/н AISI 409L No1, размер 12",12,175420,т,1,0,0,https://www.kavstal.ru/public/assets/images/products/LISTOVOI_PROKAT/STAL_LISTOVAYA_NERZHAV_BEZ_NIKELYA/img.webp,нержавеющая сталь;сталь листовая нержав без никеля;г/к б/н aisi 409l no1;12;сталь;листовая;нержав;без;никеля;г/к;б/н;aisi;409l;no1,г/к б/н AISI 409L No1,12,,т
Нержавеющая сталь,СТАЛЬ ЛИСТОВАЯ НЕРЖАВ БЕЗ НИКЕЛЯ,г/к б/н AISI 410S No1,Сталь Листовая Нержав Без Никеля 10 г/к б/н AISI 410s No1,"СТАЛЬ ЛИСТОВАЯ НЕРЖАВ БЕЗ НИКЕЛЯ марки г/к б/н AISI 410S No1, размер 10 ; 12",10,154180,т,1,0,0,https://www.kavstal.ru/public/assets/images/products/LISTOVOI_PROKAT/STAL_LISTOVAYA_NERZHAV_BEZ_NIKELYA/img.webp,нержавеющая сталь;сталь листовая нержав без никеля;г/к б/н aisi 410s no1;10;12;сталь;листовая;нержав;без;никеля;г/к;б/н;aisi;410s;no1,г/к б/н AISI 410S No1,10 ; 12,,т
Нержавеющая сталь,СТАЛЬ ЛИСТОВАЯ НЕРЖАВ БЕЗ НИКЕЛЯ,г/к б/н AISI 410S (08Х13) No1,Сталь Листовая Нержав Без Никеля 3 г/к б/н AISI 410s (08х13) No1,"СТАЛЬ ЛИСТОВАЯ НЕРЖАВ БЕЗ НИКЕЛЯ марки г/к б/н AISI 410S (08Х13) No1, размер 3",3,189060,т,1,0,0,https://www.kavstal.ru/public/assets/images/products/LISTOVOI_PROKAT/STAL_LISTOVAYA_NERZHAV_BEZ_NIKELYA/img.webp,нержавеющая сталь;сталь листовая нержав без никеля;г/к б/н aisi 410s (08х13) no1;3;сталь;листовая;нержав;без;никеля;г/к;б/н;aisi;410s;08х13;no1,г/к б/н AISI 410S (08Х13) No1,3,,т
Нержавеющая сталь,СТАЛЬ ЛИСТОВАЯ НЕРЖАВ БЕЗ НИКЕЛЯ,г/к б/н AISI 410S (08Х13) No1,Сталь Листовая Нержав Без Никеля 4 г/к б/н AISI 410s (08х13) No1,"СТАЛЬ ЛИСТОВАЯ НЕРЖАВ БЕЗ НИКЕЛЯ марки г/к б/н AISI 410S (08Х13) No1, размер 4",4,158350,т,1,0,0,https://www.kavstal.ru/public/assets/images/products/LISTOVOI_PROKAT/STAL_LISTOVAYA_NERZHAV_BEZ_NIKELYA/img.webp,нержавеющая сталь;сталь листовая нержав без никеля;г/к б/н aisi 410s (08х13) no1;4;сталь;листовая;нержав;без;никеля;г/к;б/н;aisi;410s;08х13;no1,г/к б/н AISI 410S (08Х13) No1,4,,т
Нержавеющая сталь,СТАЛЬ ЛИСТОВАЯ НЕРЖАВ БЕЗ НИКЕЛЯ,г/к б/н AISI 410S (08Х13) No1,Сталь Листовая Нержав Без Никеля 5 г/к б/н AISI 410s (08х13) No1,"СТАЛЬ ЛИСТОВАЯ НЕРЖАВ БЕЗ НИКЕЛЯ марки г/к б/н AISI 410S (08Х13) No1, размер 5",5,153310,т,1,0,0,https://www.kavstal.ru/public/assets/images/products/LISTOVOI_PROKAT/STAL_LISTOVAYA_NERZHAV_BEZ_NIKELYA/img.webp,нержавеющая сталь;сталь листовая нержав без никеля;г/к б/н aisi 410s (08х13) no1;5;сталь;листовая;нержав;без;никеля;г/к;б/н;aisi;410s;08х13;no1,г/к б/н AISI 410S (08Х13) No1,5,,т
Нержавеющая сталь,СТАЛЬ ЛИСТОВАЯ НЕРЖАВ БЕЗ НИКЕЛЯ,г/к б/н AISI 410S (08Х13) No1,Сталь Листовая Нержав Без Никеля 6 г/к б/н AISI 410s (08х13) No1,"СТАЛЬ ЛИСТОВАЯ НЕРЖАВ БЕЗ НИКЕЛЯ марки г/к б/н AISI 410S (08Х13) No1, размер 6 ; 8",6,154180,т,1,0,0,https://www.kavstal.ru/public/assets/images/products/LISTOVOI_PROKAT/STAL_LISTOVAYA_NERZHAV_BEZ_NIKELYA/img.webp,нержавеющая сталь;сталь листовая нержав без никеля;г/к б/н aisi 410s (08х13) no1;6;8;сталь;листовая;нержав;без;никеля;г/к;б/н;aisi;410s;08х13;no1,г/к б/н AISI 410S (08Х13) No1,6 ; 8,,т
Нержавеющая сталь,СТАЛЬ ЛИСТОВАЯ НЕРЖАВ БЕЗ НИКЕЛЯ,г/к б/н AISI 410S (08Х13) No1 уценка,Сталь Листовая Нержав Без Никеля 6 г/к б/н AISI 410s (08х13) No1 уценка,"СТАЛЬ ЛИСТОВАЯ НЕРЖАВ БЕЗ НИКЕЛЯ марки г/к б/н AISI 410S (08Х13) No1 уценка, размер 6",6,134900,т,1,0,0,https://www.kavstal.ru/public/assets/images/products/LISTOVOI_PROKAT/STAL_LISTOVAYA_NERZHAV_BEZ_NIKELYA/img.webp,нержавеющая сталь;сталь листовая нержав без никеля;г/к б/н aisi 410s (08х13) no1 уценка;6;сталь;листовая;нержав;без;никеля;г/к;б/н;aisi;410s;08х13;no1;уценка,г/к б/н AISI 410S (08Х13) No1 уценка,6,,т
Нержавеющая сталь,СТАЛЬ ЛИСТОВАЯ НЕРЖАВ БЕЗ НИКЕЛЯ,г/к б/н AISI 410S (08Х13) №1,Сталь Листовая Нержав Без Никеля 4 г/к б/н AISI 410s (08х13) №1,"СТАЛЬ ЛИСТОВАЯ НЕРЖАВ БЕЗ НИКЕЛЯ марки г/к б/н AISI 410S (08Х13) №1, размер 4",4,153060,т,1,0,0,https://www.kavstal.ru/public/assets/images/products/LISTOVOI_PROKAT/STAL_LISTOVAYA_NERZHAV_BEZ_NIKELYA/img.webp,нержавеющая сталь;сталь листовая нержав без никеля;г/к б/н aisi 410s (08х13) №1;4;сталь;листовая;нержав;без;никеля;г/к;б/н;aisi;410s;08х13;№1,г/к б/н AISI 410S (08Х13) №1,4,,т
Нержавеющая сталь,СТАЛЬ ЛИСТОВАЯ НЕРЖАВ БЕЗ НИКЕЛЯ,г/к б/н AISI 430 (08Х17) No1,Сталь Листовая Нержав Без Никеля 3 г/к б/н AISI 430 (08х17) No1,"СТАЛЬ ЛИСТОВАЯ НЕРЖАВ БЕЗ НИКЕЛЯ марки г/к б/н AISI 430 (08Х17) No1, размер 3",3,160940,т,1,0,0,https://www.kavstal.ru/public/assets/images/products/LISTOVOI_PROKAT/STAL_LISTOVAYA_NERZHAV_BEZ_NIKELYA/img.webp,нержавеющая сталь;сталь листовая нержав без никеля;г/к б/н aisi 430 (08х17) no1;3;сталь;листовая;нержав;без;никеля;г/к;б/н;aisi;430;08х17;no1,г/к б/н AISI 430 (08Х17) No1,3,,т
Нержавеющая сталь,СТАЛЬ ЛИСТОВАЯ НЕРЖАВ БЕЗ НИКЕЛЯ,г/к б/н AISI 430 (08Х17) No1,Сталь Листовая Нержав Без Никеля 4 г/к б/н AISI 430 (08х17) No1,"СТАЛЬ ЛИСТОВАЯ НЕРЖАВ БЕЗ НИКЕЛЯ марки г/к б/н AISI 430 (08Х17) No1, размер 4",4,170260,т,1,0,0,https://www.kavstal.ru/public/assets/images/products/LISTOVOI_PROKAT/STAL_LISTOVAYA_NERZHAV_BEZ_NIKELYA/img.webp,нержавеющая сталь;сталь листовая нержав без никеля;г/к б/н aisi 430 (08х17) no1;4;сталь;листовая;нержав;без;никеля;г/к;б/н;aisi;430;08х17;no1,г/к б/н AISI 430 (08Х17) No1,4,,т
Нержавеющая сталь,СТАЛЬ ЛИСТОВАЯ НЕРЖАВ БЕЗ НИКЕЛЯ,г/к б/н AISI 430 (08Х17) No1,Сталь Листовая Нержав Без Никеля 5 г/к б/н AISI 430 (08х17) No1,"СТАЛЬ ЛИСТОВАЯ НЕРЖАВ БЕЗ НИКЕЛЯ марки г/к б/н AISI 430 (08Х17) No1, размер 5",5,163400,т,1,0,0,https://www.kavstal.ru/public/assets/images/products/LISTOVOI_PROKAT/STAL_LISTOVAYA_NERZHAV_BEZ_NIKELYA/img.webp,нержавеющая сталь;сталь листовая нержав без никеля;г/к б/н aisi 430 (08х17) no1;5;сталь;листовая;нержав;без;никеля;г/к;б/н;aisi;430;08х17;no1,г/к б/н AISI 430 (08Х17) No1,5,,т
Нержавеющая сталь,СТАЛЬ ЛИСТОВАЯ НЕРЖАВ БЕЗ НИКЕЛЯ,г/к б/н AISI 430 (08Х17) No1,Сталь Листовая Нержав Без Никеля 5 г/к б/н AISI 430 (08х17) No1,"СТАЛЬ ЛИСТОВАЯ НЕРЖАВ БЕЗ НИКЕЛЯ марки г/к б/н AISI 430 (08Х17) No1, размер 5",5,170260,т,1,0,0,https://www.kavstal.ru/public/assets/images/products/LISTOVOI_PROKAT/STAL_LISTOVAYA_NERZHAV_BEZ_NIKELYA/img.webp,нержавеющая сталь;сталь листовая нержав без никеля;г/к б/н aisi 430 (08х17) no1;5;сталь;листовая;нержав;без;никеля;г/к;б/н;aisi;430;08х17;no1,г/к б/н AISI 430 (08Х17) No1,5,,т
Нержавеющая сталь,СТАЛЬ ЛИСТОВАЯ НЕРЖАВ БЕЗ НИКЕЛЯ,г/к б/н AISI 430 (08Х17) No1,Сталь Листовая Нержав Без Никеля 5 г/к б/н AISI 430 (08х17) No1,"СТАЛЬ ЛИСТОВАЯ НЕРЖАВ БЕЗ НИКЕЛЯ марки г/к б/н AISI 430 (08Х17) No1, размер 5",5,181220,т,1,0,0,https://www.kavstal.ru/public/assets/images/products/LISTOVOI_PROKAT/STAL_LISTOVAYA_NERZHAV_BEZ_NIKELYA/img.webp,нержавеющая сталь;сталь листовая нержав без никеля;г/к б/н aisi 430 (08х17) no1;5;сталь;листовая;нержав;без;никеля;г/к;б/н;aisi;430;08х17;no1,г/к б/н AISI 430 (08Х17) No1,5,,т
Нержавеющая сталь,СТАЛЬ ЛИСТОВАЯ НЕРЖАВ БЕЗ НИКЕЛЯ,г/к б/н AISI 430 (08Х17) No1,Сталь Листовая Нержав Без Никеля 6 г/к б/н AISI 430 (08х17) No1,"СТАЛЬ ЛИСТОВАЯ НЕРЖАВ БЕЗ НИКЕЛЯ марки г/к б/н AISI 430 (08Х17) No1, размер 6",6,170260,т,1,0,0,https://www.kavstal.ru/public/assets/images/products/LISTOVOI_PROKAT/STAL_LISTOVAYA_NERZHAV_BEZ_NIKELYA/img.webp,нержавеющая сталь;сталь листовая нержав без никеля;г/к б/н aisi 430 (08х17) no1;6;сталь;листовая;нержав;без;никеля;г/к;б/н;aisi;430;08х17;no1,г/к б/н AISI 430 (08Х17) No1,6,,т
Нержавеющая сталь,СТАЛЬ ЛИСТОВАЯ НЕРЖАВ БЕЗ НИКЕЛЯ,г/к б/н AISI 430 (08Х17) No1,Сталь Листовая Нержав Без Никеля 6 г/к б/н AISI 430 (08х17) No1,"СТАЛЬ ЛИСТОВАЯ НЕРЖАВ БЕЗ НИКЕЛЯ марки г/к б/н AISI 430 (08Х17) No1, размер 6",6,175340,т,1,0,0,https://www.kavstal.ru/public/assets/images/products/LISTOVOI_PROKAT/STAL_LISTOVAYA_NERZHAV_BEZ_NIKELYA/img.webp,нержавеющая сталь;сталь листовая нержав без никеля;г/к б/н aisi 430 (08х17) no1;6;сталь;листовая;нержав;без;никеля;г/к;б/н;aisi;430;08х17;no1,г/к б/н AISI 430 (08Х17) No1,6,,т
Нержавеющая сталь,СТАЛЬ ЛИСТОВАЯ НЕРЖАВ БЕЗ НИКЕЛЯ,г/к б/н AISI 430 (08Х17) No1,Сталь Листовая Нержав Без Никеля 6 г/к б/н AISI 430 (08х17) No1,"СТАЛЬ ЛИСТОВАЯ НЕРЖАВ БЕЗ НИКЕЛЯ марки г/к б/н AISI 430 (08Х17) No1, размер 6",6,181580,т,1,0,0,https://www.kavstal.ru/public/assets/images/products/LISTOVOI_PROKAT/STAL_LISTOVAYA_NERZHAV_BEZ_NIKELYA/img.webp,нержавеющая сталь;сталь листовая нержав без никеля;г/к б/н aisi 430 (08х17) no1;6;сталь;листовая;нержав;без;никеля;г/к;б/н;aisi;430;08х17;no1,г/к б/н AISI 430 (08Х17) No1,6,,т
Нержавеющая сталь,СТАЛЬ ЛИСТОВАЯ НЕРЖАВ БЕЗ НИКЕЛЯ,х/к б/н 08Х18Н10,Сталь Листовая Нержав Без Никеля 0 х/к б/н 08Х18Н10,"СТАЛЬ ЛИСТОВАЯ НЕРЖАВ БЕЗ НИКЕЛЯ марки х/к б/н 08Х18Н10, размер 0",0,130000,т,1,0,0,https://www.kavstal.ru/public/assets/images/products/LISTOVOI_PROKAT/STAL_LISTOVAYA_NERZHAV_BEZ_NIKELYA/img.webp,нержавеющая сталь;сталь листовая нержав без никеля;х/к б/н 08х18н10;сталь;листовая;нержав;без;никеля;х/к;б/н;08х18н10,х/к б/н 08Х18Н10,0,,т
Нержавеющая сталь,СТАЛЬ ЛИСТОВАЯ НЕРЖАВ БЕЗ НИКЕЛЯ,х/к б/н 08Х18Н10,Сталь Листовая Нержав Без Никеля 0 х/к б/н 08Х18Н10,"СТАЛЬ ЛИСТОВАЯ НЕРЖАВ БЕЗ НИКЕЛЯ марки х/к б/н 08Х18Н10, размер 0",0,200000,т,1,0,0,https://www.kavstal.ru/public/assets/images/products/LISTOVOI_PROKAT/STAL_LISTOVAYA_NERZHAV_BEZ_NIKELYA/img.webp,нержавеющая сталь;сталь листовая нержав без никеля;х/к б/н 08х18н10;сталь;листовая;нержав;без;никеля;х/к;б/н;08х18н10,х/к б/н 08Х18Н10,0,,т
Нержавеющая сталь,СТАЛЬ ЛИСТОВАЯ НЕРЖАВ БЕЗ НИКЕЛЯ,х/к б/н 08Х18Н10,Сталь Листовая Нержав Без Никеля 0 х/к б/н 08Х18Н10,"СТАЛЬ ЛИСТОВАЯ НЕРЖАВ БЕЗ НИКЕЛЯ марки х/к б/н 08Х18Н10, размер 0",0,80000,т,1,0,0,https://www.kavstal.ru/public/assets/images/products/LISTOVOI_PROKAT/STAL_LISTOVAYA_NERZHAV_BEZ_NIKELYA/img.webp,нержавеющая сталь;сталь листовая нержав без никеля;х/к б/н 08х18н10;сталь;листовая;нержав;без;никеля;х/к;б/н;08х18н10,х/к б/н 08Х18Н10,0,,т
Нержавеющая сталь,СТАЛЬ ЛИСТОВАЯ НЕРЖАВ БЕЗ НИКЕЛЯ,х/к б/н 12Х18Н10Т,Сталь Листовая Нержав Без Никеля 0 х/к б/н 12Х18Н10Т,"СТАЛЬ ЛИСТОВАЯ НЕРЖАВ БЕЗ НИКЕЛЯ марки х/к б/н 12Х18Н10Т, размер 0",0,0,т,1,0,0,https://www.kavstal.ru/public/assets/images/products/LISTOVOI_PROKAT/STAL_LISTOVAYA_NERZHAV_BEZ_NIKELYA/img.webp,нержавеющая сталь;сталь листовая нержав без никеля;х/к б/н 12х18н10т;сталь;листовая;нержав;без;никеля;х/к;б/н;12х18н10т,х/к б/н 12Х18Н10Т,0,,т
Нержавеющая сталь,СТАЛЬ ЛИСТОВАЯ НЕРЖАВ БЕЗ НИКЕЛЯ,х/к б/н 444,Сталь Листовая Нержав Без Никеля 0 х/к б/н 444,"СТАЛЬ ЛИСТОВАЯ НЕРЖАВ БЕЗ НИКЕЛЯ марки х/к б/н 444, размер 0",0,65000,т,1,0,0,https://www.kavstal.ru/public/assets/images/products/LISTOVOI_PROKAT/STAL_LISTOVAYA_NERZHAV_BEZ_NIKELYA/img.webp,нержавеющая сталь;сталь листовая нержав без никеля;х/к б/н 444;сталь;листовая;нержав;без;никеля;х/к;б/н;444,х/к б/н 444,0,,т
Нержавеющая сталь,СТАЛЬ ЛИСТОВАЯ НЕРЖАВ БЕЗ НИКЕЛЯ,х/к б/н AISI 409 (03Х13) 2B (матовый),Сталь Листовая Нержав Без Никеля 1.2 х/к б/н AISI 409 (03х13) 2B (матовый),"СТАЛЬ ЛИСТОВАЯ НЕРЖАВ БЕЗ НИКЕЛЯ марки х/к б/н AISI 409 (03Х13) 2B (матовый), размер 1.2",1.2,139080,т,1,0,0,https://www.kavstal.ru/public/assets/images/products/LISTOVOI_PROKAT/STAL_LISTOVAYA_NERZHAV_BEZ_NIKELYA/img.webp,нержавеющая сталь;сталь листовая нержав без никеля;х/к б/н aisi 409 (03х13) 2b (матовый);1;2;сталь;листовая;нержав;без;никеля;1.2;х/к;б/н;aisi;409;03х13;2b;матовый,х/к б/н AISI 409 (03Х13) 2B (матовый),1.2,,т
Нержавеющая сталь,СТАЛЬ ЛИСТОВАЯ НЕРЖАВ БЕЗ НИКЕЛЯ,х/к б/н AISI 409L 2B (матовый),Сталь Листовая Нержав Без Никеля 0.5 х/к б/н AISI 409l 2B (матовый),"СТАЛЬ ЛИСТОВАЯ НЕРЖАВ БЕЗ НИКЕЛЯ марки х/к б/н AISI 409L 2B (матовый), размер 0.5",0.5,177390,т,1,0,0,https://www.kavstal.ru/public/assets/images/products/LISTOVOI_PROKAT/STAL_LISTOVAYA_NERZHAV_BEZ_NIKELYA/img.webp,нержавеющая сталь;сталь листовая нержав без никеля;х/к б/н aisi 409l 2b (матовый);5;сталь;листовая;нержав;без;никеля;0.5;х/к;б/н;aisi;409l;2b;матовый,х/к б/н AISI 409L 2B (матовый),0.5,,т
Нержавеющая сталь,СТАЛЬ ЛИСТОВАЯ НЕРЖАВ БЕЗ НИКЕЛЯ,х/к б/н AISI 409L 2B (матовый),Сталь Листовая Нержав Без Никеля 0.8 х/к б/н AISI 409l 2B (матовый),"СТАЛЬ ЛИСТОВАЯ НЕРЖАВ БЕЗ НИКЕЛЯ марки х/к б/н AISI 409L 2B (матовый), размер 0.8",0.8,174690,т,1,0,0,https://www.kavstal.ru/public/assets/images/products/LISTOVOI_PROKAT/STAL_LISTOVAYA_NERZHAV_BEZ_NIKELYA/img.webp,нержавеющая сталь;сталь листовая нержав без никеля;х/к б/н aisi 409l 2b (матовый);8;сталь;листовая;нержав;без;никеля;0.8;х/к;б/н;aisi;409l;2b;матовый,х/к б/н AISI 409L 2B (матовый),0.8,,т
Нержавеющая сталь,СТАЛЬ ЛИСТОВАЯ НЕРЖАВ БЕЗ НИКЕЛЯ,х/к б/н AISI 409L 2B (матовый),Сталь Листовая Нержав Без Никеля 0.9 х/к б/н AISI 409l 2B (матовый),"СТАЛЬ ЛИСТОВАЯ НЕРЖАВ БЕЗ НИКЕЛЯ марки х/к б/н AISI 409L 2B (матовый), размер 0.9 ; 0.95",0.9,172010,т,1,0,0,https://www.kavstal.ru/public/assets/images/products/LISTOVOI_PROKAT/STAL_LISTOVAYA_NERZHAV_BEZ_NIKELYA/img.webp,нержавеющая сталь;сталь листовая нержав без никеля;х/к б/н aisi 409l 2b (матовый);9;95;сталь;листовая;нержав;без;никеля;0.9;х/к;б/н;aisi;409l;2b;матовый,х/к б/н AISI 409L 2B (матовый),0.9 ; 0.95,,т
Нержавеющая сталь,СТАЛЬ ЛИСТОВАЯ НЕРЖАВ БЕЗ НИКЕЛЯ,х/к б/н AISI 409L 2B (матовый),Сталь Листовая Нержав Без Никеля 1 х/к б/н AISI 409l 2B (матовый),"СТАЛЬ ЛИСТОВАЯ НЕРЖАВ БЕЗ НИКЕЛЯ марки х/к б/н AISI 409L 2B (матовый), размер 1",1,174690,т,1,0,0,https://www.kavstal.ru/public/assets/images/products/LISTOVOI_PROKAT/STAL_LISTOVAYA_NERZHAV_BEZ_NIKELYA/img.webp,нержавеющая сталь;сталь листовая нержав без никеля;х/к б/н aisi 409l 2b (матовый);1;сталь;листовая;нержав;без;никеля;х/к;б/н;aisi;409l;2b;матовый,х/к б/н AISI 409L 2B (матовый),1,,т
Нержавеющая сталь,СТАЛЬ ЛИСТОВАЯ НЕРЖАВ БЕЗ НИКЕЛЯ,х/к б/н AISI 409L 2B (матовый),Сталь Листовая Нержав Без Никеля 1 х/к б/н AISI 409l 2B (матовый),"СТАЛЬ ЛИСТОВАЯ НЕРЖАВ БЕЗ НИКЕЛЯ марки х/к б/н AISI 409L 2B (матовый), размер 1",1,180830,т,1,0,0,https://www.kavstal.ru/public/assets/images/products/LISTOVOI_PROKAT/STAL_LISTOVAYA_NERZHAV_BEZ_NIKELYA/img.webp,нержавеющая сталь;сталь листовая нержав без никеля;х/к б/н aisi 409l 2b (матовый);1;сталь;листовая;нержав;без;никеля;х/к;б/н;aisi;409l;2b;матовый,х/к б/н AISI 409L 2B (матовый),1,,т
Нержавеющая сталь,СТАЛЬ ЛИСТОВАЯ НЕРЖАВ БЕЗ НИКЕЛЯ,х/к б/н AISI 409L 2B (матовый),Сталь Листовая Нержав Без Никеля 1.2 х/к б/н AISI 409l 2B (матовый),"СТАЛЬ ЛИСТОВАЯ НЕРЖАВ БЕЗ НИКЕЛЯ марки х/к б/н AISI 409L 2B (матовый), размер 1.2 ; 1.4",1.2,174690,т,1,0,0,https://www.kavstal.ru/public/assets/images/products/LISTOVOI_PROKAT/STAL_LISTOVAYA_NERZHAV_BEZ_NIKELYA/img.webp,нержавеющая сталь;сталь листовая нержав без никеля;х/к б/н aisi 409l 2b (матовый);1;2;4;сталь;листовая;нержав;без;никеля;1.2;х/к;б/н;aisi;409l;2b;матовый,х/к б/н AISI 409L 2B (матовый),1.2 ; 1.4,,т
Нержавеющая сталь,СТАЛЬ ЛИСТОВАЯ НЕРЖАВ БЕЗ НИКЕЛЯ,х/к б/н AISI 409L 2B (матовый),Сталь Листовая Нержав Без Никеля 1.5 х/к б/н AISI 409l 2B (матовый),"СТАЛЬ ЛИСТОВАЯ НЕРЖАВ БЕЗ НИКЕЛЯ марки х/к б/н AISI 409L 2B (матовый), размер 1.5",1.5,172010,т,1,0,0,https://www.kavstal.ru/public/assets/images/products/LISTOVOI_PROKAT/STAL_LISTOVAYA_NERZHAV_BEZ_NIKELYA/img.webp,нержавеющая сталь;сталь листовая нержав без никеля;х/к б/н aisi 409l 2b (матовый);1;5;сталь;листовая;нержав;без;никеля;1.5;х/к;б/н;aisi;409l;2b;матовый,х/к б/н AISI 409L 2B (матовый),1.5,,т
Нержавеющая сталь,СТАЛЬ ЛИСТОВАЯ НЕРЖАВ БЕЗ НИКЕЛЯ,х/к б/н AISI 409L 2B (матовый),Сталь Листовая Нержав Без Никеля 1.5 х/к б/н AISI 409l 2B (матовый),"СТАЛЬ ЛИСТОВАЯ НЕРЖАВ БЕЗ НИКЕЛЯ марки х/к б/н AISI 409L 2B (матовый), размер 1.5",1.5,174690,т,1,0,0,https://www.kavstal.ru/public/assets/images/products/LISTOVOI_PROKAT/STAL_LISTOVAYA_NERZHAV_BEZ_NIKELYA/img.webp,нержавеющая сталь;сталь листовая нержав без никеля;х/к б/н aisi 409l 2b (матовый);1;5;сталь;листовая;нержав;без;никеля;1.5;х/к;б/н;aisi;409l;2b;матовый,х/к б/н AISI 409L 2B (матовый),1.5,,т
Нержавеющая сталь,СТАЛЬ ЛИСТОВАЯ НЕРЖАВ БЕЗ НИКЕЛЯ,х/к б/н AISI 409L 2B (матовый),Сталь Листовая Нержав Без Никеля 1.5 х/к б/н AISI 409l 2B (матовый),"СТАЛЬ ЛИСТОВАЯ НЕРЖАВ БЕЗ НИКЕЛЯ марки х/к б/н AISI 409L 2B (матовый), размер 1.5",1.5,191210,т,1,0,0,https://www.kavstal.ru/public/assets/images/products/LISTOVOI_PROKAT/STAL_LISTOVAYA_NERZHAV_BEZ_NIKELYA/img.webp,нержавеющая сталь;сталь листовая нержав без никеля;х/к б/н aisi 409l 2b (матовый);1;5;сталь;листовая;нержав;без;никеля;1.5;х/к;б/н;aisi;409l;2b;матовый,х/к б/н AISI 409L 2B (матовый),1.5,,т
Нержавеющая сталь,СТАЛЬ ЛИСТОВАЯ НЕРЖАВ БЕЗ НИКЕЛЯ,х/к б/н AISI 410S (08Х13) 2B (матовый),Сталь Листовая Нержав Без Никеля 1.5 х/к б/н AISI 410s (08х13) 2B (матовый),"СТАЛЬ ЛИСТОВАЯ НЕРЖАВ БЕЗ НИКЕЛЯ марки х/к б/н AISI 410S (08Х13) 2B (матовый), размер 1.5 ; 3; 4; 4",1.5,160830,т,1,0,0,https://www.kavstal.ru/public/assets/images/products/LISTOVOI_PROKAT/STAL_LISTOVAYA_NERZHAV_BEZ_NIKELYA/img.webp,нержавеющая сталь;сталь листовая нержав без никеля;х/к б/н aisi 410s (08х13) 2b (матовый);1;5;3;4;сталь;листовая;нержав;без;никеля;1.5;х/к;б/н;aisi;410s;08х13;2b;матовый,х/к б/н AISI 410S (08Х13) 2B (матовый),1.5 ; 3; 4; 4,,т
Нержавеющая сталь,СТАЛЬ ЛИСТОВАЯ НЕРЖАВ БЕЗ НИКЕЛЯ,х/к б/н AISI 410S (08Х13) 2B (матовый) уценка,Сталь Листовая Нержав Без Никеля 1.5 х/к б/н AISI 410s (08х13) 2B (матовый) уценка,"СТАЛЬ ЛИСТОВАЯ НЕРЖАВ БЕЗ НИКЕЛЯ марки х/к б/н AISI 410S (08Х13) 2B (матовый) уценка, размер 1.5 ; 2; 3",1.5,139080,т,1,0,0,https://www.kavstal.ru/public/assets/images/products/LISTOVOI_PROKAT/STAL_LISTOVAYA_NERZHAV_BEZ_NIKELYA/img.webp,нержавеющая сталь;сталь листовая нержав без никеля;х/к б/н aisi 410s (08х13) 2b (матовый) уценка;1;5;2;3;сталь;листовая;нержав;без;никеля;1.5;х/к;б/н;aisi;410s;08х13;2b;матовый;уценка,х/к б/н AISI 410S (08Х13) 2B (матовый) уценка,1.5 ; 2; 3,,т
Нержавеющая сталь,СТАЛЬ ЛИСТОВАЯ НЕРЖАВ БЕЗ НИКЕЛЯ,х/к б/н AISI 430 (08Х17) DECO8+PE,Сталь Листовая Нержав Без Никеля 0.8 х/к б/н AISI 430 (08х17) Deco8+pe,"СТАЛЬ ЛИСТОВАЯ НЕРЖАВ БЕЗ НИКЕЛЯ марки х/к б/н AISI 430 (08Х17) DECO8+PE, размер 0.8",0.8,192330,т,1,0,0,https://www.kavstal.ru/public/assets/images/products/LISTOVOI_PROKAT/STAL_LISTOVAYA_NERZHAV_BEZ_NIKELYA/img.webp,нержавеющая сталь;сталь листовая нержав без никеля;х/к б/н aisi 430 (08х17) deco8+pe;8;сталь;листовая;нержав;без;никеля;0.8;х/к;б/н;aisi;430;08х17;deco8+pe,х/к б/н AISI 430 (08Х17) DECO8+PE,0.8,,т
Нержавеющая сталь,СТАЛЬ ЛИСТОВАЯ НЕРЖАВ БЕЗ НИКЕЛЯ,х/к б/н AISI 430 (08Х17) 2B (матовый),Сталь Листовая Нержав Без Никеля 0.4 х/к б/н AISI 430 (08х17) 2B (матовый),"СТАЛЬ ЛИСТОВАЯ НЕРЖАВ БЕЗ НИКЕЛЯ марки х/к б/н AISI 430 (08Х17) 2B (матовый), размер 0.4",0.4,188010,т,1,0,0,https://www.kavstal.ru/public/assets/images/products/LISTOVOI_PROKAT/STAL_LISTOVAYA_NERZHAV_BEZ_NIKELYA/img.webp,нержавеющая сталь;сталь листовая нержав без никеля;х/к б/н aisi 430 (08х17) 2b (матовый);4;сталь;листовая;нержав;без;никеля;0.4;х/к;б/н;aisi;430;08х17;2b;матовый,х/к б/н AISI 430 (08Х17) 2B (матовый),0.4,,т
Нержавеющая сталь,СТАЛЬ ЛИСТОВАЯ НЕРЖАВ БЕЗ НИКЕЛЯ,х/к б/н AISI 430 (08Х17) 2B (матовый),Сталь Листовая Нержав Без Никеля 0.5 х/к б/н AISI 430 (08х17) 2B (матовый),"СТАЛЬ ЛИСТОВАЯ НЕРЖАВ БЕЗ НИКЕЛЯ марки х/к б/н AISI 430 (08Х17) 2B (матовый), размер 0.5",0.5,168050,т,1,0,0,https://www.kavstal.ru/public/assets/images/products/LISTOVOI_PROKAT/STAL_LISTOVAYA_NERZHAV_BEZ_NIKELYA/img.webp,нержавеющая сталь;сталь листовая нержав без никеля;х/к б/н aisi 430 (08х17) 2b (матовый);5;сталь;листовая;нержав;без;никеля;0.5;х/к;б/н;aisi;430;08х17;2b;матовый,х/к б/н AISI 430 (08Х17) 2B (матовый),0.5,,т
Нержавеющая сталь,СТАЛЬ ЛИСТОВАЯ НЕРЖАВ БЕЗ НИКЕЛЯ,х/к б/н AISI 430 (08Х17) 2B (матовый),Сталь Листовая Нержав Без Никеля 0.5 х/к б/н AISI 430 (08х17) 2B (матовый),"СТАЛЬ ЛИСТОВАЯ НЕРЖАВ БЕЗ НИКЕЛЯ марки х/к б/н AISI 430 (08Х17) 2B (матовый), размер 0.5",0.5,178760,т,1,0,0,https://www.kavstal.ru/public/assets/images/products/LISTOVOI_PROKAT/STAL_LISTOVAYA_NERZHAV_BEZ_NIKELYA/img.webp,нержавеющая сталь;сталь листовая нержав без никеля;х/к б/н aisi 430 (08х17) 2b (матовый);5;сталь;листовая;нержав;без;никеля;0.5;х/к;б/н;aisi;430;08х17;2b;матовый,х/к б/н AISI 430 (08Х17) 2B (матовый),0.5,,т
Нержавеющая сталь,СТАЛЬ ЛИСТОВАЯ НЕРЖАВ БЕЗ НИКЕЛЯ,х/к б/н AISI 430 (08Х17) 2B (матовый),Сталь Листовая Нержав Без Никеля 0.6 х/к б/н AISI 430 (08х17) 2B (матовый),"СТАЛЬ ЛИСТОВАЯ НЕРЖАВ БЕЗ НИКЕЛЯ марки х/к б/н AISI 430 (08Х17) 2B (матовый), размер 0.6",0.6,174710,т,1,0,0,https://www.kavstal.ru/public/assets/images/products/LISTOVOI_PROKAT/STAL_LISTOVAYA_NERZHAV_BEZ_NIKELYA/img.webp,нержавеющая сталь;сталь листовая нержав без никеля;х/к б/н aisi 430 (08х17) 2b (матовый);6;сталь;листовая;нержав;без;никеля;0.6;х/к;б/н;aisi;430;08х17;2b;матовый,х/к б/н AISI 430 (08Х17) 2B (матовый),0.6,,т
Нержавеющая сталь,СТАЛЬ ЛИСТОВАЯ НЕРЖАВ БЕЗ НИКЕЛЯ,х/к б/н AISI 430 (08Х17) 2B (матовый),Сталь Листовая Нержав Без Никеля 0.6 х/к б/н AISI 430 (08х17) 2B (матовый),"СТАЛЬ ЛИСТОВАЯ НЕРЖАВ БЕЗ НИКЕЛЯ марки х/к б/н AISI 430 (08Х17) 2B (матовый), размер 0.6",0.6,179940,т,1,0,0,https://www.kavstal.ru/public/assets/images/products/LISTOVOI_PROKAT/STAL_LISTOVAYA_NERZHAV_BEZ_NIKELYA/img.webp,нержавеющая сталь;сталь листовая нержав без никеля;х/к б/н aisi 430 (08х17) 2b (матовый);6;сталь;листовая;нержав;без;никеля;0.6;х/к;б/н;aisi;430;08х17;2b;матовый,х/к б/н AISI 430 (08Х17) 2B (матовый),0.6,,т
Нержавеющая сталь,СТАЛЬ ЛИСТОВАЯ НЕРЖАВ БЕЗ НИКЕЛЯ,х/к б/н AISI 430 (08Х17) 2B (матовый),Сталь Листовая Нержав Без Никеля 0.7 х/к б/н AISI 430 (08х17) 2B (матовый),"СТАЛЬ ЛИСТОВАЯ НЕРЖАВ БЕЗ НИКЕЛЯ марки х/к б/н AISI 430 (08Х17) 2B (матовый), размер 0.7",0.7,157940,т,1,0,0,https://www.kavstal.ru/public/assets/images/products/LISTOVOI_PROKAT/STAL_LISTOVAYA_NERZHAV_BEZ_NIKELYA/img.webp,нержавеющая сталь;сталь листовая нержав без никеля;х/к б/н aisi 430 (08х17) 2b (матовый);7;сталь;листовая;нержав;без;никеля;0.7;х/к;б/н;aisi;430;08х17;2b;матовый,х/к б/н AISI 430 (08Х17) 2B (матовый),0.7,,т
Нержавеющая сталь,СТАЛЬ ЛИСТОВАЯ НЕРЖАВ БЕЗ НИКЕЛЯ,х/к б/н AISI 430 (08Х17) 2B (матовый),Сталь Листовая Нержав Без Никеля 0.7 х/к б/н AISI 430 (08х17) 2B (матовый),"СТАЛЬ ЛИСТОВАЯ НЕРЖАВ БЕЗ НИКЕЛЯ марки х/к б/н AISI 430 (08Х17) 2B (матовый), размер 0.7",0.7,161280,т,1,0,0,https://www.kavstal.ru/public/assets/images/products/LISTOVOI_PROKAT/STAL_LISTOVAYA_NERZHAV_BEZ_NIKELYA/img.webp,нержавеющая сталь;сталь листовая нержав без никеля;х/к б/н aisi 430 (08х17) 2b (матовый);7;сталь;листовая;нержав;без;никеля;0.7;х/к;б/н;aisi;430;08х17;2b;матовый,х/к б/н AISI 430 (08Х17) 2B (матовый),0.7,,т
Нержавеющая сталь,СТАЛЬ ЛИСТОВАЯ НЕРЖАВ БЕЗ НИКЕЛЯ,х/к б/н AISI 430 (08Х17) 2B (матовый),Сталь Листовая Нержав Без Никеля 0.8 х/к б/н AISI 430 (08х17) 2B (матовый),"СТАЛЬ ЛИСТОВАЯ НЕРЖАВ БЕЗ НИКЕЛЯ марки х/к б/н AISI 430 (08Х17) 2B (матовый), размер 0.8",0.8,156560,т,1,0,0,https://www.kavstal.ru/public/assets/images/products/LISTOVOI_PROKAT/STAL_LISTOVAYA_NERZHAV_BEZ_NIKELYA/img.webp,нержавеющая сталь;сталь листовая нержав без никеля;х/к б/н aisi 430 (08х17) 2b (матовый);8;сталь;листовая;нержав;без;никеля;0.8;х/к;б/н;aisi;430;08х17;2b;матовый,х/к б/н AISI 430 (08Х17) 2B (матовый),0.8,,т
Нержавеющая сталь,СТАЛЬ ЛИСТОВАЯ НЕРЖАВ БЕЗ НИКЕЛЯ,х/к б/н AISI 430 (08Х17) 2B (матовый),Сталь Листовая Нержав Без Никеля 0.8 х/к б/н AISI 430 (08х17) 2B (матовый),"СТАЛЬ ЛИСТОВАЯ НЕРЖАВ БЕЗ НИКЕЛЯ марки х/к б/н AISI 430 (08Х17) 2B (матовый), размер 0.8",0.8,162920,т,1,0,0,https://www.kavstal.ru/public/assets/images/products/LISTOVOI_PROKAT/STAL_LISTOVAYA_NERZHAV_BEZ_NIKELYA/img.webp,нержавеющая сталь;сталь листовая нержав без никеля;х/к б/н aisi 430 (08х17) 2b (матовый);8;сталь;листовая;нержав;без;никеля;0.8;х/к;б/н;aisi;430;08х17;2b;матовый,х/к б/н AISI 430 (08Х17) 2B (матовый),0.8,,т
Нержавеющая сталь,СТАЛЬ ЛИСТОВАЯ НЕРЖАВ БЕЗ НИКЕЛЯ,х/к б/н AISI 430 (08Х17) 2B (матовый),Сталь Листовая Нержав Без Никеля 0.8 х/к б/н AISI 430 (08х17) 2B (матовый),"СТАЛЬ ЛИСТОВАЯ НЕРЖАВ БЕЗ НИКЕЛЯ марки х/к б/н AISI 430 (08Х17) 2B (матовый), размер 0.8",0.8,163050,т,1,0,0,https://www.kavstal.ru/public/assets/images/products/LISTOVOI_PROKAT/STAL_LISTOVAYA_NERZHAV_BEZ_NIKELYA/img.webp,нержавеющая сталь;сталь листовая нержав без никеля;х/к б/н aisi 430 (08х17) 2b (матовый);8;сталь;листовая;нержав;без;никеля;0.8;х/к;б/н;aisi;430;08х17;2b;матовый,х/к б/н AISI 430 (08Х17) 2B (матовый),0.8,,т
Нержавеющая сталь,СТАЛЬ ЛИСТОВАЯ НЕРЖАВ БЕЗ НИКЕЛЯ,х/к б/н AISI 430 (08Х17) 2B (матовый),Сталь Листовая Нержав Без Никеля 1 х/к б/н AISI 430 (08х17) 2B (матовый),"СТАЛЬ ЛИСТОВАЯ НЕРЖАВ БЕЗ НИКЕЛЯ марки х/к б/н AISI 430 (08Х17) 2B (матовый), размер 1",1,154990,т,1,0,0,https://www.kavstal.ru/public/assets/images/products/LISTOVOI_PROKAT/STAL_LISTOVAYA_NERZHAV_BEZ_NIKELYA/img.webp,нержавеющая сталь;сталь листовая нержав без никеля;х/к б/н aisi 430 (08х17) 2b (матовый);1;сталь;листовая;нержав;без;никеля;х/к;б/н;aisi;430;08х17;2b;матовый,х/к б/н AISI 430 (08Х17) 2B (матовый),1,,т
Нержавеющая сталь,СТАЛЬ ЛИСТОВАЯ НЕРЖАВ БЕЗ НИКЕЛЯ,х/к б/н AISI 430 (08Х17) 2B (матовый),Сталь Листовая Нержав Без Никеля 1 х/к б/н AISI 430 (08х17) 2B (матовый),"СТАЛЬ ЛИСТОВАЯ НЕРЖАВ БЕЗ НИКЕЛЯ марки х/к б/н AISI 430 (08Х17) 2B (матовый), размер 1",1,158620,т,1,0,0,https://www.kavstal.ru/public/assets/images/products/LISTOVOI_PROKAT/STAL_LISTOVAYA_NERZHAV_BEZ_NIKELYA/img.webp,нержавеющая сталь;сталь листовая нержав без никеля;х/к б/н aisi 430 (08х17) 2b (матовый);1;сталь;листовая;нержав;без;никеля;х/к;б/н;aisi;430;08х17;2b;матовый,х/к б/н AISI 430 (08Х17) 2B (матовый),1,,т
Нержавеющая сталь,СТАЛЬ ЛИСТОВАЯ НЕРЖАВ БЕЗ НИКЕЛЯ,х/к б/н AISI 430 (08Х17) 2B (матовый),Сталь Листовая Нержав Без Никеля 1 х/к б/н AISI 430 (08х17) 2B (матовый),"СТАЛЬ ЛИСТОВАЯ НЕРЖАВ БЕЗ НИКЕЛЯ марки х/к б/н AISI 430 (08Х17) 2B (матовый), размер 1",1,169010,т,1,0,0,https://www.kavstal.ru/public/assets/images/products/LISTOVOI_PROKAT/STAL_LISTOVAYA_NERZHAV_BEZ_NIKELYA/img.webp,нержавеющая сталь;сталь листовая нержав без никеля;х/к б/н aisi 430 (08х17) 2b (матовый);1;сталь;листовая;нержав;без;никеля;х/к;б/н;aisi;430;08х17;2b;матовый,х/к б/н AISI 430 (08Х17) 2B (матовый),1,,т
Нержавеющая сталь,СТАЛЬ ЛИСТОВАЯ НЕРЖАВ БЕЗ НИКЕЛЯ,х/к б/н AISI 430 (08Х17) 2B (матовый),Сталь Листовая Нержав Без Никеля 1 х/к б/н AISI 430 (08х17) 2B (матовый),"СТАЛЬ ЛИСТОВАЯ НЕРЖАВ БЕЗ НИКЕЛЯ марки х/к б/н AISI 430 (08Х17) 2B (матовый), размер 1",1,174070,т,1,0,0,https://www.kavstal.ru/public/assets/images/products/LISTOVOI_PROKAT/STAL_LISTOVAYA_NERZHAV_BEZ_NIKELYA/img.webp,нержавеющая сталь;сталь листовая нержав без никеля;х/к б/н aisi 430 (08х17) 2b (матовый);1;сталь;листовая;нержав;без;никеля;х/к;б/н;aisi;430;08х17;2b;матовый,х/к б/н AISI 430 (08Х17) 2B (матовый),1,,т
Нержавеющая сталь,СТАЛЬ ЛИСТОВАЯ НЕРЖАВ БЕЗ НИКЕЛЯ,х/к б/н AISI 430 (08Х17) 2B (матовый),Сталь Листовая Нержав Без Никеля 1 х/к б/н AISI 430 (08х17) 2B (матовый),"СТАЛЬ ЛИСТОВАЯ НЕРЖАВ БЕЗ НИКЕЛЯ марки х/к б/н AISI 430 (08Х17) 2B (матовый), размер 1",1,176370,т,1,0,0,https://www.kavstal.ru/public/assets/images/products/LISTOVOI_PROKAT/STAL_LISTOVAYA_NERZHAV_BEZ_NIKELYA/img.webp,нержавеющая сталь;сталь листовая нержав без никеля;х/к б/н aisi 430 (08х17) 2b (матовый);1;сталь;листовая;нержав;без;никеля;х/к;б/н;aisi;430;08х17;2b;матовый,х/к б/н AISI 430 (08Х17) 2B (матовый),1,,т
Нержавеющая сталь,СТАЛЬ ЛИСТОВАЯ НЕРЖАВ БЕЗ НИКЕЛЯ,х/к б/н AISI 430 (08Х17) 2B (матовый),Сталь Листовая Нержав Без Никеля 1.2 х/к б/н AISI 430 (08х17) 2B (матовый),"СТАЛЬ ЛИСТОВАЯ НЕРЖАВ БЕЗ НИКЕЛЯ марки х/к б/н AISI 430 (08Х17) 2B (матовый), размер 1.2",1.2,153470,т,1,0,0,https://www.kavstal.ru/public/assets/images/products/LISTOVOI_PROKAT/STAL_LISTOVAYA_NERZHAV_BEZ_NIKELYA/img.webp,нержавеющая сталь;сталь листовая нержав без никеля;х/к б/н aisi 430 (08х17) 2b (матовый);1;2;сталь;листовая;нержав;без;никеля;1.2;х/к;б/н;aisi;430;08х17;2b;матовый,х/к б/н AISI 430 (08Х17) 2B (матовый),1.2,,т
Нержавеющая сталь,СТАЛЬ ЛИСТОВАЯ НЕРЖАВ БЕЗ НИКЕЛЯ,х/к б/н AISI 430 (08Х17) 2B (матовый),Сталь Листовая Нержав Без Никеля 1.2 х/к б/н AISI 430 (08х17) 2B (матовый),"СТАЛЬ ЛИСТОВАЯ НЕРЖАВ БЕЗ НИКЕЛЯ марки х/к б/н AISI 430 (08Х17) 2B (матовый), размер 1.2",1.2,157510,т,1,0,0,https://www.kavstal.ru/public/assets/images/products/LISTOVOI_PROKAT/STAL_LISTOVAYA_NERZHAV_BEZ_NIKELYA/img.webp,нержавеющая сталь;сталь листовая нержав без никеля;х/к б/н aisi 430 (08х17) 2b (матовый);1;2;сталь;листовая;нержав;без;никеля;1.2;х/к;б/н;aisi;430;08х17;2b;матовый,х/к б/н AISI 430 (08Х17) 2B (матовый),1.2,,т
Нержавеющая сталь,СТАЛЬ ЛИСТОВАЯ НЕРЖАВ БЕЗ НИКЕЛЯ,х/к б/н AISI 430 (08Х17) 2B (матовый),Сталь Листовая Нержав Без Никеля 1.2 х/к б/н AISI 430 (08х17) 2B (матовый),"СТАЛЬ ЛИСТОВАЯ НЕРЖАВ БЕЗ НИКЕЛЯ марки х/к б/н AISI 430 (08Х17) 2B (матовый), размер 1.2",1.2,158620,т,1,0,0,https://www.kavstal.ru/public/assets/images/products/LISTOVOI_PROKAT/STAL_LISTOVAYA_NERZHAV_BEZ_NIKELYA/img.webp,нержавеющая сталь;сталь листовая нержав без никеля;х/к б/н aisi 430 (08х17) 2b (матовый);1;2;сталь;листовая;нержав;без;никеля;1.2;х/к;б/н;aisi;430;08х17;2b;матовый,х/к б/н AISI 430 (08Х17) 2B (матовый),1.2,,т
Нержавеющая сталь,СТАЛЬ ЛИСТОВАЯ НЕРЖАВ БЕЗ НИКЕЛЯ,х/к б/н AISI 430 (08Х17) 2B (матовый),Сталь Листовая Нержав Без Никеля 1.2 х/к б/н AISI 430 (08х17) 2B (матовый),"СТАЛЬ ЛИСТОВАЯ НЕРЖАВ БЕЗ НИКЕЛЯ марки х/к б/н AISI 430 (08Х17) 2B (матовый), размер 1.2",1.2,179680,т,1,0,0,https://www.kavstal.ru/public/assets/images/products/LISTOVOI_PROKAT/STAL_LISTOVAYA_NERZHAV_BEZ_NIKELYA/img.webp,нержавеющая сталь;сталь листовая нержав без никеля;х/к б/н aisi 430 (08х17) 2b (матовый);1;2;сталь;листовая;нержав;без;никеля;1.2;х/к;б/н;aisi;430;08х17;2b;матовый,х/к б/н AISI 430 (08Х17) 2B (матовый),1.2,,т
Нержавеющая сталь,СТАЛЬ ЛИСТОВАЯ НЕРЖАВ БЕЗ НИКЕЛЯ,х/к б/н AISI 430 (08Х17) 2B (матовый),Сталь Листовая Нержав Без Никеля 1.5 х/к б/н AISI 430 (08х17) 2B (матовый),"СТАЛЬ ЛИСТОВАЯ НЕРЖАВ БЕЗ НИКЕЛЯ марки х/к б/н AISI 430 (08Х17) 2B (матовый), размер 1.5",1.5,152730,т,1,0,0,https://www.kavstal.ru/public/assets/images/products/LISTOVOI_PROKAT/STAL_LISTOVAYA_NERZHAV_BEZ_NIKELYA/img.webp,нержавеющая сталь;сталь листовая нержав без никеля;х/к б/н aisi 430 (08х17) 2b (матовый);1;5;сталь;листовая;нержав;без;никеля;1.5;х/к;б/н;aisi;430;08х17;2b;матовый,х/к б/н AISI 430 (08Х17) 2B (матовый),1.5,,т
Нержавеющая сталь,СТАЛЬ ЛИСТОВАЯ НЕРЖАВ БЕЗ НИКЕЛЯ,х/к б/н AISI 430 (08Х17) 2B (матовый),Сталь Листовая Нержав Без Никеля 1.5 х/к б/н AISI 430 (08х17) 2B (матовый),"СТАЛЬ ЛИСТОВАЯ НЕРЖАВ БЕЗ НИКЕЛЯ марки х/к б/н AISI 430 (08Х17) 2B (матовый), размер 1.5",1.5,161790,т,1,0,0,https://www.kavstal.ru/public/assets/images/products/LISTOVOI_PROKAT/STAL_LISTOVAYA_NERZHAV_BEZ_NIKELYA/img.webp,нержавеющая сталь;сталь листовая нержав без никеля;х/к б/н aisi 430 (08х17) 2b (матовый);1;5;сталь;листовая;нержав;без;никеля;1.5;х/к;б/н;aisi;430;08х17;2b;матовый,х/к б/н AISI 430 (08Х17) 2B (матовый),1.5,,т
Нержавеющая сталь,СТАЛЬ ЛИСТОВАЯ НЕРЖАВ БЕЗ НИКЕЛЯ,х/к б/н AISI 430 (08Х17) 2B (матовый),Сталь Листовая Нержав Без Никеля 1.5 х/к б/н AISI 430 (08х17) 2B (матовый),"СТАЛЬ ЛИСТОВАЯ НЕРЖАВ БЕЗ НИКЕЛЯ марки х/к б/н AISI 430 (08Х17) 2B (матовый), размер 1.5",1.5,165000,т,1,0,0,https://www.kavstal.ru/public/assets/images/products/LISTOVOI_PROKAT/STAL_LISTOVAYA_NERZHAV_BEZ_NIKELYA/img.webp,нержавеющая сталь;сталь листовая нержав без никеля;х/к б/н aisi 430 (08х17) 2b (матовый);1;5;сталь;листовая;нержав;без;никеля;1.5;х/к;б/н;aisi;430;08х17;2b;матовый,х/к б/н AISI 430 (08Х17) 2B (матовый),1.5,,т
Нержавеющая сталь,СТАЛЬ ЛИСТОВАЯ НЕРЖАВ БЕЗ НИКЕЛЯ,х/к б/н AISI 430 (08Х17) 2B (матовый),Сталь Листовая Нержав Без Никеля 1.5 х/к б/н AISI 430 (08х17) 2B (матовый),"СТАЛЬ ЛИСТОВАЯ НЕРЖАВ БЕЗ НИКЕЛЯ марки х/к б/н AISI 430 (08Х17) 2B (матовый), размер 1.5",1.5,166070,т,1,0,0,https://www.kavstal.ru/public/assets/images/products/LISTOVOI_PROKAT/STAL_LISTOVAYA_NERZHAV_BEZ_NIKELYA/img.webp,нержавеющая сталь;сталь листовая нержав без никеля;х/к б/н aisi 430 (08х17) 2b (матовый);1;5;сталь;листовая;нержав;без;никеля;1.5;х/к;б/н;aisi;430;08х17;2b;матовый,х/к б/н AISI 430 (08Х17) 2B (матовый),1.5,,т
Нержавеющая сталь,СТАЛЬ ЛИСТОВАЯ НЕРЖАВ БЕЗ НИКЕЛЯ,х/к б/н AISI 430 (08Х17) 2B (матовый),Сталь Листовая Нержав Без Никеля 2 х/к б/н AISI 430 (08х17) 2B (матовый),"СТАЛЬ ЛИСТОВАЯ НЕРЖАВ БЕЗ НИКЕЛЯ марки х/к б/н AISI 430 (08Х17) 2B (матовый), размер 2",2,163000,т,1,0,0,https://www.kavstal.ru/public/assets/images/products/LISTOVOI_PROKAT/STAL_LISTOVAYA_NERZHAV_BEZ_NIKELYA/img.webp,нержавеющая сталь;сталь листовая нержав без никеля;х/к б/н aisi 430 (08х17) 2b (матовый);2;сталь;листовая;нержав;без;никеля;х/к;б/н;aisi;430;08х17;2b;матовый,х/к б/н AISI 430 (08Х17) 2B (матовый),2,,т
Нержавеющая сталь,СТАЛЬ ЛИСТОВАЯ НЕРЖАВ БЕЗ НИКЕЛЯ,�/к б/н AISI 430 (08Х17) 2B (матовый),Сталь Листовая Нержав Без Никеля 2 �/к б/н AISI 430 (08х17) 2B (матовый),"СТАЛЬ ЛИСТОВАЯ НЕРЖАВ БЕЗ НИКЕЛЯ марки �/к б/н AISI 430 (08Х17) 2B (матовый), размер 2",2,169700,т,https://www.kavstal.ru/public/assets/images/mages/unknown/unknown.png,нержавеющая сталь;сталь листовая нержав без никеля;?/к б/н aisi 430 (08х17) 2b (матовый);2,�/к б/н AISI 430 (08Х17) 2B (матовый),https://www.kavstal.ru/public/assets/images/products/LISTOVOI_PROKAT/STAL_LISTOVAYA_NERZHAV_BEZ_NIKELYA/img.webp,;сталь;листовая;нержав;без;никеля;�/к;б/н;aisi;430;08х17;2b;матовый,т,,,
Нержавеющая сталь,СТАЛЬ ЛИСТОВАЯ НЕРЖАВ БЕЗ НИКЕЛЯ,х/к б/н AISI 430 (08Х17) 2B (матовый),Сталь Листовая Нержав Без Никеля 2 х/к б/н AISI 430 (08х17) 2B (матовый),"СТАЛЬ ЛИСТОВАЯ НЕРЖАВ БЕЗ НИКЕЛЯ марки х/к б/н AISI 430 (08Х17) 2B (матовый), размер 2",2,177000,т,1,0,0,https://www.kavstal.ru/public/assets/images/products/LISTOVOI_PROKAT/STAL_LISTOVAYA_NERZHAV_BEZ_NIKELYA/img.webp,нержавеющая сталь;сталь листовая нержав без никеля;х/к б/н aisi 430 (08х17) 2b (матовый);2;сталь;листовая;нержав;без;никеля;х/к;б/н;aisi;430;08х17;2b;матовый,х/к б/н AISI 430 (08Х17) 2B (матовый),2,,т
Нержавеющая сталь,СТАЛЬ ЛИСТОВАЯ НЕРЖАВ БЕЗ НИКЕЛЯ,х/к б/н AISI 430 (08Х17) 2B (матовый),Сталь Листовая Нержав Без Никеля 2.5 х/к б/н AISI 430 (08х17) 2B (матовый),"СТАЛЬ ЛИСТОВАЯ НЕРЖАВ БЕЗ НИКЕЛЯ марки х/к б/н AISI 430 (08Х17) 2B (матовый), размер 2.5",2.5,153870,т,1,0,0,https://www.kavstal.ru/public/assets/images/products/LISTOVOI_PROKAT/STAL_LISTOVAYA_NERZHAV_BEZ_NIKELYA/img.webp,нержавеющая сталь;сталь листовая нержав без никеля;х/к б/н aisi 430 (08х17) 2b (матовый);2;5;сталь;листовая;нержав;без;никеля;2.5;х/к;б/н;aisi;430;08х17;2b;матовый,х/к б/н AISI 430 (08Х17) 2B (матовый),2.5,,т
Нержавеющая сталь,СТАЛЬ ЛИСТОВАЯ НЕРЖАВ БЕЗ НИКЕЛЯ,х/к б/н AISI 430 (08Х17) 2B (матовый),Сталь Листовая Нержав Без Никеля 2.5 х/к б/н AISI 430 (08х17) 2B (матовый),"СТАЛЬ ЛИСТОВАЯ НЕРЖАВ БЕЗ НИКЕЛЯ марки х/к б/н AISI 430 (08Х17) 2B (матовый), размер 2.5",2.5,166000,т,1,0,0,https://www.kavstal.ru/public/assets/images/products/LISTOVOI_PROKAT/STAL_LISTOVAYA_NERZHAV_BEZ_NIKELYA/img.webp,нержавеющая сталь;сталь листовая нержав без никеля;х/к б/н aisi 430 (08х17) 2b (матовый);2;5;сталь;листовая;нержав;без;никеля;2.5;х/к;б/н;aisi;430;08х17;2b;матовый,х/к б/н AISI 430 (08Х17) 2B (матовый),2.5,,т
Нержавеющая сталь,СТАЛЬ ЛИСТОВАЯ НЕРЖАВ БЕЗ НИКЕЛЯ,х/к б/н AISI 430 (08Х17) 2B (матовый),Сталь Листовая Нержав Без Никеля 2.5 х/к б/н AISI 430 (08х17) 2B (матовый),"СТАЛЬ ЛИСТОВАЯ НЕРЖАВ БЕЗ НИКЕЛЯ марки х/к б/н AISI 430 (08Х17) 2B (матовый), размер 2.5",2.5,167890,т,1,0,0,https://www.kavstal.ru/public/assets/images/products/LISTOVOI_PROKAT/STAL_LISTOVAYA_NERZHAV_BEZ_NIKELYA/img.webp,нержавеющая сталь;сталь листовая нержав без никеля;х/к б/н aisi 430 (08х17) 2b (матовый);2;5;сталь;листовая;нержав;без;никеля;2.5;х/к;б/н;aisi;430;08х17;2b;матовый,х/к б/н AISI 430 (08Х17) 2B (матовый),2.5,,т
Нержавеющая сталь,СТАЛЬ ЛИСТОВАЯ НЕРЖАВ БЕЗ НИКЕЛЯ,х/к б/н AISI 430 (08Х17) 2B (матовый),Сталь Листовая Нержав Без Никеля 3 х/к б/н AISI 430 (08х17) 2B (матовый),"СТАЛЬ ЛИСТОВАЯ НЕРЖАВ БЕЗ НИКЕЛЯ марки х/к б/н AISI 430 (08Х17) 2B (матовый), размер 3",3,153870,т,1,0,0,https://www.kavstal.ru/public/assets/images/products/LISTOVOI_PROKAT/STAL_LISTOVAYA_NERZHAV_BEZ_NIKELYA/img.webp,нержавеющая сталь;сталь листовая нержав без никеля;х/к б/н aisi 430 (08х17) 2b (матовый);3;сталь;листовая;нержав;без;никеля;х/к;б/н;aisi;430;08х17;2b;матовый,х/к б/н AISI 430 (08Х17) 2B (матовый),3,,т
Нержавеющая сталь,СТАЛЬ ЛИСТОВАЯ НЕРЖАВ БЕЗ НИКЕЛЯ,х/к б/н AISI 430 (08Х17) 2B (матовый),Сталь Листовая Нержав Без Никеля 3 х/к б/н AISI 430 (08х17) 2B (матовый),"СТАЛЬ ЛИСТОВАЯ НЕРЖАВ БЕЗ НИКЕЛЯ марки х/к б/н AISI 430 (08Х17) 2B (матовый), размер 3",3,160000,т,1,0,0,https://www.kavstal.ru/public/assets/images/products/LISTOVOI_PROKAT/STAL_LISTOVAYA_NERZHAV_BEZ_NIKELYA/img.webp,нержавеющая сталь;сталь листовая нержав без никеля;х/к б/н aisi 430 (08х17) 2b (матовый);3;сталь;листовая;нержав;без;никеля;х/к;б/н;aisi;430;08х17;2b;матовый,х/к б/н AISI 430 (08Х17) 2B (матовый),3,,т
Нержавеющая сталь,СТАЛЬ ЛИСТОВАЯ НЕРЖАВ БЕЗ НИКЕЛЯ,х/к б/н AISI 430 (08Х17) 2B (матовый),Сталь Листовая Нержав Без Никеля 3 х/к б/н AISI 430 (08х17) 2B (матовый),"СТАЛЬ ЛИСТОВАЯ НЕРЖАВ БЕЗ НИКЕЛЯ марки х/к б/н AISI 430 (08Х17) 2B (матовый), размер 3",3,167000,т,1,0,0,https://www.kavstal.ru/public/assets/images/products/LISTOVOI_PROKAT/STAL_LISTOVAYA_NERZHAV_BEZ_NIKELYA/img.webp,нержавеющая сталь;сталь листовая нержав без никеля;х/к б/н aisi 430 (08х17) 2b (матовый);3;сталь;листовая;нержав;без;никеля;х/к;б/н;aisi;430;08х17;2b;матовый,х/к б/н AISI 430 (08Х17) 2B (матовый),3,,т
Нержавеющая сталь,СТАЛЬ ЛИСТОВАЯ НЕРЖАВ БЕЗ НИКЕЛЯ,х/к б/н AISI 430 (08Х17) 2B+PE (матовый),Сталь Листовая Нержав Без Никеля 0.5 х/к б/н AISI 430 (08х17) 2b+pe (матовый),"СТАЛЬ ЛИСТОВАЯ НЕРЖАВ БЕЗ НИКЕЛЯ марки х/к б/н AISI 430 (08Х17) 2B+PE (матовый), размер 0.5",0.5,179540,т,1,0,0,https://www.kavstal.ru/public/assets/images/products/LISTOVOI_PROKAT/STAL_LISTOVAYA_NERZHAV_BEZ_NIKELYA/img.webp,нержавеющая сталь;сталь листовая нержав без никеля;х/к б/н aisi 430 (08х17) 2b+pe (матовый);5;сталь;листовая;нержав;без;никеля;0.5;х/к;б/н;aisi;430;08х17;2b+pe;матовый,х/к б/н AISI 430 (08Х17) 2B+PE (матовый),0.5,,т
Нержавеющая сталь,СТАЛЬ ЛИСТОВАЯ НЕРЖАВ БЕЗ НИКЕЛЯ,х/к б/н AISI 430 (08Х17) 2B+PE (матовый),Сталь Листовая Нержав Без Никеля 0.5 х/к б/н AISI 430 (08х17) 2b+pe (матовый),"СТАЛЬ ЛИСТОВАЯ НЕРЖАВ БЕЗ НИКЕЛЯ марки х/к б/н AISI 430 (08Х17) 2B+PE (матовый), размер 0.5",0.5,186500,т,1,0,0,https://www.kavstal.ru/public/assets/images/products/LISTOVOI_PROKAT/STAL_LISTOVAYA_NERZHAV_BEZ_NIKELYA/img.webp,нержавеющая сталь;сталь листовая нержав без никеля;х/к б/н aisi 430 (08х17) 2b+pe (матовый);5;сталь;листовая;нержав;без;никеля;0.5;х/к;б/н;aisi;430;08х17;2b+pe;матовый,х/к б/н AISI 430 (08Х17) 2B+PE (матовый),0.5,,т
Нержавеющая сталь,СТАЛЬ ЛИСТОВАЯ НЕРЖАВ БЕЗ НИКЕЛЯ,х/к б/н AISI 430 (08Х17) 2B+PE (матовый),Сталь Листовая Нержав Без Никеля 1.5 х/к б/н AISI 430 (08х17) 2b+pe (матовый),"СТАЛЬ ЛИСТОВАЯ НЕРЖАВ БЕЗ НИКЕЛЯ марки х/к б/н AISI 430 (08Х17) 2B+PE (матовый), размер 1.5",1.5,160650,т,1,0,0,https://www.kavstal.ru/public/assets/images/products/LISTOVOI_PROKAT/STAL_LISTOVAYA_NERZHAV_BEZ_NIKELYA/img.webp,нержавеющая сталь;сталь листовая нержав без никеля;х/к б/н aisi 430 (08х17) 2b+pe (матовый);1;5;сталь;листовая;нержав;без;никеля;1.5;х/к;б/н;aisi;430;08х17;2b+pe;матовый,х/к б/н AISI 430 (08Х17) 2B+PE (матовый),1.5,,т
Нержавеющая сталь,СТАЛЬ ЛИСТОВАЯ НЕРЖАВ БЕЗ НИКЕЛЯ,х/к б/н AISI 430 (08Х17) 2B+PE (матовый),Сталь Листовая Нержав Без Никеля 1.5 х/к б/н AISI 430 (08х17) 2b+pe (матовый),"СТАЛЬ ЛИСТОВАЯ НЕРЖАВ БЕЗ НИКЕЛЯ марки х/к б/н AISI 430 (08Х17) 2B+PE (матовый), размер 1.5",1.5,168570,т,1,0,0,https://www.kavstal.ru/public/assets/images/products/LISTOVOI_PROKAT/STAL_LISTOVAYA_NERZHAV_BEZ_NIKELYA/img.webp,нержавеющая сталь;сталь листовая нержав без никеля;х/к б/н aisi 430 (08х17) 2b+pe (матовый);1;5;сталь;листовая;нержав;без;никеля;1.5;х/к;б/н;aisi;430;08х17;2b+pe;матовый,х/к б/н AISI 430 (08Х17) 2B+PE (матовый),1.5,,т
Нержавеющая сталь,СТАЛЬ ЛИСТОВАЯ НЕРЖАВ БЕЗ НИКЕЛЯ,х/к б/н AISI 430 (08Х17) 2B+PE (матовый),Сталь Листовая Нержав Без Никеля 2 х/к б/н AISI 430 (08х17) 2b+pe (матовый),"СТАЛЬ ЛИСТОВАЯ НЕРЖАВ БЕЗ НИКЕЛЯ марки х/к б/н AISI 430 (08Х17) 2B+PE (матовый), размер 2",2,166000,т,1,0,0,https://www.kavstal.ru/public/assets/images/products/LISTOVOI_PROKAT/STAL_LISTOVAYA_NERZHAV_BEZ_NIKELYA/img.webp,нержавеющая сталь;сталь листовая нержав без никеля;х/к б/н aisi 430 (08х17) 2b+pe (матовый);2;сталь;листовая;нержав;без;никеля;х/к;б/н;aisi;430;08х17;2b+pe;матовый,х/к б/н AISI 430 (08Х17) 2B+PE (матовый),2,,т
Нержавеющая сталь,СТАЛЬ ЛИСТОВАЯ НЕРЖАВ БЕЗ НИКЕЛЯ,х/к б/н AISI 430 (08Х17) 2B+PE (матовый),Сталь Листовая Нержав Без Никеля 2 х/к б/н AISI 430 (08х17) 2b+pe (матовый),"СТАЛЬ ЛИСТОВАЯ НЕРЖАВ БЕЗ НИКЕЛЯ марки х/к б/н AISI 430 (08Х17) 2B+PE (матовый), размер 2",2,170840,т,1,0,0,https://www.kavstal.ru/public/assets/images/products/LISTOVOI_PROKAT/STAL_LISTOVAYA_NERZHAV_BEZ_NIKELYA/img.webp,нержавеющая сталь;сталь листовая нержав без никеля;х/к б/н aisi 430 (08х17) 2b+pe (матовый);2;сталь;листовая;нержав;без;никеля;х/к;б/н;aisi;430;08х17;2b+pe;матовый,х/к б/н AISI 430 (08Х17) 2B+PE (матовый),2,,т
Нержавеющая сталь,СТАЛЬ ЛИСТОВАЯ НЕРЖАВ БЕЗ НИКЕЛЯ,х/к б/н AISI 430 (08Х17) 2B+PE (матовый),Сталь Листовая Нержав Без Никеля 2.5 х/к б/н AISI 430 (08х17) 2b+pe (матовый),"СТАЛЬ ЛИСТОВАЯ НЕРЖАВ БЕЗ НИКЕЛЯ марки х/к б/н AISI 430 (08Х17) 2B+PE (матовый), размер 2.5",2.5,176470,т,1,0,0,https://www.kavstal.ru/public/assets/images/products/LISTOVOI_PROKAT/STAL_LISTOVAYA_NERZHAV_BEZ_NIKELYA/img.webp,нержавеющая сталь;сталь листовая нержав без никеля;х/к б/н aisi 430 (08х17) 2b+pe (матовый);2;5;сталь;листовая;нержав;без;никеля;2.5;х/к;б/н;aisi;430;08х17;2b+pe;матовый,х/к б/н AISI 430 (08Х17) 2B+PE (матовый),2.5,,т
Нержавеющая сталь,СТАЛЬ ЛИСТОВАЯ НЕРЖАВ БЕЗ НИКЕЛЯ,х/к б/н AISI 430 (08Х17) 2B+PI,Сталь Листовая Нержав Без Никеля 0.5 х/к б/н AISI 430 (08х17) 2b+pi,"СТАЛЬ ЛИСТОВАЯ НЕРЖАВ БЕЗ НИКЕЛЯ марки х/к б/н AISI 430 (08Х17) 2B+PI, размер 0.5",0.5,194160,т,1,0,0,https://www.kavstal.ru/public/assets/images/products/LISTOVOI_PROKAT/STAL_LISTOVAYA_NERZHAV_BEZ_NIKELYA/img.webp,нержавеющая сталь;сталь листовая нержав без никеля;х/к б/н aisi 430 (08х17) 2b+pi;5;сталь;листовая;нержав;без;никеля;0.5;х/к;б/н;aisi;430;08х17;2b+pi,х/к б/н AISI 430 (08Х17) 2B+PI,0.5,,т
Нержавеющая сталь,СТАЛЬ ЛИСТОВАЯ НЕРЖАВ БЕЗ НИКЕЛЯ,х/к б/н AISI 430 (08Х17) 4N (шлиф.),Сталь Листовая Нержав Без Никеля 0.8 х/к б/н AISI 430 (08х17) 4n (шлиф.),"СТАЛЬ ЛИСТОВАЯ НЕРЖАВ БЕЗ НИКЕЛЯ марки х/к б/н AISI 430 (08Х17) 4N (шлиф.), размер 0.8",0.8,167440,т,1,0,0,https://www.kavstal.ru/public/assets/images/products/LISTOVOI_PROKAT/STAL_LISTOVAYA_NERZHAV_BEZ_NIKELYA/img.webp,нержавеющая сталь;сталь листовая нержав без никеля;х/к б/н aisi 430 (08х17) 4n (шлиф.);8;сталь;листовая;нержав;без;никеля;0.8;х/к;б/н;aisi;430;08х17;4n;шлиф,х/к б/н AISI 430 (08Х17) 4N (шлиф.),0.8,,т
Нержавеющая сталь,СТАЛЬ ЛИСТОВАЯ НЕРЖАВ БЕЗ НИКЕЛЯ,х/к б/н AISI 430 (08Х17) 4N (шлиф.),Сталь Листовая Нержав Без Никеля 0.8 х/к б/н AISI 430 (08х17) 4n (шлиф.),"СТАЛЬ ЛИСТОВАЯ НЕРЖАВ БЕЗ НИКЕЛЯ марки х/к б/н AISI 430 (08Х17) 4N (шлиф.), размер 0.8",0.8,179880,т,1,0,0,https://www.kavstal.ru/public/assets/images/products/LISTOVOI_PROKAT/STAL_LISTOVAYA_NERZHAV_BEZ_NIKELYA/img.webp,нержавеющая сталь;сталь листовая нержав без никеля;х/к б/н aisi 430 (08х17) 4n (шлиф.);8;сталь;листовая;нержав;без;никеля;0.8;х/к;б/н;aisi;430;08х17;4n;шлиф,х/к б/н AISI 430 (08Х17) 4N (шлиф.),0.8,,т
Нержавеющая сталь,СТАЛЬ ЛИСТОВАЯ НЕРЖАВ БЕЗ НИКЕЛЯ,х/к б/н AISI 430 (08Х17) 4N (шлиф.),Сталь Листовая Нержав Без Никеля 1 х/к б/н AISI 430 (08х17) 4n (шлиф.),"СТАЛЬ ЛИСТОВАЯ НЕРЖАВ БЕЗ НИКЕЛЯ марки х/к б/н AISI 430 (08Х17) 4N (шлиф.), размер 1",1,168570,т,1,0,0,https://www.kavstal.ru/public/assets/images/products/LISTOVOI_PROKAT/STAL_LISTOVAYA_NERZHAV_BEZ_NIKELYA/img.webp,нержавеющая сталь;сталь листовая нержав без никеля;х/к б/н aisi 430 (08х17) 4n (шлиф.);1;сталь;листовая;нержав;без;никеля;х/к;б/н;aisi;430;08х17;4n;шлиф,х/к б/н AISI 430 (08Х17) 4N (шлиф.),1,,т
Нержавеющая сталь,СТАЛЬ ЛИСТОВАЯ НЕРЖАВ БЕЗ НИКЕЛЯ,х/к б/н AISI 430 (08Х17) 4N (шлиф.),Сталь Листовая Нержав Без Никеля 1 х/к б/н AISI 430 (08х17) 4n (шлиф.),"СТАЛЬ ЛИСТОВАЯ НЕРЖАВ БЕЗ НИКЕЛЯ марки х/к б/н AISI 430 (08Х17) 4N (шлиф.), размер 1",1,172530,т,1,0,0,https://www.kavstal.ru/public/assets/images/products/LISTOVOI_PROKAT/STAL_LISTOVAYA_NERZHAV_BEZ_NIKELYA/img.webp,нержавеющая сталь;сталь листовая нержав без никеля;х/к б/н aisi 430 (08х17) 4n (шлиф.);1;сталь;листовая;нержав;без;никеля;х/к;б/н;aisi;430;08х17;4n;шлиф,х/к б/н AISI 430 (08Х17) 4N (шлиф.),1,,т
Нержавеющая сталь,СТАЛЬ ЛИСТОВАЯ НЕРЖАВ БЕЗ НИКЕЛЯ,х/к б/н AISI 430 (08Х17) 4N+LPE (шлиф.),Сталь Листовая Нержав Без Никеля 0.5 х/к б/н AISI 430 (08х17) 4n+lpe (шлиф.),"СТАЛЬ ЛИСТОВАЯ НЕРЖАВ БЕЗ НИКЕЛЯ марки х/к б/н AISI 430 (08Х17) 4N+LPE (шлиф.), размер 0.5",0.5,186480,т,1,0,0,https://www.kavstal.ru/public/assets/images/products/LISTOVOI_PROKAT/STAL_LISTOVAYA_NERZHAV_BEZ_NIKELYA/img.webp,нержавеющая сталь;сталь листовая нержав без никеля;х/к б/н aisi 430 (08х17) 4n+lpe (шлиф.);5;сталь;листовая;нержав;без;никеля;0.5;х/к;б/н;aisi;430;08х17;4n+lpe;шлиф,х/к б/н AISI 430 (08Х17) 4N+LPE (шлиф.),0.5,,т
Нержавеющая сталь,СТАЛЬ ЛИСТОВАЯ НЕРЖАВ БЕЗ НИКЕЛЯ,х/к б/н AISI 430 (08Х17) 4N+PE (шлиф.),Сталь Листовая Нержав Без Никеля 0.5 х/к б/н AISI 430 (08х17) 4n+pe (шлиф.),"СТАЛЬ ЛИСТОВАЯ НЕРЖАВ БЕЗ НИКЕЛЯ марки х/к б/н AISI 430 (08Х17) 4N+PE (шлиф.), размер 0.5",0.5,175750,т,1,0,0,https://www.kavstal.ru/public/assets/images/products/LISTOVOI_PROKAT/STAL_LISTOVAYA_NERZHAV_BEZ_NIKELYA/img.webp,нержавеющая сталь;сталь листовая нержав без никеля;х/к б/н aisi 430 (08х17) 4n+pe (шлиф.);5;сталь;листовая;нержав;без;никеля;0.5;х/к;б/н;aisi;430;08х17;4n+pe;шлиф,х/к б/н AISI 430 (08Х17) 4N+PE (шлиф.),0.5,,т
Нержавеющая сталь,СТАЛЬ ЛИСТОВАЯ НЕРЖАВ БЕЗ НИКЕЛЯ,х/к б/н AISI 430 (08Х17) 4N+PE (шлиф.),Сталь Листовая Нержав Без Никеля 0.5 х/к б/н AISI 430 (08х17) 4n+pe (шлиф.),"СТАЛЬ ЛИСТОВАЯ НЕРЖАВ БЕЗ НИКЕЛЯ марки х/к б/н AISI 430 (08Х17) 4N+PE (шлиф.), размер 0.5",0.5,187900,т,1,0,0,https://www.kavstal.ru/public/assets/images/products/LISTOVOI_PROKAT/STAL_LISTOVAYA_NERZHAV_BEZ_NIKELYA/img.webp,нержавеющая сталь;сталь листовая нержав без никеля;х/к б/н aisi 430 (08х17) 4n+pe (шлиф.);5;сталь;листовая;нержав;без;никеля;0.5;х/к;б/н;aisi;430;08х17;4n+pe;шлиф,х/к б/н AISI 430 (08Х17) 4N+PE (шлиф.),0.5,,т
Нержавеющая сталь,СТАЛЬ ЛИСТОВАЯ НЕРЖАВ БЕЗ НИКЕЛЯ,х/к б/н AISI 430 (08Х17) 4N+PE (шлиф.),Сталь Листовая Нержав Без Никеля 0.5 х/к б/н AISI 430 (08х17) 4n+pe (шлиф.),"СТАЛЬ ЛИСТОВАЯ НЕРЖАВ БЕЗ НИКЕЛЯ марки х/к б/н AISI 430 (08Х17) 4N+PE (шлиф.), размер 0.5 ; 0.6; 0.6",0.5,190070,т,1,0,0,https://www.kavstal.ru/public/assets/images/products/LISTOVOI_PROKAT/STAL_LISTOVAYA_NERZHAV_BEZ_NIKELYA/img.webp,нержавеющая сталь;сталь листовая нержав без никеля;х/к б/н aisi 430 (08х17) 4n+pe (шлиф.);5;6;сталь;листовая;нержав;без;никеля;0.5;х/к;б/н;aisi;430;08х17;4n+pe;шлиф,х/к б/н AISI 430 (08Х17) 4N+PE (шлиф.),0.5 ; 0.6; 0.6,,т
Нержавеющая сталь,СТАЛЬ ЛИСТОВАЯ НЕРЖАВ БЕЗ НИКЕЛЯ,х/к б/н AISI 430 (08Х17) 4N+PE (шлиф.),Сталь Листовая Нержав Без Никеля 0.7 х/к б/н AISI 430 (08х17) 4n+pe (шлиф.),"СТАЛЬ ЛИСТОВАЯ НЕРЖАВ БЕЗ НИКЕЛЯ марки х/к б/н AISI 430 (08Х17) 4N+PE (шлиф.), размер 0.7",0.7,174230,т,1,0,0,https://www.kavstal.ru/public/assets/images/products/LISTOVOI_PROKAT/STAL_LISTOVAYA_NERZHAV_BEZ_NIKELYA/img.webp,нержавеющая сталь;сталь листовая нержав без никеля;х/к б/н aisi 430 (08х17) 4n+pe (шлиф.);7;сталь;листовая;нержав;без;никеля;0.7;х/к;б/н;aisi;430;08х17;4n+pe;шлиф,х/к б/н AISI 430 (08Х17) 4N+PE (шлиф.),0.7,,т
Нержавеющая сталь,СТАЛЬ ЛИСТОВАЯ НЕРЖАВ БЕЗ НИКЕЛЯ,х/к б/н AISI 430 (08Х17) 4N+PE (шлиф.),Сталь Листовая Нержав Без Никеля 0.7 х/к б/н AISI 430 (08х17) 4n+pe (шлиф.),"СТАЛЬ ЛИСТОВАЯ НЕРЖАВ БЕЗ НИКЕЛЯ марки х/к б/н AISI 430 (08Х17) 4N+PE (шлиф.), размер 0.7",0.7,177940,т,1,0,0,https://www.kavstal.ru/public/assets/images/products/LISTOVOI_PROKAT/STAL_LISTOVAYA_NERZHAV_BEZ_NIKELYA/img.webp,нержавеющая сталь;сталь листовая нержав без никеля;х/к б/н aisi 430 (08х17) 4n+pe (шлиф.);7;сталь;листовая;нержав;без;никеля;0.7;х/к;б/н;aisi;430;08х17;4n+pe;шлиф,х/к б/н AISI 430 (08Х17) 4N+PE (шлиф.),0.7,,т
Нержавеющая сталь,СТАЛЬ ЛИСТОВАЯ НЕРЖАВ БЕЗ НИКЕЛЯ,х/к б/н AISI 430 (08Х17) 4N+PE (шлиф.),Сталь Листовая Нержав Без Никеля 0.8 х/к б/н AISI 430 (08х17) 4n+pe (шлиф.),"СТАЛЬ ЛИСТОВАЯ НЕРЖАВ БЕЗ НИКЕЛЯ марки х/к б/н AISI 430 (08Х17) 4N+PE (шлиф.), размер 0.8",0.8,179880,т,1,0,0,https://www.kavstal.ru/public/assets/images/products/LISTOVOI_PROKAT/STAL_LISTOVAYA_NERZHAV_BEZ_NIKELYA/img.webp,нержавеющая сталь;сталь листовая нержав без никеля;х/к б/н aisi 430 (08х17) 4n+pe (шлиф.);8;сталь;листовая;нержав;без;никеля;0.8;х/к;б/н;aisi;430;08х17;4n+pe;шлиф,х/к б/н AISI 430 (08Х17) 4N+PE (шлиф.),0.8,,т
Нержавеющая сталь,СТАЛЬ ЛИСТОВАЯ НЕРЖАВ БЕЗ НИКЕЛЯ,х/к б/н AISI 430 (08Х17) 4N+PE (шлиф.),Сталь Листовая Нержав Без Никеля 0.8 х/к б/н AISI 430 (08х17) 4n+pe (шлиф.),"СТАЛЬ ЛИСТОВАЯ НЕРЖАВ БЕЗ НИКЕЛЯ марки х/к б/н AISI 430 (08Х17) 4N+PE (шлиф.), размер 0.8",0.8,180800,т,1,0,0,https://www.kavstal.ru/public/assets/images/products/LISTOVOI_PROKAT/STAL_LISTOVAYA_NERZHAV_BEZ_NIKELYA/img.webp,нержавеющая сталь;сталь листовая нержав без никеля;х/к б/н aisi 430 (08х17) 4n+pe (шлиф.);8;сталь;листовая;нержав;без;никеля;0.8;х/к;б/н;aisi;430;08х17;4n+pe;шлиф,х/к б/н AISI 430 (08Х17) 4N+PE (шлиф.),0.8,,т
Нержавеющая сталь,СТАЛЬ ЛИСТОВАЯ НЕРЖАВ БЕЗ НИКЕЛЯ,х/к б/н AISI 430 (08Х17) 4N+PE (шлиф.),Сталь Листовая Нержав Без Никеля 0.8 х/к б/н AISI 430 (08х17) 4n+pe (шлиф.),"СТАЛЬ ЛИСТОВАЯ НЕРЖАВ БЕЗ НИКЕЛЯ марки х/к б/н AISI 430 (08Х17) 4N+PE (шлиф.), размер 0.8",0.8,182000,т,1,0,0,https://www.kavstal.ru/public/assets/images/products/LISTOVOI_PROKAT/STAL_LISTOVAYA_NERZHAV_BEZ_NIKELYA/img.webp,нержавеющая сталь;сталь листовая нержав без никеля;х/к б/н aisi 430 (08х17) 4n+pe (шлиф.);8;сталь;листовая;нержав;без;никеля;0.8;х/к;б/н;aisi;430;08х17;4n+pe;шлиф,х/к б/н AISI 430 (08Х17) 4N+PE (шлиф.),0.8,,т
Нержавеющая сталь,СТАЛЬ ЛИСТОВАЯ НЕРЖАВ БЕЗ НИКЕЛЯ,х/к б/н AISI 430 (08Х17) 4N+PE (шлиф.),Сталь Листовая Нержав Без Никеля 1 х/к б/н AISI 430 (08х17) 4n+pe (шлиф.),"СТАЛЬ ЛИСТОВАЯ НЕРЖАВ БЕЗ НИКЕЛЯ марки х/к б/н AISI 430 (08Х17) 4N+PE (шлиф.), размер 1",1,174070,т,1,0,0,https://www.kavstal.ru/public/assets/images/products/LISTOVOI_PROKAT/STAL_LISTOVAYA_NERZHAV_BEZ_NIKELYA/img.webp,нержавеющая сталь;сталь листовая нержав без никеля;х/к б/н aisi 430 (08х17) 4n+pe (шлиф.);1;сталь;листовая;нержав;без;никеля;х/к;б/н;aisi;430;08х17;4n+pe;шлиф,х/к б/н AISI 430 (08Х17) 4N+PE (шлиф.),1,,т
Нержавеющая сталь,СТАЛЬ ЛИСТОВАЯ НЕРЖАВ БЕЗ НИКЕЛЯ,х/к б/н AISI 430 (08Х17) 4N+PE (шлиф.),Сталь Листовая Нержав Без Никеля 1 х/к б/н AISI 430 (08х17) 4n+pe (шлиф.),"СТАЛЬ ЛИСТОВАЯ НЕРЖАВ БЕЗ НИКЕЛЯ марки х/к б/н AISI 430 (08Х17) 4N+PE (шлиф.), размер 1",1,176000,т,1,0,0,https://www.kavstal.ru/public/assets/images/products/LISTOVOI_PROKAT/STAL_LISTOVAYA_NERZHAV_BEZ_NIKELYA/img.webp,нержавеющая сталь;сталь листовая нержав без никеля;х/к б/н aisi 430 (08х17) 4n+pe (шлиф.);1;сталь;листовая;нержав;без;никеля;х/к;б/н;aisi;430;08х17;4n+pe;шлиф,х/к б/н AISI 430 (08Х17) 4N+PE (шлиф.),1,,т
Нержавеющая сталь,СТАЛЬ ЛИСТОВАЯ НЕРЖАВ БЕЗ НИКЕЛЯ,х/к б/н AISI 430 (08Х17) 4N+PE (шлиф.),Сталь Листовая Нержав Без Никеля 1 х/к б/н AISI 430 (08х17) 4n+pe (шлиф.),"СТАЛЬ ЛИСТОВАЯ НЕРЖАВ БЕЗ НИКЕЛЯ марки х/к б/н AISI 430 (08Х17) 4N+PE (шлиф.), размер 1",1,178760,т,1,0,0,https://www.kavstal.ru/public/assets/images/products/LISTOVOI_PROKAT/STAL_LISTOVAYA_NERZHAV_BEZ_NIKELYA/img.webp,нержавеющая сталь;сталь листовая нержав без никеля;х/к б/н aisi 430 (08х17) 4n+pe (шлиф.);1;сталь;листовая;нержав;без;никеля;х/к;б/н;aisi;430;08х17;4n+pe;шлиф,х/к б/н AISI 430 (08Х17) 4N+PE (шлиф.),1,,т
Нержавеющая сталь,СТАЛЬ ЛИСТОВАЯ НЕРЖАВ БЕЗ НИКЕЛЯ,х/к б/н AISI 430 (08Х17) 4N+PE (шлиф.),Сталь Листовая Нержав Без Никеля 1.2 х/к б/н AISI 430 (08х17) 4n+pe (шлиф.),"СТАЛЬ ЛИСТОВАЯ НЕРЖАВ БЕЗ НИКЕЛЯ марки х/к б/н AISI 430 (08Х17) 4N+PE (шлиф.), размер 1.2",1.2,162940,т,1,0,0,https://www.kavstal.ru/public/assets/images/products/LISTOVOI_PROKAT/STAL_LISTOVAYA_NERZHAV_BEZ_NIKELYA/img.webp,нержавеющая сталь;сталь листовая нержав без никеля;х/к б/н aisi 430 (08х17) 4n+pe (шлиф.);1;2;сталь;листовая;нержав;без;никеля;1.2;х/к;б/н;aisi;430;08х17;4n+pe;шлиф,х/к б/н AISI 430 (08Х17) 4N+PE (шлиф.),1.2,,т
Нержавеющая сталь,СТАЛЬ ЛИСТОВАЯ НЕРЖАВ БЕЗ НИКЕЛЯ,х/к б/н AISI 430 (08Х17) 4N+PE (шлиф.),Сталь Листовая Нержав Без Никеля 1.2 х/к б/н AISI 430 (08х17) 4n+pe (шлиф.),"СТАЛЬ ЛИСТОВАЯ НЕРЖАВ БЕЗ НИКЕЛЯ марки х/к б/н AISI 430 (08Х17) 4N+PE (шлиф.), размер 1.2",1.2,177140,т,1,0,0,https://www.kavstal.ru/public/assets/images/products/LISTOVOI_PROKAT/STAL_LISTOVAYA_NERZHAV_BEZ_NIKELYA/img.webp,нержавеющая сталь;сталь листовая нержав без никеля;х/к б/н aisi 430 (08х17) 4n+pe (шлиф.);1;2;сталь;листовая;нержав;без;никеля;1.2;х/к;б/н;aisi;430;08х17;4n+pe;шлиф,х/к б/н AISI 430 (08Х17) 4N+PE (шлиф.),1.2,,т
Нержавеющая сталь,СТАЛЬ ЛИСТОВАЯ НЕРЖАВ БЕЗ НИКЕЛЯ,х/к б/н AISI 430 (08Х17) 4N+PE (шлиф.),Сталь Листовая Нержав Без Никеля 1.2 х/к б/н AISI 430 (08х17) 4n+pe (шлиф.),"СТАЛЬ ЛИСТОВАЯ НЕРЖАВ БЕЗ НИКЕЛЯ марки х/к б/н AISI 430 (08Х17) 4N+PE (шлиф.), размер 1.2",1.2,179660,т,1,0,0,https://www.kavstal.ru/public/assets/images/products/LISTOVOI_PROKAT/STAL_LISTOVAYA_NERZHAV_BEZ_NIKELYA/img.webp,нержавеющая сталь;сталь листовая нержав без никеля;х/к б/н aisi 430 (08х17) 4n+pe (шлиф.);1;2;сталь;листовая;нержав;без;никеля;1.2;х/к;б/н;aisi;430;08х17;4n+pe;шлиф,х/к б/н AISI 430 (08Х17) 4N+PE (шлиф.),1.2,,т
Нержавеющая сталь,СТАЛЬ ЛИСТОВАЯ НЕРЖАВ БЕЗ НИКЕЛЯ,х/к б/н AISI 430 (08Х17) 4N+PE (шлиф.),Сталь Листовая Нержав Без Никеля 1.5 х/к б/н AISI 430 (08х17) 4n+pe (шлиф.),"СТАЛЬ ЛИСТОВАЯ НЕРЖАВ БЕЗ НИКЕЛЯ марки х/к б/н AISI 430 (08Х17) 4N+PE (шлиф.), размер 1.5",1.5,178580,т,1,0,0,https://www.kavstal.ru/public/assets/images/products/LISTOVOI_PROKAT/STAL_LISTOVAYA_NERZHAV_BEZ_NIKELYA/img.webp,нержавеющая сталь;сталь листовая нержав без никеля;х/к б/н aisi 430 (08х17) 4n+pe (шлиф.);1;5;сталь;листовая;нержав;без;никеля;1.5;х/к;б/н;aisi;430;08х17;4n+pe;шлиф,х/к б/н AISI 430 (08Х17) 4N+PE (шлиф.),1.5,,т
Нержавеющая сталь,СТАЛЬ ЛИСТОВАЯ НЕРЖАВ БЕЗ НИКЕЛЯ,х/к б/н AISI 430 (08Х17) 4N+PE (шлиф.),Сталь Листовая Нержав Без Никеля 1.5 х/к б/н AISI 430 (08х17) 4n+pe (шлиф.),"СТАЛЬ ЛИСТОВАЯ НЕРЖАВ БЕЗ НИКЕЛЯ марки х/к б/н AISI 430 (08Х17) 4N+PE (шлиф.), размер 1.5",1.5,179000,т,1,0,0,https://www.kavstal.ru/public/assets/images/products/LISTOVOI_PROKAT/STAL_LISTOVAYA_NERZHAV_BEZ_NIKELYA/img.webp,нержавеющая сталь;сталь листовая нержав без никеля;х/к б/н aisi 430 (08х17) 4n+pe (шлиф.);1;5;сталь;листовая;нержав;без;никеля;1.5;х/к;б/н;aisi;430;08х17;4n+pe;шлиф,х/к б/н AISI 430 (08Х17) 4N+PE (шлиф.),1.5,,т
Нержавеющая сталь,СТАЛЬ ЛИСТОВАЯ НЕРЖАВ БЕЗ НИКЕЛЯ,х/к б/н AISI 430 (08Х17) 4N+PE (шлиф.),Сталь Листовая Нержав Без Никеля 1.5 х/к б/н AISI 430 (08х17) 4n+pe (шлиф.),"СТАЛЬ ЛИСТОВАЯ НЕРЖАВ БЕЗ НИКЕЛЯ марки х/к б/н AISI 430 (08Х17) 4N+PE (шлиф.), размер 1.5",1.5,184000,т,1,0,0,https://www.kavstal.ru/public/assets/images/products/LISTOVOI_PROKAT/STAL_LISTOVAYA_NERZHAV_BEZ_NIKELYA/img.webp,нержавеющая сталь;сталь листовая нержав без никеля;х/к б/н aisi 430 (08х17) 4n+pe (шлиф.);1;5;сталь;листовая;нержав;без;никеля;1.5;х/к;б/н;aisi;430;08х17;4n+pe;шлиф,х/к б/н AISI 430 (08Х17) 4N+PE (шлиф.),1.5,,т
Нержавеющая сталь,СТАЛЬ ЛИСТОВАЯ НЕРЖАВ БЕЗ НИКЕЛЯ,х/к б/н AISI 430 (08Х17) 4N+PE (шлиф.),Сталь Листовая Нержав Без Никеля 2 х/к б/н AISI 430 (08х17) 4n+pe (шлиф.),"СТАЛЬ ЛИСТОВАЯ НЕРЖАВ БЕЗ НИКЕЛЯ марки х/к б/н AISI 430 (08Х17) 4N+PE (шлиф.), размер 2",2,174230,т,1,0,0,https://www.kavstal.ru/public/assets/images/products/LISTOVOI_PROKAT/STAL_LISTOVAYA_NERZHAV_BEZ_NIKELYA/img.webp,нержавеющая сталь;сталь листовая нержав без никеля;х/к б/н aisi 430 (08х17) 4n+pe (шлиф.);2;сталь;листовая;нержав;без;никеля;х/к;б/н;aisi;430;08х17;4n+pe;шлиф,х/к б/н AISI 430 (08Х17) 4N+PE (шлиф.),2,,т
Нержавеющая сталь,СТАЛЬ ЛИСТОВАЯ НЕРЖАВ БЕЗ НИКЕЛЯ,х/к б/н AISI 430 (08Х17) 4N+PE (шлиф.),Сталь Листовая Нержав Без Никеля 2 х/к б/н AISI 430 (08х17) 4n+pe (шлиф.),"СТАЛЬ ЛИСТОВАЯ НЕРЖАВ БЕЗ НИКЕЛЯ марки х/к б/н AISI 430 (08Х17) 4N+PE (шлиф.), размер 2",2,187460,т,1,0,0,https://www.kavstal.ru/public/assets/images/products/LISTOVOI_PROKAT/STAL_LISTOVAYA_NERZHAV_BEZ_NIKELYA/img.webp,нержавеющая сталь;сталь листовая нержав без никеля;х/к б/н aisi 430 (08х17) 4n+pe (шлиф.);2;сталь;листовая;нержав;без;никеля;х/к;б/н;aisi;430;08х17;4n+pe;шлиф,х/к б/н AISI 430 (08Х17) 4N+PE (шлиф.),2,,т
Нержавеющая сталь,СТАЛЬ ЛИСТОВАЯ НЕРЖАВ БЕЗ НИКЕЛЯ,х/к б/н AISI 430 (08Х17) 4N+PE (шлиф.),Сталь Листовая Нержав Без Никеля 2 х/к б/н AISI 430 (08х17) 4n+pe (шлиф.),"СТАЛЬ ЛИСТОВАЯ НЕРЖАВ БЕЗ НИКЕЛЯ марки х/к б/н AISI 430 (08Х17) 4N+PE (шлиф.), размер 2",2,191200,т,1,0,0,https://www.kavstal.ru/public/assets/images/products/LISTOVOI_PROKAT/STAL_LISTOVAYA_NERZHAV_BEZ_NIKELYA/img.webp,нержавеющая сталь;сталь листовая нержав без никеля;х/к б/н aisi 430 (08х17) 4n+pe (шлиф.);2;сталь;листовая;нержав;без;никеля;х/к;б/н;aisi;430;08х17;4n+pe;шлиф,х/к б/н AISI 430 (08Х17) 4N+PE (шлиф.),2,,т
Нержавеющая сталь,СТАЛЬ ЛИСТОВАЯ НЕРЖАВ БЕЗ НИКЕЛЯ,х/к б/н AISI 430 (08Х17) 4N+PE (шлиф.),Сталь Листовая Нержав Без Никеля 2.5 х/к б/н AISI 430 (08х17) 4n+pe (шлиф.),"СТАЛЬ ЛИСТОВАЯ НЕРЖАВ БЕЗ НИКЕЛЯ марки х/к б/н AISI 430 (08Х17) 4N+PE (шлиф.), размер 2.5",2.5,159530,т,1,0,0,https://www.kavstal.ru/public/assets/images/products/LISTOVOI_PROKAT/STAL_LISTOVAYA_NERZHAV_BEZ_NIKELYA/img.webp,нержавеющая сталь;сталь листовая нержав без никеля;х/к б/н aisi 430 (08х17) 4n+pe (шлиф.);2;5;сталь;листовая;нержав;без;никеля;2.5;х/к;б/н;aisi;430;08х17;4n+pe;шлиф,х/к б/н AISI 430 (08Х17) 4N+PE (шлиф.),2.5,,т
Нержавеющая сталь,СТАЛЬ ЛИСТОВАЯ НЕРЖАВ БЕЗ НИКЕЛЯ,х/к б/н AISI 430 (08Х17) 4N+PE (шлиф.),Сталь Листовая Нержав Без Никеля 2.5 х/к б/н AISI 430 (08х17) 4n+pe (шлиф.),"СТАЛЬ ЛИСТОВАЯ НЕРЖАВ БЕЗ НИКЕЛЯ марки х/к б/н AISI 430 (08Х17) 4N+PE (шлиф.), размер 2.5",2.5,169630,т,1,0,0,https://www.kavstal.ru/public/assets/images/products/LISTOVOI_PROKAT/STAL_LISTOVAYA_NERZHAV_BEZ_NIKELYA/img.webp,нержавеющая сталь;сталь листовая нержав без никеля;х/к б/н aisi 430 (08х17) 4n+pe (шлиф.);2;5;сталь;листовая;нержав;без;никеля;2.5;х/к;б/н;aisi;430;08х17;4n+pe;шлиф,х/к б/н AISI 430 (08Х17) 4N+PE (шлиф.),2.5,,т
Нержавеющая сталь,СТАЛЬ ЛИСТОВАЯ НЕРЖАВ БЕЗ НИКЕЛЯ,х/к б/н AISI 430 (08Х17) 4N+PE (шлиф.),Сталь Листовая Нержав Без Никеля 3 х/к б/н AISI 430 (08х17) 4n+pe (шлиф.),"СТАЛЬ ЛИСТОВАЯ НЕРЖАВ БЕЗ НИКЕЛЯ марки х/к б/н AISI 430 (08Х17) 4N+PE (шлиф.), размер 3",3,166300,т,1,0,0,https://www.kavstal.ru/public/assets/images/products/LISTOVOI_PROKAT/STAL_LISTOVAYA_NERZHAV_BEZ_NIKELYA/img.webp,нержавеющая сталь;сталь листовая нержав без никеля;х/к б/н aisi 430 (08х17) 4n+pe (шлиф.);3;сталь;листовая;нержав;без;никеля;х/к;б/н;aisi;430;08х17;4n+pe;шлиф,х/к б/н AISI 430 (08Х17) 4N+PE (шлиф.),3,,т
Нержавеющая сталь,СТАЛЬ ЛИСТОВАЯ НЕРЖАВ БЕЗ НИКЕЛЯ,х/к б/н AISI 430 (08Х17) 4N+PE (шлиф.),Сталь Листовая Нержав Без Никеля 3 х/к б/н AISI 430 (08х17) 4n+pe (шлиф.),"СТАЛЬ ЛИСТОВАЯ НЕРЖАВ БЕЗ НИКЕЛЯ марки х/к б/н AISI 430 (08Х17) 4N+PE (шлиф.), размер 3",3,168570,т,1,0,0,https://www.kavstal.ru/public/assets/images/products/LISTOVOI_PROKAT/STAL_LISTOVAYA_NERZHAV_BEZ_NIKELYA/img.webp,нержавеющая сталь;сталь листовая нержав без никеля;х/к б/н aisi 430 (08х17) 4n+pe (шлиф.);3;сталь;листовая;нержав;без;никеля;х/к;б/н;aisi;430;08х17;4n+pe;шлиф,х/к б/н AISI 430 (08Х17) 4N+PE (шлиф.),3,,т
Нержавеющая сталь,СТАЛЬ ЛИСТОВАЯ НЕРЖАВ БЕЗ НИКЕЛЯ,х/к б/н AISI 430 (08Х17) 4N+PE (шлиф.),Сталь Листовая Нержав Без Никеля 3 х/к б/н AISI 430 (08х17) 4n+pe (шлиф.),"СТАЛЬ ЛИСТОВАЯ НЕРЖАВ БЕЗ НИКЕЛЯ марки х/к б/н AISI 430 (08Х17) 4N+PE (шлиф.), размер 3",3,179000,т,1,0,0,https://www.kavstal.ru/public/assets/images/products/LISTOVOI_PROKAT/STAL_LISTOVAYA_NERZHAV_BEZ_NIKELYA/img.webp,нержавеющая сталь;сталь листовая нержав без никеля;х/к б/н aisi 430 (08х17) 4n+pe (шлиф.);3;сталь;листовая;нержав;без;никеля;х/к;б/н;aisi;430;08х17;4n+pe;шлиф,х/к б/н AISI 430 (08Х17) 4N+PE (шлиф.),3,,т
Нержавеющая сталь,СТАЛЬ ЛИСТОВАЯ НЕРЖАВ БЕЗ НИКЕЛЯ,х/к б/н AISI 430 (08Х17) BA,Сталь Листовая Нержав Без Никеля 1 х/к б/н AISI 430 (08х17) BA,"СТАЛЬ ЛИСТОВАЯ НЕРЖАВ БЕЗ НИКЕЛЯ марки х/к б/н AISI 430 (08Х17) BA, размер 1",1,182290,т,1,0,0,https://www.kavstal.ru/public/assets/images/products/LISTOVOI_PROKAT/STAL_LISTOVAYA_NERZHAV_BEZ_NIKELYA/img.webp,нержавеющая сталь;сталь листовая нержав без никеля;х/к б/н aisi 430 (08х17) ba;1;сталь;листовая;нержав;без;никеля;х/к;б/н;aisi;430;08х17;ba,х/к б/н AISI 430 (08Х17) BA,1,,т
Нержавеющая сталь,СТАЛЬ ЛИСТОВАЯ НЕРЖАВ БЕЗ НИКЕЛЯ,х/к б/н AISI 430 (08Х17) BA+LASER PE (зерк),Сталь Листовая Нержав Без Никеля 1.5 х/к б/н AISI 430 (08х17) Ba+laser Pe (зерк),"СТАЛЬ ЛИСТОВАЯ НЕРЖАВ БЕЗ НИКЕЛЯ марки х/к б/н AISI 430 (08Х17) BA+LASER PE (зерк), размер 1.5",1.5,182160,т,1,0,0,https://www.kavstal.ru/public/assets/images/products/LISTOVOI_PROKAT/STAL_LISTOVAYA_NERZHAV_BEZ_NIKELYA/img.webp,нержавеющая сталь;сталь листовая нержав без никеля;х/к б/н aisi 430 (08х17) ba+laser pe (зерк);1;5;сталь;листовая;нержав;без;никеля;1.5;х/к;б/н;aisi;430;08х17;ba+laser;pe;зерк,х/к б/н AISI 430 (08Х17) BA+LASER PE (зерк),1.5,,т
Нержавеющая сталь,СТАЛЬ ЛИСТОВАЯ НЕРЖАВ БЕЗ НИКЕЛЯ,х/к б/н AISI 430 (08Х17) BA+LPE (зеркальный),Сталь Листовая Нержав Без Никеля 1 х/к б/н AISI 430 (08х17) Ba+lpe (зеркальный),"СТАЛЬ ЛИСТОВАЯ НЕРЖАВ БЕЗ НИКЕЛЯ марки х/к б/н AISI 430 (08Х17) BA+LPE (зеркальный), размер 1",1,188940,т,1,0,0,https://www.kavstal.ru/public/assets/images/products/LISTOVOI_PROKAT/STAL_LISTOVAYA_NERZHAV_BEZ_NIKELYA/img.webp,нержавеющая сталь;сталь листовая нержав без никеля;х/к б/н aisi 430 (08х17) ba+lpe (зеркальный);1;сталь;листовая;нержав;без;никеля;х/к;б/н;aisi;430;08х17;ba+lpe;зеркальный,х/к б/н AISI 430 (08Х17) BA+LPE (зеркальный),1,,т
Нержавеющая сталь,СТАЛЬ ЛИСТОВАЯ НЕРЖАВ БЕЗ НИКЕЛЯ,х/к б/н AISI 430 (08Х17) BA+PE (зеркальный),Сталь Листовая Нержав Без Никеля 0.4 х/к б/н AISI 430 (08х17) Ba+pe (зеркальный),"СТАЛЬ ЛИСТОВАЯ НЕРЖАВ БЕЗ НИКЕЛЯ марки х/к б/н AISI 430 (08Х17) BA+PE (зеркальный), размер 0.4",0.4,192190,т,1,0,0,https://www.kavstal.ru/public/assets/images/products/LISTOVOI_PROKAT/STAL_LISTOVAYA_NERZHAV_BEZ_NIKELYA/img.webp,нержавеющая сталь;сталь листовая нержав без никеля;х/к б/н aisi 430 (08х17) ba+pe (зеркальный);4;сталь;листовая;нержав;без;никеля;0.4;х/к;б/н;aisi;430;08х17;ba+pe;зеркальный,х/к б/н AISI 430 (08Х17) BA+PE (зеркальный),0.4,,т
Нержавеющая сталь,СТАЛЬ ЛИСТОВАЯ НЕРЖАВ БЕЗ НИКЕЛЯ,х/к б/н AISI 430 (08Х17) BA+PE (зеркальный),Сталь Листовая Нержав Без Никеля 0.5 х/к б/н AISI 430 (08х17) Ba+pe (зеркальный),"СТАЛЬ ЛИСТОВАЯ НЕРЖАВ БЕЗ НИКЕЛЯ марки х/к б/н AISI 430 (08Х17) BA+PE (зеркальный), размер 0.5",0.5,185530,т,1,0,0,https://www.kavstal.ru/public/assets/images/products/LISTOVOI_PROKAT/STAL_LISTOVAYA_NERZHAV_BEZ_NIKELYA/img.webp,нержавеющая сталь;сталь листовая нержав без никеля;х/к б/н aisi 430 (08х17) ba+pe (зеркальный);5;сталь;листовая;нержав;без;никеля;0.5;х/к;б/н;aisi;430;08х17;ba+pe;зеркальный,х/к б/н AISI 430 (08Х17) BA+PE (зеркальный),0.5,,т
Нержавеющая сталь,СТАЛЬ ЛИСТОВАЯ НЕРЖАВ БЕЗ НИКЕЛЯ,х/к б/н AISI 430 (08Х17) BA+PE (зеркальный),Сталь Листовая Нержав Без Никеля 0.6 х/к б/н AISI 430 (08х17) Ba+pe (зеркальный),"СТАЛЬ ЛИСТОВАЯ НЕРЖАВ БЕЗ НИКЕЛЯ марки х/к б/н AISI 430 (08Х17) BA+PE (зеркальный), размер 0.6",0.6,188010,т,1,0,0,https://www.kavstal.ru/public/assets/images/products/LISTOVOI_PROKAT/STAL_LISTOVAYA_NERZHAV_BEZ_NIKELYA/img.webp,нержавеющая сталь;сталь листовая нержав без никеля;х/к б/н aisi 430 (08х17) ba+pe (зеркальный);6;сталь;листовая;нержав;без;никеля;0.6;х/к;б/н;aisi;430;08х17;ba+pe;зеркальный,х/к б/н AISI 430 (08Х17) BA+PE (зеркальный),0.6,,т
Нержавеющая сталь,СТАЛЬ ЛИСТОВАЯ НЕРЖАВ БЕЗ НИКЕЛЯ,х/к б/н AISI 430 (08Х17) BA+PE (зеркальный),Сталь Листовая Нержав Без Никеля 0.7 х/к б/н AISI 430 (08х17) Ba+pe (зеркальный),"СТАЛЬ ЛИСТОВАЯ НЕРЖАВ БЕЗ НИКЕЛЯ марки х/к б/н AISI 430 (08Х17) BA+PE (зеркальный), размер 0.7",0.7,171360,т,1,0,0,https://www.kavstal.ru/public/assets/images/products/LISTOVOI_PROKAT/STAL_LISTOVAYA_NERZHAV_BEZ_NIKELYA/img.webp,нержавеющая сталь;сталь листовая нержав без никеля;х/к б/н aisi 430 (08х17) ba+pe (зеркальный);7;сталь;листовая;нержав;без;никеля;0.7;х/к;б/н;aisi;430;08х17;ba+pe;зеркальный,х/к б/н AISI 430 (08Х17) BA+PE (зеркальный),0.7,,т
Нержавеющая сталь,СТАЛЬ ЛИСТОВАЯ НЕРЖАВ БЕЗ НИКЕЛЯ,х/к б/н AISI 430 (08Х17) BA+PE (зеркальный),Сталь Листовая Нержав Без Никеля 0.8 х/к б/н AISI 430 (08х17) Ba+pe (зеркальный),"СТАЛЬ ЛИСТОВАЯ НЕРЖАВ БЕЗ НИКЕЛЯ марки х/к б/н AISI 430 (08Х17) BA+PE (зеркальный), размер 0.8",0.8,173030,т,1,0,0,https://www.kavstal.ru/public/assets/images/products/LISTOVOI_PROKAT/STAL_LISTOVAYA_NERZHAV_BEZ_NIKELYA/img.webp,нержавеющая сталь;сталь листовая нержав без никеля;х/к б/н aisi 430 (08х17) ba+pe (зеркальный);8;сталь;листовая;нержав;без;никеля;0.8;х/к;б/н;aisi;430;08х17;ba+pe;зеркальный,х/к б/н AISI 430 (08Х17) BA+PE (зеркальный),0.8,,т
Нержавеющая сталь,СТАЛЬ ЛИСТОВАЯ НЕРЖАВ БЕЗ НИКЕЛЯ,х/к б/н AISI 430 (08Х17) BA+PE (зеркальный),Сталь Листовая Нержав Без Никеля 0.8 х/к б/н AISI 430 (08х17) Ba+pe (зеркальный),"СТАЛЬ ЛИСТОВАЯ НЕРЖАВ БЕЗ НИКЕЛЯ марки х/к б/н AISI 430 (08Х17) BA+PE (зеркальный), размер 0.8",0.8,173810,т,1,0,0,https://www.kavstal.ru/public/assets/images/products/LISTOVOI_PROKAT/STAL_LISTOVAYA_NERZHAV_BEZ_NIKELYA/img.webp,нержавеющая сталь;сталь листовая нержав без никеля;х/к б/н aisi 430 (08х17) ba+pe (зеркальный);8;сталь;листовая;нержав;без;никеля;0.8;х/к;б/н;aisi;430;08х17;ba+pe;зеркальный,х/к б/н AISI 430 (08Х17) BA+PE (зеркальный),0.8,,т
Нержавеющая сталь,СТАЛЬ ЛИСТОВАЯ НЕРЖАВ БЕЗ НИКЕЛЯ,х/к б/н AISI 430 (08Х17) BA+PE (зеркальный),Сталь Листовая Нержав Без Никеля 1 х/к б/н AISI 430 (08х17) Ba+pe (зеркальный),"СТАЛЬ ЛИСТОВАЯ НЕРЖАВ БЕЗ НИКЕЛЯ марки х/к б/н AISI 430 (08Х17) BA+PE (зеркальный), размер 1",1,170840,т,1,0,0,https://www.kavstal.ru/public/assets/images/products/LISTOVOI_PROKAT/STAL_LISTOVAYA_NERZHAV_BEZ_NIKELYA/img.webp,нержавеющая сталь;сталь листовая нержав без никеля;х/к б/н aisi 430 (08х17) ba+pe (зеркальный);1;сталь;листовая;нержав;без;никеля;х/к;б/н;aisi;430;08х17;ba+pe;зеркальный,х/к б/н AISI 430 (08Х17) BA+PE (зеркальный),1,,т
Нержавеющая сталь,СТАЛЬ ЛИСТОВАЯ НЕРЖАВ БЕЗ НИКЕЛЯ,х/к б/н AISI 430 (08Х17) BA+PE (зеркальный),Сталь Листовая Нержав Без Никеля 1 х/к б/н AISI 430 (08х17) Ba+pe (зеркальный),"СТАЛЬ ЛИСТОВАЯ НЕРЖАВ БЕЗ НИКЕЛЯ марки х/к б/н AISI 430 (08Х17) BA+PE (зеркальный), размер 1",1,172420,т,1,0,0,https://www.kavstal.ru/public/assets/images/products/LISTOVOI_PROKAT/STAL_LISTOVAYA_NERZHAV_BEZ_NIKELYA/img.webp,нержавеющая сталь;сталь листовая нержав без никеля;х/к б/н aisi 430 (08х17) ba+pe (зеркальный);1;сталь;листовая;нержав;без;никеля;х/к;б/н;aisi;430;08х17;ba+pe;зеркальный,х/к б/н AISI 430 (08Х17) BA+PE (зеркальный),1,,т
Нержавеющая сталь,СТАЛЬ ЛИСТОВАЯ НЕРЖАВ БЕЗ НИКЕЛЯ,х/к б/н AISI 430 (08Х17) BA+PE (зеркальный),Сталь Листовая Нержав Без Никеля 1 х/к б/н AISI 430 (08х17) Ba+pe (зеркальный),"СТАЛЬ ЛИСТОВАЯ НЕРЖАВ БЕЗ НИКЕЛЯ марки х/к б/н AISI 430 (08Х17) BA+PE (зеркальный), размер 1 ; 1.2",1,176000,т,1,0,0,https://www.kavstal.ru/public/assets/images/products/LISTOVOI_PROKAT/STAL_LISTOVAYA_NERZHAV_BEZ_NIKELYA/img.webp,нержавеющая сталь;сталь листовая нержав без никеля;х/к б/н aisi 430 (08х17) ba+pe (зеркальный);1;2;сталь;листовая;нержав;без;никеля;х/к;б/н;aisi;430;08х17;ba+pe;зеркальный,х/к б/н AISI 430 (08Х17) BA+PE (зеркальный),1 ; 1.2,,т
Нержавеющая сталь,СТАЛЬ ЛИСТОВАЯ НЕРЖАВ БЕЗ НИКЕЛЯ,х/к б/н AISI 430 (08Х17) BA+PE (зеркальный),Сталь Листовая Нержав Без Никеля 1.5 х/к б/н AISI 430 (08х17) Ba+pe (зеркальный),"СТАЛЬ ЛИСТОВАЯ НЕРЖАВ БЕЗ НИКЕЛЯ марки х/к б/н AISI 430 (08Х17) BA+PE (зеркальный), размер 1.5",1.5,174230,т,1,0,0,https://www.kavstal.ru/public/assets/images/products/LISTOVOI_PROKAT/STAL_LISTOVAYA_NERZHAV_BEZ_NIKELYA/img.webp,нержавеющая сталь;сталь листовая нержав без никеля;х/к б/н aisi 430 (08х17) ba+pe (зеркальный);1;5;сталь;листовая;нержав;без;никеля;1.5;х/к;б/н;aisi;430;08х17;ba+pe;зеркальный,х/к б/н AISI 430 (08Х17) BA+PE (зеркальный),1.5,,т
Нержавеющая сталь,СТАЛЬ ЛИСТОВАЯ НЕРЖАВ БЕЗ НИКЕЛЯ,х/к б/н AISI 430 (08Х17) BA+PE (зеркальный),Сталь Листовая Нержав Без Никеля 1.5 х/к б/н AISI 430 (08х17) Ba+pe (зеркальный),"СТАЛЬ ЛИСТОВАЯ НЕРЖАВ БЕЗ НИКЕЛЯ марки х/к б/н AISI 430 (08Х17) BA+PE (зеркальный), размер 1.5",1.5,176490,т,1,0,0,https://www.kavstal.ru/public/assets/images/products/LISTOVOI_PROKAT/STAL_LISTOVAYA_NERZHAV_BEZ_NIKELYA/img.webp,нержавеющая сталь;сталь листовая нержав без никеля;х/к б/н aisi 430 (08х17) ba+pe (зеркальный);1;5;сталь;листовая;нержав;без;никеля;1.5;х/к;б/н;aisi;430;08х17;ba+pe;зеркальный,х/к б/н AISI 430 (08Х17) BA+PE (зеркальный),1.5,,т
Нержавеющая сталь,СТАЛЬ ЛИСТОВАЯ НЕРЖАВ БЕЗ НИКЕЛЯ,х/к б/н AISI 430 (08Х17) BA+PE (зеркальный),Сталь Листовая Нержав Без Никеля 2 х/к б/н AISI 430 (08х17) Ba+pe (зеркальный),"СТАЛЬ ЛИСТОВАЯ НЕРЖАВ БЕЗ НИКЕЛЯ марки х/к б/н AISI 430 (08Х17) BA+PE (зеркальный), размер 2",2,174230,т,1,0,0,https://www.kavstal.ru/public/assets/images/products/LISTOVOI_PROKAT/STAL_LISTOVAYA_NERZHAV_BEZ_NIKELYA/img.webp,нержавеющая сталь;сталь листовая нержав без никеля;х/к б/н aisi 430 (08х17) ba+pe (зеркальный);2;сталь;листовая;нержав;без;никеля;х/к;б/н;aisi;430;08х17;ba+pe;зеркальный,х/к б/н AISI 430 (08Х17) BA+PE (зеркальный),2,,т
Нержавеющая сталь,СТАЛЬ ЛИСТОВАЯ НЕРЖАВ БЕЗ НИКЕЛЯ,х/к б/н AISI 430 (08Х17) BA+PE (зеркальный),Сталь Листовая Нержав Без Никеля 2 х/к б/н AISI 430 (08х17) Ba+pe (зеркальный),"СТАЛЬ ЛИСТОВАЯ НЕРЖАВ БЕЗ НИКЕЛЯ марки х/к б/н AISI 430 (08Х17) BA+PE (зеркальный), размер 2",2,179000,т,1,0,0,https://www.kavstal.ru/public/assets/images/products/LISTOVOI_PROKAT/STAL_LISTOVAYA_NERZHAV_BEZ_NIKELYA/img.webp,нержавеющая сталь;сталь листовая нержав без никеля;х/к б/н aisi 430 (08х17) ba+pe (зеркальный);2;сталь;листовая;нержав;без;никеля;х/к;б/н;aisi;430;08х17;ba+pe;зеркальный,х/к б/н AISI 430 (08Х17) BA+PE (зеркальный),2,,т
Нержавеющая сталь,СТАЛЬ ЛИСТОВАЯ НЕРЖАВ БЕЗ НИКЕЛЯ,х/к б/н AISI 430 (08Х17) BA+PE (зеркальный),Сталь Листовая Нержав Без Никеля 2 х/к б/н AISI 430 (08х17) Ba+pe (зеркальный),"СТАЛЬ ЛИСТОВАЯ НЕРЖАВ БЕЗ НИКЕЛЯ марки х/к б/н AISI 430 (08Х17) BA+PE (зеркальный), размер 2",2,189000,т,1,0,0,https://www.kavstal.ru/public/assets/images/products/LISTOVOI_PROKAT/STAL_LISTOVAYA_NERZHAV_BEZ_NIKELYA/img.webp,нержавеющая сталь;сталь листовая нержав без никеля;х/к б/н aisi 430 (08х17) ba+pe (зеркальный);2;сталь;листовая;нержав;без;никеля;х/к;б/н;aisi;430;08х17;ba+pe;зеркальный,х/к б/н AISI 430 (08Х17) BA+PE (зеркальный),2,,т
Нержавеющая сталь,СТАЛЬ ЛИСТОВАЯ НЕРЖАВ БЕЗ НИКЕЛЯ,х/к б/н AISI 430 (08Х17) BA+PI (зеркальный),Сталь Листовая Нержав Без Никеля 0.5 х/к б/н AISI 430 (08х17) Ba+pi (зеркальный),"СТАЛЬ ЛИСТОВАЯ НЕРЖАВ БЕЗ НИКЕЛЯ марки х/к б/н AISI 430 (08Х17) BA+PI (зеркальный), размер 0.5",0.5,162920,т,1,0,0,https://www.kavstal.ru/public/assets/images/products/LISTOVOI_PROKAT/STAL_LISTOVAYA_NERZHAV_BEZ_NIKELYA/img.webp,нержавеющая сталь;сталь листовая нержав без никеля;х/к б/н aisi 430 (08х17) ba+pi (зеркальный);5;сталь;листовая;нержав;без;никеля;0.5;х/к;б/н;aisi;430;08х17;ba+pi;зеркальный,х/к б/н AISI 430 (08Х17) BA+PI (зеркальный),0.5,,т
Нержавеющая сталь,СТАЛЬ ЛИСТОВАЯ НЕРЖАВ БЕЗ НИКЕЛЯ,х/к б/н AISI 430 (08Х17) BA+PI (зеркальный),Сталь Листовая Нержав Без Никеля 0.5 х/к б/н AISI 430 (08х17) Ba+pi (зеркальный),"СТАЛЬ ЛИСТОВАЯ НЕРЖАВ БЕЗ НИКЕЛЯ марки х/к б/н AISI 430 (08Х17) BA+PI (зеркальный), размер 0.5",0.5,174710,т,1,0,0,https://www.kavstal.ru/public/assets/images/products/LISTOVOI_PROKAT/STAL_LISTOVAYA_NERZHAV_BEZ_NIKELYA/img.webp,нержавеющая сталь;сталь листовая нержав без никеля;х/к б/н aisi 430 (08х17) ba+pi (зеркальный);5;сталь;листовая;нержав;без;никеля;0.5;х/к;б/н;aisi;430;08х17;ba+pi;зеркальный,х/к б/н AISI 430 (08Х17) BA+PI (зеркальный),0.5,,т
Нержавеющая сталь,СТАЛЬ ЛИСТОВАЯ НЕРЖАВ БЕЗ НИКЕЛЯ,х/к б/н AISI 430 (08Х17) BA+PI (зеркальный),Сталь Листовая Нержав Без Никеля 0.8 х/к б/н AISI 430 (08х17) Ba+pi (зеркальный),"СТАЛЬ ЛИСТОВАЯ НЕРЖАВ БЕЗ НИКЕЛЯ марки х/к б/н AISI 430 (08Х17) BA+PI (зеркальный), размер 0.8",0.8,149590,т,1,0,0,https://www.kavstal.ru/public/assets/images/products/LISTOVOI_PROKAT/STAL_LISTOVAYA_NERZHAV_BEZ_NIKELYA/img.webp,нержавеющая сталь;сталь листовая нержав без никеля;х/к б/н aisi 430 (08х17) ba+pi (зеркальный);8;сталь;листовая;нержав;без;никеля;0.8;х/к;б/н;aisi;430;08х17;ba+pi;зеркальный,х/к б/н AISI 430 (08Х17) BA+PI (зеркальный),0.8,,т
Нержавеющая сталь,СТАЛЬ ЛИСТОВАЯ НЕРЖАВ БЕЗ НИКЕЛЯ,х/к б/н AISI 430 (08Х17) BA+PI (зеркальный),Сталь Листовая Нержав Без Никеля 0.8 х/к б/н AISI 430 (08х17) Ba+pi (зеркальный),"СТАЛЬ ЛИСТОВАЯ НЕРЖАВ БЕЗ НИКЕЛЯ марки х/к б/н AISI 430 (08Х17) BA+PI (зеркальный), размер 0.8",0.8,154990,т,1,0,0,https://www.kavstal.ru/public/assets/images/products/LISTOVOI_PROKAT/STAL_LISTOVAYA_NERZHAV_BEZ_NIKELYA/img.webp,нержавеющая сталь;сталь листовая нержав без никеля;х/к б/н aisi 430 (08х17) ba+pi (зеркальный);8;сталь;листовая;нержав;без;никеля;0.8;х/к;б/н;aisi;430;08х17;ba+pi;зеркальный,х/к б/н AISI 430 (08Х17) BA+PI (зеркальный),0.8,,т
Нержавеющая сталь,СТАЛЬ ЛИСТОВАЯ НЕРЖАВ БЕЗ НИКЕЛЯ,х/к б/н AISI 430 (08Х17) BA+PI (зеркальный),Сталь Листовая Нержав Без Никеля 1.2 х/к б/н AISI 430 (08х17) Ba+pi (зеркальный),"СТАЛЬ ЛИСТОВАЯ НЕРЖАВ БЕЗ НИКЕЛЯ марки х/к б/н AISI 430 (08Х17) BA+PI (зеркальный), размер 1.2",1.2,171010,т,1,0,0,https://www.kavstal.ru/public/assets/images/products/LISTOVOI_PROKAT/STAL_LISTOVAYA_NERZHAV_BEZ_NIKELYA/img.webp,нержавеющая сталь;сталь листовая нержав без никеля;х/к б/н aisi 430 (08х17) ba+pi (зеркальный);1;2;сталь;листовая;нержав;без;никеля;1.2;х/к;б/н;aisi;430;08х17;ba+pi;зеркальный,х/к б/н AISI 430 (08Х17) BA+PI (зеркальный),1.2,,т
Нержавеющая сталь,СТАЛЬ ЛИСТОВАЯ НЕРЖАВ БЕЗ НИКЕЛЯ,х/к б/н AISI 430 (08Х17) BA+PI (зеркальный),Сталь Листовая Нержав Без Никеля 1.5 х/к б/н AISI 430 (08х17) Ba+pi (зеркальный),"СТАЛЬ ЛИСТОВАЯ НЕРЖАВ БЕЗ НИКЕЛЯ марки х/к б/н AISI 430 (08Х17) BA+PI (зеркальный), размер 1.5",1.5,178830,т,1,0,0,https://www.kavstal.ru/public/assets/images/products/LISTOVOI_PROKAT/STAL_LISTOVAYA_NERZHAV_BEZ_NIKELYA/img.webp,нержавеющая сталь;сталь листовая нержав без никеля;х/к б/н aisi 430 (08х17) ba+pi (зеркальный);1;5;сталь;листовая;нержав;без;никеля;1.5;х/к;б/н;aisi;430;08х17;ba+pi;зеркальный,х/к б/н AISI 430 (08Х17) BA+PI (зеркальный),1.5,,т
Нержавеющая сталь,СТАЛЬ ЛИСТОВАЯ НЕРЖАВ БЕЗ НИКЕЛЯ,х/к б/н AISI 430 (08Х17) DECO1+PE,Сталь Листовая Нержав Без Никеля 0.8 х/к б/н AISI 430 (08х17) Deco1+pe,"СТАЛЬ ЛИСТОВАЯ НЕРЖАВ БЕЗ НИКЕЛЯ марки х/к б/н AISI 430 (08Х17) DECO1+PE, размер 0.8",0.8,203650,т,1,0,0,https://www.kavstal.ru/public/assets/images/products/LISTOVOI_PROKAT/STAL_LISTOVAYA_NERZHAV_BEZ_NIKELYA/img.webp,нержавеющая сталь;сталь листовая нержав без никеля;х/к б/н aisi 430 (08х17) deco1+pe;8;сталь;листовая;нержав;без;никеля;0.8;х/к;б/н;aisi;430;08х17;deco1+pe,х/к б/н AISI 430 (08Х17) DECO1+PE,0.8,,т
Нержавеющая сталь,СТАЛЬ ЛИСТОВАЯ НЕРЖАВ БЕЗ НИКЕЛЯ,х/к б/н AISI 430 (08Х17) DECO1+PE,Сталь Листовая Нержав Без Никеля 1 х/к б/н AISI 430 (08х17) Deco1+pe,"СТАЛЬ ЛИСТОВАЯ НЕРЖАВ БЕЗ НИКЕЛЯ марки х/к б/н AISI 430 (08Х17) DECO1+PE, размер 1",1,192330,т,1,0,0,https://www.kavstal.ru/public/assets/images/products/LISTOVOI_PROKAT/STAL_LISTOVAYA_NERZHAV_BEZ_NIKELYA/img.webp,нержавеющая сталь;сталь листовая нержав без никеля;х/к б/н aisi 430 (08х17) deco1+pe;1;сталь;листовая;нержав;без;никеля;х/к;б/н;aisi;430;08х17;deco1+pe,х/к б/н AISI 430 (08Х17) DECO1+PE,1,,т
Нержавеющая сталь,СТАЛЬ ЛИСТОВАЯ НЕРЖАВ БЕЗ НИКЕЛЯ,х/к б/н AISI 430 (08Х17) DECO1+PE,Сталь Листовая Нержав Без Никеля 1.5 х/к б/н AISI 430 (08х17) Deco1+pe,"СТАЛЬ ЛИСТОВАЯ НЕРЖАВ БЕЗ НИКЕЛЯ марки х/к б/н AISI 430 (08Х17) DECO1+PE, размер 1.5",1.5,223330,т,1,0,0,https://www.kavstal.ru/public/assets/images/products/LISTOVOI_PROKAT/STAL_LISTOVAYA_NERZHAV_BEZ_NIKELYA/img.webp,нержавеющая сталь;сталь листовая нержав без никеля;х/к б/н aisi 430 (08х17) deco1+pe;1;5;сталь;листовая;нержав;без;никеля;1.5;х/к;б/н;aisi;430;08х17;deco1+pe,х/к б/н AISI 430 (08Х17) DECO1+PE,1.5,,т
Нержавеющая сталь,СТАЛЬ ЛИСТОВАЯ НЕРЖАВ БЕЗ НИКЕЛЯ,х/к б/н AISI 430 (08Х17) DECO8+PE,Сталь Листовая Нержав Без Никеля 0.8 х/к б/н AISI 430 (08х17) Deco8+pe,"СТАЛЬ ЛИСТОВАЯ НЕРЖАВ БЕЗ НИКЕЛЯ марки х/к б/н AISI 430 (08Х17) DECO8+PE, размер 0.8 ; 1",0.8,192330,т,1,0,0,https://www.kavstal.ru/public/assets/images/products/LISTOVOI_PROKAT/STAL_LISTOVAYA_NERZHAV_BEZ_NIKELYA/img.webp,нержавеющая сталь;сталь листовая нержав без никеля;х/к б/н aisi 430 (08х17) deco8+pe;8;1;сталь;листовая;нержав;без;никеля;0.8;х/к;б/н;aisi;430;08х17;deco8+pe,х/к б/н AISI 430 (08Х17) DECO8+PE,0.8 ; 1,,т
Нержавеющая сталь,СТАЛЬ ЛИСТОВАЯ НЕРЖАВ БЕЗ НИКЕЛЯ,х/к б/н AISI 430 (08Х17) DECO8+PE,Сталь Листовая Нержав Без Никеля 1.5 х/к б/н AISI 430 (08х17) Deco8+pe,"СТАЛЬ ЛИСТОВАЯ НЕРЖАВ БЕЗ НИКЕЛЯ марки х/к б/н AISI 430 (08Х17) DECO8+PE, размер 1.5",1.5,223330,т,1,0,0,https://www.kavstal.ru/public/assets/images/products/LISTOVOI_PROKAT/STAL_LISTOVAYA_NERZHAV_BEZ_NIKELYA/img.webp,нержавеющая сталь;сталь листовая нержав без никеля;х/к б/н aisi 430 (08х17) deco8+pe;1;5;сталь;листовая;нержав;без;никеля;1.5;х/к;б/н;aisi;430;08х17;deco8+pe,х/к б/н AISI 430 (08Х17) DECO8+PE,1.5,,т
Нержавеющая сталь,СТАЛЬ ЛИСТОВАЯ НЕРЖАВ БЕЗ НИКЕЛЯ,х/к б/н AISI 430 (08Х17) DECO9+PE,Сталь Листовая Нержав Без Никеля 0.8 х/к б/н AISI 430 (08х17) Deco9+pe,"СТАЛЬ ЛИСТОВАЯ НЕРЖАВ БЕЗ НИКЕЛЯ марки х/к б/н AISI 430 (08Х17) DECO9+PE, размер 0.8",0.8,192330,т,1,0,0,https://www.kavstal.ru/public/assets/images/products/LISTOVOI_PROKAT/STAL_LISTOVAYA_NERZHAV_BEZ_NIKELYA/img.webp,нержавеющая сталь;сталь листовая нержав без никеля;х/к б/н aisi 430 (08х17) deco9+pe;8;сталь;листовая;нержав;без;никеля;0.8;х/к;б/н;aisi;430;08х17;deco9+pe,х/к б/н AISI 430 (08Х17) DECO9+PE,0.8,,т
Нержавеющая сталь,СТАЛЬ ЛИСТОВАЯ НЕРЖАВ БЕЗ НИКЕЛЯ,х/к б/н AISI 430 (08Х17) DECO9+PE,Сталь Листовая Нержав Без Никеля 1 х/к б/н AISI 430 (08х17) Deco9+pe,"СТАЛЬ ЛИСТОВАЯ НЕРЖАВ БЕЗ НИКЕЛЯ марки х/к б/н AISI 430 (08Х17) DECO9+PE, размер 1",1,217350,т,1,0,0,https://www.kavstal.ru/public/assets/images/products/LISTOVOI_PROKAT/STAL_LISTOVAYA_NERZHAV_BEZ_NIKELYA/img.webp,нержавеющая сталь;сталь листовая нержав без никеля;х/к б/н aisi 430 (08х17) deco9+pe;1;сталь;листовая;нержав;без;никеля;х/к;б/н;aisi;430;08х17;deco9+pe,х/к б/н AISI 430 (08Х17) DECO9+PE,1,,т
Нержавеющая сталь,СТАЛЬ ЛИСТОВАЯ НЕРЖАВ БЕЗ НИКЕЛЯ,х/к б/н AISI 430 (08Х17) DECO9+PE,Сталь Листовая Нержав Без Никеля 1.5 х/к б/н AISI 430 (08х17) Deco9+pe,"СТАЛЬ ЛИСТОВАЯ НЕРЖАВ БЕЗ НИКЕЛЯ марки х/к б/н AISI 430 (08Х17) DECO9+PE, размер 1.5",1.5,226840,т,1,0,0,https://www.kavstal.ru/public/assets/images/products/LISTOVOI_PROKAT/STAL_LISTOVAYA_NERZHAV_BEZ_NIKELYA/img.webp,нержавеющая сталь;сталь листовая нержав без никеля;х/к б/н aisi 430 (08х17) deco9+pe;1;5;сталь;листовая;нержав;без;никеля;1.5;х/к;б/н;aisi;430;08х17;deco9+pe,х/к б/н AISI 430 (08Х17) DECO9+PE,1.5,,т
Нержавеющая сталь,СТАЛЬ ЛИСТОВАЯ НЕРЖАВ БЕЗ НИКЕЛЯ,х/к б/н AISI 430 (08Х17) ВА (зеркало),Сталь Листовая Нержав Без Никеля 0.5 х/к б/н AISI 430 (08х17) Ва (зеркало),"СТАЛЬ ЛИСТОВАЯ НЕРЖАВ БЕЗ НИКЕЛЯ марки х/к б/н AISI 430 (08Х17) ВА (зеркало), размер 0.5",0.5,162410,т,1,0,0,https://www.kavstal.ru/public/assets/images/products/LISTOVOI_PROKAT/STAL_LISTOVAYA_NERZHAV_BEZ_NIKELYA/img.webp,нержавеющая сталь;сталь листовая нержав без никеля;х/к б/н aisi 430 (08х17) ва (зеркало);5;сталь;листовая;нержав;без;никеля;0.5;х/к;б/н;aisi;430;08х17;ва;зеркало,х/к б/н AISI 430 (08Х17) ВА (зеркало),0.5,,т
Нержавеющая сталь,СТАЛЬ ЛИСТОВАЯ НЕРЖАВ БЕЗ НИКЕЛЯ,х/к б/н AISI 439 2B (матовый),Сталь Листовая Нержав Без Никеля 0.5 х/к б/н AISI 439 2B (матовый),"СТАЛЬ ЛИСТОВАЯ НЕРЖАВ БЕЗ НИКЕЛЯ марки х/к б/н AISI 439 2B (матовый), размер 0.5",0.5,207040,т,1,0,0,https://www.kavstal.ru/public/assets/images/products/LISTOVOI_PROKAT/STAL_LISTOVAYA_NERZHAV_BEZ_NIKELYA/img.webp,нержавеющая сталь;сталь листовая нержав без никеля;х/к б/н aisi 439 2b (матовый);5;сталь;листовая;нержав;без;никеля;0.5;х/к;б/н;aisi;439;2b;матовый,х/к б/н AISI 439 2B (матовый),0.5,,т
Нержавеющая сталь,СТАЛЬ ЛИСТОВАЯ НЕРЖАВ БЕЗ НИКЕЛЯ,х/к б/н AISI 439 2B (матовый),Сталь Листовая Нержав Без Никеля 0.8 х/к б/н AISI 439 2B (матовый),"СТАЛЬ ЛИСТОВАЯ НЕРЖАВ БЕЗ НИКЕЛЯ марки х/к б/н AISI 439 2B (матовый), размер 0.8",0.8,0,т,1,0,0,https://www.kavstal.ru/public/assets/images/products/LISTOVOI_PROKAT/STAL_LISTOVAYA_NERZHAV_BEZ_NIKELYA/img.webp,нержавеющая сталь;сталь листовая нержав без никеля;х/к б/н aisi 439 2b (матовый);8;сталь;листовая;нержав;без;никеля;0.8;х/к;б/н;aisi;439;2b;матовый,х/к б/н AISI 439 2B (матовый),0.8,,т
Нержавеющая сталь,СТАЛЬ ЛИСТОВАЯ НЕРЖАВ БЕЗ НИКЕЛЯ,х/к б/н AISI 439 2B (матовый),Сталь Листовая Нержав Без Никеля 0.8 х/к б/н AISI 439 2B (матовый),"СТАЛЬ ЛИСТОВАЯ НЕРЖАВ БЕЗ НИКЕЛЯ марки х/к б/н AISI 439 2B (матовый), размер 0.8",0.8,226260,т,1,0,0,https://www.kavstal.ru/public/assets/images/products/LISTOVOI_PROKAT/STAL_LISTOVAYA_NERZHAV_BEZ_NIKELYA/img.webp,нержавеющая сталь;сталь листовая нержав без никеля;х/к б/н aisi 439 2b (матовый);8;сталь;листовая;нержав;без;никеля;0.8;х/к;б/н;aisi;439;2b;матовый,х/к б/н AISI 439 2B (матовый),0.8,,т
Нержавеющая сталь,СТАЛЬ ЛИСТОВАЯ НЕРЖАВ БЕЗ НИКЕЛЯ,х/к б/н AISI 439 2B (матовый),Сталь Листовая Нержав Без Никеля 1 х/к б/н AISI 439 2B (матовый),"СТАЛЬ ЛИСТОВАЯ НЕРЖАВ БЕЗ НИКЕЛЯ марки х/к б/н AISI 439 2B (матовый), размер 1",1,202510,т,1,0,0,https://www.kavstal.ru/public/assets/images/products/LISTOVOI_PROKAT/STAL_LISTOVAYA_NERZHAV_BEZ_NIKELYA/img.webp,нержавеющая сталь;сталь листовая нержав без никеля;х/к б/н aisi 439 2b (матовый);1;сталь;листовая;нержав;без;никеля;х/к;б/н;aisi;439;2b;матовый,х/к б/н AISI 439 2B (матовый),1,,т
Нержавеющая сталь,СТАЛЬ ЛИСТОВАЯ НЕРЖАВ БЕЗ НИКЕЛЯ,х/к б/н AISI 439 2B (матовый),Сталь Листовая Нержав Без Никеля 1 х/к б/н AISI 439 2B (матовый),"СТАЛЬ ЛИСТОВАЯ НЕРЖАВ БЕЗ НИКЕЛЯ марки х/к б/н AISI 439 2B (матовый), размер 1",1,205950,т,1,0,0,https://www.kavstal.ru/public/assets/images/products/LISTOVOI_PROKAT/STAL_LISTOVAYA_NERZHAV_BEZ_NIKELYA/img.webp,нержавеющая сталь;сталь листовая нержав без никеля;х/к б/н aisi 439 2b (матовый);1;сталь;листовая;нержав;без;никеля;х/к;б/н;aisi;439;2b;матовый,х/к б/н AISI 439 2B (матовый),1,,т
Нержавеющая сталь,СТАЛЬ ЛИСТОВАЯ НЕРЖАВ БЕЗ НИКЕЛЯ,х/к б/н AISI 439 2B (матовый),Сталь Листовая Нержав Без Никеля 1.2 х/к б/н AISI 439 2B (матовый),"СТАЛЬ ЛИСТОВАЯ НЕРЖАВ БЕЗ НИКЕЛЯ марки х/к б/н AISI 439 2B (матовый), размер 1.2",1.2,202510,т,1,0,0,https://www.kavstal.ru/public/assets/images/products/LISTOVOI_PROKAT/STAL_LISTOVAYA_NERZHAV_BEZ_NIKELYA/img.webp,нержавеющая сталь;сталь листовая нержав без никеля;х/к б/н aisi 439 2b (матовый);1;2;сталь;листовая;нержав;без;никеля;1.2;х/к;б/н;aisi;439;2b;матовый,х/к б/н AISI 439 2B (матовый),1.2,,т
Нержавеющая сталь,СТАЛЬ ЛИСТОВАЯ НЕРЖАВ БЕЗ НИКЕЛЯ,х/к б/н AISI 444 (02Х18М2БТ) 2B (матовый),Сталь Листовая Нержав Без Никеля 0.8 х/к б/н AISI 444 (02х18м2бт) 2B (матовый),"СТАЛЬ ЛИСТОВАЯ НЕРЖАВ БЕЗ НИКЕЛЯ марки х/к б/н AISI 444 (02Х18М2БТ) 2B (матовый), размер 0.8",0.8,413480,т,1,0,0,https://www.kavstal.ru/public/assets/images/products/LISTOVOI_PROKAT/STAL_LISTOVAYA_NERZHAV_BEZ_NIKELYA/img.webp,нержавеющая сталь;сталь листовая нержав без никеля;х/к б/н aisi 444 (02х18м2бт) 2b (матовый);8;сталь;листовая;нержав;без;никеля;0.8;х/к;б/н;aisi;444;02х18м2бт;2b;матовый,х/к б/н AISI 444 (02Х18М2БТ) 2B (матовый),0.8,,т
Нержавеющая сталь,СТАЛЬ ЛИСТОВАЯ НЕРЖАВ НИКЕЛЕСОД,х/к н/с AISI 304 (08Х18Н10) 2B,СТАЛЬ ЛИСТОВАЯ НЕРЖАВ НИКЕЛЕСОД 2 х/к н/с AISI 304 (08Х18Н10) 2B,"СТАЛЬ ЛИСТОВАЯ НЕРЖАВ НИКЕЛЕСОД марки х/к н/с AISI 304 (08Х18Н10) 2B, размер 2",2,244110,т,1,0,0,https://www.kavstal.ru/public/assets/images/products/LISTOVOI_PROKAT/STAL_LISTOVAYA_NERZHAV_NIKELESOD/img.webp,профнастил;сталь листовая нержав никелесод;х/к н/с aisi 304 (08х18н10) 2b;2,х/к н/с AISI 304 (08Х18Н10) 2B,2,,т
Нержавеющая сталь,СТАЛЬ ЛИСТОВАЯ НЕРЖАВ НИКЕЛЕСОД,х/к н/с AISI 304 (08Х18Н10) 2B (матовый),СТАЛЬ ЛИСТОВАЯ НЕРЖАВ НИКЕЛЕСОД 2 х/к н/с AISI 304 (08Х18Н10) 2B (матовый),"СТАЛЬ ЛИСТОВАЯ НЕРЖАВ НИКЕЛЕСОД марки х/к н/с AISI 304 (08Х18Н10) 2B (матовый), размер 2",2,244110,т,1,0,0,https://www.kavstal.ru/public/assets/images/products/LISTOVOI_PROKAT/STAL_LISTOVAYA_NERZHAV_NIKELESOD/img.webp,профнастил;сталь листовая нержав никелесод;х/к н/с aisi 304 (08х18н10) 2b (матовый);2,х/к н/с AISI 304 (08Х18Н10) 2B (матовый),2,,т
Нержавеющая сталь,СТАЛЬ ЛИСТОВАЯ НЕРЖАВ НИКЕЛЕСОД,х/к н/с AISI 321 (12Х18Н10Т) 2B (матовый),СТАЛЬ ЛИСТОВАЯ НЕРЖАВ НИКЕЛЕСОД 0.7 х/к н/с AISI 321 (12Х18Н10Т) 2B (матовый),"СТАЛЬ ЛИСТОВАЯ НЕРЖАВ НИКЕЛЕСОД марки х/к н/с AISI 321 (12Х18Н10Т) 2B (матовый), размер 0.7",0.7,289980,т,1,0,0,https://www.kavstal.ru/public/assets/images/products/LISTOVOI_PROKAT/STAL_LISTOVAYA_NERZHAV_NIKELESOD/img.webp,профнастил;сталь листовая нержав никелесод;х/к н/с aisi 321 (12х18н10т) 2b (матовый);7,х/к н/с AISI 321 (12Х18Н10Т) 2B (матовый),0.7,,т
Нержавеющая сталь,СТАЛЬ ЛИСТОВАЯ НЕРЖАВ БЕЗ НИКЕЛЯ,х/к б/н 08Х18Н10,СТАЛЬ ЛИСТОВАЯ НЕРЖАВ БЕЗ НИКЕЛЯ 0 х/к б/н 08Х18Н10,"СТАЛЬ ЛИСТОВАЯ НЕРЖАВ БЕЗ НИКЕЛЯ марки х/к б/н 08Х18Н10, размер 0",0,200000,т,1,0,0,https://www.kavstal.ru/public/assets/images/products/LISTOVOI_PROKAT/STAL_LISTOVAYA_NERZHAV_BEZ_NIKELYA/img.webp,профнастил;сталь листовая нержав без никеля;х/к б/н 08х18н10,х/к б/н 08Х18Н10,0,,т
Нержавеющая сталь,СТАЛЬ ЛИСТОВАЯ НЕРЖАВ БЕЗ НИКЕЛЯ,х/к б/н AISI 430 (08Х17) BA+PI (зеркальный),СТАЛЬ ЛИСТОВАЯ НЕРЖАВ БЕЗ НИКЕЛЯ 0.5 х/к б/н AISI 430 (08Х17) BA+PI (зеркальный),"СТАЛЬ ЛИСТОВАЯ НЕРЖАВ БЕЗ НИКЕЛЯ марки х/к б/н AISI 430 (08Х17) BA+PI (зеркальный), размер 0.5",0.5,162920,т,1,0,0,https://www.kavstal.ru/public/assets/images/products/LISTOVOI_PROKAT/STAL_LISTOVAYA_NERZHAV_BEZ_NIKELYA/img.webp,профнастил;сталь листовая нержав без никеля;х/к б/н aisi 430 (08х17) ba+pi (зеркальный);5,х/к б/н AISI 430 (08Х17) BA+PI (зеркальный),0.5,,т
Нержавеющая сталь,СТАЛЬ ЛИСТОВАЯ НЕРЖАВ БЕЗ НИКЕЛЯ,х/к б/н AISI 439 2B (матовый),СТАЛЬ ЛИСТОВАЯ НЕРЖАВ БЕЗ НИКЕЛЯ 1 х/к б/н AISI 439 2B (матовый),"СТАЛЬ ЛИСТОВАЯ НЕРЖАВ БЕЗ НИКЕЛЯ марки х/к б/н AISI 439 2B (матовый), размер 1",1,202510,т,1,0,0,https://www.kavstal.ru/public/assets/images/products/LISTOVOI_PROKAT/STAL_LISTOVAYA_NERZHAV_BEZ_NIKELYA/img.webp,профнастил;сталь листовая нержав без никеля;х/к б/н aisi 439 2b (матовый);1,х/к б/н AISI 439 2B (матовый),1,,т
Нержавеющая сталь,СТАЛЬ ЛИСТОВАЯ НЕРЖАВ БЕЗ НИКЕЛЯ,х/к б/н AISI 439 2B (матовый),СТАЛЬ ЛИСТОВАЯ НЕРЖАВ БЕЗ НИКЕЛЯ 1 х/к б/н AISI 439 2B (матовый),"СТАЛЬ ЛИСТОВАЯ НЕРЖАВ БЕЗ НИКЕЛЯ марки х/к б/н AISI 439 2B (матовый), размер 1",1,205950,т,1,0,0,https://www.kavstal.ru/public/assets/images/products/LISTOVOI_PROKAT/STAL_LISTOVAYA_NERZHAV_BEZ_NIKELYA/img.webp,профнастил;сталь листовая нержав без никеля;х/к б/н aisi 439 2b (матовый);1,х/к б/н AISI 439 2B (матовый),1,,т
Нержавеющая сталь,Резка нержавеющего,"1,5 - 3","Резка нержавеющего 500 1,5 - 3","Резка нержавеющего марки 1,5 - 3, размер 500",500,260,300,1,0,0,https://www.kavstal.ru/public/assets/images/products/NERZHAVEYUSHCHAYA_STAL/REZKA_NERZHAVEYUSHCHEGO/img.png,"резка нержавеющего;1,5 - 3;500","1,5 - 3",500,,300
Нержавеющая сталь,Резка нержавеющего,4 - 5,Резка нержавеющего 700 4 - 5,"Резка нержавеющего марки 4 - 5, размер 700",700,350,400,1,0,0,https://www.kavstal.ru/public/assets/images/products/NERZHAVEYUSHCHAYA_STAL/REZKA_NERZHAVEYUSHCHEGO/img.png,резка нержавеющего;4 - 5;700,4 - 5,700,,400
Нержавеющая сталь,Резка нержавеющего,6 - 8,Резка нержавеющего 900 6 - 8,"Резка нержавеющего марки 6 - 8, размер 900",900,420,500,1,0,0,https://www.kavstal.ru/public/assets/images/products/NERZHAVEYUSHCHAYA_STAL/REZKA_NERZHAVEYUSHCHEGO/img.png,резка нержавеющего;6 - 8;900,6 - 8,900,,500
Нержавеющая сталь,Резка нержавеющего,10,Резка нержавеющего 1000 10,"Резка нержавеющего марки 10, размер 1000",1000,510,600,1,0,0,https://www.kavstal.ru/public/assets/images/products/NERZHAVEYUSHCHAYA_STAL/REZKA_NERZHAVEYUSHCHEGO/img.png,резка нержавеющего;10;1000,10,1000,,600
Нержавеющая сталь,ЛИСТ НЕРЖАВЕЮЩИЙ,2205 (S32205) No1 14x1500x6000,ЛИСТ НЕРЖАВЕЮЩИЙ 14 2205 (S32205) No1 14x1500x6000,"ЛИСТ НЕРЖАВЕЮЩИЙ марки 2205 (S32205) No1 14x1500x6000, размер 14",14,456828,т,1,0,0,https://www.kavstal.ru/public/assets/images/products/LISTOVOI_PROKAT/LIST_NERZHAVEYUSHCHII/img.webp,труба обечайка;лист нержавеющий;2205 (s32205) no1 14x1500x6000;14,2205 (S32205) No1 14x1500x6000,14,,
Нержавеющая сталь,ЛИСТ НЕРЖАВЕЮЩИЙ,2507 (S32750) No1 10x1500x6000,ЛИСТ НЕРЖАВЕЮЩИЙ 10 2507 (S32750) No1 10x1500x6000,"ЛИСТ НЕРЖАВЕЮЩИЙ марки 2507 (S32750) No1 10x1500x6000, размер 10",10,603012,т,1,0,0,https://www.kavstal.ru/public/assets/images/products/LISTOVOI_PROKAT/LIST_NERZHAVEYUSHCHII/img.webp,труба обечайка;лист нержавеющий;2507 (s32750) no1 10x1500x6000;10,2507 (S32750) No1 10x1500x6000,10,,
Нержавеющая сталь,ЛИСТ НЕРЖАВЕЮЩИЙ,2507 (S32750) No1 12x1500x6000,ЛИСТ НЕРЖАВЕЮЩИЙ 12 2507 (S32750) No1 12x1500x6000,"ЛИСТ НЕРЖАВЕЮЩИЙ марки 2507 (S32750) No1 12x1500x6000, размер 12",12,603012,т,1,0,0,https://www.kavstal.ru/public/assets/images/products/LISTOVOI_PROKAT/LIST_NERZHAVEYUSHCHII/img.webp,труба обечайка;лист нержавеющий;2507 (s32750) no1 12x1500x6000;12,2507 (S32750) No1 12x1500x6000,12,,
Нержавеющая сталь,ЛИСТ НЕРЖАВЕЮЩИЙ,2507 (S32750) No1 16x1500x6000,ЛИСТ НЕРЖАВЕЮЩИЙ 16 2507 (S32750) No1 16x1500x6000,"ЛИСТ НЕРЖАВЕЮЩИЙ марки 2507 (S32750) No1 16x1500x6000, размер 16",16,603012,т,1,0,0,https://www.kavstal.ru/public/assets/images/products/LISTOVOI_PROKAT/LIST_NERZHAVEYUSHCHII/img.webp,труба обечайка;лист нержавеющий;2507 (s32750) no1 16x1500x6000;16,2507 (S32750) No1 16x1500x6000,16,,
Нержавеющая сталь,ЛИСТ НЕРЖАВЕЮЩИЙ,2507 (S32750) No1 20x1500x6000,ЛИСТ НЕРЖАВЕЮЩИЙ 20 2507 (S32750) No1 20x1500x6000,"ЛИСТ НЕРЖАВЕЮЩИЙ марки 2507 (S32750) No1 20x1500x6000, размер 20",20,603012,т,1,0,0,https://www.kavstal.ru/public/assets/images/products/LISTOVOI_PROKAT/LIST_NERZHAVEYUSHCHII/img.webp,труба обечайка;лист нержавеющий;2507 (s32750) no1 20x1500x6000;20,2507 (S32750) No1 20x1500x6000,20,,
Нержавеющая сталь,ЛИСТ НЕРЖАВЕЮЩИЙ,2507 (S32750) No1 25x1500x6000,ЛИСТ НЕРЖАВЕЮЩИЙ 25 2507 (S32750) No1 25x1500x6000,"ЛИСТ НЕРЖАВЕЮЩИЙ марки 2507 (S32750) No1 25x1500x6000, размер 25",25,603012,т,1,0,0,https://www.kavstal.ru/public/assets/images/products/LISTOVOI_PROKAT/LIST_NERZHAVEYUSHCHII/img.webp,труба обечайка;лист нержавеющий;2507 (s32750) no1 25x1500x6000;25,2507 (S32750) No1 25x1500x6000,25,,
Нержавеющая сталь,ЛИСТ НЕРЖАВЕЮЩИЙ,2507 (S32750) No1 45x1500x6000,ЛИСТ НЕРЖАВЕЮЩИЙ 45 2507 (S32750) No1 45x1500x6000,"ЛИСТ НЕРЖАВЕЮЩИЙ марки 2507 (S32750) No1 45x1500x6000, размер 45",45,603012,т,1,0,0,https://www.kavstal.ru/public/assets/images/products/LISTOVOI_PROKAT/LIST_NERZHAVEYUSHCHII/img.webp,труба обечайка;лист нержавеющий;2507 (s32750) no1 45x1500x6000;45,2507 (S32750) No1 45x1500x6000,45,,
Нержавеющая сталь,ЛИСТ НЕРЖАВЕЮЩИЙ,2507 (S32750) No1 50x1500x6000,ЛИСТ НЕРЖАВЕЮЩИЙ 50 2507 (S32750) No1 50x1500x6000,"ЛИСТ НЕРЖАВЕЮЩИЙ марки 2507 (S32750) No1 50x1500x6000, размер 50",50,603012,т,1,0,0,https://www.kavstal.ru/public/assets/images/products/LISTOVOI_PROKAT/LIST_NERZHAVEYUSHCHII/img.webp,труба обечайка;лист нержавеющий;2507 (s32750) no1 50x1500x6000;50,2507 (S32750) No1 50x1500x6000,50,,
Нержавеющая сталь,ЛИСТ НЕРЖАВЕЮЩИЙ,2507 (S32750) No1 6x1500x6000,ЛИСТ НЕРЖАВЕЮЩИЙ 6 2507 (S32750) No1 6x1500x6000,"ЛИСТ НЕРЖАВЕЮЩИЙ марки 2507 (S32750) No1 6x1500x6000, размер 6",6,603012,т,1,0,0,https://www.kavstal.ru/public/assets/images/products/LISTOVOI_PROKAT/LIST_NERZHAVEYUSHCHII/img.webp,труба обечайка;лист нержавеющий;2507 (s32750) no1 6x1500x6000;6,2507 (S32750) No1 6x1500x6000,6,,
Нержавеющая сталь,ЛИСТ НЕРЖАВЕЮЩИЙ,AISI 409L No1 12x1250x2500,ЛИСТ НЕРЖАВЕЮЩИЙ 12 AISI 409L No1 12x1250x2500,"ЛИСТ НЕРЖАВЕЮЩИЙ марки AISI 409L No1 12x1250x2500, размер 12",12,178051,т,1,0,0,https://www.kavstal.ru/public/assets/images/products/LISTOVOI_PROKAT/LIST_NERZHAVEYUSHCHII/img.webp,труба обечайка;лист нержавеющий;aisi 409l no1 12x1250x2500;12,AISI 409L No1 12x1250x2500,12,,
Нержавеющая сталь,ЛИСТ НЕРЖАВЕЮЩИЙ,AISI 409L No1 4x1250x2500,ЛИСТ НЕРЖАВЕЮЩИЙ 4 AISI 409L No1 4x1250x2500,"ЛИСТ НЕРЖАВЕЮЩИЙ марки AISI 409L No1 4x1250x2500, размер 4",4,164826,т,1,0,0,https://www.kavstal.ru/public/assets/images/products/LISTOVOI_PROKAT/LIST_NERZHAVEYUSHCHII/img.webp,труба обечайка;лист нержавеющий;aisi 409l no1 4x1250x2500;4,AISI 409L No1 4x1250x2500,4,,
Нержавеющая сталь,ЛИСТ НЕРЖАВЕЮЩИЙ,AISI 409L No1 5x1250x2500,ЛИСТ НЕРЖАВЕЮЩИЙ 5 AISI 409L No1 5x1250x2500,"ЛИСТ НЕРЖАВЕЮЩИЙ марки AISI 409L No1 5x1250x2500, размер 5",5,164826,т,1,0,0,https://www.kavstal.ru/public/assets/images/products/LISTOVOI_PROKAT/LIST_NERZHAVEYUSHCHII/img.webp,труба обечайка;лист нержавеющий;aisi 409l no1 5x1250x2500;5,AISI 409L No1 5x1250x2500,5,,
Нержавеющая сталь,ЛИСТ НЕРЖАВЕЮЩИЙ,AISI 409L No1 6x1250x2500,ЛИСТ НЕРЖАВЕЮЩИЙ 6 AISI 409L No1 6x1250x2500,"ЛИСТ НЕРЖАВЕЮЩИЙ марки AISI 409L No1 6x1250x2500, размер 6",6,173037,т,1,0,0,https://www.kavstal.ru/public/assets/images/products/LISTOVOI_PROKAT/LIST_NERZHAVEYUSHCHII/img.webp,труба обечайка;лист нержавеющий;aisi 409l no1 6x1250x2500;6,AISI 409L No1 6x1250x2500,6,,
Нержавеющая сталь,ЛИСТ НЕРЖАВЕЮЩИЙ,AISI 410S (08Х13) No1 3x1500x3000,ЛИСТ НЕРЖАВЕЮЩИЙ 3 AISI 410S (08Х13) No1 3x1500x3000,"ЛИСТ НЕРЖАВЕЮЩИЙ марки AISI 410S (08Х13) No1 3x1500x3000, размер 3",3,191896,т,1,0,0,https://www.kavstal.ru/public/assets/images/products/LISTOVOI_PROKAT/LIST_NERZHAVEYUSHCHII/img.webp,труба обечайка;лист нержавеющий;aisi 410s (08х13) no1 3x1500x3000;3,AISI 410S (08Х13) No1 3x1500x3000,3,,
Нержавеющая сталь,ЛИСТ НЕРЖАВЕЮЩИЙ,AISI 410S (08Х13) No1 4x1250x2500,ЛИСТ НЕРЖАВЕЮЩИЙ 4 AISI 410S (08Х13) No1 4x1250x2500,"ЛИСТ НЕРЖАВЕЮЩИЙ марки AISI 410S (08Х13) No1 4x1250x2500, размер 4",4,160725,т,1,0,0,https://www.kavstal.ru/public/assets/images/products/LISTOVOI_PROKAT/LIST_NERZHAVEYUSHCHII/img.webp,труба обечайка;лист нержавеющий;aisi 410s (08х13) no1 4x1250x2500;4,AISI 410S (08Х13) No1 4x1250x2500,4,,
Нержавеющая сталь,ЛИСТ НЕРЖАВЕЮЩИЙ,AISI 410S (08Х13) No1 4x1500x6000,ЛИСТ НЕРЖАВЕЮЩИЙ 4 AISI 410S (08Х13) No1 4x1500x6000,"ЛИСТ НЕРЖАВЕЮЩИЙ марки AISI 410S (08Х13) No1 4x1500x6000, размер 4",4,160725,т,1,0,0,https://www.kavstal.ru/public/assets/images/products/LISTOVOI_PROKAT/LIST_NERZHAVEYUSHCHII/img.webp,труба обечайка;лист нержавеющий;aisi 410s (08х13) no1 4x1500x6000;4,AISI 410S (08Х13) No1 4x1500x6000,4,,
Нержавеющая сталь,ЛИСТ НЕРЖАВЕЮЩИЙ,AISI 410S (08Х13) No1 5x1250x2500,ЛИСТ НЕРЖАВЕЮЩИЙ 5 AISI 410S (08Х13) No1 5x1250x2500,"ЛИСТ НЕРЖАВЕЮЩИЙ марки AISI 410S (08Х13) No1 5x1250x2500, размер 5",5,155610,т,1,0,0,https://www.kavstal.ru/public/assets/images/products/LISTOVOI_PROKAT/LIST_NERZHAVEYUSHCHII/img.webp,труба обечайка;лист нержавеющий;aisi 410s (08х13) no1 5x1250x2500;5,AISI 410S (08Х13) No1 5x1250x2500,5,,
Нержавеющая сталь,ЛИСТ НЕРЖАВЕЮЩИЙ,AISI 410S (08Х13) No1 5x1500x6000,ЛИСТ НЕРЖАВЕЮЩИЙ 5 AISI 410S (08Х13) No1 5x1500x6000,"ЛИСТ НЕРЖАВЕЮЩИЙ марки AISI 410S (08Х13) No1 5x1500x6000, размер 5",5,155610,т,1,0,0,https://www.kavstal.ru/public/assets/images/products/LISTOVOI_PROKAT/LIST_NERZHAVEYUSHCHII/img.webp,труба обечайка;лист нержавеющий;aisi 410s (08х13) no1 5x1500x6000;5,AISI 410S (08Х13) No1 5x1500x6000,5,,
Нержавеющая сталь,ЛИСТ НЕРЖАВЕЮЩИЙ,AISI 430 (08Х17) No1 3x1250x2500,ЛИСТ НЕРЖАВЕЮЩИЙ 3 AISI 430 (08Х17) No1 3x1250x2500,"ЛИСТ НЕРЖАВЕЮЩИЙ марки AISI 430 (08Х17) No1 3x1250x2500, размер 3",3,163354,т,1,0,0,https://www.kavstal.ru/public/assets/images/products/LISTOVOI_PROKAT/LIST_NERZHAVEYUSHCHII/img.webp,труба обечайка;лист нержавеющий;aisi 430 (08х17) no1 3x1250x2500;3,AISI 430 (08Х17) No1 3x1250x2500,3,,
Нержавеющая сталь,ЛИСТ НЕРЖАВЕЮЩИЙ,AISI 430 (08Х17) No1 4x1000x2000,ЛИСТ НЕРЖАВЕЮЩИЙ 4 AISI 430 (08Х17) No1 4x1000x2000,"ЛИСТ НЕРЖАВЕЮЩИЙ марки AISI 430 (08Х17) No1 4x1000x2000, размер 4",4,172814,11060,1,0,0,https://www.kavstal.ru/public/assets/images/products/LISTOVOI_PROKAT/LIST_NERZHAVEYUSHCHII/img.webp,труба обечайка;лист нержавеющий;aisi 430 (08х17) no1 4x1000x2000;4,AISI 430 (08Х17) No1 4x1000x2000,4,,11060
Нержавеющая сталь,ЛИСТ НЕРЖАВЕЮЩИЙ,AISI 430 (08Х17) No1 4x1250x2500,ЛИСТ НЕРЖАВЕЮЩИЙ 4 AISI 430 (08Х17) No1 4x1250x2500,"ЛИСТ НЕРЖАВЕЮЩИЙ марки AISI 430 (08Х17) No1 4x1250x2500, размер 4",4,172814,17281,1,0,0,https://www.kavstal.ru/public/assets/images/products/LISTOVOI_PROKAT/LIST_NERZHAVEYUSHCHII/img.webp,труба обечайка;лист нержавеющий;aisi 430 (08х17) no1 4x1250x2500;4,AISI 430 (08Х17) No1 4x1250x2500,4,,17281
Нержавеющая сталь,ЛИСТ НЕРЖАВЕЮЩИЙ,AISI 430 (08Х17) No1 4x1500x3000,ЛИСТ НЕРЖАВЕЮЩИЙ 4 AISI 430 (08Х17) No1 4x1500x3000,"ЛИСТ НЕРЖАВЕЮЩИЙ марки AISI 430 (08Х17) No1 4x1500x3000, размер 4",4,172814,т,1,0,0,https://www.kavstal.ru/public/assets/images/products/LISTOVOI_PROKAT/LIST_NERZHAVEYUSHCHII/img.webp,труба обечайка;лист нержавеющий;aisi 430 (08х17) no1 4x1500x3000;4,AISI 430 (08Х17) No1 4x1500x3000,4,,
Нержавеющая сталь,ЛИСТ НЕРЖАВЕЮЩИЙ,AISI 430 (08Х17) No1 5x1000x2000,ЛИСТ НЕРЖАВЕЮЩИЙ 5 AISI 430 (08Х17) No1 5x1000x2000,"ЛИСТ НЕРЖАВЕЮЩИЙ марки AISI 430 (08Х17) No1 5x1000x2000, размер 5",5,165851,13268,1,0,0,https://www.kavstal.ru/public/assets/images/products/LISTOVOI_PROKAT/LIST_NERZHAVEYUSHCHII/img.webp,труба обечайка;лист нержавеющий;aisi 430 (08х17) no1 5x1000x2000;5,AISI 430 (08Х17) No1 5x1000x2000,5,,13268
Нержавеющая сталь,ЛИСТ НЕРЖАВЕЮЩИЙ,AISI 430 (08Х17) No1 5x1250x2500,ЛИСТ НЕРЖАВЕЮЩИЙ 5 AISI 430 (08Х17) No1 5x1250x2500,"ЛИСТ НЕРЖАВЕЮЩИЙ марки AISI 430 (08Х17) No1 5x1250x2500, размер 5",5,172814,21602,1,0,0,https://www.kavstal.ru/public/assets/images/products/LISTOVOI_PROKAT/LIST_NERZHAVEYUSHCHII/img.webp,труба обечайка;лист нержавеющий;aisi 430 (08х17) no1 5x1250x2500;5,AISI 430 (08Х17) No1 5x1250x2500,5,,21602
Нержавеющая сталь,ЛИСТ НЕРЖАВЕЮЩИЙ,AISI 430 (08Х17) No1 5x1500x3000,ЛИСТ НЕРЖАВЕЮЩИЙ 5 AISI 430 (08Х17) No1 5x1500x3000,"ЛИСТ НЕРЖАВЕЮЩИЙ марки AISI 430 (08Х17) No1 5x1500x3000, размер 5",5,183938,т,1,0,0,https://www.kavstal.ru/public/assets/images/products/LISTOVOI_PROKAT/LIST_NERZHAVEYUSHCHII/img.webp,труба обечайка;лист нержавеющий;aisi 430 (08х17) no1 5x1500x3000;5,AISI 430 (08Х17) No1 5x1500x3000,5,,
Нержавеющая сталь,ЛИСТ НЕРЖАВЕЮЩИЙ,AISI 430 (08Х17) No1 6x1000x2000,ЛИСТ НЕРЖАВЕЮЩИЙ 6 AISI 430 (08Х17) No1 6x1000x2000,"ЛИСТ НЕРЖАВЕЮЩИЙ марки AISI 430 (08Х17) No1 6x1000x2000, размер 6",6,177970,17085,1,0,0,https://www.kavstal.ru/public/assets/images/products/LISTOVOI_PROKAT/LIST_NERZHAVEYUSHCHII/img.webp,труба обечайка;лист нержавеющий;aisi 430 (08х17) no1 6x1000x2000;6,AISI 430 (08Х17) No1 6x1000x2000,6,,17085
Нержавеющая сталь,ЛИСТ НЕРЖАВЕЮЩИЙ,AISI 430 (08Х17) No1 6x1250x2500,ЛИСТ НЕРЖАВЕЮЩИЙ 6 AISI 430 (08Х17) No1 6x1250x2500,"ЛИСТ НЕРЖАВЕЮЩИЙ марки AISI 430 (08Х17) No1 6x1250x2500, размер 6",6,172814,25922,1,0,0,https://www.kavstal.ru/public/assets/images/products/LISTOVOI_PROKAT/LIST_NERZHAVEYUSHCHII/img.webp,труба обечайка;лист нержавеющий;aisi 430 (08х17) no1 6x1250x2500;6,AISI 430 (08Х17) No1 6x1250x2500,6,,25922
Нержавеющая сталь,ЛИСТ НЕРЖАВЕЮЩИЙ,AISI 430 (08Х17) No1 6x1500x3000,ЛИСТ НЕРЖАВЕЮЩИЙ 6 AISI 430 (08Х17) No1 6x1500x3000,"ЛИСТ НЕРЖАВЕЮЩИЙ марки AISI 430 (08Х17) No1 6x1500x3000, размер 6",6,184304,т,1,0,0,https://www.kavstal.ru/public/assets/images/products/LISTOVOI_PROKAT/LIST_NERZHAVEYUSHCHII/img.webp,труба обечайка;лист нержавеющий;aisi 430 (08х17) no1 6x1500x3000;6,AISI 430 (08Х17) No1 6x1500x3000,6,,
Нержавеющая сталь,ЛИСТ НЕРЖАВЕЮЩИЙ,20Х23Н18 25x1200x3500,ЛИСТ НЕРЖАВЕЮЩИЙ 25 20Х23Н18 25x1200x3500,"ЛИСТ НЕРЖАВЕЮЩИЙ марки 20Х23Н18 25x1200x3500, размер 25",25,871263,т,1,0,0,https://www.kavstal.ru/public/assets/images/products/LISTOVOI_PROKAT/LIST_NERZHAVEYUSHCHII/img.webp,труба обечайка;лист нержавеющий;20х23н18 25x1200x3500;25,20Х23Н18 25x1200x3500,25,,
Нержавеющая сталь,ЛИСТ НЕРЖАВЕЮЩИЙ,20Х23Н18 3x1000x2000,ЛИСТ НЕРЖАВЕЮЩИЙ 3 20Х23Н18 3x1000x2000,"ЛИСТ НЕРЖАВЕЮЩИЙ марки 20Х23Н18 3x1000x2000, размер 3",3,1021462,т,1,0,0,https://www.kavstal.ru/public/assets/images/products/LISTOVOI_PROKAT/LIST_NERZHAVEYUSHCHII/img.webp,труба обечайка;лист нержавеющий;20х23н18 3x1000x2000;3,20Х23Н18 3x1000x2000,3,,
Нержавеющая сталь,ЛИСТ НЕРЖАВЕЮЩИЙ,20Х23Н18 6x1500x4500,ЛИСТ НЕРЖАВЕЮЩИЙ 6 20Х23Н18 6x1500x4500,"ЛИСТ НЕРЖАВЕЮЩИЙ марки 20Х23Н18 6x1500x4500, размер 6",6,955564,т,1,0,0,https://www.kavstal.ru/public/assets/images/products/LISTOVOI_PROKAT/LIST_NERZHAVEYUSHCHII/img.webp,труба обечайка;лист нержавеющий;20х23н18 6x1500x4500;6,20Х23Н18 6x1500x4500,6,,
Нержавеющая сталь,ЛИСТ НЕРЖАВЕЮЩИЙ,20Х23Н18 8x1500x4500,ЛИСТ НЕРЖАВЕЮЩИЙ 8 20Х23Н18 8x1500x4500,"ЛИСТ НЕРЖАВЕЮЩИЙ марки 20Х23Н18 8x1500x4500, размер 8",8,955564,т,1,0,0,https://www.kavstal.ru/public/assets/images/products/LISTOVOI_PROKAT/LIST_NERZHAVEYUSHCHII/img.webp,труба обечайка;лист нержавеющий;20х23н18 8x1500x4500;8,20Х23Н18 8x1500x4500,8,,
Нержавеющая сталь,ЛИСТ НЕРЖАВЕЮЩИЙ,AISI 201 No1 10x1000x2000,ЛИСТ НЕРЖАВЕЮЩИЙ 10 AISI 201 No1 10x1000x2000,"ЛИСТ НЕРЖАВЕЮЩИЙ марки AISI 201 No1 10x1000x2000, размер 10",10,170216,27235,1,0,0,https://www.kavstal.ru/public/assets/images/products/LISTOVOI_PROKAT/LIST_NERZHAVEYUSHCHII/img.webp,труба обечайка;лист нержавеющий;aisi 201 no1 10x1000x2000;10,AISI 201 No1 10x1000x2000,10,,27235
Нержавеющая сталь,ЛИСТ НЕРЖАВЕЮЩИЙ,AISI 201 No1 10x1240x2500,ЛИСТ НЕРЖАВЕЮЩИЙ 10 AISI 201 No1 10x1240x2500,"ЛИСТ НЕРЖАВЕЮЩИЙ марки AISI 201 No1 10x1240x2500, размер 10",10,170216,42554,1,0,0,https://www.kavstal.ru/public/assets/images/products/LISTOVOI_PROKAT/LIST_NERZHAVEYUSHCHII/img.webp,труба обечайка;лист нержавеющий;aisi 201 no1 10x1240x2500;10,AISI 201 No1 10x1240x2500,10,,42554
Нержавеющая сталь,ЛИСТ НЕРЖАВЕЮЩИЙ,AISI 201 No1 10x1500x3000,ЛИСТ НЕРЖАВЕЮЩИЙ 10 AISI 201 No1 10x1500x3000,"ЛИСТ НЕРЖАВЕЮЩИЙ марки AISI 201 No1 10x1500x3000, размер 10",10,170216,60427,1,0,0,https://www.kavstal.ru/public/assets/images/products/LISTOVOI_PROKAT/LIST_NERZHAVEYUSHCHII/img.webp,труба обечайка;лист нержавеющий;aisi 201 no1 10x1500x3000;10,AISI 201 No1 10x1500x3000,10,,60427
Нержавеющая сталь,ЛИСТ НЕРЖАВЕЮЩИЙ,AISI 201 No1 10x1500x6000,ЛИСТ НЕРЖАВЕЮЩИЙ 10 AISI 201 No1 10x1500x6000,"ЛИСТ НЕРЖАВЕЮЩИЙ марки AISI 201 No1 10x1500x6000, размер 10",10,177068,125718,1,0,0,https://www.kavstal.ru/public/assets/images/products/LISTOVOI_PROKAT/LIST_NERZHAVEYUSHCHII/img.webp,труба обечайка;лист нержавеющий;aisi 201 no1 10x1500x6000;10,AISI 201 No1 10x1500x6000,10,,125718
Нержавеющая сталь,ЛИСТ НЕРЖАВЕЮЩИЙ,AISI 201 No1 12x1000x2000,ЛИСТ НЕРЖАВЕЮЩИЙ 12 AISI 201 No1 12x1000x2000,"ЛИСТ НЕРЖАВЕЮЩИЙ марки AISI 201 No1 12x1000x2000, размер 12",12,170216,т,1,0,0,https://www.kavstal.ru/public/assets/images/products/LISTOVOI_PROKAT/LIST_NERZHAVEYUSHCHII/img.webp,труба обечайка;лист нержавеющий;aisi 201 no1 12x1000x2000;12,AISI 201 No1 12x1000x2000,12,,
Нержавеющая сталь,ЛИСТ НЕРЖАВЕЮЩИЙ,AISI 201 No1 12x1240x2500,ЛИСТ НЕРЖАВЕЮЩИЙ 12 AISI 201 No1 12x1240x2500,"ЛИСТ НЕРЖАВЕЮЩИЙ марки AISI 201 No1 12x1240x2500, размер 12",12,170216,т,1,0,0,https://www.kavstal.ru/public/assets/images/products/LISTOVOI_PROKAT/LIST_NERZHAVEYUSHCHII/img.webp,труба обечайка;лист нержавеющий;aisi 201 no1 12x1240x2500;12,AISI 201 No1 12x1240x2500,12,,
Нержавеющая сталь,ЛИСТ НЕРЖАВЕЮЩИЙ,AISI 201 No1 12x1500x3000,ЛИСТ НЕРЖАВЕЮЩИЙ 12 AISI 201 No1 12x1500x3000,"ЛИСТ НЕРЖАВЕЮЩИЙ марки AISI 201 No1 12x1500x3000, размер 12",12,177068,т,1,0,0,https://www.kavstal.ru/public/assets/images/products/LISTOVOI_PROKAT/LIST_NERZHAVEYUSHCHII/img.webp,труба обечайка;лист нержавеющий;aisi 201 no1 12x1500x3000;12,AISI 201 No1 12x1500x3000,12,,
Нержавеющая сталь,ЛИСТ НЕРЖАВЕЮЩИЙ,AISI 201 No1 14x1500x6000,ЛИСТ НЕРЖАВЕЮЩИЙ 14 AISI 201 No1 14x1500x6000,"ЛИСТ НЕРЖАВЕЮЩИЙ марки AISI 201 No1 14x1500x6000, размер 14",14,186217,т,1,0,0,https://www.kavstal.ru/public/assets/images/products/LISTOVOI_PROKAT/LIST_NERZHAVEYUSHCHII/img.webp,труба обечайка;лист нержавеющий;aisi 201 no1 14x1500x6000;14,AISI 201 No1 14x1500x6000,14,,
Нержавеющая сталь,ЛИСТ НЕРЖАВЕЮЩИЙ,AISI 201 No1 16x1500x6000,ЛИСТ НЕРЖАВЕЮЩИЙ 16 AISI 201 No1 16x1500x6000,"ЛИСТ НЕРЖАВЕЮЩИЙ марки AISI 201 No1 16x1500x6000, размер 16",16,188494,т,1,0,0,https://www.kavstal.ru/public/assets/images/products/LISTOVOI_PROKAT/LIST_NERZHAVEYUSHCHII/img.webp,труба обечайка;лист нержавеющий;aisi 201 no1 16x1500x6000;16,AISI 201 No1 16x1500x6000,16,,
Нержавеющая сталь,ЛИСТ НЕРЖАВЕЮЩИЙ,AISI 201 No1 20x1500x3000,ЛИСТ НЕРЖАВЕЮЩИЙ 20 AISI 201 No1 20x1500x3000,"ЛИСТ НЕРЖАВЕЮЩИЙ марки AISI 201 No1 20x1500x3000, размер 20",20,188494,т,1,0,0,https://www.kavstal.ru/public/assets/images/products/LISTOVOI_PROKAT/LIST_NERZHAVEYUSHCHII/img.webp,труба обечайка;лист нержавеющий;aisi 201 no1 20x1500x3000;20,AISI 201 No1 20x1500x3000,20,,
Нержавеющая сталь,ЛИСТ НЕРЖАВЕЮЩИЙ,AISI 201 No1 3x1000x2000,ЛИСТ НЕРЖАВЕЮЩИЙ 3 AISI 201 No1 3x1000x2000,"ЛИСТ НЕРЖАВЕЮЩИЙ марки AISI 201 No1 3x1000x2000, размер 3",3,170216,7830,1,0,0,https://www.kavstal.ru/public/assets/images/products/LISTOVOI_PROKAT/LIST_NERZHAVEYUSHCHII/img.webp,труба обечайка;лист нержавеющий;aisi 201 no1 3x1000x2000;3,AISI 201 No1 3x1000x2000,3,,7830
Нержавеющая сталь,ЛИСТ НЕРЖАВЕЮЩИЙ,AISI 201 No1 3x1240x2500,ЛИСТ НЕРЖАВЕЮЩИЙ 3 AISI 201 No1 3x1240x2500,"ЛИСТ НЕРЖАВЕЮЩИЙ марки AISI 201 No1 3x1240x2500, размер 3",3,170216,12256,1,0,0,https://www.kavstal.ru/public/assets/images/products/LISTOVOI_PROKAT/LIST_NERZHAVEYUSHCHII/img.webp,труба обечайка;лист нержавеющий;aisi 201 no1 3x1240x2500;3,AISI 201 No1 3x1240x2500,3,,12256
Нержавеющая сталь,ЛИСТ НЕРЖАВЕЮЩИЙ,AISI 201 No1 3x1500x3000,ЛИСТ НЕРЖАВЕЮЩИЙ 3 AISI 201 No1 3x1500x3000,"ЛИСТ НЕРЖАВЕЮЩИЙ марки AISI 201 No1 3x1500x3000, размер 3",3,170216,17873,1,0,0,https://www.kavstal.ru/public/assets/images/products/LISTOVOI_PROKAT/LIST_NERZHAVEYUSHCHII/img.webp,труба обечайка;лист нержавеющий;aisi 201 no1 3x1500x3000;3,AISI 201 No1 3x1500x3000,3,,17873
Нержавеющая сталь,ЛИСТ НЕРЖАВЕЮЩИЙ,AISI 201 No1 3x1500x6000,ЛИСТ НЕРЖАВЕЮЩИЙ 3 AISI 201 No1 3x1500x6000,"ЛИСТ НЕРЖАВЕЮЩИЙ марки AISI 201 No1 3x1500x6000, размер 3",3,201494,43120,1,0,0,https://www.kavstal.ru/public/assets/images/products/LISTOVOI_PROKAT/LIST_NERZHAVEYUSHCHII/img.webp,труба обечайка;лист нержавеющий;aisi 201 no1 3x1500x6000;3,AISI 201 No1 3x1500x6000,3,,43120
Нержавеющая сталь,ЛИСТ НЕРЖАВЕЮЩИЙ,AISI 201 No1 4x1000x2000,ЛИСТ НЕРЖАВЕЮЩИЙ 4 AISI 201 No1 4x1000x2000,"ЛИСТ НЕРЖАВЕЮЩИЙ марки AISI 201 No1 4x1000x2000, размер 4",4,170216,10553,1,0,0,https://www.kavstal.ru/public/assets/images/products/LISTOVOI_PROKAT/LIST_NERZHAVEYUSHCHII/img.webp,труба обечайка;лист нержавеющий;aisi 201 no1 4x1000x2000;4,AISI 201 No1 4x1000x2000,4,,10553
Нержавеющая сталь,ЛИСТ НЕРЖАВЕЮЩИЙ,AISI 201 No1 4x1240x2500,ЛИСТ НЕРЖАВЕЮЩИЙ 4 AISI 201 No1 4x1240x2500,"ЛИСТ НЕРЖАВЕЮЩИЙ марки AISI 201 No1 4x1240x2500, размер 4",4,170216,17022,1,0,0,https://www.kavstal.ru/public/assets/images/products/LISTOVOI_PROKAT/LIST_NERZHAVEYUSHCHII/img.webp,труба обечайка;лист нержавеющий;aisi 201 no1 4x1240x2500;4,AISI 201 No1 4x1240x2500,4,,17022
Нержавеющая сталь,ЛИСТ НЕРЖАВЕЮЩИЙ,AISI 201 No1 4x1500x3000,ЛИСТ НЕРЖАВЕЮЩИЙ 4 AISI 201 No1 4x1500x3000,"ЛИСТ НЕРЖАВЕЮЩИЙ марки AISI 201 No1 4x1500x3000, размер 4",4,170216,24511,1,0,0,https://www.kavstal.ru/public/assets/images/products/LISTOVOI_PROKAT/LIST_NERZHAVEYUSHCHII/img.webp,труба обечайка;лист нержавеющий;aisi 201 no1 4x1500x3000;4,AISI 201 No1 4x1500x3000,4,,24511
Нержавеющая сталь,ЛИСТ НЕРЖАВЕЮЩИЙ,AISI 201 No1 5x1240x2500,ЛИСТ НЕРЖАВЕЮЩИЙ 5 AISI 201 No1 5x1240x2500,"ЛИСТ НЕРЖАВЕЮЩИЙ марки AISI 201 No1 5x1240x2500, размер 5",5,170216,20937,1,0,0,https://www.kavstal.ru/public/assets/images/products/LISTOVOI_PROKAT/LIST_NERZHAVEYUSHCHII/img.webp,труба обечайка;лист нержавеющий;aisi 201 no1 5x1240x2500;5,AISI 201 No1 5x1240x2500,5,,20937
Нержавеющая сталь,ЛИСТ НЕРЖАВЕЮЩИЙ,AISI 201 No1 5x1500x3000,ЛИСТ НЕРЖАВЕЮЩИЙ 5 AISI 201 No1 5x1500x3000,"ЛИСТ НЕРЖАВЕЮЩИЙ марки AISI 201 No1 5x1500x3000, размер 5",5,170216,30639,1,0,0,https://www.kavstal.ru/public/assets/images/products/LISTOVOI_PROKAT/LIST_NERZHAVEYUSHCHII/img.webp,труба обечайка;лист нержавеющий;aisi 201 no1 5x1500x3000;5,AISI 201 No1 5x1500x3000,5,,30639
Нержавеющая сталь,ЛИСТ НЕРЖАВЕЮЩИЙ,AISI 201 No1 5x1500x6000,ЛИСТ НЕРЖАВЕЮЩИЙ 5 AISI 201 No1 5x1500x6000,"ЛИСТ НЕРЖАВЕЮЩИЙ марки AISI 201 No1 5x1500x6000, размер 5",5,177068,63744,1,0,0,https://www.kavstal.ru/public/assets/images/products/LISTOVOI_PROKAT/LIST_NERZHAVEYUSHCHII/img.webp,труба обечайка;лист нержавеющий;aisi 201 no1 5x1500x6000;5,AISI 201 No1 5x1500x6000,5,,63744
Нержавеющая сталь,ЛИСТ НЕРЖАВЕЮЩИЙ,AISI 201 No1 6x1000x2000,ЛИСТ НЕРЖАВЕЮЩИЙ 6 AISI 201 No1 6x1000x2000,"ЛИСТ НЕРЖАВЕЮЩИЙ марки AISI 201 No1 6x1000x2000, размер 6",6,170216,т,1,0,0,https://www.kavstal.ru/public/assets/images/products/LISTOVOI_PROKAT/LIST_NERZHAVEYUSHCHII/img.webp,труба обечайка;лист нержавеющий;aisi 201 no1 6x1000x2000;6,AISI 201 No1 6x1000x2000,6,,
Нержавеющая сталь,ЛИСТ НЕРЖАВЕЮЩИЙ,AISI 201 No1 6x1240x2500,ЛИСТ НЕРЖАВЕЮЩИЙ 6 AISI 201 No1 6x1240x2500,"ЛИСТ НЕРЖАВЕЮЩИЙ марки AISI 201 No1 6x1240x2500, размер 6",6,170216,25532,1,0,0,https://www.kavstal.ru/public/assets/images/products/LISTOVOI_PROKAT/LIST_NERZHAVEYUSHCHII/img.webp,труба обечайка;лист нержавеющий;aisi 201 no1 6x1240x2500;6,AISI 201 No1 6x1240x2500,6,,25532
Нержавеющая сталь,ЛИСТ НЕРЖАВЕЮЩИЙ,AISI 201 No1 6x1500x3000,ЛИСТ НЕРЖАВЕЮЩИЙ 6 AISI 201 No1 6x1500x3000,"ЛИСТ НЕРЖАВЕЮЩИЙ марки AISI 201 No1 6x1500x3000, размер 6",6,170216,36426,1,0,0,https://www.kavstal.ru/public/assets/images/products/LISTOVOI_PROKAT/LIST_NERZHAVEYUSHCHII/img.webp,труба обечайка;лист нержавеющий;aisi 201 no1 6x1500x3000;6,AISI 201 No1 6x1500x3000,6,,36426
Нержавеющая сталь,ЛИСТ НЕРЖАВЕЮЩИЙ,AISI 201 No1 6x1500x6000,ЛИСТ НЕРЖАВЕЮЩИЙ 6 AISI 201 No1 6x1500x6000,"ЛИСТ НЕРЖАВЕЮЩИЙ марки AISI 201 No1 6x1500x6000, размер 6",6,177068,76493,1,0,0,https://www.kavstal.ru/public/assets/images/products/LISTOVOI_PROKAT/LIST_NERZHAVEYUSHCHII/img.webp,труба обечайка;лист нержавеющий;aisi 201 no1 6x1500x6000;6,AISI 201 No1 6x1500x6000,6,,76493
Нержавеющая сталь,ЛИСТ НЕРЖАВЕЮЩИЙ,AISI 201 No1 8x1000x2000,ЛИСТ НЕРЖАВЕЮЩИЙ 8 AISI 201 No1 8x1000x2000,"ЛИСТ НЕРЖАВЕЮЩИЙ марки AISI 201 No1 8x1000x2000, размер 8",8,170216,т,1,0,0,https://www.kavstal.ru/public/assets/images/products/LISTOVOI_PROKAT/LIST_NERZHAVEYUSHCHII/img.webp,труба обечайка;лист нержавеющий;aisi 201 no1 8x1000x2000;8,AISI 201 No1 8x1000x2000,8,,
Нержавеющая сталь,ЛИСТ НЕРЖАВЕЮЩИЙ,AISI 201 No1 8x1240x2500,ЛИСТ НЕРЖАВЕЮЩИЙ 8 AISI 201 No1 8x1240x2500,"ЛИСТ НЕРЖАВЕЮЩИЙ марки AISI 201 No1 8x1240x2500, размер 8",8,170216,34043,1,0,0,https://www.kavstal.ru/public/assets/images/products/LISTOVOI_PROKAT/LIST_NERZHAVEYUSHCHII/img.webp,труба обечайка;лист нержавеющий;aisi 201 no1 8x1240x2500;8,AISI 201 No1 8x1240x2500,8,,34043
Нержавеющая сталь,ЛИСТ НЕРЖАВЕЮЩИЙ,AISI 201 No1 8x1500x3000,ЛИСТ НЕРЖАВЕЮЩИЙ 8 AISI 201 No1 8x1500x3000,"ЛИСТ НЕРЖАВЕЮЩИЙ марки AISI 201 No1 8x1500x3000, размер 8",8,177068,50641,1,0,0,https://www.kavstal.ru/public/assets/images/products/LISTOVOI_PROKAT/LIST_NERZHAVEYUSHCHII/img.webp,труба обечайка;лист нержавеющий;aisi 201 no1 8x1500x3000;8,AISI 201 No1 8x1500x3000,8,,50641
Нержавеющая сталь,ЛИСТ НЕРЖАВЕЮЩИЙ,AISI 201 No1 8x1500x6000,ЛИСТ НЕРЖАВЕЮЩИЙ 8 AISI 201 No1 8x1500x6000,"ЛИСТ НЕРЖАВЕЮЩИЙ марки AISI 201 No1 8x1500x6000, размер 8",8,177068,101991,1,0,0,https://www.kavstal.ru/public/assets/images/products/LISTOVOI_PROKAT/LIST_NERZHAVEYUSHCHII/img.webp,труба обечайка;лист нержавеющий;aisi 201 no1 8x1500x6000;8,AISI 201 No1 8x1500x6000,8,,101991
Нержавеющая сталь,ЛИСТ НЕРЖАВЕЮЩИЙ,AISI 304 (08Х18Н10) 50x1500x6000,ЛИСТ НЕРЖАВЕЮЩИЙ 50 AISI 304 (08Х18Н10) 50x1500x6000,"ЛИСТ НЕРЖАВЕЮЩИЙ марки AISI 304 (08Х18Н10) 50x1500x6000, размер 50",50,262900,946441,1,0,0,https://www.kavstal.ru/public/assets/images/products/LISTOVOI_PROKAT/LIST_NERZHAVEYUSHCHII/img.webp,труба обечайка;лист нержавеющий;aisi 304 (08х18н10) 50x1500x6000;50,AISI 304 (08Х18Н10) 50x1500x6000,50,,946441
Нержавеющая сталь,ЛИСТ НЕРЖАВЕЮЩИЙ,AISI 304 (08Х18Н10) No1 10x1000x2000,ЛИСТ НЕРЖАВЕЮЩИЙ 10 AISI 304 (08Х18Н10) No1 10x1000x2000,"ЛИСТ НЕРЖАВЕЮЩИЙ марки AISI 304 (08Х18Н10) No1 10x1000x2000, размер 10",10,254858,40777,1,0,0,https://www.kavstal.ru/public/assets/images/products/LISTOVOI_PROKAT/LIST_NERZHAVEYUSHCHII/img.webp,труба обечайка;лист нержавеющий;aisi 304 (08х18н10) no1 10x1000x2000;10,AISI 304 (08Х18Н10) No1 10x1000x2000,10,,40777
Нержавеющая сталь,ЛИСТ НЕРЖАВЕЮЩИЙ,AISI 304 (08Х18Н10) No1 10x1250x2500,ЛИСТ НЕРЖАВЕЮЩИЙ 10 AISI 304 (08Х18Н10) No1 10x1250x2500,"ЛИСТ НЕРЖАВЕЮЩИЙ марки AISI 304 (08Х18Н10) No1 10x1250x2500, размер 10",10,276345,69086,1,0,0,https://www.kavstal.ru/public/assets/images/products/LISTOVOI_PROKAT/LIST_NERZHAVEYUSHCHII/img.webp,труба обечайка;лист нержавеющий;aisi 304 (08х18н10) no1 10x1250x2500;10,AISI 304 (08Х18Н10) No1 10x1250x2500,10,,69086
Нержавеющая сталь,ЛИСТ НЕРЖАВЕЮЩИЙ,AISI 304 (08Х18Н10) No1 10x1500x3000,ЛИСТ НЕРЖАВЕЮЩИЙ 10 AISI 304 (08Х18Н10) No1 10x1500x3000,"ЛИСТ НЕРЖАВЕЮЩИЙ марки AISI 304 (08Х18Н10) No1 10x1500x3000, размер 10",10,251402,90505,1,0,0,https://www.kavstal.ru/public/assets/images/products/LISTOVOI_PROKAT/LIST_NERZHAVEYUSHCHII/img.webp,труба обечайка;лист нержавеющий;aisi 304 (08х18н10) no1 10x1500x3000;10,AISI 304 (08Х18Н10) No1 10x1500x3000,10,,90505
Нержавеющая сталь,ЛИСТ НЕРЖАВЕЮЩИЙ,AISI 304 (08Х18Н10) No1 10x1500x6000,ЛИСТ НЕРЖАВЕЮЩИЙ 10 AISI 304 (08Х18Н10) No1 10x1500x6000,"ЛИСТ НЕРЖАВЕЮЩИЙ марки AISI 304 (08Х18Н10) No1 10x1500x6000, размер 10",10,251402,181009,1,0,0,https://www.kavstal.ru/public/assets/images/products/LISTOVOI_PROKAT/LIST_NERZHAVEYUSHCHII/img.webp,труба обечайка;лист нержавеющий;aisi 304 (08х18н10) no1 10x1500x6000;10,AISI 304 (08Х18Н10) No1 10x1500x6000,10,,181009
Нержавеющая сталь,ЛИСТ НЕРЖАВЕЮЩИЙ,AISI 304 (08Х18Н10) No1 12x1000x2000,ЛИСТ НЕРЖАВЕЮЩИЙ 12 AISI 304 (08Х18Н10) No1 12x1000x2000,"ЛИСТ НЕРЖАВЕЮЩИЙ марки AISI 304 (08Х18Н10) No1 12x1000x2000, размер 12",12,259951,т,1,0,0,https://www.kavstal.ru/public/assets/images/products/LISTOVOI_PROKAT/LIST_NERZHAVEYUSHCHII/img.webp,труба обечайка;лист нержавеющий;aisi 304 (08х18н10) no1 12x1000x2000;12,AISI 304 (08Х18Н10) No1 12x1000x2000,12,,
Нержавеющая сталь,ЛИСТ НЕРЖАВЕЮЩИЙ,AISI 304 (08Х18Н10) No1 12x1000x2000,ЛИСТ НЕРЖАВЕЮЩИЙ 12 AISI 304 (08Х18Н10) No1 12x1000x2000,"ЛИСТ НЕРЖАВЕЮЩИЙ марки AISI 304 (08Х18Н10) No1 12x1000x2000, размер 12",12,259951,49911,1,0,0,https://www.kavstal.ru/public/assets/images/products/LISTOVOI_PROKAT/LIST_NERZHAVEYUSHCHII/img.webp,труба обечайка;лист нержавеющий;aisi 304 (08х18н10) no1 12x1000x2000;12,AISI 304 (08Х18Н10) No1 12x1000x2000,12,,49911
Нержавеющая сталь,ЛИСТ НЕРЖАВЕЮЩИЙ,AISI 304 (08Х18Н10) No1 12x1250x2500,ЛИСТ НЕРЖАВЕЮЩИЙ 12 AISI 304 (08Х18Н10) No1 12x1250x2500,"ЛИСТ НЕРЖАВЕЮЩИЙ марки AISI 304 (08Х18Н10) No1 12x1250x2500, размер 12",12,275165,82550,1,0,0,https://www.kavstal.ru/public/assets/images/products/LISTOVOI_PROKAT/LIST_NERZHAVEYUSHCHII/img.webp,труба обечайка;лист нержавеющий;aisi 304 (08х18н10) no1 12x1250x2500;12,AISI 304 (08Х18Н10) No1 12x1250x2500,12,,82550
Нержавеющая сталь,ЛИСТ НЕРЖАВЕЮЩИЙ,AISI 304 (08Х18Н10) No1 12x1500x3000,ЛИСТ НЕРЖАВЕЮЩИЙ 12 AISI 304 (08Х18Н10) No1 12x1500x3000,"ЛИСТ НЕРЖАВЕЮЩИЙ марки AISI 304 (08Х18Н10) No1 12x1500x3000, размер 12",12,254858,т,1,0,0,https://www.kavstal.ru/public/assets/images/products/LISTOVOI_PROKAT/LIST_NERZHAVEYUSHCHII/img.webp,труба обечайка;лист нержавеющий;aisi 304 (08х18н10) no1 12x1500x3000;12,AISI 304 (08Х18Н10) No1 12x1500x3000,12,,
Нержавеющая сталь,ЛИСТ НЕРЖАВЕЮЩИЙ,AISI 304 (08Х18Н10) No1 12x1500x3000,ЛИСТ НЕРЖАВЕЮЩИЙ 12 AISI 304 (08Х18Н10) No1 12x1500x3000,"ЛИСТ НЕРЖАВЕЮЩИЙ марки AISI 304 (08Х18Н10) No1 12x1500x3000, размер 12",12,254858,110099,1,0,0,https://www.kavstal.ru/public/assets/images/products/LISTOVOI_PROKAT/LIST_NERZHAVEYUSHCHII/img.webp,труба обечайка;лист нержавеющий;aisi 304 (08х18н10) no1 12x1500x3000;12,AISI 304 (08Х18Н10) No1 12x1500x3000,12,,110099
Нержавеющая сталь,ЛИСТ НЕРЖАВЕЮЩИЙ,AISI 304 (08Х18Н10) No1 12x1500x6000,ЛИСТ НЕРЖАВЕЮЩИЙ 12 AISI 304 (08Х18Н10) No1 12x1500x6000,"ЛИСТ НЕРЖАВЕЮЩИЙ марки AISI 304 (08Х18Н10) No1 12x1500x6000, размер 12",12,263470,227638,1,0,0,https://www.kavstal.ru/public/assets/images/products/LISTOVOI_PROKAT/LIST_NERZHAVEYUSHCHII/img.webp,труба обечайка;лист нержавеющий;aisi 304 (08х18н10) no1 12x1500x6000;12,AISI 304 (08Х18Н10) No1 12x1500x6000,12,,227638
Нержавеющая сталь,ЛИСТ НЕРЖАВЕЮЩИЙ,AISI 304 (08Х18Н10) No1 14x1500x3000,ЛИСТ НЕРЖАВЕЮЩИЙ 14 AISI 304 (08Х18Н10) No1 14x1500x3000,"ЛИСТ НЕРЖАВЕЮЩИЙ марки AISI 304 (08Х18Н10) No1 14x1500x3000, размер 14",14,263470,т,1,0,0,https://www.kavstal.ru/public/assets/images/products/LISTOVOI_PROKAT/LIST_NERZHAVEYUSHCHII/img.webp,труба обечайка;лист нержавеющий;aisi 304 (08х18н10) no1 14x1500x3000;14,AISI 304 (08Х18Н10) No1 14x1500x3000,14,,
Нержавеющая сталь,ЛИСТ НЕРЖАВЕЮЩИЙ,AISI 304 (08Х18Н10) No1 14x1500x6000,ЛИСТ НЕРЖАВЕЮЩИЙ 14 AISI 304 (08Х18Н10) No1 14x1500x6000,"ЛИСТ НЕРЖАВЕЮЩИЙ марки AISI 304 (08Х18Н10) No1 14x1500x6000, размер 14",14,263470,265577,1,0,0,https://www.kavstal.ru/public/assets/images/products/LISTOVOI_PROKAT/LIST_NERZHAVEYUSHCHII/img.webp,труба обечайка;лист нержавеющий;aisi 304 (08х18н10) no1 14x1500x6000;14,AISI 304 (08Х18Н10) No1 14x1500x6000,14,,265577
Нержавеющая сталь,ЛИСТ НЕРЖАВЕЮЩИЙ,AISI 304 (08Х18Н10) No1 16x1000x2000,ЛИСТ НЕРЖАВЕЮЩИЙ 16 AISI 304 (08Х18Н10) No1 16x1000x2000,"ЛИСТ НЕРЖАВЕЮЩИЙ марки AISI 304 (08Х18Н10) No1 16x1000x2000, размер 16",16,268148,68646,1,0,0,https://www.kavstal.ru/public/assets/images/products/LISTOVOI_PROKAT/LIST_NERZHAVEYUSHCHII/img.webp,труба обечайка;лист нержавеющий;aisi 304 (08х18н10) no1 16x1000x2000;16,AISI 304 (08Х18Н10) No1 16x1000x2000,16,,68646
Нержавеющая сталь,ЛИСТ НЕРЖАВЕЮЩИЙ,AISI 304 (08Х18Н10) No1 16x1250x2500,ЛИСТ НЕРЖАВЕЮЩИЙ 16 AISI 304 (08Х18Н10) No1 16x1250x2500,"ЛИСТ НЕРЖАВЕЮЩИЙ марки AISI 304 (08Х18Н10) No1 16x1250x2500, размер 16",16,272836,т,1,0,0,https://www.kavstal.ru/public/assets/images/products/LISTOVOI_PROKAT/LIST_NERZHAVEYUSHCHII/img.webp,труба обечайка;лист нержавеющий;aisi 304 (08х18н10) no1 16x1250x2500;16,AISI 304 (08Х18Н10) No1 16x1250x2500,16,,
Нержавеющая сталь,ЛИСТ НЕРЖАВЕЮЩИЙ,AISI 304 (08Х18Н10) No1 16x1500x3000,ЛИСТ НЕРЖАВЕЮЩИЙ 16 AISI 304 (08Х18Н10) No1 16x1500x3000,"ЛИСТ НЕРЖАВЕЮЩИЙ марки AISI 304 (08Х18Н10) No1 16x1500x3000, размер 16",16,256007,т,1,0,0,https://www.kavstal.ru/public/assets/images/products/LISTOVOI_PROKAT/LIST_NERZHAVEYUSHCHII/img.webp,труба обечайка;лист нержавеющий;aisi 304 (08х18н10) no1 16x1500x3000;16,AISI 304 (08Х18Н10) No1 16x1500x3000,16,,
Нержавеющая сталь,ЛИСТ НЕРЖАВЕЮЩИЙ,AISI 304 (08Х18Н10) No1 16x1500x3000,ЛИСТ НЕРЖАВЕЮЩИЙ 16 AISI 304 (08Х18Н10) No1 16x1500x3000,"ЛИСТ НЕРЖАВЕЮЩИЙ марки AISI 304 (08Х18Н10) No1 16x1500x3000, размер 16",16,256007,147460,1,0,0,https://www.kavstal.ru/public/assets/images/products/LISTOVOI_PROKAT/LIST_NERZHAVEYUSHCHII/img.webp,труба обечайка;лист нержавеющий;aisi 304 (08х18н10) no1 16x1500x3000;16,AISI 304 (08Х18Н10) No1 16x1500x3000,16,,147460
Нержавеющая сталь,ЛИСТ НЕРЖАВЕЮЩИЙ,AISI 304 (08Х18Н10) No1 16x1500x6000,ЛИСТ НЕРЖАВЕЮЩИЙ 16 AISI 304 (08Х18Н10) No1 16x1500x6000,"ЛИСТ НЕРЖАВЕЮЩИЙ марки AISI 304 (08Х18Н10) No1 16x1500x6000, размер 16",16,251402,289615,1,0,0,https://www.kavstal.ru/public/assets/images/products/LISTOVOI_PROKAT/LIST_NERZHAVEYUSHCHII/img.webp,труба обечайка;лист нержавеющий;aisi 304 (08х18н10) no1 16x1500x6000;16,AISI 304 (08Х18Н10) No1 16x1500x6000,16,,289615
Нержавеющая сталь,ЛИСТ НЕРЖАВЕЮЩИЙ,AISI 304 (08Х18Н10) No1 18x1500x6000,ЛИСТ НЕРЖАВЕЮЩИЙ 18 AISI 304 (08Х18Н10) No1 18x1500x6000,"ЛИСТ НЕРЖАВЕЮЩИЙ марки AISI 304 (08Х18Н10) No1 18x1500x6000, размер 18",18,272836,353596,1,0,0,https://www.kavstal.ru/public/assets/images/products/LISTOVOI_PROKAT/LIST_NERZHAVEYUSHCHII/img.webp,труба обечайка;лист нержавеющий;aisi 304 (08х18н10) no1 18x1500x6000;18,AISI 304 (08Х18Н10) No1 18x1500x6000,18,,353596
Нержавеющая сталь,ЛИСТ НЕРЖАВЕЮЩИЙ,AISI 304 (08Х18Н10) No1 20x1000x2000,ЛИСТ НЕРЖАВЕЮЩИЙ 20 AISI 304 (08Х18Н10) No1 20x1000x2000,"ЛИСТ НЕРЖАВЕЮЩИЙ марки AISI 304 (08Х18Н10) No1 20x1000x2000, размер 20",20,266968,т,1,0,0,https://www.kavstal.ru/public/assets/images/products/LISTOVOI_PROKAT/LIST_NERZHAVEYUSHCHII/img.webp,труба обечайка;лист нержавеющий;aisi 304 (08х18н10) no1 20x1000x2000;20,AISI 304 (08Х18Н10) No1 20x1000x2000,20,,
Нержавеющая сталь,ЛИСТ НЕРЖАВЕЮЩИЙ,AISI 304 (08Х18Н10) No1 20x1500x3000,ЛИСТ НЕРЖАВЕЮЩИЙ 20 AISI 304 (08Х18Н10) No1 20x1500x3000,"ЛИСТ НЕРЖАВЕЮЩИЙ марки AISI 304 (08Х18Н10) No1 20x1500x3000, размер 20",20,263201,т,1,0,0,https://www.kavstal.ru/public/assets/images/products/LISTOVOI_PROKAT/LIST_NERZHAVEYUSHCHII/img.webp,труба обечайка;лист нержавеющий;aisi 304 (08х18н10) no1 20x1500x3000;20,AISI 304 (08Х18Н10) No1 20x1500x3000,20,,
Нержавеющая сталь,ЛИСТ НЕРЖАВЕЮЩИЙ,AISI 304 (08Х18Н10) No1 20x1500x3000,ЛИСТ НЕРЖАВЕЮЩИЙ 20 AISI 304 (08Х18Н10) No1 20x1500x3000,"ЛИСТ НЕРЖАВЕЮЩИЙ марки AISI 304 (08Х18Н10) No1 20x1500x3000, размер 20",20,263201,189504,1,0,0,https://www.kavstal.ru/public/assets/images/products/LISTOVOI_PROKAT/LIST_NERZHAVEYUSHCHII/img.webp,труба обечайка;лист нержавеющий;aisi 304 (08х18н10) no1 20x1500x3000;20,AISI 304 (08Х18Н10) No1 20x1500x3000,20,,189504
Нержавеющая сталь,ЛИСТ НЕРЖАВЕЮЩИЙ,AISI 304 (08Х18Н10) No1 20x1500x6000,ЛИСТ НЕРЖАВЕЮЩИЙ 20 AISI 304 (08Х18Н10) No1 20x1500x6000,"ЛИСТ НЕРЖАВЕЮЩИЙ марки AISI 304 (08Х18Н10) No1 20x1500x6000, размер 20",20,263201,т,1,0,0,https://www.kavstal.ru/public/assets/images/products/LISTOVOI_PROKAT/LIST_NERZHAVEYUSHCHII/img.webp,труба обечайка;лист нержавеющий;aisi 304 (08х18н10) no1 20x1500x6000;20,AISI 304 (08Х18Н10) No1 20x1500x6000,20,,
Нержавеющая сталь,ЛИСТ НЕРЖАВЕЮЩИЙ,AISI 304 (08Х18Н10) No1 25x1250x2500,ЛИСТ НЕРЖАВЕЮЩИЙ 25 AISI 304 (08Х18Н10) No1 25x1250x2500,"ЛИСТ НЕРЖАВЕЮЩИЙ марки AISI 304 (08Х18Н10) No1 25x1250x2500, размер 25",25,272164,т,1,0,0,https://www.kavstal.ru/public/assets/images/products/LISTOVOI_PROKAT/LIST_NERZHAVEYUSHCHII/img.webp,труба обечайка;лист нержавеющий;aisi 304 (08х18н10) no1 25x1250x2500;25,AISI 304 (08Х18Н10) No1 25x1250x2500,25,,
Нержавеющая сталь,ЛИСТ НЕРЖАВЕЮЩИЙ,AISI 304 (08Х18Н10) No1 25x1500x6000,ЛИСТ НЕРЖАВЕЮЩИЙ 25 AISI 304 (08Х18Н10) No1 25x1500x6000,"ЛИСТ НЕРЖАВЕЮЩИЙ марки AISI 304 (08Х18Н10) No1 25x1500x6000, размер 25",25,257715,т,1,0,0,https://www.kavstal.ru/public/assets/images/products/LISTOVOI_PROKAT/LIST_NERZHAVEYUSHCHII/img.webp,труба обечайка;лист нержавеющий;aisi 304 (08х18н10) no1 25x1500x6000;25,AISI 304 (08Х18Н10) No1 25x1500x6000,25,,
Нержавеющая сталь,ЛИСТ НЕРЖАВЕЮЩИЙ,AISI 304 (08Х18Н10) No1 25x1500x6000,ЛИСТ НЕРЖАВЕЮЩИЙ 25 AISI 304 (08Х18Н10) No1 25x1500x6000,"ЛИСТ НЕРЖАВЕЮЩИЙ марки AISI 304 (08Х18Н10) No1 25x1500x6000, размер 25",25,257715,463887,1,0,0,https://www.kavstal.ru/public/assets/images/products/LISTOVOI_PROKAT/LIST_NERZHAVEYUSHCHII/img.webp,труба обечайка;лист нержавеющий;aisi 304 (08х18н10) no1 25x1500x6000;25,AISI 304 (08Х18Н10) No1 25x1500x6000,25,,463887
Нержавеющая сталь,ЛИСТ НЕРЖАВЕЮЩИЙ,AISI 304 (08Х18Н10) No1 2x1000x2000,ЛИСТ НЕРЖАВЕЮЩИЙ 2 AISI 304 (08Х18Н10) No1 2x1000x2000,"ЛИСТ НЕРЖАВЕЮЩИЙ марки AISI 304 (08Х18Н10) No1 2x1000x2000, размер 2",2,298587,9555,1,0,0,https://www.kavstal.ru/public/assets/images/products/LISTOVOI_PROKAT/LIST_NERZHAVEYUSHCHII/img.webp,труба обечайка;лист нержавеющий;aisi 304 (08х18н10) no1 2x1000x2000;2,AISI 304 (08Х18Н10) No1 2x1000x2000,2,,9555
Нержавеющая сталь,ЛИСТ НЕРЖАВЕЮЩИЙ,AISI 304 (08Х18Н10) No1 30x1500x3000,ЛИСТ НЕРЖАВЕЮЩИЙ 30 AISI 304 (08Х18Н10) No1 30x1500x3000,"ЛИСТ НЕРЖАВЕЮЩИЙ марки AISI 304 (08Х18Н10) No1 30x1500x3000, размер 30",30,244529,т,1,0,0,https://www.kavstal.ru/public/assets/images/products/LISTOVOI_PROKAT/LIST_NERZHAVEYUSHCHII/img.webp,труба обечайка;лист нержавеющий;aisi 304 (08х18н10) no1 30x1500x3000;30,AISI 304 (08Х18Н10) No1 30x1500x3000,30,,
Нержавеющая сталь,ЛИСТ НЕРЖАВЕЮЩИЙ,AISI 304 (08Х18Н10) No1 30x1500x6000,ЛИСТ НЕРЖАВЕЮЩИЙ 30 AISI 304 (08Х18Н10) No1 30x1500x6000,"ЛИСТ НЕРЖАВЕЮЩИЙ марки AISI 304 (08Х18Н10) No1 30x1500x6000, размер 30",30,244529,528183,1,0,0,https://www.kavstal.ru/public/assets/images/products/LISTOVOI_PROKAT/LIST_NERZHAVEYUSHCHII/img.webp,труба обечайка;лист нержавеющий;aisi 304 (08х18н10) no1 30x1500x6000;30,AISI 304 (08Х18Н10) No1 30x1500x6000,30,,528183
Нержавеющая сталь,ЛИСТ НЕРЖАВЕЮЩИЙ,AISI 304 (08Х18Н10) No1 36x1500x6000,ЛИСТ НЕРЖАВЕЮЩИЙ 36 AISI 304 (08Х18Н10) No1 36x1500x6000,"ЛИСТ НЕРЖАВЕЮЩИЙ марки AISI 304 (08Х18Н10) No1 36x1500x6000, размер 36",36,266968,т,1,0,0,https://www.kavstal.ru/public/assets/images/products/LISTOVOI_PROKAT/LIST_NERZHAVEYUSHCHII/img.webp,труба обечайка;лист нержавеющий;aisi 304 (08х18н10) no1 36x1500x6000;36,AISI 304 (08Х18Н10) No1 36x1500x6000,36,,
Нержавеющая сталь,ЛИСТ НЕРЖАВЕЮЩИЙ,AISI 304 (08Х18Н10) No1 3x1000x2000,ЛИСТ НЕРЖАВЕЮЩИЙ 3 AISI 304 (08Х18Н10) No1 3x1000x2000,"ЛИСТ НЕРЖАВЕЮЩИЙ марки AISI 304 (08Х18Н10) No1 3x1000x2000, размер 3",3,276345,13265,1,0,0,https://www.kavstal.ru/public/assets/images/products/LISTOVOI_PROKAT/LIST_NERZHAVEYUSHCHII/img.webp,труба обечайка;лист нержавеющий;aisi 304 (08х18н10) no1 3x1000x2000;3,AISI 304 (08Х18Н10) No1 3x1000x2000,3,,13265
Нержавеющая сталь,ЛИСТ НЕРЖАВЕЮЩИЙ,AISI 304 (08Х18Н10) No1 3x1250x2500,ЛИСТ НЕРЖАВЕЮЩИЙ 3 AISI 304 (08Х18Н10) No1 3x1250x2500,"ЛИСТ НЕРЖАВЕЮЩИЙ марки AISI 304 (08Х18Н10) No1 3x1250x2500, размер 3",3,256007,т,1,0,0,https://www.kavstal.ru/public/assets/images/products/LISTOVOI_PROKAT/LIST_NERZHAVEYUSHCHII/img.webp,труба обечайка;лист нержавеющий;aisi 304 (08х18н10) no1 3x1250x2500;3,AISI 304 (08Х18Н10) No1 3x1250x2500,3,,
Нержавеющая сталь,ЛИСТ НЕРЖАВЕЮЩИЙ,AISI 304 (08Х18Н10) No1 3x1250x2500,ЛИСТ НЕРЖАВЕЮЩИЙ 3 AISI 304 (08Х18Н10) No1 3x1250x2500,"ЛИСТ НЕРЖАВЕЮЩИЙ марки AISI 304 (08Х18Н10) No1 3x1250x2500, размер 3",3,256007,19201,1,0,0,https://www.kavstal.ru/public/assets/images/products/LISTOVOI_PROKAT/LIST_NERZHAVEYUSHCHII/img.webp,труба обечайка;лист нержавеющий;aisi 304 (08х18н10) no1 3x1250x2500;3,AISI 304 (08Х18Н10) No1 3x1250x2500,3,,19201
Нержавеющая сталь,ЛИСТ НЕРЖАВЕЮЩИЙ,AISI 304 (08Х18Н10) No1 3x1500x3000,ЛИСТ НЕРЖАВЕЮЩИЙ 3 AISI 304 (08Х18Н10) No1 3x1500x3000,"ЛИСТ НЕРЖАВЕЮЩИЙ марки AISI 304 (08Х18Н10) No1 3x1500x3000, размер 3",3,274006,т,1,0,0,https://www.kavstal.ru/public/assets/images/products/LISTOVOI_PROKAT/LIST_NERZHAVEYUSHCHII/img.webp,труба обечайка;лист нержавеющий;aisi 304 (08х18н10) no1 3x1500x3000;3,AISI 304 (08Х18Н10) No1 3x1500x3000,3,,
Нержавеющая сталь,ЛИСТ НЕРЖАВЕЮЩИЙ,AISI 304 (08Х18Н10) No1 3x1500x3000,ЛИСТ НЕРЖАВЕЮЩИЙ 3 AISI 304 (08Х18Н10) No1 3x1500x3000,"ЛИСТ НЕРЖАВЕЮЩИЙ марки AISI 304 (08Х18Н10) No1 3x1500x3000, размер 3",3,274006,29593,1,0,0,https://www.kavstal.ru/public/assets/images/products/LISTOVOI_PROKAT/LIST_NERZHAVEYUSHCHII/img.webp,труба обечайка;лист нержавеющий;aisi 304 (08х18н10) no1 3x1500x3000;3,AISI 304 (08Х18Н10) No1 3x1500x3000,3,,29593
Нержавеющая сталь,ЛИСТ НЕРЖАВЕЮЩИЙ,AISI 304 (08Х18Н10) No1 3x1500x6000,ЛИСТ НЕРЖАВЕЮЩИЙ 3 AISI 304 (08Х18Н10) No1 3x1500x6000,"ЛИСТ НЕРЖАВЕЮЩИЙ марки AISI 304 (08Х18Н10) No1 3x1500x6000, размер 3",3,259443,56040,1,0,0,https://www.kavstal.ru/public/assets/images/products/LISTOVOI_PROKAT/LIST_NERZHAVEYUSHCHII/img.webp,труба обечайка;лист нержавеющий;aisi 304 (08х18н10) no1 3x1500x6000;3,AISI 304 (08Х18Н10) No1 3x1500x6000,3,,56040
Нержавеющая сталь,ЛИСТ НЕРЖАВЕЮЩИЙ,AISI 304 (08Х18Н10) No1 4x1000x2000,ЛИСТ НЕРЖАВЕЮЩИЙ 4 AISI 304 (08Х18Н10) No1 4x1000x2000,"ЛИСТ НЕРЖАВЕЮЩИЙ марки AISI 304 (08Х18Н10) No1 4x1000x2000, размер 4",4,254093,16262,1,0,0,https://www.kavstal.ru/public/assets/images/products/LISTOVOI_PROKAT/LIST_NERZHAVEYUSHCHII/img.webp,труба обечайка;лист нержавеющий;aisi 304 (08х18н10) no1 4x1000x2000;4,AISI 304 (08Х18Н10) No1 4x1000x2000,4,,16262
Нержавеющая сталь,ЛИСТ НЕРЖАВЕЮЩИЙ,AISI 304 (08Х18Н10) No1 4x1250x2500,ЛИСТ НЕРЖАВЕЮЩИЙ 4 AISI 304 (08Х18Н10) No1 4x1250x2500,"ЛИСТ НЕРЖАВЕЮЩИЙ марки AISI 304 (08Х18Н10) No1 4x1250x2500, размер 4",4,263201,т,1,0,0,https://www.kavstal.ru/public/assets/images/products/LISTOVOI_PROKAT/LIST_NERZHAVEYUSHCHII/img.webp,труба обечайка;лист нержавеющий;aisi 304 (08х18н10) no1 4x1250x2500;4,AISI 304 (08Х18Н10) No1 4x1250x2500,4,,
Нержавеющая сталь,ЛИСТ НЕРЖАВЕЮЩИЙ,AISI 304 (08Х18Н10) No1 4x1250x2500,ЛИСТ НЕРЖАВЕЮЩИЙ 4 AISI 304 (08Х18Н10) No1 4x1250x2500,"ЛИСТ НЕРЖАВЕЮЩИЙ марки AISI 304 (08Х18Н10) No1 4x1250x2500, размер 4",4,263201,26320,1,0,0,https://www.kavstal.ru/public/assets/images/products/LISTOVOI_PROKAT/LIST_NERZHAVEYUSHCHII/img.webp,труба обечайка;лист нержавеющий;aisi 304 (08х18н10) no1 4x1250x2500;4,AISI 304 (08Х18Н10) No1 4x1250x2500,4,,26320
Нержавеющая сталь,ЛИСТ НЕРЖАВЕЮЩИЙ,AISI 304 (08Х18Н10) No1 4x1500x3000,ЛИСТ НЕРЖАВЕЮЩИЙ 4 AISI 304 (08Х18Н10) No1 4x1500x3000,"ЛИСТ НЕРЖАВЕЮЩИЙ марки AISI 304 (08Х18Н10) No1 4x1500x3000, размер 4",4,267672,т,1,0,0,https://www.kavstal.ru/public/assets/images/products/LISTOVOI_PROKAT/LIST_NERZHAVEYUSHCHII/img.webp,труба обечайка;лист нержавеющий;aisi 304 (08х18н10) no1 4x1500x3000;4,AISI 304 (08Х18Н10) No1 4x1500x3000,4,,
Нержавеющая сталь,ЛИСТ НЕРЖАВЕЮЩИЙ,AISI 304 (08Х18Н10) No1 4x1500x3000,ЛИСТ НЕРЖАВЕЮЩИЙ 4 AISI 304 (08Х18Н10) No1 4x1500x3000,"ЛИСТ НЕРЖАВЕЮЩИЙ марки AISI 304 (08Х18Н10) No1 4x1500x3000, размер 4",4,267672,38545,1,0,0,https://www.kavstal.ru/public/assets/images/products/LISTOVOI_PROKAT/LIST_NERZHAVEYUSHCHII/img.webp,труба обечайка;лист нержавеющий;aisi 304 (08х18н10) no1 4x1500x3000;4,AISI 304 (08Х18Н10) No1 4x1500x3000,4,,38545
Нержавеющая сталь,ЛИСТ НЕРЖАВЕЮЩИЙ,AISI 304 (08Х18Н10) No1 4x1500x6000,ЛИСТ НЕРЖАВЕЮЩИЙ 4 AISI 304 (08Х18Н10) No1 4x1500x6000,"ЛИСТ НЕРЖАВЕЮЩИЙ марки AISI 304 (08Х18Н10) No1 4x1500x6000, размер 4",4,267672,т,1,0,0,https://www.kavstal.ru/public/assets/images/products/LISTOVOI_PROKAT/LIST_NERZHAVEYUSHCHII/img.webp,труба обечайка;лист нержавеющий;aisi 304 (08х18н10) no1 4x1500x6000;4,AISI 304 (08Х18Н10) No1 4x1500x6000,4,,
Нержавеющая сталь,ЛИСТ НЕРЖАВЕЮЩИЙ,AISI 304 (08Х18Н10) No1 4x1500x6000,ЛИСТ НЕРЖАВЕЮЩИЙ 4 AISI 304 (08Х18Н10) No1 4x1500x6000,"ЛИСТ НЕРЖАВЕЮЩИЙ марки AISI 304 (08Х18Н10) No1 4x1500x6000, размер 4",4,267672,77089,1,0,0,https://www.kavstal.ru/public/assets/images/products/LISTOVOI_PROKAT/LIST_NERZHAVEYUSHCHII/img.webp,труба обечайка;лист нержавеющий;aisi 304 (08х18н10) no1 4x1500x6000;4,AISI 304 (08Х18Н10) No1 4x1500x6000,4,,77089
Нержавеющая сталь,ЛИСТ НЕРЖАВЕЮЩИЙ,AISI 304 (08Х18Н10) No1 5x1000x2000,ЛИСТ НЕРЖАВЕЮЩИЙ 5 AISI 304 (08Х18Н10) No1 5x1000x2000,"ЛИСТ НЕРЖАВЕЮЩИЙ марки AISI 304 (08Х18Н10) No1 5x1000x2000, размер 5",5,257612,т,1,0,0,https://www.kavstal.ru/public/assets/images/products/LISTOVOI_PROKAT/LIST_NERZHAVEYUSHCHII/img.webp,труба обечайка;лист нержавеющий;aisi 304 (08х18н10) no1 5x1000x2000;5,AISI 304 (08Х18Н10) No1 5x1000x2000,5,,
Нержавеющая сталь,ЛИСТ НЕРЖАВЕЮЩИЙ,AISI 304 (08Х18Н10) No1 5x1000x2000,ЛИСТ НЕРЖАВЕЮЩИЙ 5 AISI 304 (08Х18Н10) No1 5x1000x2000,"ЛИСТ НЕРЖАВЕЮЩИЙ марки AISI 304 (08Х18Н10) No1 5x1000x2000, размер 5",5,257612,20609,1,0,0,https://www.kavstal.ru/public/assets/images/products/LISTOVOI_PROKAT/LIST_NERZHAVEYUSHCHII/img.webp,труба обечайка;лист нержавеющий;aisi 304 (08х18н10) no1 5x1000x2000;5,AISI 304 (08Х18Н10) No1 5x1000x2000,5,,20609
Нержавеющая сталь,ЛИСТ НЕРЖАВЕЮЩИЙ,AISI 304 (08Х18Н10) No1 5x1250x2500,ЛИСТ НЕРЖАВЕЮЩИЙ 5 AISI 304 (08Х18Н10) No1 5x1250x2500,"ЛИСТ НЕРЖАВЕЮЩИЙ марки AISI 304 (08Х18Н10) No1 5x1250x2500, размер 5",5,254858,31857,1,0,0,https://www.kavstal.ru/public/assets/images/products/LISTOVOI_PROKAT/LIST_NERZHAVEYUSHCHII/img.webp,труба обечайка;лист нержавеющий;aisi 304 (08х18н10) no1 5x1250x2500;5,AISI 304 (08Х18Н10) No1 5x1250x2500,5,,31857
Нержавеющая сталь,ЛИСТ НЕРЖАВЕЮЩИЙ,AISI 304 (08Х18Н10) No1 5x1500x3000,ЛИСТ НЕРЖАВЕЮЩИЙ 5 AISI 304 (08Х18Н10) No1 5x1500x3000,"ЛИСТ НЕРЖАВЕЮЩИЙ марки AISI 304 (08Х18Н10) No1 5x1500x3000, размер 5",5,258750,т,1,0,0,https://www.kavstal.ru/public/assets/images/products/LISTOVOI_PROKAT/LIST_NERZHAVEYUSHCHII/img.webp,труба обечайка;лист нержавеющий;aisi 304 (08х18н10) no1 5x1500x3000;5,AISI 304 (08Х18Н10) No1 5x1500x3000,5,,
Нержавеющая сталь,ЛИСТ НЕРЖАВЕЮЩИЙ,AISI 304 (08Х18Н10) No1 5x1500x3000,ЛИСТ НЕРЖАВЕЮЩИЙ 5 AISI 304 (08Х18Н10) No1 5x1500x3000,"ЛИСТ НЕРЖАВЕЮЩИЙ марки AISI 304 (08Х18Н10) No1 5x1500x3000, размер 5",5,258750,46575,1,0,0,https://www.kavstal.ru/public/assets/images/products/LISTOVOI_PROKAT/LIST_NERZHAVEYUSHCHII/img.webp,труба обечайка;лист нержавеющий;aisi 304 (08х18н10) no1 5x1500x3000;5,AISI 304 (08Х18Н10) No1 5x1500x3000,5,,46575
Нержавеющая сталь,ЛИСТ НЕРЖАВЕЮЩИЙ,AISI 304 (08Х18Н10) No1 5x1500x6000,ЛИСТ НЕРЖАВЕЮЩИЙ 5 AISI 304 (08Х18Н10) No1 5x1500x6000,"ЛИСТ НЕРЖАВЕЮЩИЙ марки AISI 304 (08Х18Н10) No1 5x1500x6000, размер 5",5,260820,93895,1,0,0,https://www.kavstal.ru/public/assets/images/products/LISTOVOI_PROKAT/LIST_NERZHAVEYUSHCHII/img.webp,труба обечайка;лист нержавеющий;aisi 304 (08х18н10) no1 5x1500x6000;5,AISI 304 (08Х18Н10) No1 5x1500x6000,5,,93895
Нержавеющая сталь,ЛИСТ НЕРЖАВЕЮЩИЙ,AISI 304 (08Х18Н10) No1 6x1000x2000,ЛИСТ НЕРЖАВЕЮЩИЙ 6 AISI 304 (08Х18Н10) No1 6x1000x2000,"ЛИСТ НЕРЖАВЕЮЩИЙ марки AISI 304 (08Х18Н10) No1 6x1000x2000, размер 6",6,261120,т,1,0,0,https://www.kavstal.ru/public/assets/images/products/LISTOVOI_PROKAT/LIST_NERZHAVEYUSHCHII/img.webp,труба обечайка;лист нержавеющий;aisi 304 (08х18н10) no1 6x1000x2000;6,AISI 304 (08Х18Н10) No1 6x1000x2000,6,,
Нержавеющая сталь,ЛИСТ НЕРЖАВЕЮЩИЙ,AISI 304 (08Х18Н10) No1 6x1000x2000,ЛИСТ НЕРЖАВЕЮЩИЙ 6 AISI 304 (08Х18Н10) No1 6x1000x2000,"ЛИСТ НЕРЖАВЕЮЩИЙ марки AISI 304 (08Х18Н10) No1 6x1000x2000, размер 6",6,261120,25068,1,0,0,https://www.kavstal.ru/public/assets/images/products/LISTOVOI_PROKAT/LIST_NERZHAVEYUSHCHII/img.webp,труба обечайка;лист нержавеющий;aisi 304 (08х18н10) no1 6x1000x2000;6,AISI 304 (08Х18Н10) No1 6x1000x2000,6,,25068
Нержавеющая сталь,ЛИСТ НЕРЖАВЕЮЩИЙ,AISI 304 (08Х18Н10) No1 6x1250x2500,ЛИСТ НЕРЖАВЕЮЩИЙ 6 AISI 304 (08Х18Н10) No1 6x1250x2500,"ЛИСТ НЕРЖАВЕЮЩИЙ марки AISI 304 (08Х18Н10) No1 6x1250x2500, размер 6",6,251402,т,1,0,0,https://www.kavstal.ru/public/assets/images/products/LISTOVOI_PROKAT/LIST_NERZHAVEYUSHCHII/img.webp,труба обечайка;лист нержавеющий;aisi 304 (08х18н10) no1 6x1250x2500;6,AISI 304 (08Х18Н10) No1 6x1250x2500,6,,
Нержавеющая сталь,ЛИСТ НЕРЖАВЕЮЩИЙ,AISI 304 (08Х18Н10) No1 6x1250x2500,ЛИСТ НЕРЖАВЕЮЩИЙ 6 AISI 304 (08Х18Н10) No1 6x1250x2500,"ЛИСТ НЕРЖАВЕЮЩИЙ марки AISI 304 (08Х18Н10) No1 6x1250x2500, размер 6",6,251402,37710,1,0,0,https://www.kavstal.ru/public/assets/images/products/LISTOVOI_PROKAT/LIST_NERZHAVEYUSHCHII/img.webp,труба обечайка;лист нержавеющий;aisi 304 (08х18н10) no1 6x1250x2500;6,AISI 304 (08Х18Н10) No1 6x1250x2500,6,,37710
Нержавеющая сталь,ЛИСТ НЕРЖАВЕЮЩИЙ,AISI 304 (08Х18Н10) No1 6x1500x3000,ЛИСТ НЕРЖАВЕЮЩИЙ 6 AISI 304 (08Х18Н10) No1 6x1500x3000,"ЛИСТ НЕРЖАВЕЮЩИЙ марки AISI 304 (08Х18Н10) No1 6x1500x3000, размер 6",6,263201,56851,1,0,0,https://www.kavstal.ru/public/assets/images/products/LISTOVOI_PROKAT/LIST_NERZHAVEYUSHCHII/img.webp,труба обечайка;лист нержавеющий;aisi 304 (08х18н10) no1 6x1500x3000;6,AISI 304 (08Х18Н10) No1 6x1500x3000,6,,56851
Нержавеющая сталь,ЛИСТ НЕРЖАВЕЮЩИЙ,AISI 304 (08Х18Н10) No1 6x1500x6000,ЛИСТ НЕРЖАВЕЮЩИЙ 6 AISI 304 (08Х18Н10) No1 6x1500x6000,"ЛИСТ НЕРЖАВЕЮЩИЙ марки AISI 304 (08Х18Н10) No1 6x1500x6000, размер 6",6,263201,113703,1,0,0,https://www.kavstal.ru/public/assets/images/products/LISTOVOI_PROKAT/LIST_NERZHAVEYUSHCHII/img.webp,труба обечайка;лист нержавеющий;aisi 304 (08х18н10) no1 6x1500x6000;6,AISI 304 (08Х18Н10) No1 6x1500x6000,6,,113703
Нержавеющая сталь,ЛИСТ НЕРЖАВЕЮЩИЙ,AISI 304 (08Х18Н10) No1 8x1000x2000,ЛИСТ НЕРЖАВЕЮЩИЙ 8 AISI 304 (08Х18Н10) No1 8x1000x2000,"ЛИСТ НЕРЖАВЕЮЩИЙ марки AISI 304 (08Х18Н10) No1 8x1000x2000, размер 8",8,278881,35697,1,0,0,https://www.kavstal.ru/public/assets/images/products/LISTOVOI_PROKAT/LIST_NERZHAVEYUSHCHII/img.webp,труба обечайка;лист нержавеющий;aisi 304 (08х18н10) no1 8x1000x2000;8,AISI 304 (08Х18Н10) No1 8x1000x2000,8,,35697
Нержавеющая сталь,ЛИСТ НЕРЖАВЕЮЩИЙ,AISI 304 (08Х18Н10) No1 8x1250x2500,ЛИСТ НЕРЖАВЕЮЩИЙ 8 AISI 304 (08Х18Н10) No1 8x1250x2500,"ЛИСТ НЕРЖАВЕЮЩИЙ марки AISI 304 (08Х18Н10) No1 8x1250x2500, размер 8",8,259951,51990,1,0,0,https://www.kavstal.ru/public/assets/images/products/LISTOVOI_PROKAT/LIST_NERZHAVEYUSHCHII/img.webp,труба обечайка;лист нержавеющий;aisi 304 (08х18н10) no1 8x1250x2500;8,AISI 304 (08Х18Н10) No1 8x1250x2500,8,,51990
Нержавеющая сталь,ЛИСТ НЕРЖАВЕЮЩИЙ,AISI 304 (08Х18Н10) No1 8x1500x3000,ЛИСТ НЕРЖАВЕЮЩИЙ 8 AISI 304 (08Х18Н10) No1 8x1500x3000,"ЛИСТ НЕРЖАВЕЮЩИЙ марки AISI 304 (08Х18Н10) No1 8x1500x3000, размер 8",8,259837,74833,1,0,0,https://www.kavstal.ru/public/assets/images/products/LISTOVOI_PROKAT/LIST_NERZHAVEYUSHCHII/img.webp,труба обечайка;лист нержавеющий;aisi 304 (08х18н10) no1 8x1500x3000;8,AISI 304 (08Х18Н10) No1 8x1500x3000,8,,74833
Нержавеющая сталь,ЛИСТ НЕРЖАВЕЮЩИЙ,AISI 304 (08Х18Н10) No1 8x1500x6000,ЛИСТ НЕРЖАВЕЮЩИЙ 8 AISI 304 (08Х18Н10) No1 8x1500x6000,"ЛИСТ НЕРЖАВЕЮЩИЙ марки AISI 304 (08Х18Н10) No1 8x1500x6000, размер 8",8,259837,149666,1,0,0,https://www.kavstal.ru/public/assets/images/products/LISTOVOI_PROKAT/LIST_NERZHAVEYUSHCHII/img.webp,труба обечайка;лист нержавеющий;aisi 304 (08х18н10) no1 8x1500x6000;8,AISI 304 (08Х18Н10) No1 8x1500x6000,8,,149666
Нержавеющая сталь,ЛИСТ НЕРЖАВЕЮЩИЙ,AISI 304 (08Х18Н10) TEAR PLATE (рифлен.) 3x1250x2500,ЛИСТ НЕРЖАВЕЮЩИЙ 3 AISI 304 (08Х18Н10) TEAR PLATE (рифлен.) 3x1250x2500,"ЛИСТ НЕРЖАВЕЮЩИЙ марки AISI 304 (08Х18Н10) TEAR PLATE (рифлен.) 3x1250x2500, размер 3",3,322009,24151,1,0,0,https://www.kavstal.ru/public/assets/images/products/LISTOVOI_PROKAT/LIST_NERZHAVEYUSHCHII/img.webp,труба обечайка;лист нержавеющий;aisi 304 (08х18н10) tear plate (рифлен.) 3x1250x2500;3,AISI 304 (08Х18Н10) TEAR PLATE (рифлен.) 3x1250x2500,3,,24151
Нержавеющая сталь,ЛИСТ НЕРЖАВЕЮЩИЙ,AISI 304 (08Х18Н10) TEAR PLATE (рифлен.) 4x1250x2500,ЛИСТ НЕРЖАВЕЮЩИЙ 4 AISI 304 (08Х18Н10) TEAR PLATE (рифлен.) 4x1250x2500,"ЛИСТ НЕРЖАВЕЮЩИЙ марки AISI 304 (08Х18Н10) TEAR PLATE (рифлен.) 4x1250x2500, размер 4",4,327184,32718,1,0,0,https://www.kavstal.ru/public/assets/images/products/LISTOVOI_PROKAT/LIST_NERZHAVEYUSHCHII/img.webp,труба обечайка;лист нержавеющий;aisi 304 (08х18н10) tear plate (рифлен.) 4x1250x2500;4,AISI 304 (08Х18Н10) TEAR PLATE (рифлен.) 4x1250x2500,4,,32718
Нержавеющая сталь,ЛИСТ НЕРЖАВЕЮЩИЙ,AISI 304 (08Х18Н10) TEAR PLATE (рифлен.) 5x1250x2500,ЛИСТ НЕРЖАВЕЮЩИЙ 5 AISI 304 (08Х18Н10) TEAR PLATE (рифлен.) 5x1250x2500,"ЛИСТ НЕРЖАВЕЮЩИЙ марки AISI 304 (08Х18Н10) TEAR PLATE (рифлен.) 5x1250x2500, размер 5",5,292739,36592,1,0,0,https://www.kavstal.ru/public/assets/images/products/LISTOVOI_PROKAT/LIST_NERZHAVEYUSHCHII/img.webp,труба обечайка;лист нержавеющий;aisi 304 (08х18н10) tear plate (рифлен.) 5x1250x2500;5,AISI 304 (08Х18Н10) TEAR PLATE (рифлен.) 5x1250x2500,5,,36592
Нержавеющая сталь,ЛИСТ НЕРЖАВЕЮЩИЙ,AISI 310S No1 10x1500x3000,ЛИСТ НЕРЖАВЕЮЩИЙ 10 AISI 310S No1 10x1500x3000,"ЛИСТ НЕРЖАВЕЮЩИЙ марки AISI 310S No1 10x1500x3000, размер 10",10,627179,217004,1,0,0,https://www.kavstal.ru/public/assets/images/products/LISTOVOI_PROKAT/LIST_NERZHAVEYUSHCHII/img.webp,труба обечайка;лист нержавеющий;aisi 310s no1 10x1500x3000;10,AISI 310S No1 10x1500x3000,10,,217004
Нержавеющая сталь,ЛИСТ НЕРЖАВЕЮЩИЙ,AISI 310S No1 10x1500x6000,ЛИСТ НЕРЖАВЕЮЩИЙ 10 AISI 310S No1 10x1500x6000,"ЛИСТ НЕРЖАВЕЮЩИЙ марки AISI 310S No1 10x1500x6000, размер 10",10,627179,451569,1,0,0,https://www.kavstal.ru/public/assets/images/products/LISTOVOI_PROKAT/LIST_NERZHAVEYUSHCHII/img.webp,труба обечайка;лист нержавеющий;aisi 310s no1 10x1500x6000;10,AISI 310S No1 10x1500x6000,10,,451569
Нержавеющая сталь,ЛИСТ НЕРЖАВЕЮЩИЙ,AISI 310S No1 12x1500x3000,ЛИСТ НЕРЖАВЕЮЩИЙ 12 AISI 310S No1 12x1500x3000,"ЛИСТ НЕРЖАВЕЮЩИЙ марки AISI 310S No1 12x1500x3000, размер 12",12,627179,270941,1,0,0,https://www.kavstal.ru/public/assets/images/products/LISTOVOI_PROKAT/LIST_NERZHAVEYUSHCHII/img.webp,труба обечайка;лист нержавеющий;aisi 310s no1 12x1500x3000;12,AISI 310S No1 12x1500x3000,12,,270941
Нержавеющая сталь,ЛИСТ НЕРЖАВЕЮЩИЙ,AISI 310S No1 12x1500x6000,ЛИСТ НЕРЖАВЕЮЩИЙ 12 AISI 310S No1 12x1500x6000,"ЛИСТ НЕРЖАВЕЮЩИЙ марки AISI 310S No1 12x1500x6000, размер 12",12,627179,541883,1,0,0,https://www.kavstal.ru/public/assets/images/products/LISTOVOI_PROKAT/LIST_NERZHAVEYUSHCHII/img.webp,труба обечайка;лист нержавеющий;aisi 310s no1 12x1500x6000;12,AISI 310S No1 12x1500x6000,12,,541883
Нержавеющая сталь,ЛИСТ НЕРЖАВЕЮЩИЙ,AISI 310S No1 14x1500x6000,ЛИСТ НЕРЖАВЕЮЩИЙ 14 AISI 310S No1 14x1500x6000,"ЛИСТ НЕРЖАВЕЮЩИЙ марки AISI 310S No1 14x1500x6000, размер 14",14,627179,т,1,0,0,https://www.kavstal.ru/public/assets/images/products/LISTOVOI_PROKAT/LIST_NERZHAVEYUSHCHII/img.webp,труба обечайка;лист нержавеющий;aisi 310s no1 14x1500x6000;14,AISI 310S No1 14x1500x6000,14,,
Нержавеющая сталь,ЛИСТ НЕРЖАВЕЮЩИЙ,AISI 310S No1 20x1500x3000,ЛИСТ НЕРЖАВЕЮЩИЙ 20 AISI 310S No1 20x1500x3000,"ЛИСТ НЕРЖАВЕЮЩИЙ марки AISI 310S No1 20x1500x3000, размер 20",20,627179,451569,1,0,0,https://www.kavstal.ru/public/assets/images/products/LISTOVOI_PROKAT/LIST_NERZHAVEYUSHCHII/img.webp,труба обечайка;лист нержавеющий;aisi 310s no1 20x1500x3000;20,AISI 310S No1 20x1500x3000,20,,451569
Нержавеющая сталь,ЛИСТ НЕРЖАВЕЮЩИЙ,AISI 310S No1 25x1500x3000,ЛИСТ НЕРЖАВЕЮЩИЙ 25 AISI 310S No1 25x1500x3000,"ЛИСТ НЕРЖАВЕЮЩИЙ марки AISI 310S No1 25x1500x3000, размер 25",25,627179,т,1,0,0,https://www.kavstal.ru/public/assets/images/products/LISTOVOI_PROKAT/LIST_NERZHAVEYUSHCHII/img.webp,труба обечайка;лист нержавеющий;aisi 310s no1 25x1500x3000;25,AISI 310S No1 25x1500x3000,25,,
Нержавеющая сталь,ЛИСТ НЕРЖАВЕЮЩИЙ,AISI 310S No1 30x1500x6000,ЛИСТ НЕРЖАВЕЮЩИЙ 30 AISI 310S No1 30x1500x6000,"ЛИСТ НЕРЖАВЕЮЩИЙ марки AISI 310S No1 30x1500x6000, размер 30",30,627179,1367250,1,0,0,https://www.kavstal.ru/public/assets/images/products/LISTOVOI_PROKAT/LIST_NERZHAVEYUSHCHII/img.webp,труба обечайка;лист нержавеющий;aisi 310s no1 30x1500x6000;30,AISI 310S No1 30x1500x6000,30,,1367250
Нержавеющая сталь,ЛИСТ НЕРЖАВЕЮЩИЙ,AISI 310S No1 3x1000x2000,ЛИСТ НЕРЖАВЕЮЩИЙ 3 AISI 310S No1 3x1000x2000,"ЛИСТ НЕРЖАВЕЮЩИЙ марки AISI 310S No1 3x1000x2000, размер 3",3,656883,т,1,0,0,https://www.kavstal.ru/public/assets/images/products/LISTOVOI_PROKAT/LIST_NERZHAVEYUSHCHII/img.webp,труба обечайка;лист нержавеющий;aisi 310s no1 3x1000x2000;3,AISI 310S No1 3x1000x2000,3,,
Нержавеющая сталь,ЛИСТ НЕРЖАВЕЮЩИЙ,AISI 310S No1 4x1500x3000,ЛИСТ НЕРЖАВЕЮЩИЙ 4 AISI 310S No1 4x1500x3000,"ЛИСТ НЕРЖАВЕЮЩИЙ марки AISI 310S No1 4x1500x3000, размер 4",4,627179,90314,1,0,0,https://www.kavstal.ru/public/assets/images/products/LISTOVOI_PROKAT/LIST_NERZHAVEYUSHCHII/img.webp,труба обечайка;лист нержавеющий;aisi 310s no1 4x1500x3000;4,AISI 310S No1 4x1500x3000,4,,90314
Нержавеющая сталь,ЛИСТ НЕРЖАВЕЮЩИЙ,AISI 310S No1 4x1500x6000,ЛИСТ НЕРЖАВЕЮЩИЙ 4 AISI 310S No1 4x1500x6000,"ЛИСТ НЕРЖАВЕЮЩИЙ марки AISI 310S No1 4x1500x6000, размер 4",4,627179,180628,1,0,0,https://www.kavstal.ru/public/assets/images/products/LISTOVOI_PROKAT/LIST_NERZHAVEYUSHCHII/img.webp,труба обечайка;лист нержавеющий;aisi 310s no1 4x1500x6000;4,AISI 310S No1 4x1500x6000,4,,180628
Нержавеющая сталь,ЛИСТ НЕРЖАВЕЮЩИЙ,AISI 310S No1 5x1500x3000,ЛИСТ НЕРЖАВЕЮЩИЙ 5 AISI 310S No1 5x1500x3000,"ЛИСТ НЕРЖАВЕЮЩИЙ марки AISI 310S No1 5x1500x3000, размер 5",5,627179,112892,1,0,0,https://www.kavstal.ru/public/assets/images/products/LISTOVOI_PROKAT/LIST_NERZHAVEYUSHCHII/img.webp,труба обечайка;лист нержавеющий;aisi 310s no1 5x1500x3000;5,AISI 310S No1 5x1500x3000,5,,112892
Нержавеющая сталь,ЛИСТ НЕРЖАВЕЮЩИЙ,AISI 310S No1 5x1500x6000,ЛИСТ НЕРЖАВЕЮЩИЙ 5 AISI 310S No1 5x1500x6000,"ЛИСТ НЕРЖАВЕЮЩИЙ марки AISI 310S No1 5x1500x6000, размер 5",5,627179,225784,1,0,0,https://www.kavstal.ru/public/assets/images/products/LISTOVOI_PROKAT/LIST_NERZHAVEYUSHCHII/img.webp,труба обечайка;лист нержавеющий;aisi 310s no1 5x1500x6000;5,AISI 310S No1 5x1500x6000,5,,225784
Нержавеющая сталь,ЛИСТ НЕРЖАВЕЮЩИЙ,AISI 310S No1 6x1500x3000,ЛИСТ НЕРЖАВЕЮЩИЙ 6 AISI 310S No1 6x1500x3000,"ЛИСТ НЕРЖАВЕЮЩИЙ марки AISI 310S No1 6x1500x3000, размер 6",6,627179,135471,1,0,0,https://www.kavstal.ru/public/assets/images/products/LISTOVOI_PROKAT/LIST_NERZHAVEYUSHCHII/img.webp,труба обечайка;лист нержавеющий;aisi 310s no1 6x1500x3000;6,AISI 310S No1 6x1500x3000,6,,135471
Нержавеющая сталь,ЛИСТ НЕРЖАВЕЮЩИЙ,AISI 310S No1 6x1500x6000,ЛИСТ НЕРЖАВЕЮЩИЙ 6 AISI 310S No1 6x1500x6000,"ЛИСТ НЕРЖАВЕЮЩИЙ марки AISI 310S No1 6x1500x6000, размер 6",6,627179,270941,1,0,0,https://www.kavstal.ru/public/assets/images/products/LISTOVOI_PROKAT/LIST_NERZHAVEYUSHCHII/img.webp,труба обечайка;лист нержавеющий;aisi 310s no1 6x1500x6000;6,AISI 310S No1 6x1500x6000,6,,270941
Нержавеющая сталь,ЛИСТ НЕРЖАВЕЮЩИЙ,AISI 310S No1 8x1500x3000,ЛИСТ НЕРЖАВЕЮЩИЙ 8 AISI 310S No1 8x1500x3000,"ЛИСТ НЕРЖАВЕЮЩИЙ марки AISI 310S No1 8x1500x3000, размер 8",8,627179,180628,1,0,0,https://www.kavstal.ru/public/assets/images/products/LISTOVOI_PROKAT/LIST_NERZHAVEYUSHCHII/img.webp,труба обечайка;лист нержавеющий;aisi 310s no1 8x1500x3000;8,AISI 310S No1 8x1500x3000,8,,180628
Нержавеющая сталь,ЛИСТ НЕРЖАВЕЮЩИЙ,AISI 310S No1 8x1500x6000,ЛИСТ НЕРЖАВЕЮЩИЙ 8 AISI 310S No1 8x1500x6000,"ЛИСТ НЕРЖАВЕЮЩИЙ марки AISI 310S No1 8x1500x6000, размер 8",8,627179,361255,1,0,0,https://www.kavstal.ru/public/assets/images/products/LISTOVOI_PROKAT/LIST_NERZHAVEYUSHCHII/img.webp,труба обечайка;лист нержавеющий;aisi 310s no1 8x1500x6000;8,AISI 310S No1 8x1500x6000,8,,361255
Нержавеющая сталь,ЛИСТ НЕРЖАВЕЮЩИЙ,AISI 316L No1 10x1500x3000,ЛИСТ НЕРЖАВЕЮЩИЙ 10 AISI 316L No1 10x1500x3000,"ЛИСТ НЕРЖАВЕЮЩИЙ марки AISI 316L No1 10x1500x3000, размер 10",10,502658,т,1,0,0,https://www.kavstal.ru/public/assets/images/products/LISTOVOI_PROKAT/LIST_NERZHAVEYUSHCHII/img.webp,труба обечайка;лист нержавеющий;aisi 316l no1 10x1500x3000;10,AISI 316L No1 10x1500x3000,10,,
Нержавеющая сталь,ЛИСТ НЕРЖАВЕЮЩИЙ,AISI 316L No1 10x1500x3000,ЛИСТ НЕРЖАВЕЮЩИЙ 10 AISI 316L No1 10x1500x3000,"ЛИСТ НЕРЖАВЕЮЩИЙ марки AISI 316L No1 10x1500x3000, размер 10",10,509593,183453,1,0,0,https://www.kavstal.ru/public/assets/images/products/LISTOVOI_PROKAT/LIST_NERZHAVEYUSHCHII/img.webp,труба обечайка;лист нержавеющий;aisi 316l no1 10x1500x3000;10,AISI 316L No1 10x1500x3000,10,,183453
Нержавеющая сталь,ЛИСТ НЕРЖАВЕЮЩИЙ,AISI 316L No1 10x1500x6000,ЛИСТ НЕРЖАВЕЮЩИЙ 10 AISI 316L No1 10x1500x6000,"ЛИСТ НЕРЖАВЕЮЩИЙ марки AISI 316L No1 10x1500x6000, размер 10",10,502658,т,1,0,0,https://www.kavstal.ru/public/assets/images/products/LISTOVOI_PROKAT/LIST_NERZHAVEYUSHCHII/img.webp,труба обечайка;лист нержавеющий;aisi 316l no1 10x1500x6000;10,AISI 316L No1 10x1500x6000,10,,
Нержавеющая сталь,ЛИСТ НЕРЖАВЕЮЩИЙ,AISI 316L No1 10x1500x6000,ЛИСТ НЕРЖАВЕЮЩИЙ 10 AISI 316L No1 10x1500x6000,"ЛИСТ НЕРЖАВЕЮЩИЙ марки AISI 316L No1 10x1500x6000, размер 10",10,509593,366907,1,0,0,https://www.kavstal.ru/public/assets/images/products/LISTOVOI_PROKAT/LIST_NERZHAVEYUSHCHII/img.webp,труба обечайка;лист нержавеющий;aisi 316l no1 10x1500x6000;10,AISI 316L No1 10x1500x6000,10,,366907
Нержавеющая сталь,ЛИСТ НЕРЖАВЕЮЩИЙ,AISI 316L No1 12x1500x6000,ЛИСТ НЕРЖАВЕЮЩИЙ 12 AISI 316L No1 12x1500x6000,"ЛИСТ НЕРЖАВЕЮЩИЙ марки AISI 316L No1 12x1500x6000, размер 12",12,491232,424424,1,0,0,https://www.kavstal.ru/public/assets/images/products/LISTOVOI_PROKAT/LIST_NERZHAVEYUSHCHII/img.webp,труба обечайка;лист нержавеющий;aisi 316l no1 12x1500x6000;12,AISI 316L No1 12x1500x6000,12,,424424
Нержавеющая сталь,ЛИСТ НЕРЖАВЕЮЩИЙ,AISI 316L No1 14x1500x6000,ЛИСТ НЕРЖАВЕЮЩИЙ 14 AISI 316L No1 14x1500x6000,"ЛИСТ НЕРЖАВЕЮЩИЙ марки AISI 316L No1 14x1500x6000, размер 14",14,479360,483195,1,0,0,https://www.kavstal.ru/public/assets/images/products/LISTOVOI_PROKAT/LIST_NERZHAVEYUSHCHII/img.webp,труба обечайка;лист нержавеющий;aisi 316l no1 14x1500x6000;14,AISI 316L No1 14x1500x6000,14,,483195
Нержавеющая сталь,ЛИСТ НЕРЖАВЕЮЩИЙ,AISI 316L No1 16x1500x6000,ЛИСТ НЕРЖАВЕЮЩИЙ 16 AISI 316L No1 16x1500x6000,"ЛИСТ НЕРЖАВЕЮЩИЙ марки AISI 316L No1 16x1500x6000, размер 16",16,468389,539584,1,0,0,https://www.kavstal.ru/public/assets/images/products/LISTOVOI_PROKAT/LIST_NERZHAVEYUSHCHII/img.webp,труба обечайка;лист нержавеющий;aisi 316l no1 16x1500x6000;16,AISI 316L No1 16x1500x6000,16,,539584
Нержавеющая сталь,ЛИСТ НЕРЖАВЕЮЩИЙ,AISI 316L No1 20x1500x6000,ЛИСТ НЕРЖАВЕЮЩИЙ 20 AISI 316L No1 20x1500x6000,"ЛИСТ НЕРЖАВЕЮЩИЙ марки AISI 316L No1 20x1500x6000, размер 20",20,479360,690279,1,0,0,https://www.kavstal.ru/public/assets/images/products/LISTOVOI_PROKAT/LIST_NERZHAVEYUSHCHII/img.webp,труба обечайка;лист нержавеющий;aisi 316l no1 20x1500x6000;20,AISI 316L No1 20x1500x6000,20,,690279
Нержавеющая сталь,ЛИСТ НЕРЖАВЕЮЩИЙ,AISI 316L No1 30x1500x6000,ЛИСТ НЕРЖАВЕЮЩИЙ 30 AISI 316L No1 30x1500x6000,"ЛИСТ НЕРЖАВЕЮЩИЙ марки AISI 316L No1 30x1500x6000, размер 30",30,462666,1003059,1,0,0,https://www.kavstal.ru/public/assets/images/products/LISTOVOI_PROKAT/LIST_NERZHAVEYUSHCHII/img.webp,труба обечайка;лист нержавеющий;aisi 316l no1 30x1500x6000;30,AISI 316L No1 30x1500x6000,30,,1003059
Нержавеющая сталь,ЛИСТ НЕРЖАВЕЮЩИЙ,AISI 316L No1 4x1500x3000,ЛИСТ НЕРЖАВЕЮЩИЙ 4 AISI 316L No1 4x1500x3000,"ЛИСТ НЕРЖАВЕЮЩИЙ марки AISI 316L No1 4x1500x3000, размер 4",4,476007,68545,1,0,0,https://www.kavstal.ru/public/assets/images/products/LISTOVOI_PROKAT/LIST_NERZHAVEYUSHCHII/img.webp,труба обечайка;лист нержавеющий;aisi 316l no1 4x1500x3000;4,AISI 316L No1 4x1500x3000,4,,68545
Нержавеющая сталь,ЛИСТ НЕРЖАВЕЮЩИЙ,AISI 316L No1 4x1500x6000,ЛИСТ НЕРЖАВЕЮЩИЙ 4 AISI 316L No1 4x1500x6000,"ЛИСТ НЕРЖАВЕЮЩИЙ марки AISI 316L No1 4x1500x6000, размер 4",4,476007,137090,1,0,0,https://www.kavstal.ru/public/assets/images/products/LISTOVOI_PROKAT/LIST_NERZHAVEYUSHCHII/img.webp,труба обечайка;лист нержавеющий;aisi 316l no1 4x1500x6000;4,AISI 316L No1 4x1500x6000,4,,137090
Нержавеющая сталь,ЛИСТ НЕРЖАВЕЮЩИЙ,AISI 316L No1 5x1500x3000,ЛИСТ НЕРЖАВЕЮЩИЙ 5 AISI 316L No1 5x1500x3000,"ЛИСТ НЕРЖАВЕЮЩИЙ марки AISI 316L No1 5x1500x3000, размер 5",5,476007,85681,1,0,0,https://www.kavstal.ru/public/assets/images/products/LISTOVOI_PROKAT/LIST_NERZHAVEYUSHCHII/img.webp,труба обечайка;лист нержавеющий;aisi 316l no1 5x1500x3000;5,AISI 316L No1 5x1500x3000,5,,85681
Нержавеющая сталь,ЛИСТ НЕРЖАВЕЮЩИЙ,AISI 316L No1 5x1500x6000,ЛИСТ НЕРЖАВЕЮЩИЙ 5 AISI 316L No1 5x1500x6000,"ЛИСТ НЕРЖАВЕЮЩИЙ марки AISI 316L No1 5x1500x6000, размер 5",5,468389,168620,1,0,0,https://www.kavstal.ru/public/assets/images/products/LISTOVOI_PROKAT/LIST_NERZHAVEYUSHCHII/img.webp,труба обечайка;лист нержавеющий;aisi 316l no1 5x1500x6000;5,AISI 316L No1 5x1500x6000,5,,168620
Нержавеющая сталь,ЛИСТ НЕРЖАВЕЮЩИЙ,AISI 316L No1 6x1500x3000,ЛИСТ НЕРЖАВЕЮЩИЙ 6 AISI 316L No1 6x1500x3000,"ЛИСТ НЕРЖАВЕЮЩИЙ марки AISI 316L No1 6x1500x3000, размер 6",6,468151,101121,1,0,0,https://www.kavstal.ru/public/assets/images/products/LISTOVOI_PROKAT/LIST_NERZHAVEYUSHCHII/img.webp,труба обечайка;лист нержавеющий;aisi 316l no1 6x1500x3000;6,AISI 316L No1 6x1500x3000,6,,101121
Нержавеющая сталь,ЛИСТ НЕРЖАВЕЮЩИЙ,AISI 316L No1 6x1500x6000,ЛИСТ НЕРЖАВЕЮЩИЙ 6 AISI 316L No1 6x1500x6000,"ЛИСТ НЕРЖАВЕЮЩИЙ марки AISI 316L No1 6x1500x6000, размер 6",6,468151,202241,1,0,0,https://www.kavstal.ru/public/assets/images/products/LISTOVOI_PROKAT/LIST_NERZHAVEYUSHCHII/img.webp,труба обечайка;лист нержавеющий;aisi 316l no1 6x1500x6000;6,AISI 316L No1 6x1500x6000,6,,202241
Нержавеющая сталь,ЛИСТ НЕРЖАВЕЮЩИЙ,AISI 316L No1 8x1500x3000,ЛИСТ НЕРЖАВЕЮЩИЙ 8 AISI 316L No1 8x1500x3000,"ЛИСТ НЕРЖАВЕЮЩИЙ марки AISI 316L No1 8x1500x3000, размер 8",8,503993,145150,1,0,0,https://www.kavstal.ru/public/assets/images/products/LISTOVOI_PROKAT/LIST_NERZHAVEYUSHCHII/img.webp,труба обечайка;лист нержавеющий;aisi 316l no1 8x1500x3000;8,AISI 316L No1 8x1500x3000,8,,145150
Нержавеющая сталь,ЛИСТ НЕРЖАВЕЮЩИЙ,AISI 316L No1 8x1500x6000,ЛИСТ НЕРЖАВЕЮЩИЙ 8 AISI 316L No1 8x1500x6000,"ЛИСТ НЕРЖАВЕЮЩИЙ марки AISI 316L No1 8x1500x6000, размер 8",8,503993,290300,1,0,0,https://www.kavstal.ru/public/assets/images/products/LISTOVOI_PROKAT/LIST_NERZHAVEYUSHCHII/img.webp,труба обечайка;лист нержавеющий;aisi 316l no1 8x1500x6000;8,AISI 316L No1 8x1500x6000,8,,290300
Нержавеющая сталь,ЛИСТ НЕРЖАВЕЮЩИЙ,AISI 316Ti 30x1500x6000,ЛИСТ НЕРЖАВЕЮЩИЙ 30 AISI 316Ti 30x1500x6000,"ЛИСТ НЕРЖАВЕЮЩИЙ марки AISI 316Ti 30x1500x6000, размер 30",30,502658,т,1,0,0,https://www.kavstal.ru/public/assets/images/products/LISTOVOI_PROKAT/LIST_NERZHAVEYUSHCHII/img.webp,труба обечайка;лист нержавеющий;aisi 316ti 30x1500x6000;30,AISI 316Ti 30x1500x6000,30,,
Нержавеющая сталь,ЛИСТ НЕРЖАВЕЮЩИЙ,AISI 316Ti No1 10x1500x3000,ЛИСТ НЕРЖАВЕЮЩИЙ 10 AISI 316Ti No1 10x1500x3000,"ЛИСТ НЕРЖАВЕЮЩИЙ марки AISI 316Ti No1 10x1500x3000, размер 10",10,502658,т,1,0,0,https://www.kavstal.ru/public/assets/images/products/LISTOVOI_PROKAT/LIST_NERZHAVEYUSHCHII/img.webp,труба обечайка;лист нержавеющий;aisi 316ti no1 10x1500x3000;10,AISI 316Ti No1 10x1500x3000,10,,
Нержавеющая сталь,ЛИСТ НЕРЖАВЕЮЩИЙ,AISI 316Ti No1 10x1500x6000,ЛИСТ НЕРЖАВЕЮЩИЙ 10 AISI 316Ti No1 10x1500x6000,"ЛИСТ НЕРЖАВЕЮЩИЙ марки AISI 316Ti No1 10x1500x6000, размер 10",10,502658,361914,1,0,0,https://www.kavstal.ru/public/assets/images/products/LISTOVOI_PROKAT/LIST_NERZHAVEYUSHCHII/img.webp,труба обечайка;лист нержавеющий;aisi 316ti no1 10x1500x6000;10,AISI 316Ti No1 10x1500x6000,10,,361914
Нержавеющая сталь,ЛИСТ НЕРЖАВЕЮЩИЙ,AISI 316Ti No1 25x1500x6000,ЛИСТ НЕРЖАВЕЮЩИЙ 25 AISI 316Ti No1 25x1500x6000,"ЛИСТ НЕРЖАВЕЮЩИЙ марки AISI 316Ti No1 25x1500x6000, размер 25",25,502658,т,1,0,0,https://www.kavstal.ru/public/assets/images/products/LISTOVOI_PROKAT/LIST_NERZHAVEYUSHCHII/img.webp,труба обечайка;лист нержавеющий;aisi 316ti no1 25x1500x6000;25,AISI 316Ti No1 25x1500x6000,25,,
Нержавеющая сталь,ЛИСТ НЕРЖАВЕЮЩИЙ,AISI 316Ti No1 5x1500x3000,ЛИСТ НЕРЖАВЕЮЩИЙ 5 AISI 316Ti No1 5x1500x3000,"ЛИСТ НЕРЖАВЕЮЩИЙ марки AISI 316Ti No1 5x1500x3000, размер 5",5,514085,т,1,0,0,https://www.kavstal.ru/public/assets/images/products/LISTOVOI_PROKAT/LIST_NERZHAVEYUSHCHII/img.webp,труба обечайка;лист нержавеющий;aisi 316ti no1 5x1500x3000;5,AISI 316Ti No1 5x1500x3000,5,,
Нержавеющая сталь,ЛИСТ НЕРЖАВЕЮЩИЙ,AISI 316Ti No1 8x1500x3000,ЛИСТ НЕРЖАВЕЮЩИЙ 8 AISI 316Ti No1 8x1500x3000,"ЛИСТ НЕРЖАВЕЮЩИЙ марки AISI 316Ti No1 8x1500x3000, размер 8",8,502658,т,1,0,0,https://www.kavstal.ru/public/assets/images/products/LISTOVOI_PROKAT/LIST_NERZHAVEYUSHCHII/img.webp,труба обечайка;лист нержавеющий;aisi 316ti no1 8x1500x3000;8,AISI 316Ti No1 8x1500x3000,8,,
Нержавеющая сталь,ЛИСТ НЕРЖАВЕЮЩИЙ,AISI 321 (12Х18Н10Т) No1 10x1000x2000,ЛИСТ НЕРЖАВЕЮЩИЙ 10 AISI 321 (12Х18Н10Т) No1 10x1000x2000,"ЛИСТ НЕРЖАВЕЮЩИЙ марки AISI 321 (12Х18Н10Т) No1 10x1000x2000, размер 10",10,305284,т,1,0,0,https://www.kavstal.ru/public/assets/images/products/LISTOVOI_PROKAT/LIST_NERZHAVEYUSHCHII/img.webp,труба обечайка;лист нержавеющий;aisi 321 (12х18н10т) no1 10x1000x2000;10,AISI 321 (12Х18Н10Т) No1 10x1000x2000,10,,
Нержавеющая сталь,ЛИСТ НЕРЖАВЕЮЩИЙ,AISI 321 (12Х18Н10Т) No1 10x1250x2500,ЛИСТ НЕРЖАВЕЮЩИЙ 10 AISI 321 (12Х18Н10Т) No1 10x1250x2500,"ЛИСТ НЕРЖАВЕЮЩИЙ марки AISI 321 (12Х18Н10Т) No1 10x1250x2500, размер 10",10,277535,т,1,0,0,https://www.kavstal.ru/public/assets/images/products/LISTOVOI_PROKAT/LIST_NERZHAVEYUSHCHII/img.webp,труба обечайка;лист нержавеющий;aisi 321 (12х18н10т) no1 10x1250x2500;10,AISI 321 (12Х18Н10Т) No1 10x1250x2500,10,,
Нержавеющая сталь,ЛИСТ НЕРЖАВЕЮЩИЙ,AISI 321 (12Х18Н10Т) No1 10x1500x3000,ЛИСТ НЕРЖАВЕЮЩИЙ 10 AISI 321 (12Х18Н10Т) No1 10x1500x3000,"ЛИСТ НЕРЖАВЕЮЩИЙ марки AISI 321 (12Х18Н10Т) No1 10x1500x3000, размер 10",10,281520,т,1,0,0,https://www.kavstal.ru/public/assets/images/products/LISTOVOI_PROKAT/LIST_NERZHAVEYUSHCHII/img.webp,труба обечайка;лист нержавеющий;aisi 321 (12х18н10т) no1 10x1500x3000;10,AISI 321 (12Х18Н10Т) No1 10x1500x3000,10,,
Нержавеющая сталь,ЛИСТ НЕРЖАВЕЮЩИЙ,AISI 321 (12Х18Н10Т) No1 10x1500x3000,ЛИСТ НЕРЖАВЕЮЩИЙ 10 AISI 321 (12Х18Н10Т) No1 10x1500x3000,"ЛИСТ НЕРЖАВЕЮЩИЙ марки AISI 321 (12Х18Н10Т) No1 10x1500x3000, размер 10",10,281520,101347,1,0,0,https://www.kavstal.ru/public/assets/images/products/LISTOVOI_PROKAT/LIST_NERZHAVEYUSHCHII/img.webp,труба обечайка;лист нержавеющий;aisi 321 (12х18н10т) no1 10x1500x3000;10,AISI 321 (12Х18Н10Т) No1 10x1500x3000,10,,101347
Нержавеющая сталь,ЛИСТ НЕРЖАВЕЮЩИЙ,AISI 321 (12Х18Н10Т) No1 10x1500x3000,ЛИСТ НЕРЖАВЕЮЩИЙ 10 AISI 321 (12Х18Н10Т) No1 10x1500x3000,"ЛИСТ НЕРЖАВЕЮЩИЙ марки AISI 321 (12Х18Н10Т) No1 10x1500x3000, размер 10",10,281520,102755,1,0,0,https://www.kavstal.ru/public/assets/images/products/LISTOVOI_PROKAT/LIST_NERZHAVEYUSHCHII/img.webp,труба обечайка;лист нержавеющий;aisi 321 (12х18н10т) no1 10x1500x3000;10,AISI 321 (12Х18Н10Т) No1 10x1500x3000,10,,102755
Нержавеющая сталь,ЛИСТ НЕРЖАВЕЮЩИЙ,AISI 321 (12Х18Н10Т) No1 10x1500x6000,ЛИСТ НЕРЖАВЕЮЩИЙ 10 AISI 321 (12Х18Н10Т) No1 10x1500x6000,"ЛИСТ НЕРЖАВЕЮЩИЙ марки AISI 321 (12Х18Н10Т) No1 10x1500x6000, размер 10",10,281520,т,1,0,0,https://www.kavstal.ru/public/assets/images/products/LISTOVOI_PROKAT/LIST_NERZHAVEYUSHCHII/img.webp,труба обечайка;лист нержавеющий;aisi 321 (12х18н10т) no1 10x1500x6000;10,AISI 321 (12Х18Н10Т) No1 10x1500x6000,10,,
Нержавеющая сталь,ЛИСТ НЕРЖАВЕЮЩИЙ,AISI 321 (12Х18Н10Т) No1 10x1500x6000,ЛИСТ НЕРЖАВЕЮЩИЙ 10 AISI 321 (12Х18Н10Т) No1 10x1500x6000,"ЛИСТ НЕРЖАВЕЮЩИЙ марки AISI 321 (12Х18Н10Т) No1 10x1500x6000, размер 10",10,281520,т,1,0,0,https://www.kavstal.ru/public/assets/images/products/LISTOVOI_PROKAT/LIST_NERZHAVEYUSHCHII/img.webp,труба обечайка;лист нержавеющий;aisi 321 (12х18н10т) no1 10x1500x6000;10,AISI 321 (12Х18Н10Т) No1 10x1500x6000,10,,
Нержавеющая сталь,ЛИСТ НЕРЖАВЕЮЩИЙ,AISI 321 (12Х18Н10Т) No1 10x1500x6000,ЛИСТ НЕРЖАВЕЮЩИЙ 10 AISI 321 (12Х18Н10Т) No1 10x1500x6000,"ЛИСТ НЕРЖАВЕЮЩИЙ марки AISI 321 (12Х18Н10Т) No1 10x1500x6000, размер 10",10,281520,205510,1,0,0,https://www.kavstal.ru/public/assets/images/products/LISTOVOI_PROKAT/LIST_NERZHAVEYUSHCHII/img.webp,труба обечайка;лист нержавеющий;aisi 321 (12х18н10т) no1 10x1500x6000;10,AISI 321 (12Х18Н10Т) No1 10x1500x6000,10,,205510
Нержавеющая сталь,ЛИСТ НЕРЖАВЕЮЩИЙ,AISI 321 (12Х18Н10Т) No1 12x1000x2000,ЛИСТ НЕРЖАВЕЮЩИЙ 12 AISI 321 (12Х18Н10Т) No1 12x1000x2000,"ЛИСТ НЕРЖАВЕЮЩИЙ марки AISI 321 (12Х18Н10Т) No1 12x1000x2000, размер 12",12,285660,т,1,0,0,https://www.kavstal.ru/public/assets/images/products/LISTOVOI_PROKAT/LIST_NERZHAVEYUSHCHII/img.webp,труба обечайка;лист нержавеющий;aisi 321 (12х18н10т) no1 12x1000x2000;12,AISI 321 (12Х18Н10Т) No1 12x1000x2000,12,,
Нержавеющая сталь,ЛИСТ НЕРЖАВЕЮЩИЙ,AISI 321 (12Х18Н10Т) No1 12x1000x2000,ЛИСТ НЕРЖАВЕЮЩИЙ 12 AISI 321 (12Х18Н10Т) No1 12x1000x2000,"ЛИСТ НЕРЖАВЕЮЩИЙ марки AISI 321 (12Х18Н10Т) No1 12x1000x2000, размер 12",12,285660,54847,1,0,0,https://www.kavstal.ru/public/assets/images/products/LISTOVOI_PROKAT/LIST_NERZHAVEYUSHCHII/img.webp,труба обечайка;лист нержавеющий;aisi 321 (12х18н10т) no1 12x1000x2000;12,AISI 321 (12Х18Н10Т) No1 12x1000x2000,12,,54847
Нержавеющая сталь,ЛИСТ НЕРЖАВЕЮЩИЙ,AISI 321 (12Х18Н10Т) No1 12x1500x6000,ЛИСТ НЕРЖАВЕЮЩИЙ 12 AISI 321 (12Х18Н10Т) No1 12x1500x6000,"ЛИСТ НЕРЖАВЕЮЩИЙ марки AISI 321 (12Х18Н10Т) No1 12x1500x6000, размер 12",12,284625,т,1,0,0,https://www.kavstal.ru/public/assets/images/products/LISTOVOI_PROKAT/LIST_NERZHAVEYUSHCHII/img.webp,труба обечайка;лист нержавеющий;aisi 321 (12х18н10т) no1 12x1500x6000;12,AISI 321 (12Х18Н10Т) No1 12x1500x6000,12,,
Нержавеющая сталь,ЛИСТ НЕРЖАВЕЮЩИЙ,AISI 321 (12Х18Н10Т) No1 14x1500x3000,ЛИСТ НЕРЖАВЕЮЩИЙ 14 AISI 321 (12Х18Н10Т) No1 14x1500x3000,"ЛИСТ НЕРЖАВЕЮЩИЙ марки AISI 321 (12Х18Н10Т) No1 14x1500x3000, размер 14",14,283073,т,1,0,0,https://www.kavstal.ru/public/assets/images/products/LISTOVOI_PROKAT/LIST_NERZHAVEYUSHCHII/img.webp,труба обечайка;лист нержавеющий;aisi 321 (12х18н10т) no1 14x1500x3000;14,AISI 321 (12Х18Н10Т) No1 14x1500x3000,14,,
Нержавеющая сталь,ЛИСТ НЕРЖАВЕЮЩИЙ,AISI 321 (12Х18Н10Т) No1 14x1500x3000,ЛИСТ НЕРЖАВЕЮЩИЙ 14 AISI 321 (12Х18Н10Т) No1 14x1500x3000,"ЛИСТ НЕРЖАВЕЮЩИЙ марки AISI 321 (12Х18Н10Т) No1 14x1500x3000, размер 14",14,283073,т,1,0,0,https://www.kavstal.ru/public/assets/images/products/LISTOVOI_PROKAT/LIST_NERZHAVEYUSHCHII/img.webp,труба обечайка;лист нержавеющий;aisi 321 (12х18н10т) no1 14x1500x3000;14,AISI 321 (12Х18Н10Т) No1 14x1500x3000,14,,
Нержавеющая сталь,ЛИСТ НЕРЖАВЕЮЩИЙ,AISI 321 (12Х18Н10Т) No1 14x1500x6000,ЛИСТ НЕРЖАВЕЮЩИЙ 14 AISI 321 (12Х18Н10Т) No1 14x1500x6000,"ЛИСТ НЕРЖАВЕЮЩИЙ марки AISI 321 (12Х18Н10Т) No1 14x1500x6000, размер 14",14,294437,296792,1,0,0,https://www.kavstal.ru/public/assets/images/products/LISTOVOI_PROKAT/LIST_NERZHAVEYUSHCHII/img.webp,труба обечайка;лист нержавеющий;aisi 321 (12х18н10т) no1 14x1500x6000;14,AISI 321 (12Х18Н10Т) No1 14x1500x6000,14,,296792
Нержавеющая сталь,ЛИСТ НЕРЖАВЕЮЩИЙ,AISI 321 (12Х18Н10Т) No1 14x1500x6000,ЛИСТ НЕРЖАВЕЮЩИЙ 14 AISI 321 (12Х18Н10Т) No1 14x1500x6000,"ЛИСТ НЕРЖАВЕЮЩИЙ марки AISI 321 (12Х18Н10Т) No1 14x1500x6000, размер 14",14,295368,т,1,0,0,https://www.kavstal.ru/public/assets/images/products/LISTOVOI_PROKAT/LIST_NERZHAVEYUSHCHII/img.webp,труба обечайка;лист нержавеющий;aisi 321 (12х18н10т) no1 14x1500x6000;14,AISI 321 (12Х18Н10Т) No1 14x1500x6000,14,,
Нержавеющая сталь,ЛИСТ НЕРЖАВЕЮЩИЙ,AISI 321 (12Х18Н10Т) No1 16x1500x3000,ЛИСТ НЕРЖАВЕЮЩИЙ 16 AISI 321 (12Х18Н10Т) No1 16x1500x3000,"ЛИСТ НЕРЖАВЕЮЩИЙ марки AISI 321 (12Х18Н10Т) No1 16x1500x3000, размер 16",16,300129,т,1,0,0,https://www.kavstal.ru/public/assets/images/products/LISTOVOI_PROKAT/LIST_NERZHAVEYUSHCHII/img.webp,труба обечайка;лист нержавеющий;aisi 321 (12х18н10т) no1 16x1500x3000;16,AISI 321 (12Х18Н10Т) No1 16x1500x3000,16,,
Нержавеющая сталь,ЛИСТ НЕРЖАВЕЮЩИЙ,AISI 321 (12Х18Н10Т) No1 16x1500x3000,ЛИСТ НЕРЖАВЕЮЩИЙ 16 AISI 321 (12Х18Н10Т) No1 16x1500x3000,"ЛИСТ НЕРЖАВЕЮЩИЙ марки AISI 321 (12Х18Н10Т) No1 16x1500x3000, размер 16",16,300129,т,1,0,0,https://www.kavstal.ru/public/assets/images/products/LISTOVOI_PROKAT/LIST_NERZHAVEYUSHCHII/img.webp,труба обечайка;лист нержавеющий;aisi 321 (12х18н10т) no1 16x1500x3000;16,AISI 321 (12Х18Н10Т) No1 16x1500x3000,16,,
Нержавеющая сталь,ЛИСТ НЕРЖАВЕЮЩИЙ,AISI 321 (12Х18Н10Т) No1 16x1500x6000,ЛИСТ НЕРЖАВЕЮЩИЙ 16 AISI 321 (12Х18Н10Т) No1 16x1500x6000,"ЛИСТ НЕРЖАВЕЮЩИЙ марки AISI 321 (12Х18Н10Т) No1 16x1500x6000, размер 16",16,294437,342136,1,0,0,https://www.kavstal.ru/public/assets/images/products/LISTOVOI_PROKAT/LIST_NERZHAVEYUSHCHII/img.webp,труба обечайка;лист нержавеющий;aisi 321 (12х18н10т) no1 16x1500x6000;16,AISI 321 (12Х18Н10Т) No1 16x1500x6000,16,,342136
Нержавеющая сталь,ЛИСТ НЕРЖАВЕЮЩИЙ,AISI 321 (12Х18Н10Т) No1 20x1500x6000,ЛИСТ НЕРЖАВЕЮЩИЙ 20 AISI 321 (12Х18Н10Т) No1 20x1500x6000,"ЛИСТ НЕРЖАВЕЮЩИЙ марки AISI 321 (12Х18Н10Т) No1 20x1500x6000, размер 20",20,320850,462024,1,0,0,https://www.kavstal.ru/public/assets/images/products/LISTOVOI_PROKAT/LIST_NERZHAVEYUSHCHII/img.webp,труба обечайка;лист нержавеющий;aisi 321 (12х18н10т) no1 20x1500x6000;20,AISI 321 (12Х18Н10Т) No1 20x1500x6000,20,,462024
Нержавеющая сталь,ЛИСТ НЕРЖАВЕЮЩИЙ,AISI 321 (12Х18Н10Т) No1 25x1500x6000,ЛИСТ НЕРЖАВЕЮЩИЙ 25 AISI 321 (12Х18Н10Т) No1 25x1500x6000,"ЛИСТ НЕРЖАВЕЮЩИЙ марки AISI 321 (12Х18Н10Т) No1 25x1500x6000, размер 25",25,287730,517914,1,0,0,https://www.kavstal.ru/public/assets/images/products/LISTOVOI_PROKAT/LIST_NERZHAVEYUSHCHII/img.webp,труба обечайка;лист нержавеющий;aisi 321 (12х18н10т) no1 25x1500x6000;25,AISI 321 (12Х18Н10Т) No1 25x1500x6000,25,,517914
Нержавеющая сталь,ЛИСТ НЕРЖАВЕЮЩИЙ,AISI 321 (12Х18Н10Т) No1 28x1500x6000,ЛИСТ НЕРЖАВЕЮЩИЙ 28 AISI 321 (12Х18Н10Т) No1 28x1500x6000,"ЛИСТ НЕРЖАВЕЮЩИЙ марки AISI 321 (12Х18Н10Т) No1 28x1500x6000, размер 28",28,304673,т,1,0,0,https://www.kavstal.ru/public/assets/images/products/LISTOVOI_PROKAT/LIST_NERZHAVEYUSHCHII/img.webp,труба обечайка;лист нержавеющий;aisi 321 (12х18н10т) no1 28x1500x6000;28,AISI 321 (12Х18Н10Т) No1 28x1500x6000,28,,
Нержавеющая сталь,ЛИСТ НЕРЖАВЕЮЩИЙ,AISI 321 (12Х18Н10Т) No1 2x1000x2000,ЛИСТ НЕРЖАВЕЮЩИЙ 2 AISI 321 (12Х18Н10Т) No1 2x1000x2000,"ЛИСТ НЕРЖАВЕЮЩИЙ марки AISI 321 (12Х18Н10Т) No1 2x1000x2000, размер 2",2,301268,т,1,0,0,https://www.kavstal.ru/public/assets/images/products/LISTOVOI_PROKAT/LIST_NERZHAVEYUSHCHII/img.webp,труба обечайка;лист нержавеющий;aisi 321 (12х18н10т) no1 2x1000x2000;2,AISI 321 (12Х18Н10Т) No1 2x1000x2000,2,,
Нержавеющая сталь,ЛИСТ НЕРЖАВЕЮЩИЙ,AISI 321 (12Х18Н10Т) No1 2x1250x2500,ЛИСТ НЕРЖАВЕЮЩИЙ 2 AISI 321 (12Х18Н10Т) No1 2x1250x2500,"ЛИСТ НЕРЖАВЕЮЩИЙ марки AISI 321 (12Х18Н10Т) No1 2x1250x2500, размер 2",2,294975,т,1,0,0,https://www.kavstal.ru/public/assets/images/products/LISTOVOI_PROKAT/LIST_NERZHAVEYUSHCHII/img.webp,труба обечайка;лист нержавеющий;aisi 321 (12х18н10т) no1 2x1250x2500;2,AISI 321 (12Х18Н10Т) No1 2x1250x2500,2,,
Нержавеющая сталь,ЛИСТ НЕРЖАВЕЮЩИЙ,AISI 321 (12Х18Н10Т) No1 30x1500x6000,ЛИСТ НЕРЖАВЕЮЩИЙ 30 AISI 321 (12Х18Н10Т) No1 30x1500x6000,"ЛИСТ НЕРЖАВЕЮЩИЙ марки AISI 321 (12Х18Н10Т) No1 30x1500x6000, размер 30",30,273064,610571,1,0,0,https://www.kavstal.ru/public/assets/images/products/LISTOVOI_PROKAT/LIST_NERZHAVEYUSHCHII/img.webp,труба обечайка;лист нержавеющий;aisi 321 (12х18н10т) no1 30x1500x6000;30,AISI 321 (12Х18Н10Т) No1 30x1500x6000,30,,610571
Нержавеющая сталь,ЛИСТ НЕРЖАВЕЮЩИЙ,AISI 321 (12Х18Н10Т) No1 30x2000x6000,ЛИСТ НЕРЖАВЕЮЩИЙ 30 AISI 321 (12Х18Н10Т) No1 30x2000x6000,"ЛИСТ НЕРЖАВЕЮЩИЙ марки AISI 321 (12Х18Н10Т) No1 30x2000x6000, размер 30",30,305811,т,1,0,0,https://www.kavstal.ru/public/assets/images/products/LISTOVOI_PROKAT/LIST_NERZHAVEYUSHCHII/img.webp,труба обечайка;лист нержавеющий;aisi 321 (12х18н10т) no1 30x2000x6000;30,AISI 321 (12Х18Н10Т) No1 30x2000x6000,30,,
Нержавеющая сталь,ЛИСТ НЕРЖАВЕЮЩИЙ,AISI 321 (12Х18Н10Т) No1 3x1000x2000,ЛИСТ НЕРЖАВЕЮЩИЙ 3 AISI 321 (12Х18Н10Т) No1 3x1000x2000,"ЛИСТ НЕРЖАВЕЮЩИЙ марки AISI 321 (12Х18Н10Т) No1 3x1000x2000, размер 3",3,283073,т,1,0,0,https://www.kavstal.ru/public/assets/images/products/LISTOVOI_PROKAT/LIST_NERZHAVEYUSHCHII/img.webp,труба обечайка;лист нержавеющий;aisi 321 (12х18н10т) no1 3x1000x2000;3,AISI 321 (12Х18Н10Т) No1 3x1000x2000,3,,
Нержавеющая сталь,ЛИСТ НЕРЖАВЕЮЩИЙ,AISI 321 (12Х18Н10Т) No1 3x1250x2500,ЛИСТ НЕРЖАВЕЮЩИЙ 3 AISI 321 (12Х18Н10Т) No1 3x1250x2500,"ЛИСТ НЕРЖАВЕЮЩИЙ марки AISI 321 (12Х18Н10Т) No1 3x1250x2500, размер 3",3,294975,т,1,0,0,https://www.kavstal.ru/public/assets/images/products/LISTOVOI_PROKAT/LIST_NERZHAVEYUSHCHII/img.webp,труба обечайка;лист нержавеющий;aisi 321 (12х18н10т) no1 3x1250x2500;3,AISI 321 (12Х18Н10Т) No1 3x1250x2500,3,,
Нержавеющая сталь,ЛИСТ НЕРЖАВЕЮЩИЙ,AISI 321 (12Х18Н10Т) No1 3x1250x2500,ЛИСТ НЕРЖАВЕЮЩИЙ 3 AISI 321 (12Х18Н10Т) No1 3x1250x2500,"ЛИСТ НЕРЖАВЕЮЩИЙ марки AISI 321 (12Х18Н10Т) No1 3x1250x2500, размер 3",3,294975,22123,1,0,0,https://www.kavstal.ru/public/assets/images/products/LISTOVOI_PROKAT/LIST_NERZHAVEYUSHCHII/img.webp,труба обечайка;лист нержавеющий;aisi 321 (12х18н10т) no1 3x1250x2500;3,AISI 321 (12Х18Н10Т) No1 3x1250x2500,3,,22123
Нержавеющая сталь,ЛИСТ НЕРЖАВЕЮЩИЙ,AISI 321 (12Х18Н10Т) No1 3x1500x3000,ЛИСТ НЕРЖАВЕЮЩИЙ 3 AISI 321 (12Х18Н10Т) No1 3x1500x3000,"ЛИСТ НЕРЖАВЕЮЩИЙ марки AISI 321 (12Х18Н10Т) No1 3x1500x3000, размер 3",3,298991,31992,1,0,0,https://www.kavstal.ru/public/assets/images/products/LISTOVOI_PROKAT/LIST_NERZHAVEYUSHCHII/img.webp,труба обечайка;лист нержавеющий;aisi 321 (12х18н10т) no1 3x1500x3000;3,AISI 321 (12Х18Н10Т) No1 3x1500x3000,3,,31992
Нержавеющая сталь,ЛИСТ НЕРЖАВЕЮЩИЙ,AISI 321 (12Х18Н10Т) No1 3x1500x6000,ЛИСТ НЕРЖАВЕЮЩИЙ 3 AISI 321 (12Х18Н10Т) No1 3x1500x6000,"ЛИСТ НЕРЖАВЕЮЩИЙ марки AISI 321 (12Х18Н10Т) No1 3x1500x6000, размер 3",3,298991,т,1,0,0,https://www.kavstal.ru/public/assets/images/products/LISTOVOI_PROKAT/LIST_NERZHAVEYUSHCHII/img.webp,труба обечайка;лист нержавеющий;aisi 321 (12х18н10т) no1 3x1500x6000;3,AISI 321 (12Х18Н10Т) No1 3x1500x6000,3,,
Нержавеющая сталь,ЛИСТ НЕРЖАВЕЮЩИЙ,AISI 321 (12Х18Н10Т) No1 3x1500x6000,ЛИСТ НЕРЖАВЕЮЩИЙ 3 AISI 321 (12Х18Н10Т) No1 3x1500x6000,"ЛИСТ НЕРЖАВЕЮЩИЙ марки AISI 321 (12Х18Н10Т) No1 3x1500x6000, размер 3",3,298991,64582,1,0,0,https://www.kavstal.ru/public/assets/images/products/LISTOVOI_PROKAT/LIST_NERZHAVEYUSHCHII/img.webp,труба обечайка;лист нержавеющий;aisi 321 (12х18н10т) no1 3x1500x6000;3,AISI 321 (12Х18Н10Т) No1 3x1500x6000,3,,64582
Нержавеющая сталь,ЛИСТ НЕРЖАВЕЮЩИЙ,AISI 321 (12Х18Н10Т) No1 4x1000x2000,ЛИСТ НЕРЖАВЕЮЩИЙ 4 AISI 321 (12Х18Н10Т) No1 4x1000x2000,"ЛИСТ НЕРЖАВЕЮЩИЙ марки AISI 321 (12Х18Н10Т) No1 4x1000x2000, размер 4",4,287730,18415,1,0,0,https://www.kavstal.ru/public/assets/images/products/LISTOVOI_PROKAT/LIST_NERZHAVEYUSHCHII/img.webp,труба обечайка;лист нержавеющий;aisi 321 (12х18н10т) no1 4x1000x2000;4,AISI 321 (12Х18Н10Т) No1 4x1000x2000,4,,18415
Нержавеющая сталь,ЛИСТ НЕРЖАВЕЮЩИЙ,AISI 321 (12Х18Н10Т) No1 4x1250x2500,ЛИСТ НЕРЖАВЕЮЩИЙ 4 AISI 321 (12Х18Н10Т) No1 4x1250x2500,"ЛИСТ НЕРЖАВЕЮЩИЙ марки AISI 321 (12Х18Н10Т) No1 4x1250x2500, размер 4",4,281872,28187,1,0,0,https://www.kavstal.ru/public/assets/images/products/LISTOVOI_PROKAT/LIST_NERZHAVEYUSHCHII/img.webp,труба обечайка;лист нержавеющий;aisi 321 (12х18н10т) no1 4x1250x2500;4,AISI 321 (12Х18Н10Т) No1 4x1250x2500,4,,28187
Нержавеющая сталь,ЛИСТ НЕРЖАВЕЮЩИЙ,AISI 321 (12Х18Н10Т) No1 4x1500x3000,ЛИСТ НЕРЖАВЕЮЩИЙ 4 AISI 321 (12Х18Н10Т) No1 4x1500x3000,"ЛИСТ НЕРЖАВЕЮЩИЙ марки AISI 321 (12Х18Н10Т) No1 4x1500x3000, размер 4",4,283983,т,1,0,0,https://www.kavstal.ru/public/assets/images/products/LISTOVOI_PROKAT/LIST_NERZHAVEYUSHCHII/img.webp,труба обечайка;лист нержавеющий;aisi 321 (12х18н10т) no1 4x1500x3000;4,AISI 321 (12Х18Н10Т) No1 4x1500x3000,4,,
Нержавеющая сталь,ЛИСТ НЕРЖАВЕЮЩИЙ,AISI 321 (12Х18Н10Т) No1 4x1500x3000,ЛИСТ НЕРЖАВЕЮЩИЙ 4 AISI 321 (12Х18Н10Т) No1 4x1500x3000,"ЛИСТ НЕРЖАВЕЮЩИЙ марки AISI 321 (12Х18Н10Т) No1 4x1500x3000, размер 4",4,283983,40894,1,0,0,https://www.kavstal.ru/public/assets/images/products/LISTOVOI_PROKAT/LIST_NERZHAVEYUSHCHII/img.webp,труба обечайка;лист нержавеющий;aisi 321 (12х18н10т) no1 4x1500x3000;4,AISI 321 (12Х18Н10Т) No1 4x1500x3000,4,,40894
Нержавеющая сталь,ЛИСТ НЕРЖАВЕЮЩИЙ,AISI 321 (12Х18Н10Т) No1 4x1500x6000,ЛИСТ НЕРЖАВЕЮЩИЙ 4 AISI 321 (12Х18Н10Т) No1 4x1500x6000,"ЛИСТ НЕРЖАВЕЮЩИЙ марки AISI 321 (12Х18Н10Т) No1 4x1500x6000, размер 4",4,283983,81787,1,0,0,https://www.kavstal.ru/public/assets/images/products/LISTOVOI_PROKAT/LIST_NERZHAVEYUSHCHII/img.webp,труба обечайка;лист нержавеющий;aisi 321 (12х18н10т) no1 4x1500x6000;4,AISI 321 (12Х18Н10Т) No1 4x1500x6000,4,,81787
Нержавеющая сталь,ЛИСТ НЕРЖАВЕЮЩИЙ,AISI 321 (12Х18Н10Т) No1 50x1500x3000,ЛИСТ НЕРЖАВЕЮЩИЙ 50 AISI 321 (12Х18Н10Т) No1 50x1500x3000,"ЛИСТ НЕРЖАВЕЮЩИЙ марки AISI 321 (12Х18Н10Т) No1 50x1500x3000, размер 50",50,305811,550461,1,0,0,https://www.kavstal.ru/public/assets/images/products/LISTOVOI_PROKAT/LIST_NERZHAVEYUSHCHII/img.webp,труба обечайка;лист нержавеющий;aisi 321 (12х18н10т) no1 50x1500x3000;50,AISI 321 (12Х18Н10Т) No1 50x1500x3000,50,,550461
Нержавеющая сталь,ЛИСТ НЕРЖАВЕЮЩИЙ,AISI 321 (12Х18Н10Т) No1 5x1000x2000,ЛИСТ НЕРЖАВЕЮЩИЙ 5 AISI 321 (12Х18Н10Т) No1 5x1000x2000,"ЛИСТ НЕРЖАВЕЮЩИЙ марки AISI 321 (12Х18Н10Т) No1 5x1000x2000, размер 5",5,281520,22522,1,0,0,https://www.kavstal.ru/public/assets/images/products/LISTOVOI_PROKAT/LIST_NERZHAVEYUSHCHII/img.webp,труба обечайка;лист нержавеющий;aisi 321 (12х18н10т) no1 5x1000x2000;5,AISI 321 (12Х18Н10Т) No1 5x1000x2000,5,,22522
Нержавеющая сталь,ЛИСТ НЕРЖАВЕЮЩИЙ,AISI 321 (12Х18Н10Т) No1 5x1250x2500,ЛИСТ НЕРЖАВЕЮЩИЙ 5 AISI 321 (12Х18Н10Т) No1 5x1250x2500,"ЛИСТ НЕРЖАВЕЮЩИЙ марки AISI 321 (12Х18Н10Т) No1 5x1250x2500, размер 5",5,293309,т,1,0,0,https://www.kavstal.ru/public/assets/images/products/LISTOVOI_PROKAT/LIST_NERZHAVEYUSHCHII/img.webp,труба обечайка;лист нержавеющий;aisi 321 (12х18н10т) no1 5x1250x2500;5,AISI 321 (12Х18Н10Т) No1 5x1250x2500,5,,
Нержавеющая сталь,ЛИСТ НЕРЖАВЕЮЩИЙ,AISI 321 (12Х18Н10Т) No1 5x1250x2500,ЛИСТ НЕРЖАВЕЮЩИЙ 5 AISI 321 (12Х18Н10Т) No1 5x1250x2500,"ЛИСТ НЕРЖАВЕЮЩИЙ марки AISI 321 (12Х18Н10Т) No1 5x1250x2500, размер 5",5,293309,36664,1,0,0,https://www.kavstal.ru/public/assets/images/products/LISTOVOI_PROKAT/LIST_NERZHAVEYUSHCHII/img.webp,труба обечайка;лист нержавеющий;aisi 321 (12х18н10т) no1 5x1250x2500;5,AISI 321 (12Х18Н10Т) No1 5x1250x2500,5,,36664
Нержавеющая сталь,ЛИСТ НЕРЖАВЕЮЩИЙ,AISI 321 (12Х18Н10Т) No1 5x1500x3000,ЛИСТ НЕРЖАВЕЮЩИЙ 5 AISI 321 (12Х18Н10Т) No1 5x1500x3000,"ЛИСТ НЕРЖАВЕЮЩИЙ марки AISI 321 (12Х18Н10Т) No1 5x1500x3000, размер 5",5,279450,т,1,0,0,https://www.kavstal.ru/public/assets/images/products/LISTOVOI_PROKAT/LIST_NERZHAVEYUSHCHII/img.webp,труба обечайка;лист нержавеющий;aisi 321 (12х18н10т) no1 5x1500x3000;5,AISI 321 (12Х18Н10Т) No1 5x1500x3000,5,,
Нержавеющая сталь,ЛИСТ НЕРЖАВЕЮЩИЙ,AISI 321 (12Х18Н10Т) No1 5x1500x3000,ЛИСТ НЕРЖАВЕЮЩИЙ 5 AISI 321 (12Х18Н10Т) No1 5x1500x3000,"ЛИСТ НЕРЖАВЕЮЩИЙ марки AISI 321 (12Х18Н10Т) No1 5x1500x3000, размер 5",5,279450,50301,1,0,0,https://www.kavstal.ru/public/assets/images/products/LISTOVOI_PROKAT/LIST_NERZHAVEYUSHCHII/img.webp,труба обечайка;лист нержавеющий;aisi 321 (12х18н10т) no1 5x1500x3000;5,AISI 321 (12Х18Н10Т) No1 5x1500x3000,5,,50301
Нержавеющая сталь,ЛИСТ НЕРЖАВЕЮЩИЙ,AISI 321 (12Х18Н10Т) No1 5x1500x6000,ЛИСТ НЕРЖАВЕЮЩИЙ 5 AISI 321 (12Х18Н10Т) No1 5x1500x6000,"ЛИСТ НЕРЖАВЕЮЩИЙ марки AISI 321 (12Х18Н10Т) No1 5x1500x6000, размер 5",5,279450,100602,1,0,0,https://www.kavstal.ru/public/assets/images/products/LISTOVOI_PROKAT/LIST_NERZHAVEYUSHCHII/img.webp,труба обечайка;лист нержавеющий;aisi 321 (12х18н10т) no1 5x1500x6000;5,AISI 321 (12Х18Н10Т) No1 5x1500x6000,5,,100602
Нержавеющая сталь,ЛИСТ НЕРЖАВЕЮЩИЙ,AISI 321 (12Х18Н10Т) No1 6x1000x2000,ЛИСТ НЕРЖАВЕЮЩИЙ 6 AISI 321 (12Х18Н10Т) No1 6x1000x2000,"ЛИСТ НЕРЖАВЕЮЩИЙ марки AISI 321 (12Х18Н10Т) No1 6x1000x2000, размер 6",6,283073,т,1,0,0,https://www.kavstal.ru/public/assets/images/products/LISTOVOI_PROKAT/LIST_NERZHAVEYUSHCHII/img.webp,труба обечайка;лист нержавеющий;aisi 321 (12х18н10т) no1 6x1000x2000;6,AISI 321 (12Х18Н10Т) No1 6x1000x2000,6,,
Нержавеющая сталь,ЛИСТ НЕРЖАВЕЮЩИЙ,AISI 321 (12Х18Н10Т) No1 6x1250x2500,ЛИСТ НЕРЖАВЕЮЩИЙ 6 AISI 321 (12Х18Н10Т) No1 6x1250x2500,"ЛИСТ НЕРЖАВЕЮЩИЙ марки AISI 321 (12Х18Н10Т) No1 6x1250x2500, размер 6",6,274275,т,1,0,0,https://www.kavstal.ru/public/assets/images/products/LISTOVOI_PROKAT/LIST_NERZHAVEYUSHCHII/img.webp,труба обечайка;лист нержавеющий;aisi 321 (12х18н10т) no1 6x1250x2500;6,AISI 321 (12Х18Н10Т) No1 6x1250x2500,6,,
Нержавеющая сталь,ЛИСТ НЕРЖАВЕЮЩИЙ,AISI 321 (12Х18Н10Т) No1 6x1500x3000,ЛИСТ НЕРЖАВЕЮЩИЙ 6 AISI 321 (12Х18Н10Т) No1 6x1500x3000,"ЛИСТ НЕРЖАВЕЮЩИЙ марки AISI 321 (12Х18Н10Т) No1 6x1500x3000, размер 6",6,282555,61032,1,0,0,https://www.kavstal.ru/public/assets/images/products/LISTOVOI_PROKAT/LIST_NERZHAVEYUSHCHII/img.webp,труба обечайка;лист нержавеющий;aisi 321 (12х18н10т) no1 6x1500x3000;6,AISI 321 (12Х18Н10Т) No1 6x1500x3000,6,,61032
Нержавеющая сталь,ЛИСТ НЕРЖАВЕЮЩИЙ,AISI 321 (12Х18Н10Т) No1 6x1500x6000,ЛИСТ НЕРЖАВЕЮЩИЙ 6 AISI 321 (12Х18Н10Т) No1 6x1500x6000,"ЛИСТ НЕРЖАВЕЮЩИЙ марки AISI 321 (12Х18Н10Т) No1 6x1500x6000, размер 6",6,282555,122064,1,0,0,https://www.kavstal.ru/public/assets/images/products/LISTOVOI_PROKAT/LIST_NERZHAVEYUSHCHII/img.webp,труба обечайка;лист нержавеющий;aisi 321 (12х18н10т) no1 6x1500x6000;6,AISI 321 (12Х18Н10Т) No1 6x1500x6000,6,,122064
Нержавеющая сталь,ЛИСТ НЕРЖАВЕЮЩИЙ,AISI 321 (12Х18Н10Т) No1 8x1250x2500,ЛИСТ НЕРЖАВЕЮЩИЙ 8 AISI 321 (12Х18Н10Т) No1 8x1250x2500,"ЛИСТ НЕРЖАВЕЮЩИЙ марки AISI 321 (12Х18Н10Т) No1 8x1250x2500, размер 8",8,283073,т,1,0,0,https://www.kavstal.ru/public/assets/images/products/LISTOVOI_PROKAT/LIST_NERZHAVEYUSHCHII/img.webp,труба обечайка;лист нержавеющий;aisi 321 (12х18н10т) no1 8x1250x2500;8,AISI 321 (12Х18Н10Т) No1 8x1250x2500,8,,
Нержавеющая сталь,ЛИСТ НЕРЖАВЕЮЩИЙ,AISI 321 (12Х18Н10Т) No1 8x1500x3000,ЛИСТ НЕРЖАВЕЮЩИЙ 8 AISI 321 (12Х18Н10Т) No1 8x1500x3000,"ЛИСТ НЕРЖАВЕЮЩИЙ марки AISI 321 (12Х18Н10Т) No1 8x1500x3000, размер 8",8,287730,т,1,0,0,https://www.kavstal.ru/public/assets/images/products/LISTOVOI_PROKAT/LIST_NERZHAVEYUSHCHII/img.webp,труба обечайка;лист нержавеющий;aisi 321 (12х18н10т) no1 8x1500x3000;8,AISI 321 (12Х18Н10Т) No1 8x1500x3000,8,,
Нержавеющая сталь,ЛИСТ НЕРЖАВЕЮЩИЙ,AISI 321 (12Х18Н10Т) No1 8x1500x3000,ЛИСТ НЕРЖАВЕЮЩИЙ 8 AISI 321 (12Х18Н10Т) No1 8x1500x3000,"ЛИСТ НЕРЖАВЕЮЩИЙ марки AISI 321 (12Х18Н10Т) No1 8x1500x3000, размер 8",8,287730,81715,1,0,0,https://www.kavstal.ru/public/assets/images/products/LISTOVOI_PROKAT/LIST_NERZHAVEYUSHCHII/img.webp,труба обечайка;лист нержавеющий;aisi 321 (12х18н10т) no1 8x1500x3000;8,AISI 321 (12Х18Н10Т) No1 8x1500x3000,8,,81715
Нержавеющая сталь,ЛИСТ НЕРЖАВЕЮЩИЙ,AISI 321 (12Х18Н10Т) No1 8x1500x3000,ЛИСТ НЕРЖАВЕЮЩИЙ 8 AISI 321 (12Х18Н10Т) No1 8x1500x3000,"ЛИСТ НЕРЖАВЕЮЩИЙ марки AISI 321 (12Х18Н10Т) No1 8x1500x3000, размер 8",8,287730,82866,1,0,0,https://www.kavstal.ru/public/assets/images/products/LISTOVOI_PROKAT/LIST_NERZHAVEYUSHCHII/img.webp,труба обечайка;лист нержавеющий;aisi 321 (12х18н10т) no1 8x1500x3000;8,AISI 321 (12Х18Н10Т) No1 8x1500x3000,8,,82866
Нержавеющая сталь,ЛИСТ НЕРЖАВЕЮЩИЙ,AISI 321 (12Х18Н10Т) No1 8x1500x4000,ЛИСТ НЕРЖАВЕЮЩИЙ 8 AISI 321 (12Х18Н10Т) No1 8x1500x4000,"ЛИСТ НЕРЖАВЕЮЩИЙ марки AISI 321 (12Х18Н10Т) No1 8x1500x4000, размер 8",8,278415,т,1,0,0,https://www.kavstal.ru/public/assets/images/products/LISTOVOI_PROKAT/LIST_NERZHAVEYUSHCHII/img.webp,труба обечайка;лист нержавеющий;aisi 321 (12х18н10т) no1 8x1500x4000;8,AISI 321 (12Х18Н10Т) No1 8x1500x4000,8,,
Нержавеющая сталь,ЛИСТ НЕРЖАВЕЮЩИЙ,AISI 321 (12Х18Н10Т) No1 8x1500x6000,ЛИСТ НЕРЖАВЕЮЩИЙ 8 AISI 321 (12Х18Н10Т) No1 8x1500x6000,"ЛИСТ НЕРЖАВЕЮЩИЙ марки AISI 321 (12Х18Н10Т) No1 8x1500x6000, размер 8",8,287730,165732,1,0,0,https://www.kavstal.ru/public/assets/images/products/LISTOVOI_PROKAT/LIST_NERZHAVEYUSHCHII/img.webp,труба обечайка;лист нержавеющий;aisi 321 (12х18н10т) no1 8x1500x6000;8,AISI 321 (12Х18Н10Т) No1 8x1500x6000,8,,165732
Нержавеющая сталь,ЛИСТ НЕРЖАВЕЮЩИЙ,AISI 904L (06ХН28МДТ) No1 10x1500x6000,ЛИСТ НЕРЖАВЕЮЩИЙ 10 AISI 904L (06ХН28МДТ) No1 10x1500x6000,"ЛИСТ НЕРЖАВЕЮЩИЙ марки AISI 904L (06ХН28МДТ) No1 10x1500x6000, размер 10",10,1374697,989782,1,0,0,https://www.kavstal.ru/public/assets/images/products/LISTOVOI_PROKAT/LIST_NERZHAVEYUSHCHII/img.webp,труба обечайка;лист нержавеющий;aisi 904l (06хн28мдт) no1 10x1500x6000;10,AISI 904L (06ХН28МДТ) No1 10x1500x6000,10,,989782
Нержавеющая сталь,ЛИСТ НЕРЖАВЕЮЩИЙ,AISI 904L (06ХН28МДТ) No1 16x1500x6000,ЛИСТ НЕРЖАВЕЮЩИЙ 16 AISI 904L (06ХН28МДТ) No1 16x1500x6000,"ЛИСТ НЕРЖАВЕЮЩИЙ марки AISI 904L (06ХН28МДТ) No1 16x1500x6000, размер 16",16,1374697,т,1,0,0,https://www.kavstal.ru/public/assets/images/products/LISTOVOI_PROKAT/LIST_NERZHAVEYUSHCHII/img.webp,труба обечайка;лист нержавеющий;aisi 904l (06хн28мдт) no1 16x1500x6000;16,AISI 904L (06ХН28МДТ) No1 16x1500x6000,16,,
Нержавеющая сталь,ЛИСТ НЕРЖАВЕЮЩИЙ,AISI 904L (06ХН28МДТ) No1 20x1500x3000,ЛИСТ НЕРЖАВЕЮЩИЙ 20 AISI 904L (06ХН28МДТ) No1 20x1500x3000,"ЛИСТ НЕРЖАВЕЮЩИЙ марки AISI 904L (06ХН28МДТ) No1 20x1500x3000, размер 20",20,1374697,т,1,0,0,https://www.kavstal.ru/public/assets/images/products/LISTOVOI_PROKAT/LIST_NERZHAVEYUSHCHII/img.webp,труба обечайка;лист нержавеющий;aisi 904l (06хн28мдт) no1 20x1500x3000;20,AISI 904L (06ХН28МДТ) No1 20x1500x3000,20,,
Нержавеющая сталь,ЛИСТ НЕРЖАВЕЮЩИЙ,AISI 904L (06ХН28МДТ) No1 25x1500x3000,ЛИСТ НЕРЖАВЕЮЩИЙ 25 AISI 904L (06ХН28МДТ) No1 25x1500x3000,"ЛИСТ НЕРЖАВЕЮЩИЙ марки AISI 904L (06ХН28МДТ) No1 25x1500x3000, размер 25",25,1374697,т,1,0,0,https://www.kavstal.ru/public/assets/images/products/LISTOVOI_PROKAT/LIST_NERZHAVEYUSHCHII/img.webp,труба обечайка;лист нержавеющий;aisi 904l (06хн28мдт) no1 25x1500x3000;25,AISI 904L (06ХН28МДТ) No1 25x1500x3000,25,,
Нержавеющая сталь,ЛИСТ НЕРЖАВЕЮЩИЙ,08Х18Н10 ?x?x?,ЛИСТ НЕРЖАВЕЮЩИЙ 0 08Х18Н10 ?x?x?,"ЛИСТ НЕРЖАВЕЮЩИЙ марки 08Х18Н10 ?x?x?, размер 0",0,0,т,1,0,0,https://www.kavstal.ru/public/assets/images/products/LISTOVOI_PROKAT/LIST_NERZHAVEYUSHCHII/img.webp,труба обечайка;лист нержавеющий;08х18н10 ?x?x?,08Х18Н10 ?x?x?,0,,
Нержавеющая сталь,ЛИСТ НЕРЖАВЕЮЩИЙ,08Х18Н10 ?x?x?,ЛИСТ НЕРЖАВЕЮЩИЙ 0 08Х18Н10 ?x?x?,"ЛИСТ НЕРЖАВЕЮЩИЙ марки 08Х18Н10 ?x?x?, размер 0",0,0,т,1,0,0,https://www.kavstal.ru/public/assets/images/products/LISTOVOI_PROKAT/LIST_NERZHAVEYUSHCHII/img.webp,труба обечайка;лист нержавеющий;08х18н10 ?x?x?,08Х18Н10 ?x?x?,0,,
Нержавеющая сталь,ЛИСТ НЕРЖАВЕЮЩИЙ,08Х18Н10 ?x?x?,ЛИСТ НЕРЖАВЕЮЩИЙ 0 08Х18Н10 ?x?x?,"ЛИСТ НЕРЖАВЕЮЩИЙ марки 08Х18Н10 ?x?x?, размер 0",0,0,т,1,0,0,https://www.kavstal.ru/public/assets/images/products/LISTOVOI_PROKAT/LIST_NERZHAVEYUSHCHII/img.webp,труба обечайка;лист нержавеющий;08х18н10 ?x?x?,08Х18Н10 ?x?x?,0,,
Нержавеющая сталь,ЛИСТ НЕРЖАВЕЮЩИЙ,08Х18Н10 ?x?x?,ЛИСТ НЕРЖАВЕЮЩИЙ 0 08Х18Н10 ?x?x?,"ЛИСТ НЕРЖАВЕЮЩИЙ марки 08Х18Н10 ?x?x?, размер 0",0,0,т,1,0,0,https://www.kavstal.ru/public/assets/images/products/LISTOVOI_PROKAT/LIST_NERZHAVEYUSHCHII/img.webp,труба обечайка;лист нержавеющий;08х18н10 ?x?x?,08Х18Н10 ?x?x?,0,,
Нержавеющая сталь,ЛИСТ НЕРЖАВЕЮЩИЙ,08Х18Н10 ?x?x?,ЛИСТ НЕРЖАВЕЮЩИЙ 0 08Х18Н10 ?x?x?,"ЛИСТ НЕРЖАВЕЮЩИЙ марки 08Х18Н10 ?x?x?, размер 0",0,0,т,1,0,0,https://www.kavstal.ru/public/assets/images/products/LISTOVOI_PROKAT/LIST_NERZHAVEYUSHCHII/img.webp,труба обечайка;лист нержавеющий;08х18н10 ?x?x?,08Х18Н10 ?x?x?,0,,
Нержавеющая сталь,ЛИСТ НЕРЖАВЕЮЩИЙ,439 ?x?x?,ЛИСТ НЕРЖАВЕЮЩИЙ 0 439 ?x?x?,"ЛИСТ НЕРЖАВЕЮЩИЙ марки 439 ?x?x?, размер 0",0,0,т,1,0,0,https://www.kavstal.ru/public/assets/images/products/LISTOVOI_PROKAT/LIST_NERZHAVEYUSHCHII/img.webp,труба обечайка;лист нержавеющий;439 ?x?x?,439 ?x?x?,0,,
Нержавеющая сталь,ЛИСТ НЕРЖАВЕЮЩИЙ,AISI 321 ?x?x?,ЛИСТ НЕРЖАВЕЮЩИЙ 0 AISI 321 ?x?x?,"ЛИСТ НЕРЖАВЕЮЩИЙ марки AISI 321 ?x?x?, размер 0",0,0,т,1,0,0,https://www.kavstal.ru/public/assets/images/products/LISTOVOI_PROKAT/LIST_NERZHAVEYUSHCHII/img.webp,труба обечайка;лист нержавеющий;aisi 321 ?x?x?,AISI 321 ?x?x?,0,,
Нержавеющая сталь,ЛИСТ НЕРЖАВЕЮЩИЙ,AISI 409 ?x?x?,ЛИСТ НЕРЖАВЕЮЩИЙ 0 AISI 409 ?x?x?,"ЛИСТ НЕРЖАВЕЮЩИЙ марки AISI 409 ?x?x?, размер 0",0,0,т,1,0,0,https://www.kavstal.ru/public/assets/images/products/LISTOVOI_PROKAT/LIST_NERZHAVEYUSHCHII/img.webp,труба обечайка;лист нержавеющий;aisi 409 ?x?x?,AISI 409 ?x?x?,0,,
Нержавеющая сталь,ЛИСТ НЕРЖАВЕЮЩИЙ,AISI 409L 2B (матовый) 0.5x1000x?,ЛИСТ НЕРЖАВЕЮЩИЙ 0.5 AISI 409L 2B (матовый) 0.5x1000x?,"ЛИСТ НЕРЖАВЕЮЩИЙ марки AISI 409L 2B (матовый) 0.5x1000x?, размер 0.5",0.5,180051,т,1,0,0,https://www.kavstal.ru/public/assets/images/products/LISTOVOI_PROKAT/LIST_NERZHAVEYUSHCHII/img.webp,труба обечайка;лист нержавеющий;aisi 409l 2b (матовый) 0.5x1000x?;5,AISI 409L 2B (матовый) 0.5x1000x?,0.5,,
Нержавеющая сталь,ЛИСТ НЕРЖАВЕЮЩИЙ,AISI 409L 2B (матовый) 0.5x1000x2000,ЛИСТ НЕРЖАВЕЮЩИЙ 0.5 AISI 409L 2B (матовый) 0.5x1000x2000,"ЛИСТ НЕРЖАВЕЮЩИЙ марки AISI 409L 2B (матовый) 0.5x1000x2000, размер 0.5",0.5,180051,1413,1,0,0,https://www.kavstal.ru/public/assets/images/products/LISTOVOI_PROKAT/LIST_NERZHAVEYUSHCHII/img.webp,труба обечайка;лист нержавеющий;aisi 409l 2b (матовый) 0.5x1000x2000;5,AISI 409L 2B (матовый) 0.5x1000x2000,0.5,,1413
Нержавеющая сталь,ЛИСТ НЕРЖАВЕЮЩИЙ,AISI 409L 2B (матовый) 0.8x1000x2000,ЛИСТ НЕРЖАВЕЮЩИЙ 0.8 AISI 409L 2B (матовый) 0.8x1000x2000,"ЛИСТ НЕРЖАВЕЮЩИЙ марки AISI 409L 2B (матовый) 0.8x1000x2000, размер 0.8",0.8,177310,2270,1,0,0,https://www.kavstal.ru/public/assets/images/products/LISTOVOI_PROKAT/LIST_NERZHAVEYUSHCHII/img.webp,труба обечайка;лист нержавеющий;aisi 409l 2b (матовый) 0.8x1000x2000;8,AISI 409L 2B (матовый) 0.8x1000x2000,0.8,,2270
Нержавеющая сталь,ЛИСТ НЕРЖАВЕЮЩИЙ,AISI 409L 2B (матовый) 0.95x1000x2000,ЛИСТ НЕРЖАВЕЮЩИЙ 0.95 AISI 409L 2B (матовый) 0.95x1000x2000,"ЛИСТ НЕРЖАВЕЮЩИЙ марки AISI 409L 2B (матовый) 0.95x1000x2000, размер 0.95",0.95,174590,т,1,0,0,https://www.kavstal.ru/public/assets/images/products/LISTOVOI_PROKAT/LIST_NERZHAVEYUSHCHII/img.webp,труба обечайка;лист нержавеющий;aisi 409l 2b (матовый) 0.95x1000x2000;95,AISI 409L 2B (матовый) 0.95x1000x2000,0.95,,
Нержавеющая сталь,ЛИСТ НЕРЖАВЕЮЩИЙ,AISI 409L 2B (матовый) 1.2x1000x2000,ЛИСТ НЕРЖАВЕЮЩИЙ 1.2 AISI 409L 2B (матовый) 1.2x1000x2000,"ЛИСТ НЕРЖАВЕЮЩИЙ марки AISI 409L 2B (матовый) 1.2x1000x2000, размер 1.2",1.2,177310,т,1,0,0,https://www.kavstal.ru/public/assets/images/products/LISTOVOI_PROKAT/LIST_NERZHAVEYUSHCHII/img.webp,труба обечайка;лист нержавеющий;aisi 409l 2b (матовый) 1.2x1000x2000;1;2,AISI 409L 2B (матовый) 1.2x1000x2000,1.2,,
Нержавеющая сталь,ЛИСТ НЕРЖАВЕЮЩИЙ,AISI 409L 2B (матовый) 1.2x1250x2500,ЛИСТ НЕРЖАВЕЮЩИЙ 1.2 AISI 409L 2B (матовый) 1.2x1250x2500,"ЛИСТ НЕРЖАВЕЮЩИЙ марки AISI 409L 2B (матовый) 1.2x1250x2500, размер 1.2",1.2,177310,т,1,0,0,https://www.kavstal.ru/public/assets/images/products/LISTOVOI_PROKAT/LIST_NERZHAVEYUSHCHII/img.webp,труба обечайка;лист нержавеющий;aisi 409l 2b (матовый) 1.2x1250x2500;1;2,AISI 409L 2B (матовый) 1.2x1250x2500,1.2,,
Нержавеющая сталь,ЛИСТ НЕРЖАВЕЮЩИЙ,AISI 409L 2B (матовый) 1x1000x2000,ЛИСТ НЕРЖАВЕЮЩИЙ 1 AISI 409L 2B (матовый) 1x1000x2000,"ЛИСТ НЕРЖАВЕЮЩИЙ марки AISI 409L 2B (матовый) 1x1000x2000, размер 1",1,183542,2882,1,0,0,https://www.kavstal.ru/public/assets/images/products/LISTOVOI_PROKAT/LIST_NERZHAVEYUSHCHII/img.webp,труба обечайка;лист нержавеющий;aisi 409l 2b (матовый) 1x1000x2000;1,AISI 409L 2B (матовый) 1x1000x2000,1,,2882
Нержавеющая сталь,ЛИСТ НЕРЖАВЕЮЩИЙ,AISI 410 ?x?x?,ЛИСТ НЕРЖАВЕЮЩИЙ 0 AISI 410 ?x?x?,"ЛИСТ НЕРЖАВЕЮЩИЙ марки AISI 410 ?x?x?, размер 0",0,0,т,1,0,0,https://www.kavstal.ru/public/assets/images/products/LISTOVOI_PROKAT/LIST_NERZHAVEYUSHCHII/img.webp,труба обечайка;лист нержавеющий;aisi 410 ?x?x?,AISI 410 ?x?x?,0,,
Нержавеющая сталь,ЛИСТ НЕРЖАВЕЮЩИЙ,AISI 410S (08Х13) 2B (матовый) 1.5x1500x3000,ЛИСТ НЕРЖАВЕЮЩИЙ 1.5 AISI 410S (08Х13) 2B (матовый) 1.5x1500x3000,"ЛИСТ НЕРЖАВЕЮЩИЙ марки AISI 410S (08Х13) 2B (матовый) 1.5x1500x3000, размер 1.5",1.5,163242,т,1,0,0,https://www.kavstal.ru/public/assets/images/products/LISTOVOI_PROKAT/LIST_NERZHAVEYUSHCHII/img.webp,труба обечайка;лист нержавеющий;aisi 410s (08х13) 2b (матовый) 1.5x1500x3000;1;5,AISI 410S (08Х13) 2B (матовый) 1.5x1500x3000,1.5,,
Нержавеющая сталь,ЛИСТ НЕРЖАВЕЮЩИЙ,AISI 410S (08Х13) 2B (матовый) 4x1500x3000,ЛИСТ НЕРЖАВЕЮЩИЙ 4 AISI 410S (08Х13) 2B (матовый) 4x1500x3000,"ЛИСТ НЕРЖАВЕЮЩИЙ марки AISI 410S (08Х13) 2B (матовый) 4x1500x3000, размер 4",4,163242,т,1,0,0,https://www.kavstal.ru/public/assets/images/products/LISTOVOI_PROKAT/LIST_NERZHAVEYUSHCHII/img.webp,труба обечайка;лист нержавеющий;aisi 410s (08х13) 2b (матовый) 4x1500x3000;4,AISI 410S (08Х13) 2B (матовый) 4x1500x3000,4,,
Нержавеющая сталь,ЛИСТ НЕРЖАВЕЮЩИЙ,AISI 420 ?x?x?,ЛИСТ НЕРЖАВЕЮЩИЙ 0 AISI 420 ?x?x?,"ЛИСТ НЕРЖАВЕЮЩИЙ марки AISI 420 ?x?x?, размер 0",0,0,т,1,0,0,https://www.kavstal.ru/public/assets/images/products/LISTOVOI_PROKAT/LIST_NERZHAVEYUSHCHII/img.webp,труба обечайка;лист нержавеющий;aisi 420 ?x?x?,AISI 420 ?x?x?,0,,
Нержавеющая сталь,ЛИСТ НЕРЖАВЕЮЩИЙ,AISI 430 ?x?x?,ЛИСТ НЕРЖАВЕЮЩИЙ 0 AISI 430 ?x?x?,"ЛИСТ НЕРЖАВЕЮЩИЙ марки AISI 430 ?x?x?, размер 0",0,0,т,1,0,0,https://www.kavstal.ru/public/assets/images/products/LISTOVOI_PROKAT/LIST_NERZHAVEYUSHCHII/img.webp,труба обечайка;лист нержавеющий;aisi 430 ?x?x?,AISI 430 ?x?x?,0,,
Нержавеющая сталь,ЛИСТ НЕРЖАВЕЮЩИЙ,AISI 430 (08Х17) DECO8+PE 0.8x1250x2500,ЛИСТ НЕРЖАВЕЮЩИЙ 0.8 AISI 430 (08Х17) DECO8+PE 0.8x1250x2500,"ЛИСТ НЕРЖАВЕЮЩИЙ марки AISI 430 (08Х17) DECO8+PE 0.8x1250x2500, размер 0.8",0.8,195215,3709,1,0,0,https://www.kavstal.ru/public/assets/images/products/LISTOVOI_PROKAT/LIST_NERZHAVEYUSHCHII/img.webp,труба обечайка;лист нержавеющий;aisi 430 (08х17) deco8+pe 0.8x1250x2500;8,AISI 430 (08Х17) DECO8+PE 0.8x1250x2500,0.8,,3709
Нержавеющая сталь,ЛИСТ НЕРЖАВЕЮЩИЙ,AISI 430 (08Х17) 2B 1x1500x3000,ЛИСТ НЕРЖАВЕЮЩИЙ 1 AISI 430 (08Х17) 2B 1x1500x3000,"ЛИСТ НЕРЖАВЕЮЩИЙ марки AISI 430 (08Х17) 2B 1x1500x3000, размер 1",1,141166,т,1,0,0,https://www.kavstal.ru/public/assets/images/products/LISTOVOI_PROKAT/LIST_NERZHAVEYUSHCHII/img.webp,труба обечайка;лист нержавеющий;aisi 430 (08х17) 2b 1x1500x3000;1,AISI 430 (08Х17) 2B 1x1500x3000,1,,
Нержавеющая сталь,ЛИСТ НЕРЖАВЕЮЩИЙ,AISI 430 (08Х17) 2B (матовый) 0.4x1000x2000,ЛИСТ НЕРЖАВЕЮЩИЙ 0.4 AISI 430 (08Х17) 2B (матовый) 0.4x1000x2000,"ЛИСТ НЕРЖАВЕЮЩИЙ марки AISI 430 (08Х17) 2B (матовый) 0.4x1000x2000, размер 0.4",0.4,141166,903,1,0,0,https://www.kavstal.ru/public/assets/images/products/LISTOVOI_PROKAT/LIST_NERZHAVEYUSHCHII/img.webp,труба обечайка;лист нержавеющий;aisi 430 (08х17) 2b (матовый) 0.4x1000x2000;4,AISI 430 (08Х17) 2B (матовый) 0.4x1000x2000,0.4,,903
Нержавеющая сталь,ЛИСТ НЕРЖАВЕЮЩИЙ,AISI 430 (08Х17) 2B (матовый) 0.4x1000x2000,ЛИСТ НЕРЖАВЕЮЩИЙ 0.4 AISI 430 (08Х17) 2B (матовый) 0.4x1000x2000,"ЛИСТ НЕРЖАВЕЮЩИЙ марки AISI 430 (08Х17) 2B (матовый) 0.4x1000x2000, размер 0.4",0.4,190830,1221,1,0,0,https://www.kavstal.ru/public/assets/images/products/LISTOVOI_PROKAT/LIST_NERZHAVEYUSHCHII/img.webp,труба обечайка;лист нержавеющий;aisi 430 (08х17) 2b (матовый) 0.4x1000x2000;4,AISI 430 (08Х17) 2B (матовый) 0.4x1000x2000,0.4,,1221
Нержавеющая сталь,ЛИСТ НЕРЖАВЕЮЩИЙ,AISI 430 (08Х17) 2B (матовый) 0.5x1000x2000,ЛИСТ НЕРЖАВЕЮЩИЙ 0.5 AISI 430 (08Х17) 2B (матовый) 0.5x1000x2000,"ЛИСТ НЕРЖАВЕЮЩИЙ марки AISI 430 (08Х17) 2B (матовый) 0.5x1000x2000, размер 0.5",0.5,170571,1365,1,0,0,https://www.kavstal.ru/public/assets/images/products/LISTOVOI_PROKAT/LIST_NERZHAVEYUSHCHII/img.webp,труба обечайка;лист нержавеющий;aisi 430 (08х17) 2b (матовый) 0.5x1000x2000;5,AISI 430 (08Х17) 2B (матовый) 0.5x1000x2000,0.5,,1365
Нержавеющая сталь,ЛИСТ НЕРЖАВЕЮЩИЙ,AISI 430 (08Х17) 2B (матовый) 0.5x1250x2500,ЛИСТ НЕРЖАВЕЮЩИЙ 0.5 AISI 430 (08Х17) 2B (матовый) 0.5x1250x2500,"ЛИСТ НЕРЖАВЕЮЩИЙ марки AISI 430 (08Х17) 2B (матовый) 0.5x1250x2500, размер 0.5",0.5,141166,1765,1,0,0,https://www.kavstal.ru/public/assets/images/products/LISTOVOI_PROKAT/LIST_NERZHAVEYUSHCHII/img.webp,труба обечайка;лист нержавеющий;aisi 430 (08х17) 2b (матовый) 0.5x1250x2500;5,AISI 430 (08Х17) 2B (матовый) 0.5x1250x2500,0.5,,1765
Нержавеющая сталь,ЛИСТ НЕРЖАВЕЮЩИЙ,AISI 430 (08Х17) 2B (матовый) 0.5x1250x2500,ЛИСТ НЕРЖАВЕЮЩИЙ 0.5 AISI 430 (08Х17) 2B (матовый) 0.5x1250x2500,"ЛИСТ НЕРЖАВЕЮЩИЙ марки AISI 430 (08Х17) 2B (матовый) 0.5x1250x2500, размер 0.5",0.5,181441,т,1,0,0,https://www.kavstal.ru/public/assets/images/products/LISTOVOI_PROKAT/LIST_NERZHAVEYUSHCHII/img.webp,труба обечайка;лист нержавеющий;aisi 430 (08х17) 2b (матовый) 0.5x1250x2500;5,AISI 430 (08Х17) 2B (матовый) 0.5x1250x2500,0.5,,
Нержавеющая сталь,ЛИСТ НЕРЖАВЕЮЩИЙ,AISI 430 (08Х17) 2B (матовый) 0.5x1250x2500,ЛИСТ НЕРЖАВЕЮЩИЙ 0.5 AISI 430 (08Х17) 2B (матовый) 0.5x1250x2500,"ЛИСТ НЕРЖАВЕЮЩИЙ марки AISI 430 (08Х17) 2B (матовый) 0.5x1250x2500, размер 0.5",0.5,181441,2268,1,0,0,https://www.kavstal.ru/public/assets/images/products/LISTOVOI_PROKAT/LIST_NERZHAVEYUSHCHII/img.webp,труба обечайка;лист нержавеющий;aisi 430 (08х17) 2b (матовый) 0.5x1250x2500;5,AISI 430 (08Х17) 2B (матовый) 0.5x1250x2500,0.5,,2268
Нержавеющая сталь,ЛИСТ НЕРЖАВЕЮЩИЙ,AISI 430 (08Х17) 2B (матовый) 0.6x1250x2500,ЛИСТ НЕРЖАВЕЮЩИЙ 0.6 AISI 430 (08Х17) 2B (матовый) 0.6x1250x2500,"ЛИСТ НЕРЖАВЕЮЩИЙ марки AISI 430 (08Х17) 2B (матовый) 0.6x1250x2500, размер 0.6",0.6,177331,2571,1,0,0,https://www.kavstal.ru/public/assets/images/products/LISTOVOI_PROKAT/LIST_NERZHAVEYUSHCHII/img.webp,труба обечайка;лист нержавеющий;aisi 430 (08х17) 2b (матовый) 0.6x1250x2500;6,AISI 430 (08Х17) 2B (матовый) 0.6x1250x2500,0.6,,2571
Нержавеющая сталь,ЛИСТ НЕРЖАВЕЮЩИЙ,AISI 430 (08Х17) 2B (матовый) 0.7x1000x2000,ЛИСТ НЕРЖАВЕЮЩИЙ 0.7 AISI 430 (08Х17) 2B (матовый) 0.7x1000x2000,"ЛИСТ НЕРЖАВЕЮЩИЙ марки AISI 430 (08Х17) 2B (матовый) 0.7x1000x2000, размер 0.7",0.7,160309,1795,1,0,0,https://www.kavstal.ru/public/assets/images/products/LISTOVOI_PROKAT/LIST_NERZHAVEYUSHCHII/img.webp,труба обечайка;лист нержавеющий;aisi 430 (08х17) 2b (матовый) 0.7x1000x2000;7,AISI 430 (08Х17) 2B (матовый) 0.7x1000x2000,0.7,,1795
Нержавеющая сталь,ЛИСТ НЕРЖАВЕЮЩИЙ,AISI 430 (08Х17) 2B (матовый) 0.7x1250x2500,ЛИСТ НЕРЖАВЕЮЩИЙ 0.7 AISI 430 (08Х17) 2B (матовый) 0.7x1250x2500,"ЛИСТ НЕРЖАВЕЮЩИЙ марки AISI 430 (08Х17) 2B (матовый) 0.7x1250x2500, размер 0.7",0.7,163699,2865,1,0,0,https://www.kavstal.ru/public/assets/images/products/LISTOVOI_PROKAT/LIST_NERZHAVEYUSHCHII/img.webp,труба обечайка;лист нержавеющий;aisi 430 (08х17) 2b (матовый) 0.7x1250x2500;7,AISI 430 (08Х17) 2B (матовый) 0.7x1250x2500,0.7,,2865
Нержавеющая сталь,ЛИСТ НЕРЖАВЕЮЩИЙ,AISI 430 (08Х17) 2B (матовый) 0.8x1000x2000,ЛИСТ НЕРЖАВЕЮЩИЙ 0.8 AISI 430 (08Х17) 2B (матовый) 0.8x1000x2000,"ЛИСТ НЕРЖАВЕЮЩИЙ марки AISI 430 (08Х17) 2B (матовый) 0.8x1000x2000, размер 0.8",0.8,165364,т,1,0,0,https://www.kavstal.ru/public/assets/images/products/LISTOVOI_PROKAT/LIST_NERZHAVEYUSHCHII/img.webp,труба обечайка;лист нержавеющий;aisi 430 (08х17) 2b (матовый) 0.8x1000x2000;8,AISI 430 (08Х17) 2B (матовый) 0.8x1000x2000,0.8,,
Нержавеющая сталь,ЛИСТ НЕРЖАВЕЮЩИЙ,AISI 430 (08Х17) 2B (матовый) 0.8x1000x2000,ЛИСТ НЕРЖАВЕЮЩИЙ 0.8 AISI 430 (08Х17) 2B (матовый) 0.8x1000x2000,"ЛИСТ НЕРЖАВЕЮЩИЙ марки AISI 430 (08Х17) 2B (матовый) 0.8x1000x2000, размер 0.8",0.8,165364,2117,1,0,0,https://www.kavstal.ru/public/assets/images/products/LISTOVOI_PROKAT/LIST_NERZHAVEYUSHCHII/img.webp,труба обечайка;лист нержавеющий;aisi 430 (08х17) 2b (матовый) 0.8x1000x2000;8,AISI 430 (08Х17) 2B (матовый) 0.8x1000x2000,0.8,,2117
Нержавеющая сталь,ЛИСТ НЕРЖАВЕЮЩИЙ,AISI 430 (08Х17) 2B (матовый) 0.8x1250x2500,ЛИСТ НЕРЖАВЕЮЩИЙ 0.8 AISI 430 (08Х17) 2B (матовый) 0.8x1250x2500,"ЛИСТ НЕРЖАВЕЮЩИЙ марки AISI 430 (08Х17) 2B (матовый) 0.8x1250x2500, размер 0.8",0.8,141166,2823,1,0,0,https://www.kavstal.ru/public/assets/images/products/LISTOVOI_PROKAT/LIST_NERZHAVEYUSHCHII/img.webp,труба обечайка;лист нержавеющий;aisi 430 (08х17) 2b (матовый) 0.8x1250x2500;8,AISI 430 (08Х17) 2B (матовый) 0.8x1250x2500,0.8,,2823
Нержавеющая сталь,ЛИСТ НЕРЖАВЕЮЩИЙ,AISI 430 (08Х17) 2B (матовый) 0.8x1250x2500,ЛИСТ НЕРЖАВЕЮЩИЙ 0.8 AISI 430 (08Х17) 2B (матовый) 0.8x1250x2500,"ЛИСТ НЕРЖАВЕЮЩИЙ марки AISI 430 (08Х17) 2B (матовый) 0.8x1250x2500, размер 0.8",0.8,165496,т,1,0,0,https://www.kavstal.ru/public/assets/images/products/LISTOVOI_PROKAT/LIST_NERZHAVEYUSHCHII/img.webp,труба обечайка;лист нержавеющий;aisi 430 (08х17) 2b (матовый) 0.8x1250x2500;8,AISI 430 (08Х17) 2B (матовый) 0.8x1250x2500,0.8,,
Нержавеющая сталь,ЛИСТ НЕРЖАВЕЮЩИЙ,AISI 430 (08Х17) 2B (матовый) 0.8x1250x2500,ЛИСТ НЕРЖАВЕЮЩИЙ 0.8 AISI 430 (08Х17) 2B (матовый) 0.8x1250x2500,"ЛИСТ НЕРЖАВЕЮЩИЙ марки AISI 430 (08Х17) 2B (матовый) 0.8x1250x2500, размер 0.8",0.8,165496,3310,1,0,0,https://www.kavstal.ru/public/assets/images/products/LISTOVOI_PROKAT/LIST_NERZHAVEYUSHCHII/img.webp,труба обечайка;лист нержавеющий;aisi 430 (08х17) 2b (матовый) 0.8x1250x2500;8,AISI 430 (08Х17) 2B (матовый) 0.8x1250x2500,0.8,,3310
Нержавеющая сталь,ЛИСТ НЕРЖАВЕЮЩИЙ,AISI 430 (08Х17) 2B (матовый) 0.8x1500x3000,ЛИСТ НЕРЖАВЕЮЩИЙ 0.8 AISI 430 (08Х17) 2B (матовый) 0.8x1500x3000,"ЛИСТ НЕРЖАВЕЮЩИЙ марки AISI 430 (08Х17) 2B (матовый) 0.8x1500x3000, размер 0.8",0.8,158908,4577,1,0,0,https://www.kavstal.ru/public/assets/images/products/LISTOVOI_PROKAT/LIST_NERZHAVEYUSHCHII/img.webp,труба обечайка;лист нержавеющий;aisi 430 (08х17) 2b (матовый) 0.8x1500x3000;8,AISI 430 (08Х17) 2B (матовый) 0.8x1500x3000,0.8,,4577
Нержавеющая сталь,ЛИСТ НЕРЖАВЕЮЩИЙ,AISI 430 (08Х17) 2B (матовый) 1.2x1000x2000,ЛИСТ НЕРЖАВЕЮЩИЙ 1.2 AISI 430 (08Х17) 2B (матовый) 1.2x1000x2000,"ЛИСТ НЕРЖАВЕЮЩИЙ марки AISI 430 (08Х17) 2B (матовый) 1.2x1000x2000, размер 1.2",1.2,160999,3091,1,0,0,https://www.kavstal.ru/public/assets/images/products/LISTOVOI_PROKAT/LIST_NERZHAVEYUSHCHII/img.webp,труба обечайка;лист нержавеющий;aisi 430 (08х17) 2b (матовый) 1.2x1000x2000;1;2,AISI 430 (08Х17) 2B (матовый) 1.2x1000x2000,1.2,,3091
Нержавеющая сталь,ЛИСТ НЕРЖАВЕЮЩИЙ,AISI 430 (08Х17) 2B (матовый) 1.2x1250x2500,ЛИСТ НЕРЖАВЕЮЩИЙ 1.2 AISI 430 (08Х17) 2B (матовый) 1.2x1250x2500,"ЛИСТ НЕРЖАВЕЮЩИЙ марки AISI 430 (08Х17) 2B (матовый) 1.2x1250x2500, размер 1.2",1.2,155772,т,1,0,0,https://www.kavstal.ru/public/assets/images/products/LISTOVOI_PROKAT/LIST_NERZHAVEYUSHCHII/img.webp,труба обечайка;лист нержавеющий;aisi 430 (08х17) 2b (матовый) 1.2x1250x2500;1;2,AISI 430 (08Х17) 2B (матовый) 1.2x1250x2500,1.2,,
Нержавеющая сталь,ЛИСТ НЕРЖАВЕЮЩИЙ,AISI 430 (08Х17) 2B (матовый) 1.2x1250x2500,ЛИСТ НЕРЖАВЕЮЩИЙ 1.2 AISI 430 (08Х17) 2B (матовый) 1.2x1250x2500,"ЛИСТ НЕРЖАВЕЮЩИЙ марки AISI 430 (08Х17) 2B (матовый) 1.2x1250x2500, размер 1.2",1.2,155772,4673,1,0,0,https://www.kavstal.ru/public/assets/images/products/LISTOVOI_PROKAT/LIST_NERZHAVEYUSHCHII/img.webp,труба обечайка;лист нержавеющий;aisi 430 (08х17) 2b (матовый) 1.2x1250x2500;1;2,AISI 430 (08Х17) 2B (матовый) 1.2x1250x2500,1.2,,4673
Нержавеющая сталь,ЛИСТ НЕРЖАВЕЮЩИЙ,AISI 430 (08Х17) 2B (матовый) 1.2x1500x3000,ЛИСТ НЕРЖАВЕЮЩИЙ 1.2 AISI 430 (08Х17) 2B (матовый) 1.2x1500x3000,"ЛИСТ НЕРЖАВЕЮЩИЙ марки AISI 430 (08Х17) 2B (матовый) 1.2x1500x3000, размер 1.2",1.2,182375,7879,1,0,0,https://www.kavstal.ru/public/assets/images/products/LISTOVOI_PROKAT/LIST_NERZHAVEYUSHCHII/img.webp,труба обечайка;лист нержавеющий;aisi 430 (08х17) 2b (матовый) 1.2x1500x3000;1;2,AISI 430 (08Х17) 2B (матовый) 1.2x1500x3000,1.2,,7879
Нержавеющая сталь,ЛИСТ НЕРЖАВЕЮЩИЙ,AISI 430 (08Х17) 2B (матовый) 1.5x1000x2000,ЛИСТ НЕРЖАВЕЮЩИЙ 1.5 AISI 430 (08Х17) 2B (матовый) 1.5x1000x2000,"ЛИСТ НЕРЖАВЕЮЩИЙ марки AISI 430 (08Х17) 2B (матовый) 1.5x1000x2000, размер 1.5",1.5,155021,т,1,0,0,https://www.kavstal.ru/public/assets/images/products/LISTOVOI_PROKAT/LIST_NERZHAVEYUSHCHII/img.webp,труба обечайка;лист нержавеющий;aisi 430 (08х17) 2b (матовый) 1.5x1000x2000;1;5,AISI 430 (08Х17) 2B (матовый) 1.5x1000x2000,1.5,,
Нержавеющая сталь,ЛИСТ НЕРЖАВЕЮЩИЙ,AISI 430 (08Х17) 2B (матовый) 1.5x1000x2000,ЛИСТ НЕРЖАВЕЮЩИЙ 1.5 AISI 430 (08Х17) 2B (матовый) 1.5x1000x2000,"ЛИСТ НЕРЖАВЕЮЩИЙ марки AISI 430 (08Х17) 2B (матовый) 1.5x1000x2000, размер 1.5",1.5,155021,3721,1,0,0,https://www.kavstal.ru/public/assets/images/products/LISTOVOI_PROKAT/LIST_NERZHAVEYUSHCHII/img.webp,труба обечайка;лист нержавеющий;aisi 430 (08х17) 2b (матовый) 1.5x1000x2000;1;5,AISI 430 (08Х17) 2B (матовый) 1.5x1000x2000,1.5,,3721
Нержавеющая сталь,ЛИСТ НЕРЖАВЕЮЩИЙ,AISI 430 (08Х17) 2B (матовый) 1.5x1000x3000,ЛИСТ НЕРЖАВЕЮЩИЙ 1.5 AISI 430 (08Х17) 2B (матовый) 1.5x1000x3000,"ЛИСТ НЕРЖАВЕЮЩИЙ марки AISI 430 (08Х17) 2B (матовый) 1.5x1000x3000, размер 1.5",1.5,168561,т,1,0,0,https://www.kavstal.ru/public/assets/images/products/LISTOVOI_PROKAT/LIST_NERZHAVEYUSHCHII/img.webp,труба обечайка;лист нержавеющий;aisi 430 (08х17) 2b (матовый) 1.5x1000x3000;1;5,AISI 430 (08Х17) 2B (матовый) 1.5x1000x3000,1.5,,
Нержавеющая сталь,ЛИСТ НЕРЖАВЕЮЩИЙ,AISI 430 (08Х17) 2B (матовый) 1.5x1250x2500,ЛИСТ НЕРЖАВЕЮЩИЙ 1.5 AISI 430 (08Х17) 2B (матовый) 1.5x1250x2500,"ЛИСТ НЕРЖАВЕЮЩИЙ марки AISI 430 (08Х17) 2B (матовый) 1.5x1250x2500, размер 1.5",1.5,141166,5161,1,0,0,https://www.kavstal.ru/public/assets/images/products/LISTOVOI_PROKAT/LIST_NERZHAVEYUSHCHII/img.webp,труба обечайка;лист нержавеющий;aisi 430 (08х17) 2b (матовый) 1.5x1250x2500;1;5,AISI 430 (08Х17) 2B (матовый) 1.5x1250x2500,1.5,,5161
Нержавеющая сталь,ЛИСТ НЕРЖАВЕЮЩИЙ,AISI 430 (08Х17) 2B (матовый) 1.5x1250x2500,ЛИСТ НЕРЖАВЕЮЩИЙ 1.5 AISI 430 (08Х17) 2B (матовый) 1.5x1250x2500,"ЛИСТ НЕРЖАВЕЮЩИЙ марки AISI 430 (08Х17) 2B (матовый) 1.5x1250x2500, размер 1.5",1.5,167475,т,1,0,0,https://www.kavstal.ru/public/assets/images/products/LISTOVOI_PROKAT/LIST_NERZHAVEYUSHCHII/img.webp,труба обечайка;лист нержавеющий;aisi 430 (08х17) 2b (матовый) 1.5x1250x2500;1;5,AISI 430 (08Х17) 2B (матовый) 1.5x1250x2500,1.5,,
Нержавеющая сталь,ЛИСТ НЕРЖАВЕЮЩИЙ,AISI 430 (08Х17) 2B (матовый) 1.5x1250x2500,ЛИСТ НЕРЖАВЕЮЩИЙ 1.5 AISI 430 (08Х17) 2B (матовый) 1.5x1250x2500,"ЛИСТ НЕРЖАВЕЮЩИЙ марки AISI 430 (08Х17) 2B (матовый) 1.5x1250x2500, размер 1.5",1.5,167475,6280,1,0,0,https://www.kavstal.ru/public/assets/images/products/LISTOVOI_PROKAT/LIST_NERZHAVEYUSHCHII/img.webp,труба обечайка;лист нержавеющий;aisi 430 (08х17) 2b (матовый) 1.5x1250x2500;1;5,AISI 430 (08Х17) 2B (матовый) 1.5x1250x2500,1.5,,6280
Нержавеющая сталь,ЛИСТ НЕРЖАВЕЮЩИЙ,AISI 430 (08Х17) 2B (матовый) 1.5x1500x3000,ЛИСТ НЕРЖАВЕЮЩИЙ 1.5 AISI 430 (08Х17) 2B (матовый) 1.5x1500x3000,"ЛИСТ НЕРЖАВЕЮЩИЙ марки AISI 430 (08Х17) 2B (матовый) 1.5x1500x3000, размер 1.5",1.5,164217,8868,1,0,0,https://www.kavstal.ru/public/assets/images/products/LISTOVOI_PROKAT/LIST_NERZHAVEYUSHCHII/img.webp,труба обечайка;лист нержавеющий;aisi 430 (08х17) 2b (матовый) 1.5x1500x3000;1;5,AISI 430 (08Х17) 2B (матовый) 1.5x1500x3000,1.5,,8868
Нержавеющая сталь,ЛИСТ НЕРЖАВЕЮЩИЙ,AISI 430 (08Х17) 2B (матовый) 1x1000x?,ЛИСТ НЕРЖАВЕЮЩИЙ 1 AISI 430 (08Х17) 2B (матовый) 1x1000x?,"ЛИСТ НЕРЖАВЕЮЩИЙ марки AISI 430 (08Х17) 2B (матовый) 1x1000x?, размер 1",1,179016,т,1,0,0,https://www.kavstal.ru/public/assets/images/products/LISTOVOI_PROKAT/LIST_NERZHAVEYUSHCHII/img.webp,труба обечайка;лист нержавеющий;aisi 430 (08х17) 2b (матовый) 1x1000x?;1,AISI 430 (08Х17) 2B (матовый) 1x1000x?,1,,
Нержавеющая сталь,ЛИСТ НЕРЖАВЕЮЩИЙ,AISI 430 (08Х17) 2B (матовый) 1x1000x2000,ЛИСТ НЕРЖАВЕЮЩИЙ 1 AISI 430 (08Х17) 2B (матовый) 1x1000x2000,"ЛИСТ НЕРЖАВЕЮЩИЙ марки AISI 430 (08Х17) 2B (матовый) 1x1000x2000, размер 1",1,179016,2653,1,0,0,https://www.kavstal.ru/public/assets/images/products/LISTOVOI_PROKAT/LIST_NERZHAVEYUSHCHII/img.webp,труба обечайка;лист нержавеющий;aisi 430 (08х17) 2b (матовый) 1x1000x2000;1,AISI 430 (08Х17) 2B (матовый) 1x1000x2000,1,,2653
Нержавеющая сталь,ЛИСТ НЕРЖАВЕЮЩИЙ,AISI 430 (08Х17) 2B (матовый) 1x1219x2500,ЛИСТ НЕРЖАВЕЮЩИЙ 1 AISI 430 (08Х17) 2B (матовый) 1x1219x2500,"ЛИСТ НЕРЖАВЕЮЩИЙ марки AISI 430 (08Х17) 2B (матовый) 1x1219x2500, размер 1",1,171545,т,1,0,0,https://www.kavstal.ru/public/assets/images/products/LISTOVOI_PROKAT/LIST_NERZHAVEYUSHCHII/img.webp,труба обечайка;лист нержавеющий;aisi 430 (08х17) 2b (матовый) 1x1219x2500;1,AISI 430 (08Х17) 2B (матовый) 1x1219x2500,1,,
Нержавеющая сталь,ЛИСТ НЕРЖАВЕЮЩИЙ,AISI 430 (08Х17) 2B (матовый) 1x1250x2500,ЛИСТ НЕРЖАВЕЮЩИЙ 1 AISI 430 (08Х17) 2B (матовый) 1x1250x2500,"ЛИСТ НЕРЖАВЕЮЩИЙ марки AISI 430 (08Х17) 2B (матовый) 1x1250x2500, размер 1",1,141166,т,1,0,0,https://www.kavstal.ru/public/assets/images/products/LISTOVOI_PROKAT/LIST_NERZHAVEYUSHCHII/img.webp,труба обечайка;лист нержавеющий;aisi 430 (08х17) 2b (матовый) 1x1250x2500;1,AISI 430 (08Х17) 2B (матовый) 1x1250x2500,1,,
Нержавеющая сталь,ЛИСТ НЕРЖАВЕЮЩИЙ,AISI 430 (08Х17) 2B (матовый) 1x1250x2500,ЛИСТ НЕРЖАВЕЮЩИЙ 1 AISI 430 (08Х17) 2B (матовый) 1x1250x2500,"ЛИСТ НЕРЖАВЕЮЩИЙ марки AISI 430 (08Х17) 2B (матовый) 1x1250x2500, размер 1",1,176681,4417,1,0,0,https://www.kavstal.ru/public/assets/images/products/LISTOVOI_PROKAT/LIST_NERZHAVEYUSHCHII/img.webp,труба обечайка;лист нержавеющий;aisi 430 (08х17) 2b (матовый) 1x1250x2500;1,AISI 430 (08Х17) 2B (матовый) 1x1250x2500,1,,4417
Нержавеющая сталь,ЛИСТ НЕРЖАВЕЮЩИЙ,AISI 430 (08Х17) 2B (матовый) 1x1500x3000,ЛИСТ НЕРЖАВЕЮЩИЙ 1 AISI 430 (08Х17) 2B (матовый) 1x1500x3000,"ЛИСТ НЕРЖАВЕЮЩИЙ марки AISI 430 (08Х17) 2B (матовый) 1x1500x3000, размер 1",1,160999,5796,1,0,0,https://www.kavstal.ru/public/assets/images/products/LISTOVOI_PROKAT/LIST_NERZHAVEYUSHCHII/img.webp,труба обечайка;лист нержавеющий;aisi 430 (08х17) 2b (матовый) 1x1500x3000;1,AISI 430 (08Х17) 2B (матовый) 1x1500x3000,1,,5796
Нержавеющая сталь,ЛИСТ НЕРЖАВЕЮЩИЙ,AISI 430 (08Х17) 2B (матовый) 2.5x1000x2000,ЛИСТ НЕРЖАВЕЮЩИЙ 2.5 AISI 430 (08Х17) 2B (матовый) 2.5x1000x2000,"ЛИСТ НЕРЖАВЕЮЩИЙ марки AISI 430 (08Х17) 2B (матовый) 2.5x1000x2000, размер 2.5",2.5,141166,т,1,0,0,https://www.kavstal.ru/public/assets/images/products/LISTOVOI_PROKAT/LIST_NERZHAVEYUSHCHII/img.webp,труба обечайка;лист нержавеющий;aisi 430 (08х17) 2b (матовый) 2.5x1000x2000;2;5,AISI 430 (08Х17) 2B (матовый) 2.5x1000x2000,2.5,,
Нержавеющая сталь,ЛИСТ НЕРЖАВЕЮЩИЙ,AISI 430 (08Х17) 2B (матовый) 2.5x1000x2000,ЛИСТ НЕРЖАВЕЮЩИЙ 2.5 AISI 430 (08Х17) 2B (матовый) 2.5x1000x2000,"ЛИСТ НЕРЖАВЕЮЩИЙ марки AISI 430 (08Х17) 2B (матовый) 2.5x1000x2000, размер 2.5",2.5,156178,6247,1,0,0,https://www.kavstal.ru/public/assets/images/products/LISTOVOI_PROKAT/LIST_NERZHAVEYUSHCHII/img.webp,труба обечайка;лист нержавеющий;aisi 430 (08х17) 2b (матовый) 2.5x1000x2000;2;5,AISI 430 (08Х17) 2B (матовый) 2.5x1000x2000,2.5,,6247
Нержавеющая сталь,ЛИСТ НЕРЖАВЕЮЩИЙ,AISI 430 (08Х17) 2B (матовый) 2.5x1250x2500,ЛИСТ НЕРЖАВЕЮЩИЙ 2.5 AISI 430 (08Х17) 2B (матовый) 2.5x1250x2500,"ЛИСТ НЕРЖАВЕЮЩИЙ марки AISI 430 (08Х17) 2B (матовый) 2.5x1250x2500, размер 2.5",2.5,141166,т,1,0,0,https://www.kavstal.ru/public/assets/images/products/LISTOVOI_PROKAT/LIST_NERZHAVEYUSHCHII/img.webp,труба обечайка;лист нержавеющий;aisi 430 (08х17) 2b (матовый) 2.5x1250x2500;2;5,AISI 430 (08Х17) 2B (матовый) 2.5x1250x2500,2.5,,
Нержавеющая сталь,ЛИСТ НЕРЖАВЕЮЩИЙ,AISI 430 (08Х17) 2B (матовый) 2.5x1250x2500,ЛИСТ НЕРЖАВЕЮЩИЙ 2.5 AISI 430 (08Х17) 2B (матовый) 2.5x1250x2500,"ЛИСТ НЕРЖАВЕЮЩИЙ марки AISI 430 (08Х17) 2B (матовый) 2.5x1250x2500, размер 2.5",2.5,168490,т,1,0,0,https://www.kavstal.ru/public/assets/images/products/LISTOVOI_PROKAT/LIST_NERZHAVEYUSHCHII/img.webp,труба обечайка;лист нержавеющий;aisi 430 (08х17) 2b (матовый) 2.5x1250x2500;2;5,AISI 430 (08Х17) 2B (матовый) 2.5x1250x2500,2.5,,
Нержавеющая сталь,ЛИСТ НЕРЖАВЕЮЩИЙ,AISI 430 (08Х17) 2B (матовый) 2.5x1250x2500,ЛИСТ НЕРЖАВЕЮЩИЙ 2.5 AISI 430 (08Х17) 2B (матовый) 2.5x1250x2500,"ЛИСТ НЕРЖАВЕЮЩИЙ марки AISI 430 (08Х17) 2B (матовый) 2.5x1250x2500, размер 2.5",2.5,168490,10531,1,0,0,https://www.kavstal.ru/public/assets/images/products/LISTOVOI_PROKAT/LIST_NERZHAVEYUSHCHII/img.webp,труба обечайка;лист нержавеющий;aisi 430 (08х17) 2b (матовый) 2.5x1250x2500;2;5,AISI 430 (08Х17) 2B (матовый) 2.5x1250x2500,2.5,,10531
Нержавеющая сталь,ЛИСТ НЕРЖАВЕЮЩИЙ,AISI 430 (08Х17) 2B (матовый) 2.5x1500x3000,ЛИСТ НЕРЖАВЕЮЩИЙ 2.5 AISI 430 (08Х17) 2B (матовый) 2.5x1500x3000,"ЛИСТ НЕРЖАВЕЮЩИЙ марки AISI 430 (08Х17) 2B (матовый) 2.5x1500x3000, размер 2.5",2.5,170408,т,1,0,0,https://www.kavstal.ru/public/assets/images/products/LISTOVOI_PROKAT/LIST_NERZHAVEYUSHCHII/img.webp,труба обечайка;лист нержавеющий;aisi 430 (08х17) 2b (матовый) 2.5x1500x3000;2;5,AISI 430 (08Х17) 2B (матовый) 2.5x1500x3000,2.5,,
Нержавеющая сталь,ЛИСТ НЕРЖАВЕЮЩИЙ,AISI 430 (08Х17) 2B (матовый) 2x1000x2000,ЛИСТ НЕРЖАВЕЮЩИЙ 2 AISI 430 (08Х17) 2B (матовый) 2x1000x2000,"ЛИСТ НЕРЖАВЕЮЩИЙ марки AISI 430 (08Х17) 2B (матовый) 2x1000x2000, размер 2",2,141166,т,1,0,0,https://www.kavstal.ru/public/assets/images/products/LISTOVOI_PROKAT/LIST_NERZHAVEYUSHCHII/img.webp,труба обечайка;лист нержавеющий;aisi 430 (08х17) 2b (матовый) 2x1000x2000;2,AISI 430 (08Х17) 2B (матовый) 2x1000x2000,2,,
Нержавеющая сталь,ЛИСТ НЕРЖАВЕЮЩИЙ,AISI 430 (08Х17) 2B (матовый) 2x1000x2000,ЛИСТ НЕРЖАВЕЮЩИЙ 2 AISI 430 (08Х17) 2B (матовый) 2x1000x2000,"ЛИСТ НЕРЖАВЕЮЩИЙ марки AISI 430 (08Х17) 2B (матовый) 2x1000x2000, размер 2",2,165445,т,1,0,0,https://www.kavstal.ru/public/assets/images/products/LISTOVOI_PROKAT/LIST_NERZHAVEYUSHCHII/img.webp,труба обечайка;лист нержавеющий;aisi 430 (08х17) 2b (матовый) 2x1000x2000;2,AISI 430 (08Х17) 2B (матовый) 2x1000x2000,2,,
Нержавеющая сталь,ЛИСТ НЕРЖАВЕЮЩИЙ,AISI 430 (08Х17) 2B (матовый) 2x1000x2000,ЛИСТ НЕРЖАВЕЮЩИЙ 2 AISI 430 (08Х17) 2B (матовый) 2x1000x2000,"ЛИСТ НЕРЖАВЕЮЩИЙ марки AISI 430 (08Х17) 2B (матовый) 2x1000x2000, размер 2",2,165445,5294,1,0,0,https://www.kavstal.ru/public/assets/images/products/LISTOVOI_PROKAT/LIST_NERZHAVEYUSHCHII/img.webp,труба обечайка;лист нержавеющий;aisi 430 (08х17) 2b (матовый) 2x1000x2000;2,AISI 430 (08Х17) 2B (матовый) 2x1000x2000,2,,5294
Нержавеющая сталь,ЛИСТ НЕРЖАВЕЮЩИЙ,AISI 430 (08Х17) 2B (матовый) 2x1250x2500,ЛИСТ НЕРЖАВЕЮЩИЙ 2 AISI 430 (08Х17) 2B (матовый) 2x1250x2500,"ЛИСТ НЕРЖАВЕЮЩИЙ марки AISI 430 (08Х17) 2B (матовый) 2x1250x2500, размер 2",2,141166,т,1,0,0,https://www.kavstal.ru/public/assets/images/products/LISTOVOI_PROKAT/LIST_NERZHAVEYUSHCHII/img.webp,труба обечайка;лист нержавеющий;aisi 430 (08х17) 2b (матовый) 2x1250x2500;2,AISI 430 (08Х17) 2B (матовый) 2x1250x2500,2,,
Нержавеющая сталь,ЛИСТ НЕРЖАВЕЮЩИЙ,AISI 430 (08Х17) 2B (матовый) 2x1250x2500,ЛИСТ НЕРЖАВЕЮЩИЙ 2 AISI 430 (08Х17) 2B (матовый) 2x1250x2500,"ЛИСТ НЕРЖАВЕЮЩИЙ марки AISI 430 (08Х17) 2B (матовый) 2x1250x2500, размер 2",2,172246,т,1,0,0,https://www.kavstal.ru/public/assets/images/products/LISTOVOI_PROKAT/LIST_NERZHAVEYUSHCHII/img.webp,труба обечайка;лист нержавеющий;aisi 430 (08х17) 2b (матовый) 2x1250x2500;2,AISI 430 (08Х17) 2B (матовый) 2x1250x2500,2,,
Нержавеющая сталь,ЛИСТ НЕРЖАВЕЮЩИЙ,AISI 430 (08Х17) 2B (матовый) 2x1250x2500,ЛИСТ НЕРЖАВЕЮЩИЙ 2 AISI 430 (08Х17) 2B (матовый) 2x1250x2500,"ЛИСТ НЕРЖАВЕЮЩИЙ марки AISI 430 (08Х17) 2B (матовый) 2x1250x2500, размер 2",2,172246,8612,1,0,0,https://www.kavstal.ru/public/assets/images/products/LISTOVOI_PROKAT/LIST_NERZHAVEYUSHCHII/img.webp,труба обечайка;лист нержавеющий;aisi 430 (08х17) 2b (матовый) 2x1250x2500;2,AISI 430 (08Х17) 2B (матовый) 2x1250x2500,2,,8612
Нержавеющая сталь,ЛИСТ НЕРЖАВЕЮЩИЙ,AISI 430 (08Х17) 2B (матовый) 2x1500x3000,ЛИСТ НЕРЖАВЕЮЩИЙ 2 AISI 430 (08Х17) 2B (матовый) 2x1500x3000,"ЛИСТ НЕРЖАВЕЮЩИЙ марки AISI 430 (08Х17) 2B (матовый) 2x1500x3000, размер 2",2,179655,12935,1,0,0,https://www.kavstal.ru/public/assets/images/products/LISTOVOI_PROKAT/LIST_NERZHAVEYUSHCHII/img.webp,труба обечайка;лист нержавеющий;aisi 430 (08х17) 2b (матовый) 2x1500x3000;2,AISI 430 (08Х17) 2B (матовый) 2x1500x3000,2,,12935
Нержавеющая сталь,ЛИСТ НЕРЖАВЕЮЩИЙ,AISI 430 (08Х17) 2B (матовый) 3x1000x2000,ЛИСТ НЕРЖАВЕЮЩИЙ 3 AISI 430 (08Х17) 2B (матовый) 3x1000x2000,"ЛИСТ НЕРЖАВЕЮЩИЙ марки AISI 430 (08Х17) 2B (матовый) 3x1000x2000, размер 3",3,162400,т,1,0,0,https://www.kavstal.ru/public/assets/images/products/LISTOVOI_PROKAT/LIST_NERZHAVEYUSHCHII/img.webp,труба обечайка;лист нержавеющий;aisi 430 (08х17) 2b (матовый) 3x1000x2000;3,AISI 430 (08Х17) 2B (матовый) 3x1000x2000,3,,
Нержавеющая сталь,ЛИСТ НЕРЖАВЕЮЩИЙ,AISI 430 (08Х17) 2B (матовый) 3x1000x2000,ЛИСТ НЕРЖАВЕЮЩИЙ 3 AISI 430 (08Х17) 2B (матовый) 3x1000x2000,"ЛИСТ НЕРЖАВЕЮЩИЙ марки AISI 430 (08Х17) 2B (матовый) 3x1000x2000, размер 3",3,162400,7795,1,0,0,https://www.kavstal.ru/public/assets/images/products/LISTOVOI_PROKAT/LIST_NERZHAVEYUSHCHII/img.webp,труба обечайка;лист нержавеющий;aisi 430 (08х17) 2b (матовый) 3x1000x2000;3,AISI 430 (08Х17) 2B (матовый) 3x1000x2000,3,,7795
Нержавеющая сталь,ЛИСТ НЕРЖАВЕЮЩИЙ,AISI 430 (08Х17) 2B (матовый) 3x1250x2500,ЛИСТ НЕРЖАВЕЮЩИЙ 3 AISI 430 (08Х17) 2B (матовый) 3x1250x2500,"ЛИСТ НЕРЖАВЕЮЩИЙ марки AISI 430 (08Х17) 2B (матовый) 3x1250x2500, размер 3",3,141166,10587,1,0,0,https://www.kavstal.ru/public/assets/images/products/LISTOVOI_PROKAT/LIST_NERZHAVEYUSHCHII/img.webp,труба обечайка;лист нержавеющий;aisi 430 (08х17) 2b (матовый) 3x1250x2500;3,AISI 430 (08Х17) 2B (матовый) 3x1250x2500,3,,10587
Нержавеющая сталь,ЛИСТ НЕРЖАВЕЮЩИЙ,AISI 430 (08Х17) 2B (матовый) 3x1250x2500,ЛИСТ НЕРЖАВЕЮЩИЙ 3 AISI 430 (08Х17) 2B (матовый) 3x1250x2500,"ЛИСТ НЕРЖАВЕЮЩИЙ марки AISI 430 (08Х17) 2B (матовый) 3x1250x2500, размер 3",3,169505,т,1,0,0,https://www.kavstal.ru/public/assets/images/products/LISTOVOI_PROKAT/LIST_NERZHAVEYUSHCHII/img.webp,труба обечайка;лист нержавеющий;aisi 430 (08х17) 2b (матовый) 3x1250x2500;3,AISI 430 (08Х17) 2B (матовый) 3x1250x2500,3,,
Нержавеющая сталь,ЛИСТ НЕРЖАВЕЮЩИЙ,AISI 430 (08Х17) 2B (матовый) 3x1250x2500,ЛИСТ НЕРЖАВЕЮЩИЙ 3 AISI 430 (08Х17) 2B (матовый) 3x1250x2500,"ЛИСТ НЕРЖАВЕЮЩИЙ марки AISI 430 (08Х17) 2B (матовый) 3x1250x2500, размер 3",3,169505,12713,1,0,0,https://www.kavstal.ru/public/assets/images/products/LISTOVOI_PROKAT/LIST_NERZHAVEYUSHCHII/img.webp,труба обечайка;лист нержавеющий;aisi 430 (08х17) 2b (матовый) 3x1250x2500;3,AISI 430 (08Х17) 2B (матовый) 3x1250x2500,3,,12713
Нержавеющая сталь,ЛИСТ НЕРЖАВЕЮЩИЙ,AISI 430 (08Х17) 2B (матовый) 3x1500x3000,ЛИСТ НЕРЖАВЕЮЩИЙ 3 AISI 430 (08Х17) 2B (матовый) 3x1500x3000,"ЛИСТ НЕРЖАВЕЮЩИЙ марки AISI 430 (08Х17) 2B (матовый) 3x1500x3000, размер 3",3,156178,16867,1,0,0,https://www.kavstal.ru/public/assets/images/products/LISTOVOI_PROKAT/LIST_NERZHAVEYUSHCHII/img.webp,труба обечайка;лист нержавеющий;aisi 430 (08х17) 2b (матовый) 3x1500x3000;3,AISI 430 (08Х17) 2B (матовый) 3x1500x3000,3,,16867
Нержавеющая сталь,ЛИСТ НЕРЖАВЕЮЩИЙ,AISI 430 (08Х17) 2B (матовый) неконд 2x1500x3000,ЛИСТ НЕРЖАВЕЮЩИЙ 2 AISI 430 (08Х17) 2B (матовый) неконд 2x1500x3000,"ЛИСТ НЕРЖАВЕЮЩИЙ марки AISI 430 (08Х17) 2B (матовый) неконд 2x1500x3000, размер 2",2,141166,т,1,0,0,https://www.kavstal.ru/public/assets/images/products/LISTOVOI_PROKAT/LIST_NERZHAVEYUSHCHII/img.webp,труба обечайка;лист нержавеющий;aisi 430 (08х17) 2b (матовый) неконд 2x1500x3000;2,AISI 430 (08Х17) 2B (матовый) неконд 2x1500x3000,2,,
Нержавеющая сталь,ЛИСТ НЕРЖАВЕЮЩИЙ,AISI 430 (08Х17) 2B+PE (матовый) 0.5x1250x2500,ЛИСТ НЕРЖАВЕЮЩИЙ 0.5 AISI 430 (08Х17) 2B+PE (матовый) 0.5x1250x2500,"ЛИСТ НЕРЖАВЕЮЩИЙ марки AISI 430 (08Х17) 2B+PE (матовый) 0.5x1250x2500, размер 0.5",0.5,189298,2366,1,0,0,https://www.kavstal.ru/public/assets/images/products/LISTOVOI_PROKAT/LIST_NERZHAVEYUSHCHII/img.webp,труба обечайка;лист нержавеющий;aisi 430 (08х17) 2b+pe (матовый) 0.5x1250x2500;5,AISI 430 (08Х17) 2B+PE (матовый) 0.5x1250x2500,0.5,,2366
Нержавеющая сталь,ЛИСТ НЕРЖАВЕЮЩИЙ,AISI 430 (08Х17) 2B+PE (матовый) 1.5x1000x2000,ЛИСТ НЕРЖАВЕЮЩИЙ 1.5 AISI 430 (08Х17) 2B+PE (матовый) 1.5x1000x2000,"ЛИСТ НЕРЖАВЕЮЩИЙ марки AISI 430 (08Х17) 2B+PE (матовый) 1.5x1000x2000, размер 1.5",1.5,163060,3913,1,0,0,https://www.kavstal.ru/public/assets/images/products/LISTOVOI_PROKAT/LIST_NERZHAVEYUSHCHII/img.webp,труба обечайка;лист нержавеющий;aisi 430 (08х17) 2b+pe (матовый) 1.5x1000x2000;1;5,AISI 430 (08Х17) 2B+PE (матовый) 1.5x1000x2000,1.5,,3913
Нержавеющая сталь,ЛИСТ НЕРЖАВЕЮЩИЙ,AISI 430 (08Х17) 2B+PE (матовый) 1.5x1250x2500,ЛИСТ НЕРЖАВЕЮЩИЙ 1.5 AISI 430 (08Х17) 2B+PE (матовый) 1.5x1250x2500,"ЛИСТ НЕРЖАВЕЮЩИЙ марки AISI 430 (08Х17) 2B+PE (матовый) 1.5x1250x2500, размер 1.5",1.5,171099,6416,1,0,0,https://www.kavstal.ru/public/assets/images/products/LISTOVOI_PROKAT/LIST_NERZHAVEYUSHCHII/img.webp,труба обечайка;лист нержавеющий;aisi 430 (08х17) 2b+pe (матовый) 1.5x1250x2500;1;5,AISI 430 (08Х17) 2B+PE (матовый) 1.5x1250x2500,1.5,,6416
Нержавеющая сталь,ЛИСТ НЕРЖАВЕЮЩИЙ,AISI 430 (08Х17) 2B+PE (матовый) 2.5x1250x2500,ЛИСТ НЕРЖАВЕЮЩИЙ 2.5 AISI 430 (08Х17) 2B+PE (матовый) 2.5x1250x2500,"ЛИСТ НЕРЖАВЕЮЩИЙ марки AISI 430 (08Х17) 2B+PE (матовый) 2.5x1250x2500, размер 2.5",2.5,179117,11195,1,0,0,https://www.kavstal.ru/public/assets/images/products/LISTOVOI_PROKAT/LIST_NERZHAVEYUSHCHII/img.webp,труба обечайка;лист нержавеющий;aisi 430 (08х17) 2b+pe (матовый) 2.5x1250x2500;2;5,AISI 430 (08Х17) 2B+PE (матовый) 2.5x1250x2500,2.5,,11195
Нержавеющая сталь,ЛИСТ НЕРЖАВЕЮЩИЙ,AISI 430 (08Х17) 2B+PE (матовый) 2x1000x2000,ЛИСТ НЕРЖАВЕЮЩИЙ 2 AISI 430 (08Х17) 2B+PE (матовый) 2x1000x2000,"ЛИСТ НЕРЖАВЕЮЩИЙ марки AISI 430 (08Х17) 2B+PE (матовый) 2x1000x2000, размер 2",2,168490,5392,1,0,0,https://www.kavstal.ru/public/assets/images/products/LISTOVOI_PROKAT/LIST_NERZHAVEYUSHCHII/img.webp,труба обечайка;лист нержавеющий;aisi 430 (08х17) 2b+pe (матовый) 2x1000x2000;2,AISI 430 (08Х17) 2B+PE (матовый) 2x1000x2000,2,,5392
Нержавеющая сталь,ЛИСТ НЕРЖАВЕЮЩИЙ,AISI 430 (08Х17) 2B+PE (матовый) 2x1250x2500,ЛИСТ НЕРЖАВЕЮЩИЙ 2 AISI 430 (08Х17) 2B+PE (матовый) 2x1250x2500,"ЛИСТ НЕРЖАВЕЮЩИЙ марки AISI 430 (08Х17) 2B+PE (матовый) 2x1250x2500, размер 2",2,173403,8670,1,0,0,https://www.kavstal.ru/public/assets/images/products/LISTOVOI_PROKAT/LIST_NERZHAVEYUSHCHII/img.webp,труба обечайка;лист нержавеющий;aisi 430 (08х17) 2b+pe (матовый) 2x1250x2500;2,AISI 430 (08Х17) 2B+PE (матовый) 2x1250x2500,2,,8670
Нержавеющая сталь,ЛИСТ НЕРЖАВЕЮЩИЙ,AISI 430 (08Х17) 2B+PI 0.5x30x?,ЛИСТ НЕРЖАВЕЮЩИЙ 0.5 AISI 430 (08Х17) 2B+PI 0.5x30x?,"ЛИСТ НЕРЖАВЕЮЩИЙ марки AISI 430 (08Х17) 2B+PI 0.5x30x?, размер 0.5",0.5,197072,т,1,0,0,https://www.kavstal.ru/public/assets/images/products/LISTOVOI_PROKAT/LIST_NERZHAVEYUSHCHII/img.webp,труба обечайка;лист нержавеющий;aisi 430 (08х17) 2b+pi 0.5x30x?;5,AISI 430 (08Х17) 2B+PI 0.5x30x?,0.5,,
Нержавеющая сталь,ЛИСТ НЕРЖАВЕЮЩИЙ,AISI 430 (08Х17) 4N+LPE (шлиф.) 0.5x1000x2000,ЛИСТ НЕРЖАВЕЮЩИЙ 0.5 AISI 430 (08Х17) 4N+LPE (шлиф.) 0.5x1000x2000,"ЛИСТ НЕРЖАВЕЮЩИЙ марки AISI 430 (08Х17) 4N+LPE (шлиф.) 0.5x1000x2000, размер 0.5",0.5,189277,т,1,0,0,https://www.kavstal.ru/public/assets/images/products/LISTOVOI_PROKAT/LIST_NERZHAVEYUSHCHII/img.webp,труба обечайка;лист нержавеющий;aisi 430 (08х17) 4n+lpe (шлиф.) 0.5x1000x2000;5,AISI 430 (08Х17) 4N+LPE (шлиф.) 0.5x1000x2000,0.5,,
Нержавеющая сталь,ЛИСТ НЕРЖАВЕЮЩИЙ,AISI 430 (08Х17) 4N+PE (шлиф.) 0.5x1000x2000,ЛИСТ НЕРЖАВЕЮЩИЙ 0.5 AISI 430 (08Х17) 4N+PE (шлиф.) 0.5x1000x2000,"ЛИСТ НЕРЖАВЕЮЩИЙ марки AISI 430 (08Х17) 4N+PE (шлиф.) 0.5x1000x2000, размер 0.5",0.5,178386,1391,1,0,0,https://www.kavstal.ru/public/assets/images/products/LISTOVOI_PROKAT/LIST_NERZHAVEYUSHCHII/img.webp,труба обечайка;лист нержавеющий;aisi 430 (08х17) 4n+pe (шлиф.) 0.5x1000x2000;5,AISI 430 (08Х17) 4N+PE (шлиф.) 0.5x1000x2000,0.5,,1391
Нержавеющая сталь,ЛИСТ НЕРЖАВЕЮЩИЙ,AISI 430 (08Х17) 4N+PE (шлиф.) 0.5x1250x2500,ЛИСТ НЕРЖАВЕЮЩИЙ 0.5 AISI 430 (08Х17) 4N+PE (шлиф.) 0.5x1250x2500,"ЛИСТ НЕРЖАВЕЮЩИЙ марки AISI 430 (08Х17) 4N+PE (шлиф.) 0.5x1250x2500, размер 0.5",0.5,192921,2412,1,0,0,https://www.kavstal.ru/public/assets/images/products/LISTOVOI_PROKAT/LIST_NERZHAVEYUSHCHII/img.webp,труба обечайка;лист нержавеющий;aisi 430 (08х17) 4n+pe (шлиф.) 0.5x1250x2500;5,AISI 430 (08Х17) 4N+PE (шлиф.) 0.5x1250x2500,0.5,,2412
Нержавеющая сталь,ЛИСТ НЕРЖАВЕЮЩИЙ,AISI 430 (08Х17) 4N+PE (шлиф.) 0.5x1500x3000,ЛИСТ НЕРЖАВЕЮЩИЙ 0.5 AISI 430 (08Х17) 4N+PE (шлиф.) 0.5x1500x3000,"ЛИСТ НЕРЖАВЕЮЩИЙ марки AISI 430 (08Х17) 4N+PE (шлиф.) 0.5x1500x3000, размер 0.5",0.5,190719,3299,1,0,0,https://www.kavstal.ru/public/assets/images/products/LISTOVOI_PROKAT/LIST_NERZHAVEYUSHCHII/img.webp,труба обечайка;лист нержавеющий;aisi 430 (08х17) 4n+pe (шлиф.) 0.5x1500x3000;5,AISI 430 (08Х17) 4N+PE (шлиф.) 0.5x1500x3000,0.5,,3299
Нержавеющая сталь,ЛИСТ НЕРЖАВЕЮЩИЙ,AISI 430 (08Х17) 4N+PE (шлиф.) 0.6x1250x2500,ЛИСТ НЕРЖАВЕЮЩИЙ 0.6 AISI 430 (08Х17) 4N+PE (шлиф.) 0.6x1250x2500,"ЛИСТ НЕРЖАВЕЮЩИЙ марки AISI 430 (08Х17) 4N+PE (шлиф.) 0.6x1250x2500, размер 0.6",0.6,141166,т,1,0,0,https://www.kavstal.ru/public/assets/images/products/LISTOVOI_PROKAT/LIST_NERZHAVEYUSHCHII/img.webp,труба обечайка;лист нержавеющий;aisi 430 (08х17) 4n+pe (шлиф.) 0.6x1250x2500;6,AISI 430 (08Х17) 4N+PE (шлиф.) 0.6x1250x2500,0.6,,
Нержавеющая сталь,ЛИСТ НЕРЖАВЕЮЩИЙ,AISI 430 (08Х17) 4N+PE (шлиф.) 0.6x1250x2500,ЛИСТ НЕРЖАВЕЮЩИЙ 0.6 AISI 430 (08Х17) 4N+PE (шлиф.) 0.6x1250x2500,"ЛИСТ НЕРЖАВЕЮЩИЙ марки AISI 430 (08Х17) 4N+PE (шлиф.) 0.6x1250x2500, размер 0.6",0.6,192921,2894,1,0,0,https://www.kavstal.ru/public/assets/images/products/LISTOVOI_PROKAT/LIST_NERZHAVEYUSHCHII/img.webp,труба обечайка;лист нержавеющий;aisi 430 (08х17) 4n+pe (шлиф.) 0.6x1250x2500;6,AISI 430 (08Х17) 4N+PE (шлиф.) 0.6x1250x2500,0.6,,2894
Нержавеющая сталь,ЛИСТ НЕРЖАВЕЮЩИЙ,AISI 430 (08Х17) 4N+PE (шлиф.) 0.7x1250x2500,ЛИСТ НЕРЖАВЕЮЩИЙ 0.7 AISI 430 (08Х17) 4N+PE (шлиф.) 0.7x1250x2500,"ЛИСТ НЕРЖАВЕЮЩИЙ марки AISI 430 (08Х17) 4N+PE (шлиф.) 0.7x1250x2500, размер 0.7",0.7,176843,3095,1,0,0,https://www.kavstal.ru/public/assets/images/products/LISTOVOI_PROKAT/LIST_NERZHAVEYUSHCHII/img.webp,труба обечайка;лист нержавеющий;aisi 430 (08х17) 4n+pe (шлиф.) 0.7x1250x2500;7,AISI 430 (08Х17) 4N+PE (шлиф.) 0.7x1250x2500,0.7,,3095
Нержавеющая сталь,ЛИСТ НЕРЖАВЕЮЩИЙ,AISI 430 (08Х17) 4N+PE (шлиф.) 0.8x1000x2000,ЛИСТ НЕРЖАВЕЮЩИЙ 0.8 AISI 430 (08Х17) 4N+PE (шлиф.) 0.8x1000x2000,"ЛИСТ НЕРЖАВЕЮЩИЙ марки AISI 430 (08Х17) 4N+PE (шлиф.) 0.8x1000x2000, размер 0.8",0.8,183512,2349,1,0,0,https://www.kavstal.ru/public/assets/images/products/LISTOVOI_PROKAT/LIST_NERZHAVEYUSHCHII/img.webp,труба обечайка;лист нержавеющий;aisi 430 (08х17) 4n+pe (шлиф.) 0.8x1000x2000;8,AISI 430 (08Х17) 4N+PE (шлиф.) 0.8x1000x2000,0.8,,2349
Нержавеющая сталь,ЛИСТ НЕРЖАВЕЮЩИЙ,AISI 430 (08Х17) 4N+PE (шлиф.) 0.8x1250x2500,ЛИСТ НЕРЖАВЕЮЩИЙ 0.8 AISI 430 (08Х17) 4N+PE (шлиф.) 0.8x1250x2500,"ЛИСТ НЕРЖАВЕЮЩИЙ марки AISI 430 (08Х17) 4N+PE (шлиф.) 0.8x1250x2500, размер 0.8",0.8,141166,т,1,0,0,https://www.kavstal.ru/public/assets/images/products/LISTOVOI_PROKAT/LIST_NERZHAVEYUSHCHII/img.webp,труба обечайка;лист нержавеющий;aisi 430 (08х17) 4n+pe (шлиф.) 0.8x1250x2500;8,AISI 430 (08Х17) 4N+PE (шлиф.) 0.8x1250x2500,0.8,,
Нержавеющая сталь,ЛИСТ НЕРЖАВЕЮЩИЙ,AISI 430 (08Х17) 4N+PE (�лиф.) 0.8x1250x2500,ЛИСТ НЕРЖАВЕЮЩИЙ 0.8 AISI 430 (08Х17) 4N+PE (�лиф.) 0.8x1250x2500,"ЛИСТ НЕРЖАВЕЮЩИЙ марки AISI 430 (08Х17) 4N+PE (�лиф.) 0.8x1250x2500, размер 0.8",0.8,182578,3652,https://www.kavstal.ru/public/assets/images/mages/unknown/unknown.png,труба обечайка;лист нержавеющий;aisi 430 (08х17) 4n+pe (?лиф.) 0.8x1250x2500;8,AISI 430 (08Х17) 4N+PE (�лиф.) 0.8x1250x2500,https://www.kavstal.ru/public/assets/images/products/LISTOVOI_PROKAT/LIST_NERZHAVEYUSHCHII/img.webp,,3652,,,
Нержавеющая сталь,ЛИСТ НЕРЖАВЕЮЩИЙ,AISI 430 (08Х17) 4N+PE (шлиф.) 0.8x1500x3000,ЛИСТ НЕРЖАВЕЮЩИЙ 0.8 AISI 430 (08Х17) 4N+PE (шлиф.) 0.8x1500x3000,"ЛИСТ НЕРЖАВЕЮЩИЙ марки AISI 430 (08Х17) 4N+PE (шлиф.) 0.8x1500x3000, размер 0.8",0.8,141166,4066,1,0,0,https://www.kavstal.ru/public/assets/images/products/LISTOVOI_PROKAT/LIST_NERZHAVEYUSHCHII/img.webp,труба обечайка;лист нержавеющий;aisi 430 (08х17) 4n+pe (шлиф.) 0.8x1500x3000;8,AISI 430 (08Х17) 4N+PE (шлиф.) 0.8x1500x3000,0.8,,4066
Нержавеющая сталь,ЛИСТ НЕРЖАВЕЮЩИЙ,AISI 430 (08Х17) 4N+PE (шлиф.) 0.8x1500x3000,ЛИСТ НЕРЖАВЕЮЩИЙ 0.8 AISI 430 (08Х17) 4N+PE (шлиф.) 0.8x1500x3000,"ЛИСТ НЕРЖАВЕЮЩИЙ марки AISI 430 (08Х17) 4N+PE (шлиф.) 0.8x1500x3000, размер 0.8",0.8,184730,5320,1,0,0,https://www.kavstal.ru/public/assets/images/products/LISTOVOI_PROKAT/LIST_NERZHAVEYUSHCHII/img.webp,труба обечайка;лист нержавеющий;aisi 430 (08х17) 4n+pe (шлиф.) 0.8x1500x3000;8,AISI 430 (08Х17) 4N+PE (шлиф.) 0.8x1500x3000,0.8,,5320
Нержавеющая сталь,ЛИСТ НЕРЖАВЕЮЩИЙ,AISI 430 (08Х17) 4N+PE (шлиф.) 1.2x1250x2500,ЛИСТ НЕРЖАВЕЮЩИЙ 1.2 AISI 430 (08Х17) 4N+PE (шлиф.) 1.2x1250x2500,"ЛИСТ НЕРЖАВЕЮЩИЙ марки AISI 430 (08Х17) 4N+PE (шлиф.) 1.2x1250x2500, размер 1.2",1.2,179797,5394,1,0,0,https://www.kavstal.ru/public/assets/images/products/LISTOVOI_PROKAT/LIST_NERZHAVEYUSHCHII/img.webp,труба обечайка;лист нержавеющий;aisi 430 (08х17) 4n+pe (шлиф.) 1.2x1250x2500;1;2,AISI 430 (08Х17) 4N+PE (шлиф.) 1.2x1250x2500,1.2,,5394
Нержавеющая сталь,ЛИСТ НЕРЖАВЕЮЩИЙ,AISI 430 (08Х17) 4N+PE (шлиф.) 1.2x1500x2500,ЛИСТ НЕРЖАВЕЮЩИЙ 1.2 AISI 430 (08Х17) 4N+PE (шлиф.) 1.2x1500x2500,"ЛИСТ НЕРЖАВЕЮЩИЙ марки AISI 430 (08Х17) 4N+PE (шлиф.) 1.2x1500x2500, размер 1.2",1.2,165384,5842,1,0,0,https://www.kavstal.ru/public/assets/images/products/LISTOVOI_PROKAT/LIST_NERZHAVEYUSHCHII/img.webp,труба обечайка;лист нержавеющий;aisi 430 (08х17) 4n+pe (шлиф.) 1.2x1500x2500;1;2,AISI 430 (08Х17) 4N+PE (шлиф.) 1.2x1500x2500,1.2,,5842
Нержавеющая сталь,ЛИСТ НЕРЖАВЕЮЩИЙ,AISI 430 (08Х17) 4N+PE (шлиф.) 1.2x1500x3000,ЛИСТ НЕРЖАВЕЮЩИЙ 1.2 AISI 430 (08Х17) 4N+PE (шлиф.) 1.2x1500x3000,"ЛИСТ НЕРЖАВЕЮЩИЙ марки AISI 430 (08Х17) 4N+PE (шлиф.) 1.2x1500x3000, размер 1.2",1.2,182355,7878,1,0,0,https://www.kavstal.ru/public/assets/images/products/LISTOVOI_PROKAT/LIST_NERZHAVEYUSHCHII/img.webp,труба обечайка;лист нержавеющий;aisi 430 (08х17) 4n+pe (шлиф.) 1.2x1500x3000;1;2,AISI 430 (08Х17) 4N+PE (шлиф.) 1.2x1500x3000,1.2,,7878
Нержавеющая сталь,ЛИСТ НЕРЖАВЕЮЩИЙ,AISI 430 (08Х17) 4N+PE (шлиф.) 1.5x1000x2000,ЛИСТ НЕРЖАВЕЮЩИЙ 1.5 AISI 430 (08Х17) 4N+PE (шлиф.) 1.5x1000x2000,"ЛИСТ НЕРЖАВЕЮЩИЙ марки AISI 430 (08Х17) 4N+PE (шлиф.) 1.5x1000x2000, размер 1.5",1.5,181685,4360,1,0,0,https://www.kavstal.ru/public/assets/images/products/LISTOVOI_PROKAT/LIST_NERZHAVEYUSHCHII/img.webp,труба обечайка;лист нержавеющий;aisi 430 (08х17) 4n+pe (шлиф.) 1.5x1000x2000;1;5,AISI 430 (08Х17) 4N+PE (шлиф.) 1.5x1000x2000,1.5,,4360
Нержавеющая сталь,ЛИСТ НЕРЖАВЕЮЩИЙ,AISI 430 (08Х17) 4N+PE (шлиф.) 1.5x1250x2500,ЛИСТ НЕРЖАВЕЮЩИЙ 1.5 AISI 430 (08Х17) 4N+PE (шлиф.) 1.5x1250x2500,"ЛИСТ НЕРЖАВЕЮЩИЙ марки AISI 430 (08Х17) 4N+PE (шлиф.) 1.5x1250x2500, размер 1.5",1.5,181259,6797,1,0,0,https://www.kavstal.ru/public/assets/images/products/LISTOVOI_PROKAT/LIST_NERZHAVEYUSHCHII/img.webp,труба обечайка;лист нержавеющий;aisi 430 (08х17) 4n+pe (шлиф.) 1.5x1250x2500;1;5,AISI 430 (08Х17) 4N+PE (шлиф.) 1.5x1250x2500,1.5,,6797
Нержавеющая сталь,ЛИСТ НЕРЖАВЕЮЩИЙ,AISI 430 (08Х17) 4N+PE (шлиф.) 1.5x1500x3000,ЛИСТ НЕРЖАВЕЮЩИЙ 1.5 AISI 430 (08Х17) 4N+PE (шлиф.) 1.5x1500x3000,"ЛИСТ НЕРЖАВЕЮЩИЙ марки AISI 430 (08Х17) 4N+PE (шлиф.) 1.5x1500x3000, размер 1.5",1.5,186760,10085,1,0,0,https://www.kavstal.ru/public/assets/images/products/LISTOVOI_PROKAT/LIST_NERZHAVEYUSHCHII/img.webp,труба обечайка;лист нержавеющий;aisi 430 (08х17) 4n+pe (шлиф.) 1.5x1500x3000;1;5,AISI 430 (08Х17) 4N+PE (шлиф.) 1.5x1500x3000,1.5,,10085
Нержавеющая сталь,ЛИСТ НЕРЖАВЕЮЩИЙ,AISI 430 (08Х17) 4N+PE (шлиф.) 1x1000x2000,ЛИСТ НЕРЖАВЕЮЩИЙ 1 AISI 430 (08Х17) 4N+PE (шлиф.) 1x1000x2000,"ЛИСТ НЕРЖАВЕЮЩИЙ марки AISI 430 (08Х17) 4N+PE (шлиф.) 1x1000x2000, размер 1",1,178640,2858,1,0,0,https://www.kavstal.ru/public/assets/images/products/LISTOVOI_PROKAT/LIST_NERZHAVEYUSHCHII/img.webp,труба обечайка;лист нержавеющий;aisi 430 (08х17) 4n+pe (шлиф.) 1x1000x2000;1,AISI 430 (08Х17) 4N+PE (шлиф.) 1x1000x2000,1,,2858
Нержавеющая сталь,ЛИСТ НЕРЖАВЕЮЩИЙ,AISI 430 (08Х17) 4N+PE (шлиф.) 1x1250x2500,ЛИСТ НЕРЖАВЕЮЩИЙ 1 AISI 430 (08Х17) 4N+PE (шлиф.) 1x1250x2500,"ЛИСТ НЕРЖАВЕЮЩИЙ марки AISI 430 (08Х17) 4N+PE (шлиф.) 1x1250x2500, размер 1",1,176681,4417,1,0,0,https://www.kavstal.ru/public/assets/images/products/LISTOVOI_PROKAT/LIST_NERZHAVEYUSHCHII/img.webp,труба обечайка;лист нержавеющий;aisi 430 (08х17) 4n+pe (шлиф.) 1x1250x2500;1,AISI 430 (08Х17) 4N+PE (шлиф.) 1x1250x2500,1,,4417
Нержавеющая сталь,ЛИСТ НЕРЖАВЕЮЩИЙ,AISI 430 (08Х17) 4N+PE (шлиф.) 1x1500x3000,ЛИСТ НЕРЖАВЕЮЩИЙ 1 AISI 430 (08Х17) 4N+PE (шлиф.) 1x1500x3000,"ЛИСТ НЕРЖАВЕЮЩИЙ марки AISI 430 (08Х17) 4N+PE (шлиф.) 1x1500x3000, размер 1",1,181441,6532,1,0,0,https://www.kavstal.ru/public/assets/images/products/LISTOVOI_PROKAT/LIST_NERZHAVEYUSHCHII/img.webp,труба обечайка;лист нержавеющий;aisi 430 (08х17) 4n+pe (шлиф.) 1x1500x3000;1,AISI 430 (08Х17) 4N+PE (шлиф.) 1x1500x3000,1,,6532
Нержавеющая сталь,ЛИСТ НЕРЖАВЕЮЩИЙ,AISI 430 (08Х17) 4N+PE (шлиф.) 2.5x1000x2000,ЛИСТ НЕРЖАВЕЮЩИЙ 2.5 AISI 430 (08Х17) 4N+PE (шлиф.) 2.5x1000x2000,"ЛИСТ НЕРЖАВЕЮЩИЙ марки AISI 430 (08Х17) 4N+PE (шлиф.) 2.5x1000x2000, размер 2.5",2.5,161923,т,1,0,0,https://www.kavstal.ru/public/assets/images/products/LISTOVOI_PROKAT/LIST_NERZHAVEYUSHCHII/img.webp,труба обечайка;лист нержавеющий;aisi 430 (08х17) 4n+pe (шлиф.) 2.5x1000x2000;2;5,AISI 430 (08Х17) 4N+PE (шлиф.) 2.5x1000x2000,2.5,,
Нержавеющая сталь,ЛИСТ НЕРЖАВЕЮЩИЙ,AISI 430 (08Х17) 4N+PE (шлиф.) 2.5x1500x3000,ЛИСТ НЕРЖАВЕЮЩИЙ 2.5 AISI 430 (08Х17) 4N+PE (шлиф.) 2.5x1500x3000,"ЛИСТ НЕРЖАВЕЮЩИЙ марки AISI 430 (08Х17) 4N+PE (шлиф.) 2.5x1500x3000, размер 2.5",2.5,172174,т,1,0,0,https://www.kavstal.ru/public/assets/images/products/LISTOVOI_PROKAT/LIST_NERZHAVEYUSHCHII/img.webp,труба обечайка;лист нержавеющий;aisi 430 (08х17) 4n+pe (шлиф.) 2.5x1500x3000;2;5,AISI 430 (08Х17) 4N+PE (шлиф.) 2.5x1500x3000,2.5,,
Нержавеющая сталь,ЛИСТ НЕРЖАВЕЮЩИЙ,AISI 430 (08Х17) 4N+PE (шлиф.) 2x1000x2000,ЛИСТ НЕРЖАВЕЮЩИЙ 2 AISI 430 (08Х17) 4N+PE (шлиф.) 2x1000x2000,"ЛИСТ НЕРЖАВЕЮЩИЙ марки AISI 430 (08Х17) 4N+PE (шлиф.) 2x1000x2000, размер 2",2,176843,5659,1,0,0,https://www.kavstal.ru/public/assets/images/products/LISTOVOI_PROKAT/LIST_NERZHAVEYUSHCHII/img.webp,труба обечайка;лист нержавеющий;aisi 430 (08х17) 4n+pe (шлиф.) 2x1000x2000;2,AISI 430 (08Х17) 4N+PE (шлиф.) 2x1000x2000,2,,5659
Нержавеющая сталь,ЛИСТ НЕРЖАВЕЮЩИЙ,AISI 430 (08Х17) 4N+PE (шлиф.) 2x1250x2500,ЛИСТ НЕРЖАВЕЮЩИЙ 2 AISI 430 (08Х17) 4N+PE (шлиф.) 2x1250x2500,"ЛИСТ НЕРЖАВЕЮЩИЙ марки AISI 430 (08Х17) 4N+PE (шлиф.) 2x1250x2500, размер 2",2,190272,9514,1,0,0,https://www.kavstal.ru/public/assets/images/products/LISTOVOI_PROKAT/LIST_NERZHAVEYUSHCHII/img.webp,труба обечайка;лист нержавеющий;aisi 430 (08х17) 4n+pe (шлиф.) 2x1250x2500;2,AISI 430 (08Х17) 4N+PE (шлиф.) 2x1250x2500,2,,9514
Нержавеющая сталь,ЛИСТ НЕРЖАВЕЮЩИЙ,AISI 430 (08Х17) 4N+PE (шлиф.) 2x1500x3000,ЛИСТ НЕРЖАВЕЮЩИЙ 2 AISI 430 (08Х17) 4N+PE (шлиф.) 2x1500x3000,"ЛИСТ НЕРЖАВЕЮЩИЙ марки AISI 430 (08Х17) 4N+PE (шлиф.) 2x1500x3000, размер 2",2,194068,13973,1,0,0,https://www.kavstal.ru/public/assets/images/products/LISTOVOI_PROKAT/LIST_NERZHAVEYUSHCHII/img.webp,труба обечайка;лист нержавеющий;aisi 430 (08х17) 4n+pe (шлиф.) 2x1500x3000;2,AISI 430 (08Х17) 4N+PE (шлиф.) 2x1500x3000,2,,13973
Нержавеющая сталь,ЛИСТ НЕРЖАВЕЮЩИЙ,AISI 430 (08Х17) 4N+PE (шлиф.) 3x1000x2000,ЛИСТ НЕРЖАВЕЮЩИЙ 3 AISI 430 (08Х17) 4N+PE (шлиф.) 3x1000x2000,"ЛИСТ НЕРЖАВЕЮЩИЙ марки AISI 430 (08Х17) 4N+PE (шлиф.) 3x1000x2000, размер 3",3,168795,т,1,0,0,https://www.kavstal.ru/public/assets/images/products/LISTOVOI_PROKAT/LIST_NERZHAVEYUSHCHII/img.webp,труба обечайка;лист нержавеющий;aisi 430 (08х17) 4n+pe (шлиф.) 3x1000x2000;3,AISI 430 (08Х17) 4N+PE (шлиф.) 3x1000x2000,3,,
Нержавеющая сталь,ЛИСТ НЕРЖАВЕЮЩИЙ,AISI 430 (08Х17) 4N+PE (шлиф.) 3x1250x2500,ЛИСТ НЕРЖАВЕЮЩИЙ 3 AISI 430 (08Х17) 4N+PE (шлиф.) 3x1250x2500,"ЛИСТ НЕРЖАВЕЮЩИЙ марки AISI 430 (08Х17) 4N+PE (шлиф.) 3x1250x2500, размер 3",3,181685,13626,1,0,0,https://www.kavstal.ru/public/assets/images/products/LISTOVOI_PROKAT/LIST_NERZHAVEYUSHCHII/img.webp,труба обечайка;лист нержавеющий;aisi 430 (08х17) 4n+pe (шлиф.) 3x1250x2500;3,AISI 430 (08Х17) 4N+PE (шлиф.) 3x1250x2500,3,,13626
Нержавеющая сталь,ЛИСТ НЕРЖАВЕЮЩИЙ,AISI 430 (08Х17) 4N+PE (шлиф.) 3x1500x3000,ЛИСТ НЕРЖАВЕЮЩИЙ 3 AISI 430 (08Х17) 4N+PE (шлиф.) 3x1500x3000,"ЛИСТ НЕРЖАВЕЮЩИЙ марки AISI 430 (08Х17) 4N+PE (шлиф.) 3x1500x3000, размер 3",3,171099,18479,1,0,0,https://www.kavstal.ru/public/assets/images/products/LISTOVOI_PROKAT/LIST_NERZHAVEYUSHCHII/img.webp,труба обечайка;лист нержавеющий;aisi 430 (08х17) 4n+pe (шлиф.) 3x1500x3000;3,AISI 430 (08Х17) 4N+PE (шлиф.) 3x1500x3000,3,,18479
Нержавеющая сталь,ЛИСТ НЕРЖАВЕЮЩИЙ,AISI 430 (08Х17) BA 1x1000x2000,ЛИСТ НЕРЖАВЕЮЩИЙ 1 AISI 430 (08Х17) BA 1x1000x2000,"ЛИСТ НЕРЖАВЕЮЩИЙ марки AISI 430 (08Х17) BA 1x1000x2000, размер 1",1,185024,т,1,0,0,https://www.kavstal.ru/public/assets/images/products/LISTOVOI_PROKAT/LIST_NERZHAVEYUSHCHII/img.webp,труба обечайка;лист нержавеющий;aisi 430 (08х17) ba 1x1000x2000;1,AISI 430 (08Х17) BA 1x1000x2000,1,,
Нержавеющая сталь,ЛИСТ НЕРЖАВЕЮЩИЙ,AISI 430 (08Х17) BA+PE (зеркальный) 0.5x1000x2000,ЛИСТ НЕРЖАВЕЮЩИЙ 0.5 AISI 430 (08Х17) BA+PE (зеркальный) 0.5x1000x2000,"ЛИСТ НЕРЖАВЕЮЩИЙ марки AISI 430 (08Х17) BA+PE (зеркальный) 0.5x1000x2000, размер 0.5",0.5,141166,1129,1,0,0,https://www.kavstal.ru/public/assets/images/products/LISTOVOI_PROKAT/LIST_NERZHAVEYUSHCHII/img.webp,труба обечайка;лист нержавеющий;aisi 430 (08х17) ba+pe (зеркальный) 0.5x1000x2000;5,AISI 430 (08Х17) BA+PE (зеркальный) 0.5x1000x2000,0.5,,1129
Нержавеющая сталь,ЛИСТ НЕРЖАВЕЮЩИЙ,AISI 430 (08Х17) BA+PE (зеркальный) 0.5x1000x2000,ЛИСТ НЕРЖАВЕЮЩИЙ 0.5 AISI 430 (08Х17) BA+PE (зеркальный) 0.5x1000x2000,"ЛИСТ НЕРЖАВЕЮЩИЙ марки AISI 430 (08Х17) BA+PE (зеркальный) 0.5x1000x2000, размер 0.5",0.5,188313,1507,1,0,0,https://www.kavstal.ru/public/assets/images/products/LISTOVOI_PROKAT/LIST_NERZHAVEYUSHCHII/img.webp,труба обечайка;лист нержавеющий;aisi 430 (08х17) ba+pe (зеркальный) 0.5x1000x2000;5,AISI 430 (08Х17) BA+PE (зеркальный) 0.5x1000x2000,0.5,,1507
Нержавеющая сталь,ЛИСТ НЕРЖАВЕЮЩИЙ,AISI 430 (08Х17) BA+PE (зеркальный) 0.5x1250x2500,ЛИСТ НЕРЖАВЕЮЩИЙ 0.5 AISI 430 (08Х17) BA+PE (зеркальный) 0.5x1250x2500,"ЛИСТ НЕРЖАВЕЮЩИЙ марки AISI 430 (08Х17) BA+PE (зеркальный) 0.5x1250x2500, размер 0.5",0.5,188313,2354,1,0,0,https://www.kavstal.ru/public/assets/images/products/LISTOVOI_PROKAT/LIST_NERZHAVEYUSHCHII/img.webp,труба обечайка;лист нержавеющий;aisi 430 (08х17) ba+pe (зеркальный) 0.5x1250x2500;5,AISI 430 (08Х17) BA+PE (зеркальный) 0.5x1250x2500,0.5,,2354
Нержавеющая сталь,ЛИСТ НЕРЖАВЕЮЩИЙ,AISI 430 (08Х17) BA+PE (зеркальный) 0.6x1250x2500,ЛИСТ НЕРЖАВЕЮЩИЙ 0.6 AISI 430 (08Х17) BA+PE (зеркальный) 0.6x1250x2500,"ЛИСТ НЕРЖАВЕЮЩИЙ марки AISI 430 (08Х17) BA+PE (зеркальный) 0.6x1250x2500, размер 0.6",0.6,190830,2862,1,0,0,https://www.kavstal.ru/public/assets/images/products/LISTOVOI_PROKAT/LIST_NERZHAVEYUSHCHII/img.webp,труба обечайка;лист нержавеющий;aisi 430 (08х17) ba+pe (зеркальный) 0.6x1250x2500;6,AISI 430 (08Х17) BA+PE (зеркальный) 0.6x1250x2500,0.6,,2862
Нержавеющая сталь,ЛИСТ НЕРЖАВЕЮЩИЙ,AISI 430 (08Х17) BA+PE (зеркальный) 0.7x1250x2500,ЛИСТ НЕРЖАВЕЮЩИЙ 0.7 AISI 430 (08Х17) BA+PE (зеркальный) 0.7x1250x2500,"ЛИСТ НЕРЖАВЕЮЩИЙ марки AISI 430 (08Х17) BA+PE (зеркальный) 0.7x1250x2500, размер 0.7",0.7,173930,3044,1,0,0,https://www.kavstal.ru/public/assets/images/products/LISTOVOI_PROKAT/LIST_NERZHAVEYUSHCHII/img.webp,труба обечайка;лист нержавеющий;aisi 430 (08х17) ba+pe (зеркальный) 0.7x1250x2500;7,AISI 430 (08Х17) BA+PE (зеркальный) 0.7x1250x2500,0.7,,3044
Нержавеющая сталь,ЛИСТ НЕРЖАВЕЮЩИЙ,AISI 430 (08Х17) BA+PE (зеркальный) 0.8x1000x2000,ЛИСТ НЕРЖАВЕЮЩИЙ 0.8 AISI 430 (08Х17) BA+PE (зеркальный) 0.8x1000x2000,"ЛИСТ НЕРЖАВЕЮЩИЙ марки AISI 430 (08Х17) BA+PE (зеркальный) 0.8x1000x2000, размер 0.8",0.8,176417,2258,1,0,0,https://www.kavstal.ru/public/assets/images/products/LISTOVOI_PROKAT/LIST_NERZHAVEYUSHCHII/img.webp,труба обечайка;лист нержавеющий;aisi 430 (08х17) ba+pe (зеркальный) 0.8x1000x2000;8,AISI 430 (08Х17) BA+PE (зеркальный) 0.8x1000x2000,0.8,,2258
Нержавеющая сталь,ЛИСТ НЕРЖАВЕЮЩИЙ,AISI 430 (08Х17) BA+PE (зеркальный) 0.8x1250x2500,ЛИСТ НЕРЖАВЕЮЩИЙ 0.8 AISI 430 (08Х17) BA+PE (зеркальный) 0.8x1250x2500,"ЛИСТ НЕРЖАВЕЮЩИЙ марки AISI 430 (08Х17) BA+PE (зеркальный) 0.8x1250x2500, размер 0.8",0.8,175625,3513,1,0,0,https://www.kavstal.ru/public/assets/images/products/LISTOVOI_PROKAT/LIST_NERZHAVEYUSHCHII/img.webp,труба обечайка;лист нержавеющий;aisi 430 (08х17) ba+pe (зеркальный) 0.8x1250x2500;8,AISI 430 (08Х17) BA+PE (зеркальный) 0.8x1250x2500,0.8,,3513
Нержавеющая сталь,ЛИСТ НЕРЖАВЕЮЩИЙ,AISI 430 (08Х17) BA+PE (зеркальный) 1.2x1250x2500,ЛИСТ НЕРЖАВЕЮЩИЙ 1.2 AISI 430 (08Х17) BA+PE (зеркальный) 1.2x1250x2500,"ЛИСТ НЕРЖАВЕЮЩИЙ марки AISI 430 (08Х17) BA+PE (зеркальный) 1.2x1250x2500, размер 1.2",1.2,178640,5359,1,0,0,https://www.kavstal.ru/public/assets/images/products/LISTOVOI_PROKAT/LIST_NERZHAVEYUSHCHII/img.webp,труба обечайка;лист нержавеющий;aisi 430 (08х17) ba+pe (зеркальный) 1.2x1250x2500;1;2,AISI 430 (08Х17) BA+PE (зеркальный) 1.2x1250x2500,1.2,,5359
Нержавеющая сталь,ЛИСТ НЕРЖАВЕЮЩИЙ,AISI 430 (08Х17) BA+PE (зеркальный) 1.5x1000x2000,ЛИСТ НЕРЖАВЕЮЩИЙ 1.5 AISI 430 (08Х17) BA+PE (зеркальный) 1.5x1000x2000,"ЛИСТ НЕРЖАВЕЮЩИЙ марки AISI 430 (08Х17) BA+PE (зеркальный) 1.5x1000x2000, размер 1.5",1.5,179137,4299,1,0,0,https://www.kavstal.ru/public/assets/images/products/LISTOVOI_PROKAT/LIST_NERZHAVEYUSHCHII/img.webp,труба обечайка;лист нержавеющий;aisi 430 (08х17) ba+pe (зеркальный) 1.5x1000x2000;1;5,AISI 430 (08Х17) BA+PE (зеркальный) 1.5x1000x2000,1.5,,4299
Нержавеющая сталь,ЛИСТ НЕРЖАВЕЮЩИЙ,AISI 430 (08Х17) BA+PE (зеркальный) 1.5x1250x2500,ЛИСТ НЕРЖАВЕЮЩИЙ 1.5 AISI 430 (08Х17) BA+PE (зеркальный) 1.5x1250x2500,"ЛИСТ НЕРЖАВЕЮЩИЙ марки AISI 430 (08Х17) BA+PE (зеркальный) 1.5x1250x2500, размер 1.5",1.5,176843,6632,1,0,0,https://www.kavstal.ru/public/assets/images/products/LISTOVOI_PROKAT/LIST_NERZHAVEYUSHCHII/img.webp,труба обечайка;лист нержавеющий;aisi 430 (08х17) ba+pe (зеркальный) 1.5x1250x2500;1;5,AISI 430 (08Х17) BA+PE (зеркальный) 1.5x1250x2500,1.5,,6632
Нержавеющая сталь,ЛИСТ НЕРЖАВЕЮЩИЙ,AISI 430 (08Х17) BA+PE (зеркальный) 1x1000x2000,ЛИСТ НЕРЖАВЕЮЩИЙ 1 AISI 430 (08Х17) BA+PE (зеркальный) 1x1000x2000,"ЛИСТ НЕРЖАВЕЮЩИЙ марки AISI 430 (08Х17) BA+PE (зеркальный) 1x1000x2000, размер 1",1,178640,2858,1,0,0,https://www.kavstal.ru/public/assets/images/products/LISTOVOI_PROKAT/LIST_NERZHAVEYUSHCHII/img.webp,труба обечайка;лист нержавеющий;aisi 430 (08х17) ba+pe (зеркальный) 1x1000x2000;1,AISI 430 (08Х17) BA+PE (зеркальный) 1x1000x2000,1,,2858
Нержавеющая сталь,ЛИСТ НЕРЖАВЕЮЩИЙ,AISI 430 (08Х17) BA+PE (зеркальный) 1x1250x2500,ЛИСТ НЕРЖАВЕЮЩИЙ 1 AISI 430 (08Х17) BA+PE (зеркальный) 1x1250x2500,"ЛИСТ НЕРЖАВЕЮЩИЙ марки AISI 430 (08Х17) BA+PE (зеркальный) 1x1250x2500, размер 1",1,141166,3529,1,0,0,https://www.kavstal.ru/public/assets/images/products/LISTOVOI_PROKAT/LIST_NERZHAVEYUSHCHII/img.webp,труба обечайка;лист нержавеющий;aisi 430 (08х17) ba+pe (зеркальный) 1x1250x2500;1,AISI 430 (08Х17) BA+PE (зеркальный) 1x1250x2500,1,,3529
Нержавеющая сталь,ЛИСТ НЕРЖАВЕЮЩИЙ,AISI 430 (08Х17) BA+PE (зеркальный) 1x1250x2500,ЛИСТ НЕРЖАВЕЮЩИЙ 1 AISI 430 (08Х17) BA+PE (зеркальный) 1x1250x2500,"ЛИСТ НЕРЖАВЕЮЩИЙ марки AISI 430 (08Х17) BA+PE (зеркальный) 1x1250x2500, размер 1",1,175006,4375,1,0,0,https://www.kavstal.ru/public/assets/images/products/LISTOVOI_PROKAT/LIST_NERZHAVEYUSHCHII/img.webp,труба обечайка;лист нержавеющий;aisi 430 (08х17) ba+pe (зеркальный) 1x1250x2500;1,AISI 430 (08Х17) BA+PE (зеркальный) 1x1250x2500,1,,4375
Нержавеющая сталь,ЛИСТ НЕРЖАВЕЮЩИЙ,AISI 430 (08Х17) BA+PE (зеркальный) 2x1000x2000,ЛИСТ НЕРЖАВЕЮЩИЙ 2 AISI 430 (08Х17) BA+PE (зеркальный) 2x1000x2000,"ЛИСТ НЕРЖАВЕЮЩИЙ марки AISI 430 (08Х17) BA+PE (зеркальный) 2x1000x2000, размер 2",2,181685,5814,1,0,0,https://www.kavstal.ru/public/assets/images/products/LISTOVOI_PROKAT/LIST_NERZHAVEYUSHCHII/img.webp,труба обечайка;лист нержавеющий;aisi 430 (08х17) ba+pe (зеркальный) 2x1000x2000;2,AISI 430 (08Х17) BA+PE (зеркальный) 2x1000x2000,2,,5814
Нержавеющая сталь,ЛИСТ НЕРЖАВЕЮЩИЙ,AISI 430 (08Х17) BA+PE (зеркальный) 2x1250x2500,ЛИСТ НЕРЖАВЕЮЩИЙ 2 AISI 430 (08Х17) BA+PE (зеркальный) 2x1250x2500,"ЛИСТ НЕРЖАВЕЮЩИЙ марки AISI 430 (08Х17) BA+PE (зеркальный) 2x1250x2500, размер 2",2,191835,9592,1,0,0,https://www.kavstal.ru/public/assets/images/products/LISTOVOI_PROKAT/LIST_NERZHAVEYUSHCHII/img.webp,труба обечайка;лист нержавеющий;aisi 430 (08х17) ba+pe (зеркальный) 2x1250x2500;2,AISI 430 (08Х17) BA+PE (зеркальный) 2x1250x2500,2,,9592
Нержавеющая сталь,ЛИСТ НЕРЖАВЕЮЩИЙ,AISI 430 (08Х17) BA+PI (зеркальный) 0.5x1000x?,ЛИСТ НЕРЖАВЕЮЩИЙ 0.5 AISI 430 (08Х17) BA+PI (зеркальный) 0.5x1000x?,"ЛИСТ НЕРЖАВЕЮЩИЙ марки AISI 430 (08Х17) BA+PI (зеркальный) 0.5x1000x?, размер 0.5",0.5,165364,т,1,0,0,https://www.kavstal.ru/public/assets/images/products/LISTOVOI_PROKAT/LIST_NERZHAVEYUSHCHII/img.webp,труба обечайка;лист нержавеющий;aisi 430 (08х17) ba+pi (зеркальный) 0.5x1000x?;5,AISI 430 (08Х17) BA+PI (зеркальный) 0.5x1000x?,0.5,,
Нержавеющая сталь,ЛИСТ НЕРЖАВЕЮЩИЙ,AISI 430 (08Х17) BA+PI (зеркальный) 0.8x1250x?,ЛИСТ НЕРЖАВЕЮЩИЙ 0.8 AISI 430 (08Х17) BA+PI (зеркальный) 0.8x1250x?,"ЛИСТ НЕРЖАВЕЮЩИЙ марки AISI 430 (08Х17) BA+PI (зеркальный) 0.8x1250x?, размер 0.8",0.8,157315,т,1,0,0,https://www.kavstal.ru/public/assets/images/products/LISTOVOI_PROKAT/LIST_NERZHAVEYUSHCHII/img.webp,труба обечайка;лист нержавеющий;aisi 430 (08х17) ba+pi (зеркальный) 0.8x1250x?;8,AISI 430 (08Х17) BA+PI (зеркальный) 0.8x1250x?,0.8,,
Нержавеющая сталь,ЛИСТ НЕРЖАВЕЮЩИЙ,AISI 430 (08Х17) BA+PI (зеркальный) 1.2x1250x2500,ЛИСТ НЕРЖАВЕЮЩИЙ 1.2 AISI 430 (08Х17) BA+PI (зеркальный) 1.2x1250x2500,"ЛИСТ НЕРЖАВЕЮЩИЙ марки AISI 430 (08Х17) BA+PI (зеркальный) 1.2x1250x2500, размер 1.2",1.2,173575,т,1,0,0,https://www.kavstal.ru/public/assets/images/products/LISTOVOI_PROKAT/LIST_NERZHAVEYUSHCHII/img.webp,труба обечайка;лист нержавеющий;aisi 430 (08х17) ba+pi (зеркальный) 1.2x1250x2500;1;2,AISI 430 (08Х17) BA+PI (зеркальный) 1.2x1250x2500,1.2,,
Нержавеющая сталь,ЛИСТ НЕРЖАВЕЮЩИЙ,AISI 430 (08Х17) BA+PI (зеркальный) 1.5x1250x2500,ЛИСТ НЕРЖАВЕЮЩИЙ 1.5 AISI 430 (08Х17) BA+PI (зеркальный) 1.5x1250x2500,"ЛИСТ НЕРЖАВЕЮЩИЙ марки AISI 430 (08Х17) BA+PI (зеркальный) 1.5x1250x2500, размер 1.5",1.5,181512,т,1,0,0,https://www.kavstal.ru/public/assets/images/products/LISTOVOI_PROKAT/LIST_NERZHAVEYUSHCHII/img.webp,труба обечайка;лист нержавеющий;aisi 430 (08х17) ba+pi (зеркальный) 1.5x1250x2500;1;5,AISI 430 (08Х17) BA+PI (зеркальный) 1.5x1250x2500,1.5,,
Нержавеющая сталь,ЛИСТ НЕРЖАВЕЮЩИЙ,AISI 430 (08Х17) DECO1+PE 0.8x1250x2500,ЛИСТ НЕРЖАВЕЮЩИЙ 0.8 AISI 430 (08Х17) DECO1+PE 0.8x1250x2500,"ЛИСТ НЕРЖАВЕЮЩИЙ марки AISI 430 (08Х17) DECO1+PE 0.8x1250x2500, размер 0.8",0.8,206705,т,1,0,0,https://www.kavstal.ru/public/assets/images/products/LISTOVOI_PROKAT/LIST_NERZHAVEYUSHCHII/img.webp,труба обечайка;лист нержавеющий;aisi 430 (08х17) deco1+pe 0.8x1250x2500;8,AISI 430 (08Х17) DECO1+PE 0.8x1250x2500,0.8,,
Нержавеющая сталь,ЛИСТ НЕРЖАВЕЮЩИЙ,AISI 430 (08Х17) DECO1+PE 1.5x1250x2500,ЛИСТ НЕРЖАВЕЮЩИЙ 1.5 AISI 430 (08Х17) DECO1+PE 1.5x1250x2500,"ЛИСТ НЕРЖАВЕЮЩИЙ марки AISI 430 (08Х17) DECO1+PE 1.5x1250x2500, размер 1.5",1.5,226680,т,1,0,0,https://www.kavstal.ru/public/assets/images/products/LISTOVOI_PROKAT/LIST_NERZHAVEYUSHCHII/img.webp,труба обечайка;лист нержавеющий;aisi 430 (08х17) deco1+pe 1.5x1250x2500;1;5,AISI 430 (08Х17) DECO1+PE 1.5x1250x2500,1.5,,
Нержавеющая сталь,ЛИСТ НЕРЖАВЕЮЩИЙ,AISI 430 (08Х17) DECO1+PE 1x1250x2500,ЛИСТ НЕРЖАВЕЮЩИЙ 1 AISI 430 (08Х17) DECO1+PE 1x1250x2500,"ЛИСТ НЕРЖАВЕЮЩИЙ марки AISI 430 (08Х17) DECO1+PE 1x1250x2500, размер 1",1,195215,4705,1,0,0,https://www.kavstal.ru/public/assets/images/products/LISTOVOI_PROKAT/LIST_NERZHAVEYUSHCHII/img.webp,труба обечайка;лист нержавеющий;aisi 430 (08х17) deco1+pe 1x1250x2500;1,AISI 430 (08Х17) DECO1+PE 1x1250x2500,1,,4705
Нержавеющая сталь,ЛИСТ НЕРЖАВЕЮЩИЙ,AISI 430 (08Х17) DECO8+PE 1.5x1250x2500,ЛИСТ НЕРЖАВЕЮЩИЙ 1.5 AISI 430 (08Х17) DECO8+PE 1.5x1250x2500,"ЛИСТ НЕРЖАВЕЮЩИЙ марки AISI 430 (08Х17) DECO8+PE 1.5x1250x2500, размер 1.5",1.5,226680,9838,1,0,0,https://www.kavstal.ru/public/assets/images/products/LISTOVOI_PROKAT/LIST_NERZHAVEYUSHCHII/img.webp,труба обечайка;лист нержавеющий;aisi 430 (08х17) deco8+pe 1.5x1250x2500;1;5,AISI 430 (08Х17) DECO8+PE 1.5x1250x2500,1.5,,9838
Нержавеющая сталь,ЛИСТ НЕРЖАВЕЮЩИЙ,AISI 430 (08Х17) DECO8+PE 1x1250x2500,ЛИСТ НЕРЖАВЕЮЩИЙ 1 AISI 430 (08Х17) DECO8+PE 1x1250x2500,"ЛИСТ НЕРЖАВЕЮЩИЙ марки AISI 430 (08Х17) DECO8+PE 1x1250x2500, размер 1",1,195215,4705,1,0,0,https://www.kavstal.ru/public/assets/images/products/LISTOVOI_PROKAT/LIST_NERZHAVEYUSHCHII/img.webp,труба обечайка;лист нержавеющий;aisi 430 (08х17) deco8+pe 1x1250x2500;1,AISI 430 (08Х17) DECO8+PE 1x1250x2500,1,,4705
Нержавеющая сталь,ЛИСТ НЕРЖАВЕЮЩИЙ,AISI 430 (08Х17) DECO9+PE 0.8x1250x2500,ЛИСТ НЕРЖАВЕЮЩИЙ 0.8 AISI 430 (08Х17) DECO9+PE 0.8x1250x2500,"ЛИСТ НЕРЖАВЕЮЩИЙ марки AISI 430 (08Х17) DECO9+PE 0.8x1250x2500, размер 0.8",0.8,195215,3904,1,0,0,https://www.kavstal.ru/public/assets/images/products/LISTOVOI_PROKAT/LIST_NERZHAVEYUSHCHII/img.webp,труба обечайка;лист нержавеющий;aisi 430 (08х17) deco9+pe 0.8x1250x2500;8,AISI 430 (08Х17) DECO9+PE 0.8x1250x2500,0.8,,3904
Нержавеющая сталь,ЛИСТ НЕРЖАВЕЮЩИЙ,AISI 430 (08Х17) DECO9+PE 1.5x1250x2500,ЛИСТ НЕРЖАВЕЮЩИЙ 1.5 AISI 430 (08Х17) DECO9+PE 1.5x1250x2500,"ЛИСТ НЕРЖАВЕЮЩИЙ марки AISI 430 (08Х17) DECO9+PE 1.5x1250x2500, размер 1.5",1.5,230243,8335,1,0,0,https://www.kavstal.ru/public/assets/images/products/LISTOVOI_PROKAT/LIST_NERZHAVEYUSHCHII/img.webp,труба обечайка;лист нержавеющий;aisi 430 (08х17) deco9+pe 1.5x1250x2500;1;5,AISI 430 (08Х17) DECO9+PE 1.5x1250x2500,1.5,,8335
Нержавеющая сталь,ЛИСТ НЕРЖАВЕЮЩИЙ,AISI 430 (08Х17) DECO9+PE 1x1250x2500,ЛИСТ НЕРЖАВЕЮЩИЙ 1 AISI 430 (08Х17) DECO9+PE 1x1250x2500,"ЛИСТ НЕРЖАВЕЮЩИЙ марки AISI 430 (08Х17) DECO9+PE 1x1250x2500, размер 1",1,220610,5317,1,0,0,https://www.kavstal.ru/public/assets/images/products/LISTOVOI_PROKAT/LIST_NERZHAVEYUSHCHII/img.webp,труба обечайка;лист нержавеющий;aisi 430 (08х17) deco9+pe 1x1250x2500;1,AISI 430 (08Х17) DECO9+PE 1x1250x2500,1,,5317
Нержавеющая сталь,ЛИСТ НЕРЖАВЕЮЩИЙ,AISI 430 (08Х17) ВА (зеркало) 0.5x1000x2000,ЛИСТ НЕРЖАВЕЮЩИЙ 0.5 AISI 430 (08Х17) ВА (зеркало) 0.5x1000x2000,"ЛИСТ НЕРЖАВЕЮЩИЙ марки AISI 430 (08Х17) ВА (зеркало) 0.5x1000x2000, размер 0.5",0.5,164846,1294,1,0,0,https://www.kavstal.ru/public/assets/images/products/LISTOVOI_PROKAT/LIST_NERZHAVEYUSHCHII/img.webp,труба обечайка;лист нержавеющий;aisi 430 (08х17) ва (зеркало) 0.5x1000x2000;5,AISI 430 (08Х17) ВА (зеркало) 0.5x1000x2000,0.5,,1294
Нержавеющая сталь,ЛИСТ НЕРЖАВЕЮЩИЙ,AISI 439 2B (матовый) 0.5x1000x?,ЛИСТ НЕРЖАВЕЮЩИЙ 0.5 AISI 439 2B (матовый) 0.5x1000x?,"ЛИСТ НЕРЖАВЕЮЩИЙ марки AISI 439 2B (матовый) 0.5x1000x?, размер 0.5",0.5,210146,т,1,0,0,https://www.kavstal.ru/public/assets/images/products/LISTOVOI_PROKAT/LIST_NERZHAVEYUSHCHII/img.webp,труба обечайка;лист нержавеющий;aisi 439 2b (матовый) 0.5x1000x?;5,AISI 439 2B (матовый) 0.5x1000x?,0.5,,
Нержавеющая сталь,ЛИСТ НЕРЖАВЕЮЩИЙ,AISI 439 2B (матовый) 0.5x1000x2000,ЛИСТ НЕРЖАВЕЮЩИЙ 0.5 AISI 439 2B (матовый) 0.5x1000x2000,"ЛИСТ НЕРЖАВЕЮЩИЙ марки AISI 439 2B (матовый) 0.5x1000x2000, размер 0.5",0.5,210146,т,1,0,0,https://www.kavstal.ru/public/assets/images/products/LISTOVOI_PROKAT/LIST_NERZHAVEYUSHCHII/img.webp,труба обечайка;лист нержавеющий;aisi 439 2b (матовый) 0.5x1000x2000;5,AISI 439 2B (матовый) 0.5x1000x2000,0.5,,
Нержавеющая сталь,ЛИСТ НЕРЖАВЕЮЩИЙ,AISI 439 2B (матовый) 0.8x1250x2500,ЛИСТ НЕРЖАВЕЮЩИЙ 0.8 AISI 439 2B (матовый) 0.8x1250x2500,"ЛИСТ НЕРЖАВЕЮЩИЙ марки AISI 439 2B (матовый) 0.8x1250x2500, размер 0.8",0.8,229654,4507,1,0,0,https://www.kavstal.ru/public/assets/images/products/LISTOVOI_PROKAT/LIST_NERZHAVEYUSHCHII/img.webp,труба обечайка;лист нержавеющий;aisi 439 2b (матовый) 0.8x1250x2500;8,AISI 439 2B (матовый) 0.8x1250x2500,0.8,,4507
Нержавеющая сталь,ЛИСТ НЕРЖАВЕЮЩИЙ,AISI 439 2B (матовый) 1x1000x?,ЛИСТ НЕРЖАВЕЮЩИЙ 1 AISI 439 2B (матовый) 1x1000x?,"ЛИСТ НЕРЖАВЕЮЩИЙ марки AISI 439 2B (матовый) 1x1000x?, размер 1",1,205548,205548,1,0,0,https://www.kavstal.ru/public/assets/images/products/LISTOVOI_PROKAT/LIST_NERZHAVEYUSHCHII/img.webp,труба обечайка;лист нержавеющий;aisi 439 2b (матовый) 1x1000x?;1,AISI 439 2B (матовый) 1x1000x?,1,,205548
Нержавеющая сталь,ЛИСТ НЕРЖАВЕЮЩИЙ,AISI 439 2B (матовый) 1x1000x?,ЛИСТ НЕРЖАВЕЮЩИЙ 1 AISI 439 2B (матовый) 1x1000x?,"ЛИСТ НЕРЖАВЕЮЩИЙ марки AISI 439 2B (матовый) 1x1000x?, размер 1",1,209039,т,1,0,0,https://www.kavstal.ru/public/assets/images/products/LISTOVOI_PROKAT/LIST_NERZHAVEYUSHCHII/img.webp,труба обечайка;лист нержавеющий;aisi 439 2b (матовый) 1x1000x?;1,AISI 439 2B (матовый) 1x1000x?,1,,
Нержавеющая сталь,ЛИСТ НЕРЖАВЕЮЩИЙ,AISI 201 2B (матовый) 0.5x1000x2000,ЛИСТ НЕРЖАВЕЮЩИЙ 0.5 AISI 201 2B (матовый) 0.5x1000x2000,"ЛИСТ НЕРЖАВЕЮЩИЙ марки AISI 201 2B (матовый) 0.5x1000x2000, размер 0.5",0.5,197695,1582,1,0,0,https://www.kavstal.ru/public/assets/images/products/LISTOVOI_PROKAT/LIST_NERZHAVEYUSHCHII/img.webp,труба обечайка;лист нержавеющий;aisi 201 2b (матовый) 0.5x1000x2000;5,AISI 201 2B (матовый) 0.5x1000x2000,0.5,,1582
Нержавеющая сталь,ЛИСТ НЕРЖАВЕЮЩИЙ,AISI 201 2B (матовый) 0.7x1240x2500,ЛИСТ НЕРЖАВЕЮЩИЙ 0.7 AISI 201 2B (матовый) 0.7x1240x2500,"ЛИСТ НЕРЖАВЕЮЩИЙ марки AISI 201 2B (матовый) 0.7x1240x2500, размер 0.7",0.7,180007,2880,1,0,0,https://www.kavstal.ru/public/assets/images/products/LISTOVOI_PROKAT/LIST_NERZHAVEYUSHCHII/img.webp,труба обечайка;лист нержавеющий;aisi 201 2b (матовый) 0.7x1240x2500;7,AISI 201 2B (матовый) 0.7x1240x2500,0.7,,2880
Нержавеющая сталь,ЛИСТ НЕРЖАВЕЮЩИЙ,AISI 201 2B (матовый) 0.7x19.5x?,ЛИСТ НЕРЖАВЕЮЩИЙ 0.7 AISI 201 2B (матовый) 0.7x19.5x?,"ЛИСТ НЕРЖАВЕЮЩИЙ марки AISI 201 2B (матовый) 0.7x19.5x?, размер 0.7",0.7,201494,т,1,0,0,https://www.kavstal.ru/public/assets/images/products/LISTOVOI_PROKAT/LIST_NERZHAVEYUSHCHII/img.webp,труба обечайка;лист нержавеющий;aisi 201 2b (матовый) 0.7x19.5x?;7,AISI 201 2B (матовый) 0.7x19.5x?,0.7,,
Нержавеющая сталь,ЛИСТ НЕРЖАВЕЮЩИЙ,AISI 201 2B (матовый) 0.8x1000x2000,ЛИСТ НЕРЖАВЕЮЩИЙ 0.8 AISI 201 2B (матовый) 0.8x1000x2000,"ЛИСТ НЕРЖАВЕЮЩИЙ марки AISI 201 2B (матовый) 0.8x1000x2000, размер 0.8",0.8,187283,2397,1,0,0,https://www.kavstal.ru/public/assets/images/products/LISTOVOI_PROKAT/LIST_NERZHAVEYUSHCHII/img.webp,труба обечайка;лист нержавеющий;aisi 201 2b (матовый) 0.8x1000x2000;8,AISI 201 2B (матовый) 0.8x1000x2000,0.8,,2397
Нержавеющая сталь,ЛИСТ НЕРЖАВЕЮЩИЙ,AISI 201 2B (матовый) 0.8x1240x2500,ЛИСТ НЕРЖАВЕЮЩИЙ 0.8 AISI 201 2B (матовый) 0.8x1240x2500,"ЛИСТ НЕРЖАВЕЮЩИЙ марки AISI 201 2B (матовый) 0.8x1240x2500, размер 0.8",0.8,190409,5522,1,0,0,https://www.kavstal.ru/public/assets/images/products/LISTOVOI_PROKAT/LIST_NERZHAVEYUSHCHII/img.webp,труба обечайка;лист нержавеющий;aisi 201 2b (матовый) 0.8x1240x2500;8,AISI 201 2B (матовый) 0.8x1240x2500,0.8,,5522
Нержавеющая сталь,ЛИСТ НЕРЖАВЕЮЩИЙ,AISI 201 2B (матовый) 1.2x1240x2500,ЛИСТ НЕРЖАВЕЮЩИЙ 1.2 AISI 201 2B (матовый) 1.2x1240x2500,"ЛИСТ НЕРЖАВЕЮЩИЙ марки AISI 201 2B (матовый) 1.2x1240x2500, размер 1.2",1.2,193069,5599,1,0,0,https://www.kavstal.ru/public/assets/images/products/LISTOVOI_PROKAT/LIST_NERZHAVEYUSHCHII/img.webp,труба обечайка;лист нержавеющий;aisi 201 2b (матовый) 1.2x1240x2500;1;2,AISI 201 2B (матовый) 1.2x1240x2500,1.2,,5599
Нержавеющая сталь,ЛИСТ НЕРЖАВЕЮЩИЙ,AISI 201 2B (матовый) 1.2x1250x2500,ЛИСТ НЕРЖАВЕЮЩИЙ 1.2 AISI 201 2B (матовый) 1.2x1250x2500,"ЛИСТ НЕРЖАВЕЮЩИЙ марки AISI 201 2B (матовый) 1.2x1250x2500, размер 1.2",1.2,193069,т,1,0,0,https://www.kavstal.ru/public/assets/images/products/LISTOVOI_PROKAT/LIST_NERZHAVEYUSHCHII/img.webp,труба обечайка;лист нержавеющий;aisi 201 2b (матовый) 1.2x1250x2500;1;2,AISI 201 2B (матовый) 1.2x1250x2500,1.2,,
Нержавеющая сталь,ЛИСТ НЕРЖАВЕЮЩИЙ,AISI 201 2B (матовый) 1.2x1500x3000,ЛИСТ НЕРЖАВЕЮЩИЙ 1.2 AISI 201 2B (матовый) 1.2x1500x3000,"ЛИСТ НЕРЖАВЕЮЩИЙ марки AISI 201 2B (матовый) 1.2x1500x3000, размер 1.2",1.2,187283,8053,1,0,0,https://www.kavstal.ru/public/assets/images/products/LISTOVOI_PROKAT/LIST_NERZHAVEYUSHCHII/img.webp,труба обечайка;лист нержавеющий;aisi 201 2b (матовый) 1.2x1500x3000;1;2,AISI 201 2B (матовый) 1.2x1500x3000,1.2,,8053
Нержавеющая сталь,ЛИСТ НЕРЖАВЕЮЩИЙ,AISI 201 2B (матовый) 1.5x1000x2000,ЛИСТ НЕРЖАВЕЮЩИЙ 1.5 AISI 201 2B (матовый) 1.5x1000x2000,"ЛИСТ НЕРЖАВЕЮЩИЙ марки AISI 201 2B (матовый) 1.5x1000x2000, размер 1.5",1.5,183133,4395,1,0,0,https://www.kavstal.ru/public/assets/images/products/LISTOVOI_PROKAT/LIST_NERZHAVEYUSHCHII/img.webp,труба обечайка;лист нержавеющий;aisi 201 2b (матовый) 1.5x1000x2000;1;5,AISI 201 2B (матовый) 1.5x1000x2000,1.5,,4395
Нержавеющая сталь,ЛИСТ НЕРЖАВЕЮЩИЙ,AISI 201 2B (матовый) 1.5x1240x2500,ЛИСТ НЕРЖАВЕЮЩИЙ 1.5 AISI 201 2B (матовый) 1.5x1240x2500,"ЛИСТ НЕРЖАВЕЮЩИЙ марки AISI 201 2B (матовый) 1.5x1240x2500, размер 1.5",1.5,182088,6737,1,0,0,https://www.kavstal.ru/public/assets/images/products/LISTOVOI_PROKAT/LIST_NERZHAVEYUSHCHII/img.webp,труба обечайка;лист нержавеющий;aisi 201 2b (матовый) 1.5x1240x2500;1;5,AISI 201 2B (матовый) 1.5x1240x2500,1.5,,6737
Нержавеющая сталь,ЛИСТ НЕРЖАВЕЮЩИЙ,AISI 201 2B (матовый) 1.5x1500x3000,ЛИСТ НЕРЖАВЕЮЩИЙ 1.5 AISI 201 2B (матовый) 1.5x1500x3000,"ЛИСТ НЕРЖАВЕЮЩИЙ марки AISI 201 2B (матовый) 1.5x1500x3000, размер 1.5",1.5,210291,10935,1,0,0,https://www.kavstal.ru/public/assets/images/products/LISTOVOI_PROKAT/LIST_NERZHAVEYUSHCHII/img.webp,труба обечайка;лист нержавеющий;aisi 201 2b (матовый) 1.5x1500x3000;1;5,AISI 201 2B (матовый) 1.5x1500x3000,1.5,,10935
Нержавеющая сталь,ЛИСТ НЕРЖАВЕЮЩИЙ,AISI 201 2B (матовый) 1x1000x2000,ЛИСТ НЕРЖАВЕЮЩИЙ 1 AISI 201 2B (матовый) 1x1000x2000,"ЛИСТ НЕРЖАВЕЮЩИЙ марки AISI 201 2B (матовый) 1x1000x2000, размер 1",1,192500,3080,1,0,0,https://www.kavstal.ru/public/assets/images/products/LISTOVOI_PROKAT/LIST_NERZHAVEYUSHCHII/img.webp,труба обечайка;лист нержавеющий;aisi 201 2b (матовый) 1x1000x2000;1,AISI 201 2B (матовый) 1x1000x2000,1,,3080
Нержавеющая сталь,ЛИСТ НЕРЖАВЕЮЩИЙ,AISI 201 2B (матовый) 1x1240x2500,ЛИСТ НЕРЖАВЕЮЩИЙ 1 AISI 201 2B (матовый) 1x1240x2500,"ЛИСТ НЕРЖАВЕЮЩИЙ марки AISI 201 2B (матовый) 1x1240x2500, размер 1",1,184799,т,1,0,0,https://www.kavstal.ru/public/assets/images/products/LISTOVOI_PROKAT/LIST_NERZHAVEYUSHCHII/img.webp,труба обечайка;лист нержавеющий;aisi 201 2b (матовый) 1x1240x2500;1,AISI 201 2B (матовый) 1x1240x2500,1,,
Нержавеющая сталь,ЛИСТ НЕРЖАВЕЮЩИЙ,AISI 201 2B (матовый) 1x1250x2500,ЛИСТ НЕРЖАВЕЮЩИЙ 1 AISI 201 2B (матовый) 1x1250x2500,"ЛИСТ НЕРЖАВЕЮЩИЙ марки AISI 201 2B (матовый) 1x1250x2500, размер 1",1,219938,5498,1,0,0,https://www.kavstal.ru/public/assets/images/products/LISTOVOI_PROKAT/LIST_NERZHAVEYUSHCHII/img.webp,труба обечайка;лист нержавеющий;aisi 201 2b (матовый) 1x1250x2500;1,AISI 201 2B (матовый) 1x1250x2500,1,,5498
Нержавеющая сталь,ЛИСТ НЕРЖАВЕЮЩИЙ,AISI 201 2B (матовый) 1x1500x3000,ЛИСТ НЕРЖАВЕЮЩИЙ 1 AISI 201 2B (матовый) 1x1500x3000,"ЛИСТ НЕРЖАВЕЮЩИЙ марки AISI 201 2B (матовый) 1x1500x3000, размер 1",1,201494,7052,1,0,0,https://www.kavstal.ru/public/assets/images/products/LISTOVOI_PROKAT/LIST_NERZHAVEYUSHCHII/img.webp,труба обечайка;лист нержавеющий;aisi 201 2b (матовый) 1x1500x3000;1,AISI 201 2B (матовый) 1x1500x3000,1,,7052
Нержавеющая сталь,ЛИСТ НЕРЖАВЕЮЩИЙ,AISI 201 2B (матовый) 2.5x1240x2500,ЛИСТ НЕРЖАВЕЮЩИЙ 2.5 AISI 201 2B (матовый) 2.5x1240x2500,"ЛИСТ НЕРЖАВЕЮЩИЙ марки AISI 201 2B (матовый) 2.5x1240x2500, размер 2.5",2.5,214328,13074,1,0,0,https://www.kavstal.ru/public/assets/images/products/LISTOVOI_PROKAT/LIST_NERZHAVEYUSHCHII/img.webp,труба обечайка;лист нержавеющий;aisi 201 2b (матовый) 2.5x1240x2500;2;5,AISI 201 2B (матовый) 2.5x1240x2500,2.5,,13074
Нержавеющая сталь,ЛИСТ НЕРЖАВЕЮЩИЙ,AISI 201 2B (матовый) 2x1000x2000,ЛИСТ НЕРЖАВЕЮЩИЙ 2 AISI 201 2B (матовый) 2x1000x2000,"ЛИСТ НЕРЖАВЕЮЩИЙ марки AISI 201 2B (матовый) 2x1000x2000, размер 2",2,196298,6282,1,0,0,https://www.kavstal.ru/public/assets/images/products/LISTOVOI_PROKAT/LIST_NERZHAVEYUSHCHII/img.webp,труба обечайка;лист нержавеющий;aisi 201 2b (матовый) 2x1000x2000;2,AISI 201 2B (матовый) 2x1000x2000,2,,6282
Нержавеющая сталь,ЛИСТ НЕРЖАВЕЮЩИЙ,AISI 201 2B (матовый) 2x1240x2500,ЛИСТ НЕРЖАВЕЮЩИЙ 2 AISI 201 2B (матовый) 2x1240x2500,"ЛИСТ НЕРЖАВЕЮЩИЙ марки AISI 201 2B (матовый) 2x1240x2500, размер 2",2,182088,8922,1,0,0,https://www.kavstal.ru/public/assets/images/products/LISTOVOI_PROKAT/LIST_NERZHAVEYUSHCHII/img.webp,труба обечайка;лист нержавеющий;aisi 201 2b (матовый) 2x1240x2500;2,AISI 201 2B (матовый) 2x1240x2500,2,,8922
Нержавеющая сталь,ЛИСТ НЕРЖАВЕЮЩИЙ,AISI 201 2B (матовый) 2x1250x2500,ЛИСТ НЕРЖАВЕЮЩИЙ 2 AISI 201 2B (матовый) 2x1250x2500,"ЛИСТ НЕРЖАВЕЮЩИЙ марки AISI 201 2B (матовый) 2x1250x2500, размер 2",2,175836,т,1,0,0,https://www.kavstal.ru/public/assets/images/products/LISTOVOI_PROKAT/LIST_NERZHAVEYUSHCHII/img.webp,труба обечайка;лист нержавеющий;aisi 201 2b (матовый) 2x1250x2500;2,AISI 201 2B (матовый) 2x1250x2500,2,,
Нержавеющая сталь,ЛИСТ НЕРЖАВЕЮЩИЙ,AISI 201 2B (матовый) 2x1500x3000,ЛИСТ НЕРЖАВЕЮЩИЙ 2 AISI 201 2B (матовый) 2x1500x3000,"ЛИСТ НЕРЖАВЕЮЩИЙ марки AISI 201 2B (матовый) 2x1500x3000, размер 2",2,228911,16253,1,0,0,https://www.kavstal.ru/public/assets/images/products/LISTOVOI_PROKAT/LIST_NERZHAVEYUSHCHII/img.webp,труба обечайка;лист нержавеющий;aisi 201 2b (матовый) 2x1500x3000;2,AISI 201 2B (матовый) 2x1500x3000,2,,16253
Нержавеющая сталь,ЛИСТ НЕРЖАВЕЮЩИЙ,AISI 201 2B (матовый) 3x1000x2000,ЛИСТ НЕРЖАВЕЮЩИЙ 3 AISI 201 2B (матовый) 3x1000x2000,"ЛИСТ НЕРЖАВЕЮЩИЙ марки AISI 201 2B (матовый) 3x1000x2000, размер 3",3,187283,8990,1,0,0,https://www.kavstal.ru/public/assets/images/products/LISTOVOI_PROKAT/LIST_NERZHAVEYUSHCHII/img.webp,труба обечайка;лист нержавеющий;aisi 201 2b (матовый) 3x1000x2000;3,AISI 201 2B (матовый) 3x1000x2000,3,,8990
Нержавеющая сталь,ЛИСТ НЕРЖАВЕЮЩИЙ,AISI 201 2B (матовый) 3x1240x2500,ЛИСТ НЕРЖАВЕЮЩИЙ 3 AISI 201 2B (матовый) 3x1240x2500,"ЛИСТ НЕРЖАВЕЮЩИЙ марки AISI 201 2B (матовый) 3x1240x2500, размер 3",3,193069,14287,1,0,0,https://www.kavstal.ru/public/assets/images/products/LISTOVOI_PROKAT/LIST_NERZHAVEYUSHCHII/img.webp,труба обечайка;лист нержавеющий;aisi 201 2b (матовый) 3x1240x2500;3,AISI 201 2B (матовый) 3x1240x2500,3,,14287
Нержавеющая сталь,ЛИСТ НЕРЖАВЕЮЩИЙ,AISI 201 2B (матовый) 3x1500x3000,ЛИСТ НЕРЖАВЕЮЩИЙ 3 AISI 201 2B (матовый) 3x1500x3000,"ЛИСТ НЕРЖАВЕЮЩИЙ марки AISI 201 2B (матовый) 3x1500x3000, размер 3",3,199765,20975,1,0,0,https://www.kavstal.ru/public/assets/images/products/LISTOVOI_PROKAT/LIST_NERZHAVEYUSHCHII/img.webp,труба обечайка;лист нержавеющий;aisi 201 2b (матовый) 3x1500x3000;3,AISI 201 2B (матовый) 3x1500x3000,3,,20975
Нержавеющая сталь,ЛИСТ НЕРЖАВЕЮЩИЙ,AISI 201 4N+PE (шлиф.) 0.5x1000x2000,ЛИСТ НЕРЖАВЕЮЩИЙ 0.5 AISI 201 4N+PE (шлиф.) 0.5x1000x2000,"ЛИСТ НЕРЖАВЕЮЩИЙ марки AISI 201 4N+PE (шлиф.) 0.5x1000x2000, размер 0.5",0.5,199765,1598,1,0,0,https://www.kavstal.ru/public/assets/images/products/LISTOVOI_PROKAT/LIST_NERZHAVEYUSHCHII/img.webp,труба обечайка;лист нержавеющий;aisi 201 4n+pe (шлиф.) 0.5x1000x2000;5,AISI 201 4N+PE (шлиф.) 0.5x1000x2000,0.5,,1598
Нержавеющая сталь,ЛИСТ НЕРЖАВЕЮЩИЙ,AISI 201 4N+PE (шлиф.) 0.5x1240x2500,ЛИСТ НЕРЖАВЕЮЩИЙ 0.5 AISI 201 4N+PE (шлиф.) 0.5x1240x2500,"ЛИСТ НЕРЖАВЕЮЩИЙ марки AISI 201 4N+PE (шлиф.) 0.5x1240x2500, размер 0.5",0.5,207072,2278,1,0,0,https://www.kavstal.ru/public/assets/images/products/LISTOVOI_PROKAT/LIST_NERZHAVEYUSHCHII/img.webp,труба обечайка;лист нержавеющий;aisi 201 4n+pe (шлиф.) 0.5x1240x2500;5,AISI 201 4N+PE (шлиф.) 0.5x1240x2500,0.5,,2278
Нержавеющая сталь,ЛИСТ НЕРЖАВЕЮЩИЙ,AISI 201 4N+PE (шлиф.) 0.6x1240x2500,ЛИСТ НЕРЖАВЕЮЩИЙ 0.6 AISI 201 4N+PE (шлиф.) 0.6x1240x2500,"ЛИСТ НЕРЖАВЕЮЩИЙ марки AISI 201 4N+PE (шлиф.) 0.6x1240x2500, размер 0.6",0.6,197695,2768,1,0,0,https://www.kavstal.ru/public/assets/images/products/LISTOVOI_PROKAT/LIST_NERZHAVEYUSHCHII/img.webp,труба обечайка;лист нержавеющий;aisi 201 4n+pe (шлиф.) 0.6x1240x2500;6,AISI 201 4N+PE (шлиф.) 0.6x1240x2500,0.6,,2768
Нержавеющая сталь,ЛИСТ НЕРЖАВЕЮЩИЙ,AISI 201 4N+PE (шлиф.) 0.8x1240x2500,ЛИСТ НЕРЖАВЕЮЩИЙ 0.8 AISI 201 4N+PE (шлиф.) 0.8x1240x2500,"ЛИСТ НЕРЖАВЕЮЩИЙ марки AISI 201 4N+PE (шлиф.) 0.8x1240x2500, размер 0.8",0.8,194580,3860,1,0,0,https://www.kavstal.ru/public/assets/images/products/LISTOVOI_PROKAT/LIST_NERZHAVEYUSHCHII/img.webp,труба обечайка;лист нержавеющий;aisi 201 4n+pe (шлиф.) 0.8x1240x2500;8,AISI 201 4N+PE (шлиф.) 0.8x1240x2500,0.8,,3860
Нержавеющая сталь,ЛИСТ НЕРЖАВЕЮЩИЙ,AISI 201 4N+PE (шлиф.) 0.8x1500x3000,ЛИСТ НЕРЖАВЕЮЩИЙ 0.8 AISI 201 4N+PE (шлиф.) 0.8x1500x3000,"ЛИСТ НЕРЖАВЕЮЩИЙ марки AISI 201 4N+PE (шлиф.) 0.8x1500x3000, размер 0.8",0.8,244581,6604,1,0,0,https://www.kavstal.ru/public/assets/images/products/LISTOVOI_PROKAT/LIST_NERZHAVEYUSHCHII/img.webp,труба обечайка;лист нержавеющий;aisi 201 4n+pe (шлиф.) 0.8x1500x3000;8,AISI 201 4N+PE (шлиф.) 0.8x1500x3000,0.8,,6604
Нержавеющая сталь,ЛИСТ НЕРЖАВЕЮЩИЙ,AISI 201 4N+PE (шлиф.) 1.2x1240x2500,ЛИСТ НЕРЖАВЕЮЩИЙ 1.2 AISI 201 4N+PE (шлиф.) 1.2x1240x2500,"ЛИСТ НЕРЖАВЕЮЩИЙ марки AISI 201 4N+PE (шлиф.) 1.2x1240x2500, размер 1.2",1.2,192500,т,1,0,0,https://www.kavstal.ru/public/assets/images/products/LISTOVOI_PROKAT/LIST_NERZHAVEYUSHCHII/img.webp,труба обечайка;лист нержавеющий;aisi 201 4n+pe (шлиф.) 1.2x1240x2500;1;2,AISI 201 4N+PE (шлиф.) 1.2x1240x2500,1.2,,
Нержавеющая сталь,ЛИСТ НЕРЖАВЕЮЩИЙ,AISI 201 4N+PE (шлиф.) 1.2x1500x3000,ЛИСТ НЕРЖАВЕЮЩИЙ 1.2 AISI 201 4N+PE (шлиф.) 1.2x1500x3000,"ЛИСТ НЕРЖАВЕЮЩИЙ марки AISI 201 4N+PE (шлиф.) 1.2x1500x3000, размер 1.2",1.2,235069,10108,1,0,0,https://www.kavstal.ru/public/assets/images/products/LISTOVOI_PROKAT/LIST_NERZHAVEYUSHCHII/img.webp,труба обечайка;лист нержавеющий;aisi 201 4n+pe (шлиф.) 1.2x1500x3000;1;2,AISI 201 4N+PE (шлиф.) 1.2x1500x3000,1.2,,10108
Нержавеющая сталь,ЛИСТ НЕРЖАВЕЮЩИЙ,AISI 201 4N+PE (шлиф.) 1.5x1240x2500,ЛИСТ НЕРЖАВЕЮЩИЙ 1.5 AISI 201 4N+PE (шлиф.) 1.5x1240x2500,"ЛИСТ НЕРЖАВЕЮЩИЙ марки AISI 201 4N+PE (шлиф.) 1.5x1240x2500, размер 1.5",1.5,186248,6891,1,0,0,https://www.kavstal.ru/public/assets/images/products/LISTOVOI_PROKAT/LIST_NERZHAVEYUSHCHII/img.webp,труба обечайка;лист нержавеющий;aisi 201 4n+pe (шлиф.) 1.5x1240x2500;1;5,AISI 201 4N+PE (шлиф.) 1.5x1240x2500,1.5,,6891
Нержавеющая сталь,ЛИСТ НЕРЖАВЕЮЩИЙ,AISI 201 4N+PE (шлиф.) 1.5x1500x3000,ЛИСТ НЕРЖАВЕЮЩИЙ 1.5 AISI 201 4N+PE (шлиф.) 1.5x1500x3000,"ЛИСТ НЕРЖАВЕЮЩИЙ марки AISI 201 4N+PE (шлиф.) 1.5x1500x3000, размер 1.5",1.5,202891,10550,1,0,0,https://www.kavstal.ru/public/assets/images/products/LISTOVOI_PROKAT/LIST_NERZHAVEYUSHCHII/img.webp,труба обечайка;лист нержавеющий;aisi 201 4n+pe (шлиф.) 1.5x1500x3000;1;5,AISI 201 4N+PE (шлиф.) 1.5x1500x3000,1.5,,10550
Нержавеющая сталь,ЛИСТ НЕРЖАВЕЮЩИЙ,AISI 201 4N+PE (шлиф.) 1x1240x2500,ЛИСТ НЕРЖАВЕЮЩИЙ 1 AISI 201 4N+PE (шлиф.) 1x1240x2500,"ЛИСТ НЕРЖАВЕЮЩИЙ марки AISI 201 4N+PE (шлиф.) 1x1240x2500, размер 1",1,211068,5066,1,0,0,https://www.kavstal.ru/public/assets/images/products/LISTOVOI_PROKAT/LIST_NERZHAVEYUSHCHII/img.webp,труба обечайка;лист нержавеющий;aisi 201 4n+pe (шлиф.) 1x1240x2500;1,AISI 201 4N+PE (шлиф.) 1x1240x2500,1,,5066
Нержавеющая сталь,ЛИСТ НЕРЖАВЕЮЩИЙ,AISI 201 4N+PE (шлиф.) 1x1500x3000,ЛИСТ НЕРЖАВЕЮЩИЙ 1 AISI 201 4N+PE (шлиф.) 1x1500x3000,"ЛИСТ НЕРЖАВЕЮЩИЙ марки AISI 201 4N+PE (шлиф.) 1x1500x3000, размер 1",1,235069,7992,1,0,0,https://www.kavstal.ru/public/assets/images/products/LISTOVOI_PROKAT/LIST_NERZHAVEYUSHCHII/img.webp,труба обечайка;лист нержавеющий;aisi 201 4n+pe (шлиф.) 1x1500x3000;1,AISI 201 4N+PE (шлиф.) 1x1500x3000,1,,7992
Нержавеющая сталь,ЛИСТ НЕРЖАВЕЮЩИЙ,AISI 201 4N+PE (шлиф.) 2x1240x2500,ЛИСТ НЕРЖАВЕЮЩИЙ 2 AISI 201 4N+PE (шлиф.) 2x1240x2500,"ЛИСТ НЕРЖАВЕЮЩИЙ марки AISI 201 4N+PE (шлиф.) 2x1240x2500, размер 2",2,213282,10451,1,0,0,https://www.kavstal.ru/public/assets/images/products/LISTOVOI_PROKAT/LIST_NERZHAVEYUSHCHII/img.webp,труба обечайка;лист нержавеющий;aisi 201 4n+pe (шлиф.) 2x1240x2500;2,AISI 201 4N+PE (шлиф.) 2x1240x2500,2,,10451
Нержавеющая сталь,ЛИСТ НЕРЖАВЕЮЩИЙ,AISI 201 4N+PE (шлиф.) 2x1500x3000,ЛИСТ НЕРЖАВЕЮЩИЙ 2 AISI 201 4N+PE (шлиф.) 2x1500x3000,"ЛИСТ НЕРЖАВЕЮЩИЙ марки AISI 201 4N+PE (шлиф.) 2x1500x3000, размер 2",2,220662,15667,1,0,0,https://www.kavstal.ru/public/assets/images/products/LISTOVOI_PROKAT/LIST_NERZHAVEYUSHCHII/img.webp,труба обечайка;лист нержавеющий;aisi 201 4n+pe (шлиф.) 2x1500x3000;2,AISI 201 4N+PE (шлиф.) 2x1500x3000,2,,15667
Нержавеющая сталь,ЛИСТ НЕРЖАВЕЮЩИЙ,AISI 304 (08Х18Н10) 2B 2x59x?,ЛИСТ НЕРЖАВЕЮЩИЙ 2 AISI 304 (08Х18Н10) 2B 2x59x?,"ЛИСТ НЕРЖАВЕЮЩИЙ марки AISI 304 (08Х18Н10) 2B 2x59x?, размер 2",2,252654,т,1,0,0,https://www.kavstal.ru/public/assets/images/products/LISTOVOI_PROKAT/LIST_NERZHAVEYUSHCHII/img.webp,труба обечайка;лист нержавеющий;aisi 304 (08х18н10) 2b 2x59x?;2,AISI 304 (08Х18Н10) 2B 2x59x?,2,,
Нержавеющая сталь,ЛИСТ НЕРЖАВЕЮЩИЙ,AISI 304 (08Х18Н10) 2B (матовый) 0.4x1000x2000,ЛИСТ НЕРЖАВЕЮЩИЙ 0.4 AISI 304 (08Х18Н10) 2B (матовый) 0.4x1000x2000,"ЛИСТ НЕРЖАВЕЮЩИЙ марки AISI 304 (08Х18Н10) 2B (матовый) 0.4x1000x2000, размер 0.4",0.4,300243,1922,1,0,0,https://www.kavstal.ru/public/assets/images/products/LISTOVOI_PROKAT/LIST_NERZHAVEYUSHCHII/img.webp,труба обечайка;лист нержавеющий;aisi 304 (08х18н10) 2b (матовый) 0.4x1000x2000;4,AISI 304 (08Х18Н10) 2B (матовый) 0.4x1000x2000,0.4,,1922
Нержавеющая сталь,ЛИСТ НЕРЖАВЕЮЩИЙ,AISI 304 (08Х18Н10) 2B (матовый) 0.5x1000x1250,ЛИСТ НЕРЖАВЕЮЩИЙ 0.5 AISI 304 (08Х18Н10) 2B (матовый) 0.5x1000x1250,"ЛИСТ НЕРЖАВЕЮЩИЙ марки AISI 304 (08Х18Н10) 2B (матовый) 0.5x1000x1250, размер 0.5",0.5,284542,т,1,0,0,https://www.kavstal.ru/public/assets/images/products/LISTOVOI_PROKAT/LIST_NERZHAVEYUSHCHII/img.webp,труба обечайка;лист нержавеющий;aisi 304 (08х18н10) 2b (матовый) 0.5x1000x1250;5,AISI 304 (08Х18Н10) 2B (матовый) 0.5x1000x1250,0.5,,
Нержавеющая сталь,ЛИСТ НЕРЖАВЕЮЩИЙ,AISI 304 (08Х18Н10) 2B (матовый) 0.5x1000x2000,ЛИСТ НЕРЖАВЕЮЩИЙ 0.5 AISI 304 (08Х18Н10) 2B (матовый) 0.5x1000x2000,"ЛИСТ НЕРЖАВЕЮЩИЙ марки AISI 304 (08Х18Н10) 2B (матовый) 0.5x1000x2000, размер 0.5",0.5,291870,т,1,0,0,https://www.kavstal.ru/public/assets/images/products/LISTOVOI_PROKAT/LIST_NERZHAVEYUSHCHII/img.webp,труба обечайка;лист нержавеющий;aisi 304 (08х18н10) 2b (матовый) 0.5x1000x2000;5,AISI 304 (08Х18Н10) 2B (матовый) 0.5x1000x2000,0.5,,
Нержавеющая сталь,ЛИСТ НЕРЖАВЕЮЩИЙ,AISI 304 (08Х18Н10) 2B (матовый) 0.5x1000x2000,ЛИСТ НЕРЖАВЕЮЩИЙ 0.5 AISI 304 (08Х18Н10) 2B (матовый) 0.5x1000x2000,"ЛИСТ НЕРЖАВЕЮЩИЙ марки AISI 304 (08Х18Н10) 2B (матовый) 0.5x1000x2000, размер 0.5",0.5,291870,2335,1,0,0,https://www.kavstal.ru/public/assets/images/products/LISTOVOI_PROKAT/LIST_NERZHAVEYUSHCHII/img.webp,труба обечайка;лист нержавеющий;aisi 304 (08х18н10) 2b (матовый) 0.5x1000x2000;5,AISI 304 (08Х18Н10) 2B (матовый) 0.5x1000x2000,0.5,,2335
Нержавеющая сталь,ЛИСТ НЕРЖАВЕЮЩИЙ,AISI 304 (08Х18Н10) 2B (матовый) 0.5x1250x2500,ЛИСТ НЕРЖАВЕЮЩИЙ 0.5 AISI 304 (08Х18Н10) 2B (матовый) 0.5x1250x2500,"ЛИСТ НЕРЖАВЕЮЩИЙ марки AISI 304 (08Х18Н10) 2B (матовый) 0.5x1250x2500, размер 0.5",0.5,231198,т,1,0,0,https://www.kavstal.ru/public/assets/images/products/LISTOVOI_PROKAT/LIST_NERZHAVEYUSHCHII/img.webp,труба обечайка;лист нержавеющий;aisi 304 (08х18н10) 2b (матовый) 0.5x1250x2500;5,AISI 304 (08Х18Н10) 2B (матовый) 0.5x1250x2500,0.5,,
Нержавеющая сталь,ЛИСТ НЕРЖАВЕЮЩИЙ,AISI 304 (08Х18Н10) 2B (матовый) 0.5x1250x2500,ЛИСТ НЕРЖАВЕЮЩИЙ 0.5 AISI 304 (08Х18Н10) 2B (матовый) 0.5x1250x2500,"ЛИСТ НЕРЖАВЕЮЩИЙ марки AISI 304 (08Х18Н10) 2B (матовый) 0.5x1250x2500, размер 0.5",0.5,300150,т,1,0,0,https://www.kavstal.ru/public/assets/images/products/LISTOVOI_PROKAT/LIST_NERZHAVEYUSHCHII/img.webp,труба обечайка;лист нержавеющий;aisi 304 (08х18н10) 2b (матовый) 0.5x1250x2500;5,AISI 304 (08Х18Н10) 2B (матовый) 0.5x1250x2500,0.5,,
Нержавеющая сталь,ЛИСТ НЕРЖАВЕЮЩИЙ,AISI 304 (08Х18Н10) 2B (матовый) 0.5x1250x2500,ЛИСТ НЕРЖАВЕЮЩИЙ 0.5 AISI 304 (08Х18Н10) 2B (матовый) 0.5x1250x2500,"ЛИСТ НЕРЖАВЕЮЩИЙ марки AISI 304 (08Х18Н10) 2B (матовый) 0.5x1250x2500, размер 0.5",0.5,300150,3752,1,0,0,https://www.kavstal.ru/public/assets/images/products/LISTOVOI_PROKAT/LIST_NERZHAVEYUSHCHII/img.webp,труба обечайка;лист нержавеющий;aisi 304 (08х18н10) 2b (матовый) 0.5x1250x2500;5,AISI 304 (08Х18Н10) 2B (матовый) 0.5x1250x2500,0.5,,3752
Нержавеющая сталь,ЛИСТ НЕРЖАВЕЮЩИЙ,AISI 304 (08Х18Н10) 2B (матовый) 0.6x1000x2000,ЛИСТ НЕРЖАВЕЮЩИЙ 0.6 AISI 304 (08Х18Н10) 2B (матовый) 0.6x1000x2000,"ЛИСТ НЕРЖАВЕЮЩИЙ марки AISI 304 (08Х18Н10) 2B (матовый) 0.6x1000x2000, размер 0.6",0.6,279864,2659,1,0,0,https://www.kavstal.ru/public/assets/images/products/LISTOVOI_PROKAT/LIST_NERZHAVEYUSHCHII/img.webp,труба обечайка;лист нержавеющий;aisi 304 (08х18н10) 2b (матовый) 0.6x1000x2000;6,AISI 304 (08Х18Н10) 2B (матовый) 0.6x1000x2000,0.6,,2659
Нержавеющая сталь,ЛИСТ НЕРЖАВЕЮЩИЙ,AISI 304 (08Х18Н10) 2B (матовый) 0.6x1250x2500,ЛИСТ НЕРЖАВЕЮЩИЙ 0.6 AISI 304 (08Х18Н10) 2B (матовый) 0.6x1250x2500,"ЛИСТ НЕРЖАВЕЮЩИЙ марки AISI 304 (08Х18Н10) 2B (матовый) 0.6x1250x2500, размер 0.6",0.6,283362,т,1,0,0,https://www.kavstal.ru/public/assets/images/products/LISTOVOI_PROKAT/LIST_NERZHAVEYUSHCHII/img.webp,труба обечайка;лист нержавеющий;aisi 304 (08х18н10) 2b (матовый) 0.6x1250x2500;6,AISI 304 (08Х18Н10) 2B (матовый) 0.6x1250x2500,0.6,,
Нержавеющая сталь,ЛИСТ НЕРЖАВЕЮЩИЙ,AISI 304 (08Х18Н10) 2B (матовый) 0.6x1250x2500,ЛИСТ НЕРЖАВЕЮЩИЙ 0.6 AISI 304 (08Х18Н10) 2B (матовый) 0.6x1250x2500,"ЛИСТ НЕРЖАВЕЮЩИЙ марки AISI 304 (08Х18Н10) 2B (матовый) 0.6x1250x2500, размер 0.6",0.6,283362,4250,1,0,0,https://www.kavstal.ru/public/assets/images/products/LISTOVOI_PROKAT/LIST_NERZHAVEYUSHCHII/img.webp,труба обечайка;лист нержавеющий;aisi 304 (08х18н10) 2b (матовый) 0.6x1250x2500;6,AISI 304 (08Х18Н10) 2B (матовый) 0.6x1250x2500,0.6,,4250
Нержавеющая сталь,ЛИСТ НЕРЖАВЕЮЩИЙ,AISI 304 (08Х18Н10) 2B (матовый) 0.7x1000x2000,ЛИСТ НЕРЖАВЕЮЩИЙ 0.7 AISI 304 (08Х18Н10) 2B (матовый) 0.7x1000x2000,"ЛИСТ НЕРЖАВЕЮЩИЙ марки AISI 304 (08Х18Н10) 2B (матовый) 0.7x1000x2000, размер 0.7",0.7,282203,3161,1,0,0,https://www.kavstal.ru/public/assets/images/products/LISTOVOI_PROKAT/LIST_NERZHAVEYUSHCHII/img.webp,труба обечайка;лист нержавеющий;aisi 304 (08х18н10) 2b (матовый) 0.7x1000x2000;7,AISI 304 (08Х18Н10) 2B (матовый) 0.7x1000x2000,0.7,,3161
Нержавеющая сталь,ЛИСТ НЕРЖАВЕЮЩИЙ,AISI 304 (08Х18Н10) 2B (матовый) 0.7x1250x2500,ЛИСТ НЕРЖАВЕЮЩИЙ 0.7 AISI 304 (08Х18Н10) 2B (матовый) 0.7x1250x2500,"ЛИСТ НЕРЖАВЕЮЩИЙ марки AISI 304 (08Х18Н10) 2B (матовый) 0.7x1250x2500, размер 0.7",0.7,293443,т,1,0,0,https://www.kavstal.ru/public/assets/images/products/LISTOVOI_PROKAT/LIST_NERZHAVEYUSHCHII/img.webp,труба обечайка;лист нержавеющий;aisi 304 (08х18н10) 2b (матовый) 0.7x1250x2500;7,AISI 304 (08Х18Н10) 2B (матовый) 0.7x1250x2500,0.7,,
Нержавеющая сталь,ЛИСТ НЕРЖАВЕЮЩИЙ,AISI 304 (08Х18Н10) 2B (матовый) 0.7x1250x2500,ЛИСТ НЕРЖАВЕЮЩИЙ 0.7 AISI 304 (08Х18Н10) 2B (матовый) 0.7x1250x2500,"ЛИСТ НЕРЖАВЕЮЩИЙ марки AISI 304 (08Х18Н10) 2B (матовый) 0.7x1250x2500, размер 0.7",0.7,293443,5047,1,0,0,https://www.kavstal.ru/public/assets/images/products/LISTOVOI_PROKAT/LIST_NERZHAVEYUSHCHII/img.webp,труба обечайка;лист нержавеющий;aisi 304 (08х18н10) 2b (матовый) 0.7x1250x2500;7,AISI 304 (08Х18Н10) 2B (матовый) 0.7x1250x2500,0.7,,5047
Нержавеющая сталь,ЛИСТ НЕРЖАВЕЮЩИЙ,AISI 304 (08Х18Н10) 2B (матовый) 0.8x1000x2000,ЛИСТ НЕРЖАВЕЮЩИЙ 0.8 AISI 304 (08Х18Н10) 2B (матовый) 0.8x1000x2000,"ЛИСТ НЕРЖАВЕЮЩИЙ марки AISI 304 (08Х18Н10) 2B (матовый) 0.8x1000x2000, размер 0.8",0.8,272164,3484,1,0,0,https://www.kavstal.ru/public/assets/images/products/LISTOVOI_PROKAT/LIST_NERZHAVEYUSHCHII/img.webp,труба обечайка;лист нержавеющий;aisi 304 (08х18н10) 2b (матовый) 0.8x1000x2000;8,AISI 304 (08Х18Н10) 2B (матовый) 0.8x1000x2000,0.8,,3484
Нержавеющая сталь,ЛИСТ НЕРЖАВЕЮЩИЙ,AISI 304 (08Х18Н10) 2B (матовый) 0.8x1250x2500,ЛИСТ НЕРЖАВЕЮЩИЙ 0.8 AISI 304 (08Х18Н10) 2B (матовый) 0.8x1250x2500,"ЛИСТ НЕРЖАВЕЮЩИЙ марки AISI 304 (08Х18Н10) 2B (матовый) 0.8x1250x2500, размер 0.8",0.8,298080,т,1,0,0,https://www.kavstal.ru/public/assets/images/products/LISTOVOI_PROKAT/LIST_NERZHAVEYUSHCHII/img.webp,труба обечайка;лист нержавеющий;aisi 304 (08х18н10) 2b (матовый) 0.8x1250x2500;8,AISI 304 (08Х18Н10) 2B (матовый) 0.8x1250x2500,0.8,,
Нержавеющая сталь,ЛИСТ НЕРЖАВЕЮЩИЙ,AISI 304 (08Х18Н10) 2B (матовый) 0.8x1250x2500,ЛИСТ НЕРЖАВЕЮЩИЙ 0.8 AISI 304 (08Х18Н10) 2B (матовый) 0.8x1250x2500,"ЛИСТ НЕРЖАВЕЮЩИЙ марки AISI 304 (08Х18Н10) 2B (матовый) 0.8x1250x2500, размер 0.8",0.8,298080,5962,1,0,0,https://www.kavstal.ru/public/assets/images/products/LISTOVOI_PROKAT/LIST_NERZHAVEYUSHCHII/img.webp,труба обечайка;лист нержавеющий;aisi 304 (08х18н10) 2b (матовый) 0.8x1250x2500;8,AISI 304 (08Х18Н10) 2B (матовый) 0.8x1250x2500,0.8,,5962
Нержавеющая сталь,ЛИСТ НЕРЖАВЕЮЩИЙ,AISI 304 (08Х18Н10) 2B (матовый) 0.8x1500x3000,ЛИСТ НЕРЖАВЕЮЩИЙ 0.8 AISI 304 (08Х18Н10) 2B (матовый) 0.8x1500x3000,"ЛИСТ НЕРЖАВЕЮЩИЙ марки AISI 304 (08Х18Н10) 2B (матовый) 0.8x1500x3000, размер 0.8",0.8,280485,т,1,0,0,https://www.kavstal.ru/public/assets/images/products/LISTOVOI_PROKAT/LIST_NERZHAVEYUSHCHII/img.webp,труба обечайка;лист нержавеющий;aisi 304 (08х18н10) 2b (матовый) 0.8x1500x3000;8,AISI 304 (08Х18Н10) 2B (матовый) 0.8x1500x3000,0.8,,
Нержавеющая сталь,ЛИСТ НЕРЖАВЕЮЩИЙ,AISI 304 (08Х18Н10) 2B (матовый) 0.8x1500x3000,ЛИСТ НЕРЖАВЕЮЩИЙ 0.8 AISI 304 (08Х18Н10) 2B (матовый) 0.8x1500x3000,"ЛИСТ НЕРЖАВЕЮЩИЙ марки AISI 304 (08Х18Н10) 2B (матовый) 0.8x1500x3000, размер 0.8",0.8,280485,8078,1,0,0,https://www.kavstal.ru/public/assets/images/products/LISTOVOI_PROKAT/LIST_NERZHAVEYUSHCHII/img.webp,труба обечайка;лист нержавеющий;aisi 304 (08х18н10) 2b (матовый) 0.8x1500x3000;8,AISI 304 (08Х18Н10) 2B (матовый) 0.8x1500x3000,0.8,,8078
Нержавеющая сталь,ЛИСТ НЕРЖАВЕЮЩИЙ,AISI 304 (08Х18Н10) 2B (матовый) 1.2x1000x2000,ЛИСТ НЕРЖАВЕЮЩИЙ 1.2 AISI 304 (08Х18Н10) 2B (матовый) 1.2x1000x2000,"ЛИСТ НЕРЖАВЕЮЩИЙ марки AISI 304 (08Х18Н10) 2B (матовый) 1.2x1000x2000, размер 1.2",1.2,266326,5113,1,0,0,https://www.kavstal.ru/public/assets/images/products/LISTOVOI_PROKAT/LIST_NERZHAVEYUSHCHII/img.webp,труба обечайка;лист нержавеющий;aisi 304 (08х18н10) 2b (матовый) 1.2x1000x2000;1;2,AISI 304 (08Х18Н10) 2B (матовый) 1.2x1000x2000,1.2,,5113
Нержавеющая сталь,ЛИСТ НЕРЖАВЕЮЩИЙ,AISI 304 (08Х18Н10) 2B (матовый) 1.2x1250x2500,ЛИСТ НЕРЖАВЕЮЩИЙ 1.2 AISI 304 (08Х18Н10) 2B (матовый) 1.2x1250x2500,"ЛИСТ НЕРЖАВЕЮЩИЙ марки AISI 304 (08Х18Н10) 2B (матовый) 1.2x1250x2500, размер 1.2",1.2,272164,т,1,0,0,https://www.kavstal.ru/public/assets/images/products/LISTOVOI_PROKAT/LIST_NERZHAVEYUSHCHII/img.webp,труба обечайка;лист нержавеющий;aisi 304 (08х18н10) 2b (матовый) 1.2x1250x2500;1;2,AISI 304 (08Х18Н10) 2B (матовый) 1.2x1250x2500,1.2,,
Нержавеющая сталь,ЛИСТ НЕРЖАВЕЮЩИЙ,AISI 304 (08Х18Н10) 2B (матовый) 1.2x1250x2500,ЛИСТ НЕРЖАВЕЮЩИЙ 1.2 AISI 304 (08Х18Н10) 2B (матовый) 1.2x1250x2500,"ЛИСТ НЕРЖАВЕЮЩИЙ марки AISI 304 (08Х18Н10) 2B (матовый) 1.2x1250x2500, размер 1.2",1.2,272164,8165,1,0,0,https://www.kavstal.ru/public/assets/images/products/LISTOVOI_PROKAT/LIST_NERZHAVEYUSHCHII/img.webp,труба обечайка;лист нержавеющий;aisi 304 (08х18н10) 2b (матовый) 1.2x1250x2500;1;2,AISI 304 (08Х18Н10) 2B (матовый) 1.2x1250x2500,1.2,,8165
Нержавеющая сталь,ЛИСТ НЕРЖАВЕЮЩИЙ,AISI 304 (08Х18Н10) 2B (матовый) 1.2x1500x3000,ЛИСТ НЕРЖАВЕЮЩИЙ 1.2 AISI 304 (08Х18Н10) 2B (матовый) 1.2x1500x3000,"ЛИСТ НЕРЖАВЕЮЩИЙ марки AISI 304 (08Х18Н10) 2B (матовый) 1.2x1500x3000, размер 1.2",1.2,275165,т,1,0,0,https://www.kavstal.ru/public/assets/images/products/LISTOVOI_PROKAT/LIST_NERZHAVEYUSHCHII/img.webp,труба обечайка;лист нержавеющий;aisi 304 (08х18н10) 2b (матовый) 1.2x1500x3000;1;2,AISI 304 (08Х18Н10) 2B (матовый) 1.2x1500x3000,1.2,,
Нержавеющая сталь,ЛИСТ НЕРЖАВЕЮЩИЙ,AISI 304 (08Х18Н10) 2B (матовый) 1.2x1500x3000,ЛИСТ НЕРЖАВЕЮЩИЙ 1.2 AISI 304 (08Х18Н10) 2B (матовый) 1.2x1500x3000,"ЛИСТ НЕРЖАВЕЮЩИЙ марки AISI 304 (08Х18Н10) 2B (матовый) 1.2x1500x3000, размер 1.2",1.2,275165,11887,1,0,0,https://www.kavstal.ru/public/assets/images/products/LISTOVOI_PROKAT/LIST_NERZHAVEYUSHCHII/img.webp,труба обечайка;лист нержавеющий;aisi 304 (08х18н10) 2b (матовый) 1.2x1500x3000;1;2,AISI 304 (08Х18Н10) 2B (матовый) 1.2x1500x3000,1.2,,11887
Нержавеющая сталь,ЛИСТ НЕРЖАВЕЮЩИЙ,AISI 304 (08Х18Н10) 2B (матовый) 1.5x1000x2000,ЛИСТ НЕРЖАВЕЮЩИЙ 1.5 AISI 304 (08Х18Н10) 2B (матовый) 1.5x1000x2000,"ЛИСТ НЕРЖАВЕЮЩИЙ марки AISI 304 (08Х18Н10) 2B (матовый) 1.5x1000x2000, размер 1.5",1.5,266326,т,1,0,0,https://www.kavstal.ru/public/assets/images/products/LISTOVOI_PROKAT/LIST_NERZHAVEYUSHCHII/img.webp,труба обечайка;лист нержавеющий;aisi 304 (08х18н10) 2b (матовый) 1.5x1000x2000;1;5,AISI 304 (08Х18Н10) 2B (матовый) 1.5x1000x2000,1.5,,
Нержавеющая сталь,ЛИСТ НЕРЖАВЕЮЩИЙ,AISI 304 (08Х18Н10) 2B (матовый) 1.5x1000x2000,ЛИСТ НЕРЖАВЕЮЩИЙ 1.5 AISI 304 (08Х18Н10) 2B (матовый) 1.5x1000x2000,"ЛИСТ НЕРЖАВЕЮЩИЙ марки AISI 304 (08Х18Н10) 2B (матовый) 1.5x1000x2000, размер 1.5",1.5,266326,6392,1,0,0,https://www.kavstal.ru/public/assets/images/products/LISTOVOI_PROKAT/LIST_NERZHAVEYUSHCHII/img.webp,труба обечайка;лист нержавеющий;aisi 304 (08х18н10) 2b (матовый) 1.5x1000x2000;1;5,AISI 304 (08Х18Н10) 2B (матовый) 1.5x1000x2000,1.5,,6392
Нержавеющая сталь,ЛИСТ НЕРЖАВЕЮЩИЙ,AISI 304 (08Х18Н10) 2B (матовый) 1.5x1250x2500,ЛИСТ НЕРЖАВЕЮЩИЙ 1.5 AISI 304 (08Х18Н10) 2B (матовый) 1.5x1250x2500,"ЛИСТ НЕРЖАВЕЮЩИЙ марки AISI 304 (08Х18Н10) 2B (матовый) 1.5x1250x2500, размер 1.5",1.5,258574,т,1,0,0,https://www.kavstal.ru/public/assets/images/products/LISTOVOI_PROKAT/LIST_NERZHAVEYUSHCHII/img.webp,труба обечайка;лист нержавеющий;aisi 304 (08х18н10) 2b (матовый) 1.5x1250x2500;1;5,AISI 304 (08Х18Н10) 2B (матовый) 1.5x1250x2500,1.5,,
Нержавеющая сталь,ЛИСТ НЕРЖАВЕЮЩИЙ,AISI 304 (08Х18Н10) 2B (матовый) 1.5x1250x2500,ЛИСТ НЕРЖАВЕЮЩИЙ 1.5 AISI 304 (08Х18Н10) 2B (матовый) 1.5x1250x2500,"ЛИСТ НЕРЖАВЕЮЩИЙ марки AISI 304 (08Х18Н10) 2B (матовый) 1.5x1250x2500, размер 1.5",1.5,258574,9697,1,0,0,https://www.kavstal.ru/public/assets/images/products/LISTOVOI_PROKAT/LIST_NERZHAVEYUSHCHII/img.webp,труба обечайка;лист нержавеющий;aisi 304 (08х18н10) 2b (матовый) 1.5x1250x2500;1;5,AISI 304 (08Х18Н10) 2B (матовый) 1.5x1250x2500,1.5,,9697
Нержавеющая сталь,ЛИСТ НЕРЖАВЕЮЩИЙ,AISI 304 (08Х18Н10) 2B (матовый) 1.5x1500x3000,ЛИСТ НЕРЖАВЕЮЩИЙ 1.5 AISI 304 (08Х18Н10) 2B (матовый) 1.5x1500x3000,"ЛИСТ НЕРЖАВЕЮЩИЙ марки AISI 304 (08Х18Н10) 2B (матовый) 1.5x1500x3000, размер 1.5",1.5,300150,т,1,0,0,https://www.kavstal.ru/public/assets/images/products/LISTOVOI_PROKAT/LIST_NERZHAVEYUSHCHII/img.webp,труба обечайка;лист нержавеющий;aisi 304 (08х18н10) 2b (матовый) 1.5x1500x3000;1;5,AISI 304 (08Х18Н10) 2B (матовый) 1.5x1500x3000,1.5,,
Нержавеющая сталь,ЛИСТ НЕРЖАВЕЮЩИЙ,AISI 304 (08Х18Н10) 2B (матовый) 1.5x1500x3000,ЛИСТ НЕРЖАВЕЮЩИЙ 1.5 AISI 304 (08Х18Н10) 2B (матовый) 1.5x1500x3000,"ЛИСТ НЕРЖАВЕЮЩИЙ марки AISI 304 (08Х18Н10) 2B (матовый) 1.5x1500x3000, размер 1.5",1.5,300150,16208,1,0,0,https://www.kavstal.ru/public/assets/images/products/LISTOVOI_PROKAT/LIST_NERZHAVEYUSHCHII/img.webp,труба обечайка;лист нержавеющий;aisi 304 (08х18н10) 2b (матовый) 1.5x1500x3000;1;5,AISI 304 (08Х18Н10) 2B (матовый) 1.5x1500x3000,1.5,,16208
Нержавеющая сталь,ЛИСТ НЕРЖАВЕЮЩИЙ,AISI 304 (08Х18Н10) 2B (матовый) 1x1000x2000,ЛИСТ НЕРЖАВЕЮЩИЙ 1 AISI 304 (08Х18Н10) 2B (матовый) 1x1000x2000,"ЛИСТ НЕРЖАВЕЮЩИЙ марки AISI 304 (08Х18Н10) 2B (матовый) 1x1000x2000, размер 1",1,279450,т,1,0,0,https://www.kavstal.ru/public/assets/images/products/LISTOVOI_PROKAT/LIST_NERZHAVEYUSHCHII/img.webp,труба обечайка;лист нержавеющий;aisi 304 (08х18н10) 2b (матовый) 1x1000x2000;1,AISI 304 (08Х18Н10) 2B (матовый) 1x1000x2000,1,,
Нержавеющая сталь,ЛИСТ НЕРЖАВЕЮЩИЙ,AISI 304 (08Х18Н10) 2B (матовый) 1x1000x2000,ЛИСТ НЕРЖАВЕЮЩИЙ 1 AISI 304 (08Х18Н10) 2B (матовый) 1x1000x2000,"ЛИСТ НЕРЖАВЕЮЩИЙ марки AISI 304 (08Х18Н10) 2B (матовый) 1x1000x2000, размер 1",1,279450,4471,1,0,0,https://www.kavstal.ru/public/assets/images/products/LISTOVOI_PROKAT/LIST_NERZHAVEYUSHCHII/img.webp,труба обечайка;лист нержавеющий;aisi 304 (08х18н10) 2b (матовый) 1x1000x2000;1,AISI 304 (08Х18Н10) 2B (матовый) 1x1000x2000,1,,4471
Нержавеющая сталь,ЛИСТ НЕРЖАВЕЮЩИЙ,AISI 304 (08Х18Н10) 2B (матовый) 1x1250x2500,ЛИСТ НЕРЖАВЕЮЩИЙ 1 AISI 304 (08Х18Н10) 2B (матовый) 1x1250x2500,"ЛИСТ НЕРЖАВЕЮЩИЙ марки AISI 304 (08Х18Н10) 2B (матовый) 1x1250x2500, размер 1",1,274399,т,1,0,0,https://www.kavstal.ru/public/assets/images/products/LISTOVOI_PROKAT/LIST_NERZHAVEYUSHCHII/img.webp,труба обечайка;лист нержавеющий;aisi 304 (08х18н10) 2b (матовый) 1x1250x2500;1,AISI 304 (08Х18Н10) 2B (матовый) 1x1250x2500,1,,
Нержавеющая сталь,ЛИСТ НЕРЖАВЕЮЩИЙ,AISI 304 (08Х18Н10) 2B (матовый) 1x1250x2500,ЛИСТ НЕРЖАВЕЮЩИЙ 1 AISI 304 (08Х18Н10) 2B (матовый) 1x1250x2500,"ЛИСТ НЕРЖАВЕЮЩИЙ марки AISI 304 (08Х18Н10) 2B (матовый) 1x1250x2500, размер 1",1,274399,6860,1,0,0,https://www.kavstal.ru/public/assets/images/products/LISTOVOI_PROKAT/LIST_NERZHAVEYUSHCHII/img.webp,труба обечайка;лист нержавеющий;aisi 304 (08х18н10) 2b (матовый) 1x1250x2500;1,AISI 304 (08Х18Н10) 2B (матовый) 1x1250x2500,1,,6860
Нержавеющая сталь,ЛИСТ НЕРЖАВЕЮЩИЙ,AISI 304 (08Х18Н10) 2B (матовый) 1x1500x3000,ЛИСТ НЕРЖАВЕЮЩИЙ 1 AISI 304 (08Х18Н10) 2B (матовый) 1x1500x3000,"ЛИСТ НЕРЖАВЕЮЩИЙ марки AISI 304 (08Х18Н10) 2B (матовый) 1x1500x3000, размер 1",1,300150,т,1,0,0,https://www.kavstal.ru/public/assets/images/products/LISTOVOI_PROKAT/LIST_NERZHAVEYUSHCHII/img.webp,труба обечайка;лист нержавеющий;aisi 304 (08х18н10) 2b (матовый) 1x1500x3000;1,AISI 304 (08Х18Н10) 2B (матовый) 1x1500x3000,1,,
Нержавеющая сталь,ЛИСТ НЕРЖАВЕЮЩИЙ,AISI 304 (08Х18Н10) 2B (матовый) 1x1500x3000,ЛИСТ НЕРЖАВЕЮЩИЙ 1 AISI 304 (08Х18Н10) 2B (матовый) 1x1500x3000,"ЛИСТ НЕРЖАВЕЮЩИЙ марки AISI 304 (08Х18Н10) 2B (матовый) 1x1500x3000, размер 1",1,300150,10805,1,0,0,https://www.kavstal.ru/public/assets/images/products/LISTOVOI_PROKAT/LIST_NERZHAVEYUSHCHII/img.webp,труба обечайка;лист нержавеющий;aisi 304 (08х18н10) 2b (матовый) 1x1500x3000;1,AISI 304 (08Х18Н10) 2B (матовый) 1x1500x3000,1,,10805
Нержавеющая сталь,ЛИСТ НЕРЖАВЕЮЩИЙ,AISI 304 (08Х18Н10) 2B (матовый) 2.5x1000x2000,ЛИСТ НЕРЖАВЕЮЩИЙ 2.5 AISI 304 (08Х18Н10) 2B (матовый) 2.5x1000x2000,"ЛИСТ НЕРЖАВЕЮЩИЙ марки AISI 304 (08Х18Н10) 2B (матовый) 2.5x1000x2000, размер 2.5",2.5,271046,10842,1,0,0,https://www.kavstal.ru/public/assets/images/products/LISTOVOI_PROKAT/LIST_NERZHAVEYUSHCHII/img.webp,труба обечайка;лист нержавеющий;aisi 304 (08х18н10) 2b (матовый) 2.5x1000x2000;2;5,AISI 304 (08Х18Н10) 2B (матовый) 2.5x1000x2000,2.5,,10842
Нержавеющая сталь,ЛИСТ НЕРЖАВЕЮЩИЙ,AISI 304 (08Х18Н10) 2B (матовый) 2.5x1250x2500,ЛИСТ НЕРЖАВЕЮЩИЙ 2.5 AISI 304 (08Х18Н10) 2B (матовый) 2.5x1250x2500,"ЛИСТ НЕРЖАВЕЮЩИЙ марки AISI 304 (08Х18Н10) 2B (матовый) 2.5x1250x2500, размер 2.5",2.5,271046,16940,1,0,0,https://www.kavstal.ru/public/assets/images/products/LISTOVOI_PROKAT/LIST_NERZHAVEYUSHCHII/img.webp,труба обечайка;лист нержавеющий;aisi 304 (08х18н10) 2b (матовый) 2.5x1250x2500;2;5,AISI 304 (08Х18Н10) 2B (матовый) 2.5x1250x2500,2.5,,16940
Нержавеющая сталь,ЛИСТ НЕРЖАВЕЮЩИЙ,AISI 304 (08Х18Н10) 2B (матовый) 2.5x1500x3000,ЛИСТ НЕРЖАВЕЮЩИЙ 2.5 AISI 304 (08Х18Н10) 2B (матовый) 2.5x1500x3000,"ЛИСТ НЕРЖАВЕЮЩИЙ марки AISI 304 (08Х18Н10) 2B (матовый) 2.5x1500x3000, размер 2.5",2.5,271046,23852,1,0,0,https://www.kavstal.ru/public/assets/images/products/LISTOVOI_PROKAT/LIST_NERZHAVEYUSHCHII/img.webp,труба обечайка;лист нержавеющий;aisi 304 (08х18н10) 2b (матовый) 2.5x1500x3000;2;5,AISI 304 (08Х18Н10) 2B (матовый) 2.5x1500x3000,2.5,,23852
Нержавеющая сталь,ЛИСТ НЕРЖАВЕЮЩИЙ,AISI 304 (08Х18Н10) 2B (матовый) 2x1000x2000,ЛИСТ НЕРЖАВЕЮЩИЙ 2 AISI 304 (08Х18Н10) 2B (матовый) 2x1000x2000,"ЛИСТ НЕРЖАВЕЮЩИЙ марки AISI 304 (08Х18Н10) 2B (матовый) 2x1000x2000, размер 2",2,266326,т,1,0,0,https://www.kavstal.ru/public/assets/images/products/LISTOVOI_PROKAT/LIST_NERZHAVEYUSHCHII/img.webp,труба обечайка;лист нержавеющий;aisi 304 (08х18н10) 2b (матовый) 2x1000x2000;2,AISI 304 (08Х18Н10) 2B (матовый) 2x1000x2000,2,,
Нержавеющая сталь,ЛИСТ НЕРЖАВЕЮЩИЙ,AISI 304 (08Х18Н10) 2B (матовый) 2x1000x2000,ЛИСТ НЕРЖАВЕЮЩИЙ 2 AISI 304 (08Х18Н10) 2B (матовый) 2x1000x2000,"ЛИСТ НЕРЖАВЕЮЩИЙ марки AISI 304 (08Х18Н10) 2B (матовый) 2x1000x2000, размер 2",2,266326,8522,1,0,0,https://www.kavstal.ru/public/assets/images/products/LISTOVOI_PROKAT/LIST_NERZHAVEYUSHCHII/img.webp,труба обечайка;лист нержавеющий;aisi 304 (08х18н10) 2b (матовый) 2x1000x2000;2,AISI 304 (08Х18Н10) 2B (матовый) 2x1000x2000,2,,8522
Нержавеющая сталь,ЛИСТ НЕРЖАВЕЮЩИЙ,AISI 304 (08Х18Н10) 2B (матовый) 2x1250x2500,ЛИСТ НЕРЖАВЕЮЩИЙ 2 AISI 304 (08Х18Н10) 2B (матовый) 2x1250x2500,"ЛИСТ НЕРЖАВЕЮЩИЙ марки AISI 304 (08Х18Н10) 2B (матовый) 2x1250x2500, размер 2",2,263149,т,1,0,0,https://www.kavstal.ru/public/assets/images/products/LISTOVOI_PROKAT/LIST_NERZHAVEYUSHCHII/img.webp,труба обечайка;лист нержавеющий;aisi 304 (08х18н10) 2b (матовый) 2x1250x2500;2,AISI 304 (08Х18Н10) 2B (матовый) 2x1250x2500,2,,
Нержавеющая сталь,ЛИСТ НЕРЖАВЕЮЩИЙ,AISI 304 (08Х18Н10) 2B (матовый) 2x1250x2500,ЛИСТ НЕРЖАВЕЮЩИЙ 2 AISI 304 (08Х18Н10) 2B (матовый) 2x1250x2500,"ЛИСТ НЕРЖАВЕЮЩИЙ марки AISI 304 (08Х18Н10) 2B (матовый) 2x1250x2500, размер 2",2,263149,13157,1,0,0,https://www.kavstal.ru/public/assets/images/products/LISTOVOI_PROKAT/LIST_NERZHAVEYUSHCHII/img.webp,труба обечайка;лист нержавеющий;aisi 304 (08х18н10) 2b (матовый) 2x1250x2500;2,AISI 304 (08Х18Н10) 2B (матовый) 2x1250x2500,2,,13157
Нержавеющая сталь,ЛИСТ НЕРЖАВЕЮЩИЙ,AISI 304 (08Х18Н10) 2B (матовый) 2x139x?,ЛИСТ НЕРЖАВЕЮЩИЙ 2 AISI 304 (08Х18Н10) 2B (матовый) 2x139x?,"ЛИСТ НЕРЖАВЕЮЩИЙ марки AISI 304 (08Х18Н10) 2B (матовый) 2x139x?, размер 2",2,252654,т,1,0,0,https://www.kavstal.ru/public/assets/images/products/LISTOVOI_PROKAT/LIST_NERZHAVEYUSHCHII/img.webp,труба обечайка;лист нержавеющий;aisi 304 (08х18н10) 2b (матовый) 2x139x?;2,AISI 304 (08Х18Н10) 2B (матовый) 2x139x?,2,,
Нержавеющая сталь,ЛИСТ НЕРЖАВЕЮЩИЙ,AISI 304 (08Х18Н10) 2B (матовый) 2x1500x3000,ЛИСТ НЕРЖАВЕЮЩИЙ 2 AISI 304 (08Х18Н10) 2B (матовый) 2x1500x3000,"ЛИСТ НЕРЖАВЕЮЩИЙ марки AISI 304 (08Х18Н10) 2B (матовый) 2x1500x3000, размер 2",2,279450,т,1,0,0,https://www.kavstal.ru/public/assets/images/products/LISTOVOI_PROKAT/LIST_NERZHAVEYUSHCHII/img.webp,труба обечайка;лист нержавеющий;aisi 304 (08х18н10) 2b (матовый) 2x1500x3000;2,AISI 304 (08Х18Н10) 2B (матовый) 2x1500x3000,2,,
Нержавеющая сталь,ЛИСТ НЕРЖАВЕЮЩИЙ,AISI 304 (08Х18Н10) 2B (матовый) 2x1500x3000,ЛИСТ НЕРЖАВЕЮЩИЙ 2 AISI 304 (08Х18Н10) 2B (матовый) 2x1500x3000,"ЛИСТ НЕРЖАВЕЮЩИЙ марки AISI 304 (08Х18Н10) 2B (матовый) 2x1500x3000, размер 2",2,279450,20120,1,0,0,https://www.kavstal.ru/public/assets/images/products/LISTOVOI_PROKAT/LIST_NERZHAVEYUSHCHII/img.webp,труба обечайка;лист нержавеющий;aisi 304 (08х18н10) 2b (матовый) 2x1500x3000;2,AISI 304 (08Х18Н10) 2B (матовый) 2x1500x3000,2,,20120
Нержавеющая сталь,ЛИСТ НЕРЖАВЕЮЩИЙ,AISI 304 (08Х18Н10) 2B (матовый) 3x1000x2000,ЛИСТ НЕРЖАВЕЮЩИЙ 3 AISI 304 (08Х18Н10) 2B (матовый) 3x1000x2000,"ЛИСТ НЕРЖАВЕЮЩИЙ марки AISI 304 (08Х18Н10) 2B (матовый) 3x1000x2000, размер 3",3,274379,13170,1,0,0,https://www.kavstal.ru/public/assets/images/products/LISTOVOI_PROKAT/LIST_NERZHAVEYUSHCHII/img.webp,труба обечайка;лист нержавеющий;aisi 304 (08х18н10) 2b (матовый) 3x1000x2000;3,AISI 304 (08Х18Н10) 2B (матовый) 3x1000x2000,3,,13170
Нержавеющая сталь,ЛИСТ НЕРЖАВЕЮЩИЙ,AISI 304 (08Х18Н10) 2B (матовый) 3x1250x2500,ЛИСТ НЕРЖАВЕЮЩИЙ 3 AISI 304 (08Х18Н10) 2B (матовый) 3x1250x2500,"ЛИСТ НЕРЖАВЕЮЩИЙ марки AISI 304 (08Х18Н10) 2B (матовый) 3x1250x2500, размер 3",3,263149,т,1,0,0,https://www.kavstal.ru/public/assets/images/products/LISTOVOI_PROKAT/LIST_NERZHAVEYUSHCHII/img.webp,труба обечайка;лист нержавеющий;aisi 304 (08х18н10) 2b (матовый) 3x1250x2500;3,AISI 304 (08Х18Н10) 2B (матовый) 3x1250x2500,3,,
Нержавеющая сталь,ЛИСТ НЕРЖАВЕЮЩИЙ,AISI 304 (08Х18Н10) 2B (матовый) 3x1250x2500,ЛИСТ НЕРЖАВЕЮЩИЙ 3 AISI 304 (08Х18Н10) 2B (матовый) 3x1250x2500,"ЛИСТ НЕРЖАВЕЮЩИЙ марки AISI 304 (08Х18Н10) 2B (матовый) 3x1250x2500, размер 3",3,263149,19736,1,0,0,https://www.kavstal.ru/public/assets/images/products/LISTOVOI_PROKAT/LIST_NERZHAVEYUSHCHII/img.webp,труба обечайка;лист нержавеющий;aisi 304 (08х18н10) 2b (матовый) 3x1250x2500;3,AISI 304 (08Х18Н10) 2B (матовый) 3x1250x2500,3,,19736
Нержавеющая сталь,ЛИСТ НЕРЖАВЕЮЩИЙ,AISI 304 (08Х18Н10) 2B (матовый) 3x1500x3000,ЛИСТ НЕРЖАВЕЮЩИЙ 3 AISI 304 (08Х18Н10) 2B (матовый) 3x1500x3000,"ЛИСТ НЕРЖАВЕЮЩИЙ марки AISI 304 (08Х18Н10) 2B (матовый) 3x1500x3000, размер 3",3,272164,29040,1,0,0,https://www.kavstal.ru/public/assets/images/products/LISTOVOI_PROKAT/LIST_NERZHAVEYUSHCHII/img.webp,труба обечайка;лист нержавеющий;aisi 304 (08х18н10) 2b (матовый) 3x1500x3000;3,AISI 304 (08Х18Н10) 2B (матовый) 3x1500x3000,3,,29040
Нержавеющая сталь,ЛИСТ НЕРЖАВЕЮЩИЙ,AISI 304 (08Х18Н10) 2B (матовый) 3x1500x6000,ЛИСТ НЕРЖАВЕЮЩИЙ 3 AISI 304 (08Х18Н10) 2B (матовый) 3x1500x6000,"ЛИСТ НЕРЖАВЕЮЩИЙ марки AISI 304 (08Х18Н10) 2B (матовый) 3x1500x6000, размер 3",3,272164,58787,1,0,0,https://www.kavstal.ru/public/assets/images/products/LISTOVOI_PROKAT/LIST_NERZHAVEYUSHCHII/img.webp,труба обечайка;лист нержавеющий;aisi 304 (08х18н10) 2b (матовый) 3x1500x6000;3,AISI 304 (08Х18Н10) 2B (матовый) 3x1500x6000,3,,58787
Нержавеющая сталь,ЛИСТ НЕРЖАВЕЮЩИЙ,AISI 304 (08Х18Н10) 2B (матовый) 4x1000x2000,ЛИСТ НЕРЖАВЕЮЩИЙ 4 AISI 304 (08Х18Н10) 2B (матовый) 4x1000x2000,"ЛИСТ НЕРЖАВЕЮЩИЙ марки AISI 304 (08Х18Н10) 2B (матовый) 4x1000x2000, размер 4",4,298587,19110,1,0,0,https://www.kavstal.ru/public/assets/images/products/LISTOVOI_PROKAT/LIST_NERZHAVEYUSHCHII/img.webp,труба обечайка;лист нержавеющий;aisi 304 (08х18н10) 2b (матовый) 4x1000x2000;4,AISI 304 (08Х18Н10) 2B (матовый) 4x1000x2000,4,,19110
Нержавеющая сталь,ЛИСТ НЕРЖАВЕЮЩИЙ,AISI 304 (08Х18Н10) 2B (матовый) 4x1250x2500,ЛИСТ НЕРЖАВЕЮЩИЙ 4 AISI 304 (08Х18Н10) 2B (матовый) 4x1250x2500,"ЛИСТ НЕРЖАВЕЮЩИЙ марки AISI 304 (08Х18Н10) 2B (матовый) 4x1250x2500, размер 4",4,272164,27216,1,0,0,https://www.kavstal.ru/public/assets/images/products/LISTOVOI_PROKAT/LIST_NERZHAVEYUSHCHII/img.webp,труба обечайка;лист нержавеющий;aisi 304 (08х18н10) 2b (матовый) 4x1250x2500;4,AISI 304 (08Х18Н10) 2B (матовый) 4x1250x2500,4,,27216
Нержавеющая сталь,ЛИСТ НЕРЖАВЕЮЩИЙ,AISI 304 (08Х18Н10) 2B (матовый) 4x1500x3000,ЛИСТ НЕРЖАВЕЮЩИЙ 4 AISI 304 (08Х18Н10) 2B (матовый) 4x1500x3000,"ЛИСТ НЕРЖАВЕЮЩИЙ марки AISI 304 (08Х18Н10) 2B (матовый) 4x1500x3000, размер 4",4,269317,т,1,0,0,https://www.kavstal.ru/public/assets/images/products/LISTOVOI_PROKAT/LIST_NERZHAVEYUSHCHII/img.webp,труба обечайка;лист нержавеющий;aisi 304 (08х18н10) 2b (матовый) 4x1500x3000;4,AISI 304 (08Х18Н10) 2B (матовый) 4x1500x3000,4,,
Нержавеющая сталь,ЛИСТ НЕРЖАВЕЮЩИЙ,AISI 304 (08Х18Н10) 2B (матовый) 4x1500x3000,ЛИСТ НЕРЖАВЕЮЩИЙ 4 AISI 304 (08Х18Н10) 2B (матовый) 4x1500x3000,"ЛИСТ НЕРЖАВЕЮЩИЙ марки AISI 304 (08Х18Н10) 2B (матовый) 4x1500x3000, размер 4",4,269317,38782,1,0,0,https://www.kavstal.ru/public/assets/images/products/LISTOVOI_PROKAT/LIST_NERZHAVEYUSHCHII/img.webp,труба обечайка;лист нержавеющий;aisi 304 (08х18н10) 2b (матовый) 4x1500x3000;4,AISI 304 (08Х18Н10) 2B (матовый) 4x1500x3000,4,,38782
Нержавеющая сталь,ЛИСТ НЕРЖАВЕЮЩИЙ,AISI 304 (08Х18Н10) 2B (матовый) 4x1500x6000,ЛИСТ НЕРЖАВЕЮЩИЙ 4 AISI 304 (08Х18Н10) 2B (матовый) 4x1500x6000,"ЛИСТ НЕРЖАВЕЮЩИЙ марки AISI 304 (08Х18Н10) 2B (матовый) 4x1500x6000, размер 4",4,269317,т,1,0,0,https://www.kavstal.ru/public/assets/images/products/LISTOVOI_PROKAT/LIST_NERZHAVEYUSHCHII/img.webp,труба обечайка;лист нержавеющий;aisi 304 (08х18н10) 2b (матовый) 4x1500x6000;4,AISI 304 (08Х18Н10) 2B (матовый) 4x1500x6000,4,,
Нержавеющая сталь,ЛИСТ НЕРЖАВЕЮЩИЙ,AISI 304 (08Х18Н10) 2B (матовый) 4x1500x6000,ЛИСТ НЕРЖАВЕЮЩИЙ 4 AISI 304 (08Х18Н10) 2B (матовый) 4x1500x6000,"ЛИСТ НЕРЖАВЕЮЩИЙ марки AISI 304 (08Х18Н10) 2B (матовый) 4x1500x6000, размер 4",4,269317,77563,1,0,0,https://www.kavstal.ru/public/assets/images/products/LISTOVOI_PROKAT/LIST_NERZHAVEYUSHCHII/img.webp,труба обечайка;лист нержавеющий;aisi 304 (08х18н10) 2b (матовый) 4x1500x6000;4,AISI 304 (08Х18Н10) 2B (матовый) 4x1500x6000,4,,77563
Нержавеющая сталь,ЛИСТ НЕРЖАВЕЮЩИЙ,AISI 304 (08Х18Н10) 2B (матовый) 5x1500x3000,ЛИСТ НЕРЖАВЕЮЩИЙ 5 AISI 304 (08Х18Н10) 2B (матовый) 5x1500x3000,"ЛИСТ НЕРЖАВЕЮЩИЙ марки AISI 304 (08Х18Н10) 2B (матовый) 5x1500x3000, размер 5",5,299043,53828,1,0,0,https://www.kavstal.ru/public/assets/images/products/LISTOVOI_PROKAT/LIST_NERZHAVEYUSHCHII/img.webp,труба обечайка;лист нержавеющий;aisi 304 (08х18н10) 2b (матовый) 5x1500x3000;5,AISI 304 (08Х18Н10) 2B (матовый) 5x1500x3000,5,,53828
Нержавеющая сталь,ЛИСТ НЕРЖАВЕЮЩИЙ,AISI 304 (08Х18Н10) 2B (матовый) 5x1500x6000,ЛИСТ НЕРЖАВЕЮЩИЙ 5 AISI 304 (08Х18Н10) 2B (матовый) 5x1500x6000,"ЛИСТ НЕРЖАВЕЮЩИЙ марки AISI 304 (08Х18Н10) 2B (матовый) 5x1500x6000, размер 5",5,299043,107655,1,0,0,https://www.kavstal.ru/public/assets/images/products/LISTOVOI_PROKAT/LIST_NERZHAVEYUSHCHII/img.webp,труба обечайка;лист нержавеющий;aisi 304 (08х18н10) 2b (матовый) 5x1500x6000;5,AISI 304 (08Х18Н10) 2B (матовый) 5x1500x6000,5,,107655
Нержавеющая сталь,ЛИСТ НЕРЖАВЕЮЩИЙ,AISI 304 (08Х18Н10) 2B (матовый) 6x1500x3000,ЛИСТ НЕРЖАВЕЮЩИЙ 6 AISI 304 (08Х18Н10) 2B (матовый) 6x1500x3000,"ЛИСТ НЕРЖАВЕЮЩИЙ марки AISI 304 (08Х18Н10) 2B (матовый) 6x1500x3000, размер 6",6,304632,67019,1,0,0,https://www.kavstal.ru/public/assets/images/products/LISTOVOI_PROKAT/LIST_NERZHAVEYUSHCHII/img.webp,труба обечайка;лист нержавеющий;aisi 304 (08х18н10) 2b (матовый) 6x1500x3000;6,AISI 304 (08Х18Н10) 2B (матовый) 6x1500x3000,6,,67019
Нержавеющая сталь,ЛИСТ НЕРЖАВЕЮЩИЙ,AISI 304 (08Х18Н10) 2B (матовый) 6x1500x6000,ЛИСТ НЕРЖАВЕЮЩИЙ 6 AISI 304 (08Х18Н10) 2B (матовый) 6x1500x6000,"ЛИСТ НЕРЖАВЕЮЩИЙ марки AISI 304 (08Х18Н10) 2B (матовый) 6x1500x6000, размер 6",6,304632,131601,1,0,0,https://www.kavstal.ru/public/assets/images/products/LISTOVOI_PROKAT/LIST_NERZHAVEYUSHCHII/img.webp,труба обечайка;лист нержавеющий;aisi 304 (08х18н10) 2b (матовый) 6x1500x6000;6,AISI 304 (08Х18Н10) 2B (матовый) 6x1500x6000,6,,131601
Нержавеющая сталь,ЛИСТ НЕРЖАВЕЮЩИЙ,AISI 304 (08Х18Н10) 2B+PE (матовый) 2x1000x2000,ЛИСТ НЕРЖАВЕЮЩИЙ 2 AISI 304 (08Х18Н10) 2B+PE (матовый) 2x1000x2000,"ЛИСТ НЕРЖАВЕЮЩИЙ марки AISI 304 (08Х18Н10) 2B+PE (матовый) 2x1000x2000, размер 2",2,283362,9068,1,0,0,https://www.kavstal.ru/public/assets/images/products/LISTOVOI_PROKAT/LIST_NERZHAVEYUSHCHII/img.webp,труба обечайка;лист нержавеющий;aisi 304 (08х18н10) 2b+pe (матовый) 2x1000x2000;2,AISI 304 (08Х18Н10) 2B+PE (матовый) 2x1000x2000,2,,9068
Нержавеющая сталь,ЛИСТ НЕРЖАВЕЮЩИЙ,AISI 304 (08Х18Н10) 2B+PE (матовый) 3x1250x2500,ЛИСТ НЕРЖАВЕЮЩИЙ 3 AISI 304 (08Х18Н10) 2B+PE (матовый) 3x1250x2500,"ЛИСТ НЕРЖАВЕЮЩИЙ марки AISI 304 (08Х18Н10) 2B+PE (матовый) 3x1250x2500, размер 3",3,281034,21078,1,0,0,https://www.kavstal.ru/public/assets/images/products/LISTOVOI_PROKAT/LIST_NERZHAVEYUSHCHII/img.webp,труба обечайка;лист нержавеющий;aisi 304 (08х18н10) 2b+pe (матовый) 3x1250x2500;3,AISI 304 (08Х18Н10) 2B+PE (матовый) 3x1250x2500,3,,21078
Нержавеющая сталь,ЛИСТ НЕРЖАВЕЮЩИЙ,AISI 304 (08Х18Н10) 2B+PE (матовый) 3x1500x3000,ЛИСТ НЕРЖАВЕЮЩИЙ 3 AISI 304 (08Х18Н10) 2B+PE (матовый) 3x1500x3000,"ЛИСТ НЕРЖАВЕЮЩИЙ марки AISI 304 (08Х18Н10) 2B+PE (матовый) 3x1500x3000, размер 3",3,286271,30345,1,0,0,https://www.kavstal.ru/public/assets/images/products/LISTOVOI_PROKAT/LIST_NERZHAVEYUSHCHII/img.webp,труба обечайка;лист нержавеющий;aisi 304 (08х18н10) 2b+pe (матовый) 3x1500x3000;3,AISI 304 (08Х18Н10) 2B+PE (матовый) 3x1500x3000,3,,30345
Нержавеющая сталь,ЛИСТ НЕРЖАВЕЮЩИЙ,AISI 304 (08Х18Н10) 2B+РЕ 0.5x1250x2500,ЛИСТ НЕРЖАВЕЮЩИЙ 0.5 AISI 304 (08Х18Н10) 2B+РЕ 0.5x1250x2500,"ЛИСТ НЕРЖАВЕЮЩИЙ марки AISI 304 (08Х18Н10) 2B+РЕ 0.5x1250x2500, размер 0.5",0.5,328302,4005,1,0,0,https://www.kavstal.ru/public/assets/images/products/LISTOVOI_PROKAT/LIST_NERZHAVEYUSHCHII/img.webp,труба обечайка;лист нержавеющий;aisi 304 (08х18н10) 2b+ре 0.5x1250x2500;5,AISI 304 (08Х18Н10) 2B+РЕ 0.5x1250x2500,0.5,,4005
Нержавеющая сталь,ЛИСТ НЕРЖАВЕЮЩИЙ,AISI 304 (08Х18Н10) 4N (шлиф.) 0.5x1000x2000,ЛИСТ НЕРЖАВЕЮЩИЙ 0.5 AISI 304 (08Х18Н10) 4N (шлиф.) 0.5x1000x2000,"ЛИСТ НЕРЖАВЕЮЩИЙ марки AISI 304 (08Х18Н10) 4N (шлиф.) 0.5x1000x2000, размер 0.5",0.5,320260,т,1,0,0,https://www.kavstal.ru/public/assets/images/products/LISTOVOI_PROKAT/LIST_NERZHAVEYUSHCHII/img.webp,труба обечайка;лист нержавеющий;aisi 304 (08х18н10) 4n (шлиф.) 0.5x1000x2000;5,AISI 304 (08Х18Н10) 4N (шлиф.) 0.5x1000x2000,0.5,,
Нержавеющая сталь,ЛИСТ НЕРЖАВЕЮЩИЙ,AISI 304 (08Х18Н10) 4N (шлиф.) 1.5x1000x2000,ЛИСТ НЕРЖАВЕЮЩИЙ 1.5 AISI 304 (08Х18Н10) 4N (шлиф.) 1.5x1000x2000,"ЛИСТ НЕРЖАВЕЮЩИЙ марки AISI 304 (08Х18Н10) 4N (шлиф.) 1.5x1000x2000, размер 1.5",1.5,305936,т,1,0,0,https://www.kavstal.ru/public/assets/images/products/LISTOVOI_PROKAT/LIST_NERZHAVEYUSHCHII/img.webp,труба обечайка;лист нержавеющий;aisi 304 (08х18н10) 4n (шлиф.) 1.5x1000x2000;1;5,AISI 304 (08Х18Н10) 4N (шлиф.) 1.5x1000x2000,1.5,,
Нержавеющая сталь,ЛИСТ НЕРЖАВЕЮЩИЙ,AISI 304 (08Х18Н10) 4N+PE 0.7x144x?,ЛИСТ НЕРЖАВЕЮЩИЙ 0.7 AISI 304 (08Х18Н10) 4N+PE 0.7x144x?,"ЛИСТ НЕРЖАВЕЮЩИЙ марки AISI 304 (08Х18Н10) 4N+PE 0.7x144x?, размер 0.7",0.7,390226,т,1,0,0,https://www.kavstal.ru/public/assets/images/products/LISTOVOI_PROKAT/LIST_NERZHAVEYUSHCHII/img.webp,труба обечайка;лист нержавеющий;aisi 304 (08х18н10) 4n+pe 0.7x144x?;7,AISI 304 (08Х18Н10) 4N+PE 0.7x144x?,0.7,,
Нержавеющая сталь,ЛИСТ НЕРЖАВЕЮЩИЙ,AISI 304 (08Х18Н10) 4N+PE (шлиф.) 0.5x1000x2000,ЛИСТ НЕРЖАВЕЮЩИЙ 0.5 AISI 304 (08Х18Н10) 4N+PE (шлиф.) 0.5x1000x2000,"ЛИСТ НЕРЖАВЕЮЩИЙ марки AISI 304 (08Х18Н10) 4N+PE (шлиф.) 0.5x1000x2000, размер 0.5",0.5,231198,1850,1,0,0,https://www.kavstal.ru/public/assets/images/products/LISTOVOI_PROKAT/LIST_NERZHAVEYUSHCHII/img.webp,труба обечайка;лист нержавеющий;aisi 304 (08х18н10) 4n+pe (шлиф.) 0.5x1000x2000;5,AISI 304 (08Х18Н10) 4N+PE (шлиф.) 0.5x1000x2000,0.5,,1850
Нержавеющая сталь,ЛИСТ НЕРЖАВЕЮЩИЙ,AISI 304 (08Х18Н10) 4N+PE (шлиф.) 0.5x1000x2000,ЛИСТ НЕРЖАВЕЮЩИЙ 0.5 AISI 304 (08Х18Н10) 4N+PE (шлиф.) 0.5x1000x2000,"ЛИСТ НЕРЖАВЕЮЩИЙ марки AISI 304 (08Х18Н10) 4N+PE (шлиф.) 0.5x1000x2000, размер 0.5",0.5,292636,2341,1,0,0,https://www.kavstal.ru/public/assets/images/products/LISTOVOI_PROKAT/LIST_NERZHAVEYUSHCHII/img.webp,труба обечайка;лист нержавеющий;aisi 304 (08х18н10) 4n+pe (шлиф.) 0.5x1000x2000;5,AISI 304 (08Х18Н10) 4N+PE (шлиф.) 0.5x1000x2000,0.5,,2341
Нержавеющая сталь,ЛИСТ НЕРЖАВЕЮЩИЙ,AISI 304 (08Х18Н10) 4N+PE (шлиф.) 0.5x1250x2500,ЛИСТ НЕРЖАВЕЮЩИЙ 0.5 AISI 304 (08Х18Н10) 4N+PE (шлиф.) 0.5x1250x2500,"ЛИСТ НЕРЖАВЕЮЩИЙ марки AISI 304 (08Х18Н10) 4N+PE (шлиф.) 0.5x1250x2500, размер 0.5",0.5,334874,4186,1,0,0,https://www.kavstal.ru/public/assets/images/products/LISTOVOI_PROKAT/LIST_NERZHAVEYUSHCHII/img.webp,труба обечайка;лист нержавеющий;aisi 304 (08х18н10) 4n+pe (шлиф.) 0.5x1250x2500;5,AISI 304 (08Х18Н10) 4N+PE (шлиф.) 0.5x1250x2500,0.5,,4186
Нержавеющая сталь,ЛИСТ НЕРЖАВЕЮЩИЙ,AISI 304 (08Х18Н10) 4N+PE (шлиф.) 0.6x1250x2500,ЛИСТ НЕРЖАВЕЮЩИЙ 0.6 AISI 304 (08Х18Н10) 4N+PE (шлиф.) 0.6x1250x2500,"ЛИСТ НЕРЖАВЕЮЩИЙ марки AISI 304 (08Х18Н10) 4N+PE (шлиф.) 0.6x1250x2500, размер 0.6",0.6,284542,4268,1,0,0,https://www.kavstal.ru/public/assets/images/products/LISTOVOI_PROKAT/LIST_NERZHAVEYUSHCHII/img.webp,труба обечайка;лист нержавеющий;aisi 304 (08х18н10) 4n+pe (шлиф.) 0.6x1250x2500;6,AISI 304 (08Х18Н10) 4N+PE (шлиф.) 0.6x1250x2500,0.6,,4268
Нержавеющая сталь,ЛИСТ НЕРЖАВЕЮЩИЙ,AISI 304 (08Х18Н10) 4N+PE (шлиф.) 0.7x1250x2500,ЛИСТ НЕРЖАВЕЮЩИЙ 0.7 AISI 304 (08Х18Н10) 4N+PE (шлиф.) 0.7x1250x2500,"ЛИСТ НЕРЖАВЕЮЩИЙ марки AISI 304 (08Х18Н10) 4N+PE (шлиф.) 0.7x1250x2500, размер 0.7",0.7,299043,5233,1,0,0,https://www.kavstal.ru/public/assets/images/products/LISTOVOI_PROKAT/LIST_NERZHAVEYUSHCHII/img.webp,труба обечайка;лист нержавеющий;aisi 304 (08х18н10) 4n+pe (шлиф.) 0.7x1250x2500;7,AISI 304 (08Х18Н10) 4N+PE (шлиф.) 0.7x1250x2500,0.7,,5233
Нержавеющая сталь,ЛИСТ НЕРЖАВЕЮЩИЙ,AISI 304 (08Х18Н10) 4N+PE (шлиф.) 0.8x1000x2000,ЛИСТ НЕРЖАВЕЮЩИЙ 0.8 AISI 304 (08Х18Н10) 4N+PE (шлиф.) 0.8x1000x2000,"ЛИСТ НЕРЖАВЕЮЩИЙ марки AISI 304 (08Х18Н10) 4N+PE (шлиф.) 0.8x1000x2000, размер 0.8",0.8,289231,3702,1,0,0,https://www.kavstal.ru/public/assets/images/products/LISTOVOI_PROKAT/LIST_NERZHAVEYUSHCHII/img.webp,труба обечайка;лист нержавеющий;aisi 304 (08х18н10) 4n+pe (шлиф.) 0.8x1000x2000;8,AISI 304 (08Х18Н10) 4N+PE (шлиф.) 0.8x1000x2000,0.8,,3702
Нержавеющая сталь,ЛИСТ НЕРЖАВЕЮЩИЙ,AISI 304 (08Х18Н10) 4N+PE (шлиф.) 0.8x1250x2500,ЛИСТ НЕРЖАВЕЮЩИЙ 0.8 AISI 304 (08Х18Н10) 4N+PE (шлиф.) 0.8x1250x2500,"ЛИСТ НЕРЖАВЕЮЩИЙ марки AISI 304 (08Х18Н10) 4N+PE (шлиф.) 0.8x1250x2500, размер 0.8",0.8,298970,5979,1,0,0,https://www.kavstal.ru/public/assets/images/products/LISTOVOI_PROKAT/LIST_NERZHAVEYUSHCHII/img.webp,труба обечайка;лист нержавеющий;aisi 304 (08х18н10) 4n+pe (шлиф.) 0.8x1250x2500;8,AISI 304 (08Х18Н10) 4N+PE (шлиф.) 0.8x1250x2500,0.8,,5979
Нержавеющая сталь,ЛИСТ НЕРЖАВЕЮЩИЙ,AISI 304 (08Х18Н10) 4N+PE (шлиф.) 0.8x1500x3000,ЛИСТ НЕРЖАВЕЮЩИЙ 0.8 AISI 304 (08Х18Н10) 4N+PE (шлиф.) 0.8x1500x3000,"ЛИСТ НЕРЖАВЕЮЩИЙ марки AISI 304 (08Х18Н10) 4N+PE (шлиф.) 0.8x1500x3000, размер 0.8",0.8,282203,8127,1,0,0,https://www.kavstal.ru/public/assets/images/products/LISTOVOI_PROKAT/LIST_NERZHAVEYUSHCHII/img.webp,труба обечайка;лист нержавеющий;aisi 304 (08х18н10) 4n+pe (шлиф.) 0.8x1500x3000;8,AISI 304 (08Х18Н10) 4N+PE (шлиф.) 0.8x1500x3000,0.8,,8127
Нержавеющая сталь,ЛИСТ НЕРЖАВЕЮЩИЙ,AISI 304 (08Х18Н10) 4N+PE (шлиф.) 1.2x1250x2500,ЛИСТ НЕРЖАВЕЮЩИЙ 1.2 AISI 304 (08Х18Н10) 4N+PE (шлиф.) 1.2x1250x2500,"ЛИСТ НЕРЖАВЕЮЩИЙ марки AISI 304 (08Х18Н10) 4N+PE (шлиф.) 1.2x1250x2500, размер 1.2",1.2,286881,8606,1,0,0,https://www.kavstal.ru/public/assets/images/products/LISTOVOI_PROKAT/LIST_NERZHAVEYUSHCHII/img.webp,труба обечайка;лист нержавеющий;aisi 304 (08х18н10) 4n+pe (шлиф.) 1.2x1250x2500;1;2,AISI 304 (08Х18Н10) 4N+PE (шлиф.) 1.2x1250x2500,1.2,,8606
Нержавеющая сталь,ЛИСТ НЕРЖАВЕЮЩИЙ,AISI 304 (08Х18Н10) 4N+PE (шлиф.) 1.2x1500x3000,ЛИСТ НЕРЖАВЕЮЩИЙ 1.2 AISI 304 (08Х18Н10) 4N+PE (шлиф.) 1.2x1500x3000,"ЛИСТ НЕРЖАВЕЮЩИЙ марки AISI 304 (08Х18Н10) 4N+PE (шлиф.) 1.2x1500x3000, размер 1.2",1.2,290390,12545,1,0,0,https://www.kavstal.ru/public/assets/images/products/LISTOVOI_PROKAT/LIST_NERZHAVEYUSHCHII/img.webp,труба обечайка;лист нержавеющий;aisi 304 (08х18н10) 4n+pe (шлиф.) 1.2x1500x3000;1;2,AISI 304 (08Х18Н10) 4N+PE (шлиф.) 1.2x1500x3000,1.2,,12545
Нержавеющая сталь,ЛИСТ НЕРЖАВЕЮЩИЙ,AISI 304 (08Х18Н10) 4N+PE (шлиф.) 1.5x1000x2000,ЛИСТ НЕРЖАВЕЮЩИЙ 1.5 AISI 304 (08Х18Н10) 4N+PE (шлиф.) 1.5x1000x2000,"ЛИСТ НЕРЖАВЕЮЩИЙ марки AISI 304 (08Х18Н10) 4N+PE (шлиф.) 1.5x1000x2000, размер 1.5",1.5,291673,7000,1,0,0,https://www.kavstal.ru/public/assets/images/products/LISTOVOI_PROKAT/LIST_NERZHAVEYUSHCHII/img.webp,труба обечайка;лист нержавеющий;aisi 304 (08х18н10) 4n+pe (шлиф.) 1.5x1000x2000;1;5,AISI 304 (08Х18Н10) 4N+PE (шлиф.) 1.5x1000x2000,1.5,,7000
Нержавеющая сталь,ЛИСТ НЕРЖАВЕЮЩИЙ,AISI 304 (08Х18Н10) 4N+PE (шлиф.) 1.5x1250x2500,ЛИСТ НЕРЖАВЕЮЩИЙ 1.5 AISI 304 (08Х18Н10) 4N+PE (шлиф.) 1.5x1250x2500,"ЛИСТ НЕРЖАВЕЮЩИЙ марки AISI 304 (08Х18Н10) 4N+PE (шлиф.) 1.5x1250x2500, размер 1.5",1.5,290390,10890,1,0,0,https://www.kavstal.ru/public/assets/images/products/LISTOVOI_PROKAT/LIST_NERZHAVEYUSHCHII/img.webp,труба обечайка;лист нержавеющий;aisi 304 (08х18н10) 4n+pe (шлиф.) 1.5x1250x2500;1;5,AISI 304 (08Х18Н10) 4N+PE (шлиф.) 1.5x1250x2500,1.5,,10890
Нержавеющая сталь,ЛИСТ НЕРЖАВЕЮЩИЙ,AISI 304 (08Х18Н10) 4N+PE (шлиф.) 1.5x1500x3000,ЛИСТ НЕРЖАВЕЮЩИЙ 1.5 AISI 304 (08Х18Н10) 4N+PE (шлиф.) 1.5x1500x3000,"ЛИСТ НЕРЖАВЕЮЩИЙ марки AISI 304 (08Х18Н10) 4N+PE (шлиф.) 1.5x1500x3000, размер 1.5",1.5,297914,16266,1,0,0,https://www.kavstal.ru/public/assets/images/products/LISTOVOI_PROKAT/LIST_NERZHAVEYUSHCHII/img.webp,труба обечайка;лист нержавеющий;aisi 304 (08х18н10) 4n+pe (шлиф.) 1.5x1500x3000;1;5,AISI 304 (08Х18Н10) 4N+PE (шлиф.) 1.5x1500x3000,1.5,,16266
Нержавеющая сталь,ЛИСТ НЕРЖАВЕЮЩИЙ,AISI 304 (08Х18Н10) 4N+PE (шлиф.) 1x1000x2000,ЛИСТ НЕРЖАВЕЮЩИЙ 1 AISI 304 (08Х18Н10) 4N+PE (шлиф.) 1x1000x2000,"ЛИСТ НЕРЖАВЕЮЩИЙ марки AISI 304 (08Х18Н10) 4N+PE (шлиф.) 1x1000x2000, размер 1",1,289231,4628,1,0,0,https://www.kavstal.ru/public/assets/images/products/LISTOVOI_PROKAT/LIST_NERZHAVEYUSHCHII/img.webp,труба обечайка;лист нержавеющий;aisi 304 (08х18н10) 4n+pe (шлиф.) 1x1000x2000;1,AISI 304 (08Х18Н10) 4N+PE (шлиф.) 1x1000x2000,1,,4628
Нержавеющая сталь,ЛИСТ НЕРЖАВЕЮЩИЙ,AISI 304 (08Х18Н10) 4N+PE (шлиф.) 1x1250x2500,ЛИСТ НЕРЖАВЕЮЩИЙ 1 AISI 304 (08Х18Н10) 4N+PE (шлиф.) 1x1250x2500,"ЛИСТ НЕРЖАВЕЮЩИЙ марки AISI 304 (08Х18Н10) 4N+PE (шлиф.) 1x1250x2500, размер 1",1,301930,7548,1,0,0,https://www.kavstal.ru/public/assets/images/products/LISTOVOI_PROKAT/LIST_NERZHAVEYUSHCHII/img.webp,труба обечайка;лист нержавеющий;aisi 304 (08х18н10) 4n+pe (шлиф.) 1x1250x2500;1,AISI 304 (08Х18Н10) 4N+PE (шлиф.) 1x1250x2500,1,,7548
Нержавеющая сталь,ЛИСТ НЕРЖАВЕЮЩИЙ,AISI 304 (08Х18Н10) 4N+PE (шлиф.) 1x1500x3000,ЛИСТ НЕРЖАВЕЮЩИЙ 1 AISI 304 (08Х18Н10) 4N+PE (шлиф.) 1x1500x3000,"ЛИСТ НЕРЖАВЕЮЩИЙ марки AISI 304 (08Х18Н10) 4N+PE (шлиф.) 1x1500x3000, размер 1",1,314982,11339,1,0,0,https://www.kavstal.ru/public/assets/images/products/LISTOVOI_PROKAT/LIST_NERZHAVEYUSHCHII/img.webp,труба обечайка;лист нержавеющий;aisi 304 (08х18н10) 4n+pe (шлиф.) 1x1500x3000;1,AISI 304 (08Х18Н10) 4N+PE (шлиф.) 1x1500x3000,1,,11339
Нержавеющая сталь,ЛИСТ НЕРЖАВЕЮЩИЙ,AISI 304 (08Х18Н10) 4N+PE (шлиф.) 2.5x1250x2500,ЛИСТ НЕРЖАВЕЮЩИЙ 2.5 AISI 304 (08Х18Н10) 4N+PE (шлиф.) 2.5x1250x2500,"ЛИСТ НЕРЖАВЕЮЩИЙ марки AISI 304 (08Х18Н10) 4N+PE (шлиф.) 2.5x1250x2500, размер 2.5",2.5,291673,т,1,0,0,https://www.kavstal.ru/public/assets/images/products/LISTOVOI_PROKAT/LIST_NERZHAVEYUSHCHII/img.webp,труба обечайка;лист нержавеющий;aisi 304 (08х18н10) 4n+pe (шлиф.) 2.5x1250x2500;2;5,AISI 304 (08Х18Н10) 4N+PE (шлиф.) 2.5x1250x2500,2.5,,
Нержавеющая сталь,ЛИСТ НЕРЖАВЕЮЩИЙ,AISI 304 (08Х18Н10) 4N+PE (шлиф.) 2x1000x2000,ЛИСТ НЕРЖАВЕЮЩИЙ 2 AISI 304 (08Х18Н10) 4N+PE (шлиф.) 2x1000x2000,"ЛИСТ НЕРЖАВЕЮЩИЙ марки AISI 304 (08Х18Н10) 4N+PE (шлиф.) 2x1000x2000, размер 2",2,283362,9068,1,0,0,https://www.kavstal.ru/public/assets/images/products/LISTOVOI_PROKAT/LIST_NERZHAVEYUSHCHII/img.webp,труба обечайка;лист нержавеющий;aisi 304 (08х18н10) 4n+pe (шлиф.) 2x1000x2000;2,AISI 304 (08Х18Н10) 4N+PE (шлиф.) 2x1000x2000,2,,9068
Нержавеющая сталь,ЛИСТ НЕРЖАВЕЮЩИЙ,AISI 304 (08Х18Н10) 4N+PE (шлиф.) 2x1250x2500,ЛИСТ НЕРЖАВЕЮЩИЙ 2 AISI 304 (08Х18Н10) 4N+PE (шлиф.) 2x1250x2500,"ЛИСТ НЕРЖАВЕЮЩИЙ марки AISI 304 (08Х18Н10) 4N+PE (шлиф.) 2x1250x2500, размер 2",2,305325,15266,1,0,0,https://www.kavstal.ru/public/assets/images/products/LISTOVOI_PROKAT/LIST_NERZHAVEYUSHCHII/img.webp,труба обечайка;лист нержавеющий;aisi 304 (08х18н10) 4n+pe (шлиф.) 2x1250x2500;2,AISI 304 (08Х18Н10) 4N+PE (шлиф.) 2x1250x2500,2,,15266
Нержавеющая сталь,ЛИСТ НЕРЖАВЕЮЩИЙ,AISI 304 (08Х18Н10) 4N+PE (шлиф.) 2x1500x3000,ЛИСТ НЕРЖАВЕЮЩИЙ 2 AISI 304 (08Х18Н10) 4N+PE (шлиф.) 2x1500x3000,"ЛИСТ НЕРЖАВЕЮЩИЙ марки AISI 304 (08Х18Н10) 4N+PE (шлиф.) 2x1500x3000, размер 2",2,303265,21835,1,0,0,https://www.kavstal.ru/public/assets/images/products/LISTOVOI_PROKAT/LIST_NERZHAVEYUSHCHII/img.webp,труба обечайка;лист нержавеющий;aisi 304 (08х18н10) 4n+pe (шлиф.) 2x1500x3000;2,AISI 304 (08Х18Н10) 4N+PE (шлиф.) 2x1500x3000,2,,21835
Нержавеющая сталь,ЛИСТ НЕРЖАВЕЮЩИЙ,AISI 304 (08Х18Н10) 4N+PE (шлиф.) 3x1000x2000,ЛИСТ НЕРЖАВЕЮЩИЙ 3 AISI 304 (08Х18Н10) 4N+PE (шлиф.) 3x1000x2000,"ЛИСТ НЕРЖАВЕЮЩИЙ марки AISI 304 (08Х18Н10) 4N+PE (шлиф.) 3x1000x2000, размер 3",3,291673,14000,1,0,0,https://www.kavstal.ru/public/assets/images/products/LISTOVOI_PROKAT/LIST_NERZHAVEYUSHCHII/img.webp,труба обечайка;лист нержавеющий;aisi 304 (08х18н10) 4n+pe (шлиф.) 3x1000x2000;3,AISI 304 (08Х18Н10) 4N+PE (шлиф.) 3x1000x2000,3,,14000
Нержавеющая сталь,ЛИСТ НЕРЖАВЕЮЩИЙ,AISI 304 (08Х18Н10) 4N+PE (шлиф.) 3x1250x2500,ЛИСТ НЕРЖАВЕЮЩИЙ 3 AISI 304 (08Х18Н10) 4N+PE (шлиф.) 3x1250x2500,"ЛИСТ НЕРЖАВЕЮЩИЙ марки AISI 304 (08Х18Н10) 4N+PE (шлиф.) 3x1250x2500, размер 3",3,292739,21955,1,0,0,https://www.kavstal.ru/public/assets/images/products/LISTOVOI_PROKAT/LIST_NERZHAVEYUSHCHII/img.webp,труба обечайка;лист нержавеющий;aisi 304 (08х18н10) 4n+pe (шлиф.) 3x1250x2500;3,AISI 304 (08Х18Н10) 4N+PE (шлиф.) 3x1250x2500,3,,21955
Нержавеющая сталь,ЛИСТ НЕРЖАВЕЮЩИЙ,AISI 304 (08Х18Н10) 4N+PE (шлиф.) 3x1500x3000,ЛИСТ НЕРЖАВЕЮЩИЙ 3 AISI 304 (08Х18Н10) 4N+PE (шлиф.) 3x1500x3000,"ЛИСТ НЕРЖАВЕЮЩИЙ марки AISI 304 (08Х18Н10) 4N+PE (шлиф.) 3x1500x3000, размер 3",3,290079,31329,1,0,0,https://www.kavstal.ru/public/assets/images/products/LISTOVOI_PROKAT/LIST_NERZHAVEYUSHCHII/img.webp,труба обечайка;лист нержавеющий;aisi 304 (08х18н10) 4n+pe (шлиф.) 3x1500x3000;3,AISI 304 (08Х18Н10) 4N+PE (шлиф.) 3x1500x3000,3,,31329
Нержавеющая сталь,ЛИСТ НЕРЖАВЕЮЩИЙ,AISI 304 (08Х18Н10) BA 0.8x1000x2000,ЛИСТ НЕРЖАВЕЮЩИЙ 0.8 AISI 304 (08Х18Н10) BA 0.8x1000x2000,"ЛИСТ НЕРЖАВЕЮЩИЙ марки AISI 304 (08Х18Н10) BA 0.8x1000x2000, размер 0.8",0.8,305936,т,1,0,0,https://www.kavstal.ru/public/assets/images/products/LISTOVOI_PROKAT/LIST_NERZHAVEYUSHCHII/img.webp,труба обечайка;лист нержавеющий;aisi 304 (08х18н10) ba 0.8x1000x2000;8,AISI 304 (08Х18Н10) BA 0.8x1000x2000,0.8,,
Нержавеющая сталь,ЛИСТ НЕРЖАВЕЮЩИЙ,AISI 304 (08Х18Н10) BA 0.8x1250x2500,ЛИСТ НЕРЖАВЕЮЩИЙ 0.8 AISI 304 (08Х18Н10) BA 0.8x1250x2500,"ЛИСТ НЕРЖАВЕЮЩИЙ марки AISI 304 (08Х18Н10) BA 0.8x1250x2500, размер 0.8",0.8,305936,т,1,0,0,https://www.kavstal.ru/public/assets/images/products/LISTOVOI_PROKAT/LIST_NERZHAVEYUSHCHII/img.webp,труба обечайка;лист нержавеющий;aisi 304 (08х18н10) ba 0.8x1250x2500;8,AISI 304 (08Х18Н10) BA 0.8x1250x2500,0.8,,
Нержавеющая сталь,ЛИСТ НЕРЖАВЕЮЩИЙ,AISI 304 (08Х18Н10) BA(зеркальный) 1.2x1250x2500,ЛИСТ НЕРЖАВЕЮЩИЙ 1.2 AISI 304 (08Х18Н10) BA(зеркальный) 1.2x1250x2500,"ЛИСТ НЕРЖАВЕЮЩИЙ марки AISI 304 (08Х18Н10) BA(зеркальный) 1.2x1250x2500, размер 1.2",1.2,303069,8922,1,0,0,https://www.kavstal.ru/public/assets/images/products/LISTOVOI_PROKAT/LIST_NERZHAVEYUSHCHII/img.webp,труба обечайка;лист нержавеющий;aisi 304 (08х18н10) ba(зеркальный) 1.2x1250x2500;1;2,AISI 304 (08Х18Н10) BA(зеркальный) 1.2x1250x2500,1.2,,8922
Нержавеющая сталь,ЛИСТ НЕРЖАВЕЮЩИЙ,AISI 304 (08Х18Н10) BA+Paper (зеркало) 0.4x1000x2000,ЛИСТ НЕРЖАВЕЮЩИЙ 0.4 AISI 304 (08Х18Н10) BA+Paper (зеркало) 0.4x1000x2000,"ЛИСТ НЕРЖАВЕЮЩИЙ марки AISI 304 (08Х18Н10) BA+Paper (зеркало) 0.4x1000x2000, размер 0.4",0.4,317414,1993,1,0,0,https://www.kavstal.ru/public/assets/images/products/LISTOVOI_PROKAT/LIST_NERZHAVEYUSHCHII/img.webp,труба обечайка;лист нержавеющий;aisi 304 (08х18н10) ba+paper (зеркало) 0.4x1000x2000;4,AISI 304 (08Х18Н10) BA+Paper (зеркало) 0.4x1000x2000,0.4,,1993
Нержавеющая сталь,ЛИСТ НЕРЖАВЕЮЩИЙ,AISI 304 (08Х18Н10) BA+PE (зеркальный) 0.5x1000x2000,ЛИСТ НЕРЖАВЕЮЩИЙ 0.5 AISI 304 (08Х18Н10) BA+PE (зеркальный) 0.5x1000x2000,"ЛИСТ НЕРЖАВЕЮЩИЙ марки AISI 304 (08Х18Н10) BA+PE (зеркальный) 0.5x1000x2000, размер 0.5",0.5,310303,2482,1,0,0,https://www.kavstal.ru/public/assets/images/products/LISTOVOI_PROKAT/LIST_NERZHAVEYUSHCHII/img.webp,труба обечайка;лист нержавеющий;aisi 304 (08х18н10) ba+pe (зеркальный) 0.5x1000x2000;5,AISI 304 (08Х18Н10) BA+PE (зеркальный) 0.5x1000x2000,0.5,,2482
Нержавеющая сталь,ЛИСТ НЕРЖАВЕЮЩИЙ,AISI 304 (08Х18Н10) BA+PE (зеркальный) 0.5x1250x2500,ЛИСТ НЕРЖАВЕЮЩИЙ 0.5 AISI 304 (08Х18Н10) BA+PE (зеркальный) 0.5x1250x2500,"ЛИСТ НЕРЖАВЕЮЩИЙ марки AISI 304 (08Х18Н10) BA+PE (зеркальный) 0.5x1250x2500, размер 0.5",0.5,323676,4088,1,0,0,https://www.kavstal.ru/public/assets/images/products/LISTOVOI_PROKAT/LIST_NERZHAVEYUSHCHII/img.webp,труба обечайка;лист нержавеющий;aisi 304 (08х18н10) ba+pe (зеркальный) 0.5x1250x2500;5,AISI 304 (08Х18Н10) BA+PE (зеркальный) 0.5x1250x2500,0.5,,4088
Нержавеющая сталь,ЛИСТ НЕРЖАВЕЮЩИЙ,AISI 304 (08Х18Н10) BA+PE (зеркальный) 0.6x1000x2000,ЛИСТ НЕРЖАВЕЮЩИЙ 0.6 AISI 304 (08Х18Н10) BA+PE (зеркальный) 0.6x1000x2000,"ЛИСТ НЕРЖАВЕЮЩИЙ марки AISI 304 (08Х18Н10) BA+PE (зеркальный) 0.6x1000x2000, размер 0.6",0.6,291570,2799,1,0,0,https://www.kavstal.ru/public/assets/images/products/LISTOVOI_PROKAT/LIST_NERZHAVEYUSHCHII/img.webp,труба обечайка;лист нержавеющий;aisi 304 (08х18н10) ba+pe (зеркальный) 0.6x1000x2000;6,AISI 304 (08Х18Н10) BA+PE (зеркальный) 0.6x1000x2000,0.6,,2799
Нержавеющая сталь,ЛИСТ НЕРЖАВЕЮЩИЙ,AISI 304 (08Х18Н10) BA+PE (зеркальный) 0.7x1000x2000,ЛИСТ НЕРЖАВЕЮЩИЙ 0.7 AISI 304 (08Х18Н10) BA+PE (зеркальный) 0.7x1000x2000,"ЛИСТ НЕРЖАВЕЮЩИЙ марки AISI 304 (08Х18Н10) BA+PE (зеркальный) 0.7x1000x2000, размер 0.7",0.7,308823,3459,1,0,0,https://www.kavstal.ru/public/assets/images/products/LISTOVOI_PROKAT/LIST_NERZHAVEYUSHCHII/img.webp,труба обечайка;лист нержавеющий;aisi 304 (08х18н10) ba+pe (зеркальный) 0.7x1000x2000;7,AISI 304 (08Х18Н10) BA+PE (зеркальный) 0.7x1000x2000,0.7,,3459
Нержавеющая сталь,ЛИСТ НЕРЖАВЕЮЩИЙ,AISI 304 (08Х18Н10) BA+PE (зеркальный) 0.8x1000x2000,ЛИСТ НЕРЖАВЕЮЩИЙ 0.8 AISI 304 (08Х18Н10) BA+PE (зеркальный) 0.8x1000x2000,"ЛИСТ НЕРЖАВЕЮЩИЙ марки AISI 304 (08Х18Н10) BA+PE (зеркальный) 0.8x1000x2000, размер 0.8",0.8,299767,3837,1,0,0,https://www.kavstal.ru/public/assets/images/products/LISTOVOI_PROKAT/LIST_NERZHAVEYUSHCHII/img.webp,труба обечайка;лист нержавеющий;aisi 304 (08х18н10) ba+pe (зеркальный) 0.8x1000x2000;8,AISI 304 (08Х18Н10) BA+PE (зеркальный) 0.8x1000x2000,0.8,,3837
Нержавеющая сталь,ЛИСТ НЕРЖАВЕЮЩИЙ,AISI 304 (08Х18Н10) BA+PE (зеркальный) 0.8x1250x2500,ЛИСТ НЕРЖАВЕЮЩИЙ 0.8 AISI 304 (08Х18Н10) BA+PE (зеркальный) 0.8x1250x2500,"ЛИСТ НЕРЖАВЕЮЩИЙ марки AISI 304 (08Х18Н10) BA+PE (зеркальный) 0.8x1250x2500, размер 0.8",0.8,295079,5902,1,0,0,https://www.kavstal.ru/public/assets/images/products/LISTOVOI_PROKAT/LIST_NERZHAVEYUSHCHII/img.webp,труба обечайка;лист нержавеющий;aisi 304 (08х18н10) ba+pe (зеркальный) 0.8x1250x2500;8,AISI 304 (08Х18Н10) BA+PE (зеркальный) 0.8x1250x2500,0.8,,5902
Нержавеющая сталь,ЛИСТ НЕРЖАВЕЮЩИЙ,AISI 304 (08Х18Н10) BA+PE (зеркальный) 1.2x1250x2500,ЛИСТ НЕРЖАВЕЮЩИЙ 1.2 AISI 304 (08Х18Н10) BA+PE (зеркальный) 1.2x1250x2500,"ЛИСТ НЕРЖАВЕЮЩИЙ марки AISI 304 (08Х18Н10) BA+PE (зеркальный) 1.2x1250x2500, размер 1.2",1.2,304538,9136,1,0,0,https://www.kavstal.ru/public/assets/images/products/LISTOVOI_PROKAT/LIST_NERZHAVEYUSHCHII/img.webp,труба обечайка;лист нержавеющий;aisi 304 (08х18н10) ba+pe (зеркальный) 1.2x1250x2500;1;2,AISI 304 (08Х18Н10) BA+PE (зеркальный) 1.2x1250x2500,1.2,,9136
Нержавеющая сталь,ЛИСТ НЕРЖАВЕЮЩИЙ,AISI 304 (08Х18Н10) BA+PE (зеркальный) 1.5x1000x2000,ЛИСТ НЕРЖАВЕЮЩИЙ 1.5 AISI 304 (08Х18Н10) BA+PE (зеркальный) 1.5x1000x2000,"ЛИСТ НЕРЖАВЕЮЩИЙ марки AISI 304 (08Х18Н10) BA+PE (зеркальный) 1.5x1000x2000, размер 1.5",1.5,291570,6998,1,0,0,https://www.kavstal.ru/public/assets/images/products/LISTOVOI_PROKAT/LIST_NERZHAVEYUSHCHII/img.webp,труба обечайка;лист нержавеющий;aisi 304 (08х18н10) ba+pe (зеркальный) 1.5x1000x2000;1;5,AISI 304 (08Х18Н10) BA+PE (зеркальный) 1.5x1000x2000,1.5,,6998
Нержавеющая сталь,ЛИСТ НЕРЖАВЕЮЩИЙ,AISI 304 (08Х18Н10) BA+PE (зеркальный) 1.5x1250x2500,ЛИСТ НЕРЖАВЕЮЩИЙ 1.5 AISI 304 (08Х18Н10) BA+PE (зеркальный) 1.5x1250x2500,"ЛИСТ НЕРЖАВЕЮЩИЙ марки AISI 304 (08Х18Н10) BA+PE (зеркальный) 1.5x1250x2500, размер 1.5",1.5,296258,11110,1,0,0,https://www.kavstal.ru/public/assets/images/products/LISTOVOI_PROKAT/LIST_NERZHAVEYUSHCHII/img.webp,труба обечайка;лист нержавеющий;aisi 304 (08х18н10) ba+pe (зеркальный) 1.5x1250x2500;1;5,AISI 304 (08Х18Н10) BA+PE (зеркальный) 1.5x1250x2500,1.5,,11110
Нержавеющая сталь,ЛИСТ НЕРЖАВЕЮЩИЙ,AISI 304 (08Х18Н10) BA+PE (зеркальный) 1x1000x2000,ЛИСТ НЕРЖАВЕЮЩИЙ 1 AISI 304 (08Х18Н10) BA+PE (зеркальный) 1x1000x2000,"ЛИСТ НЕРЖАВЕЮЩИЙ марки AISI 304 (08Х18Н10) BA+PE (зеркальный) 1x1000x2000, размер 1",1,304228,4868,1,0,0,https://www.kavstal.ru/public/assets/images/products/LISTOVOI_PROKAT/LIST_NERZHAVEYUSHCHII/img.webp,труба обечайка;лист нержавеющий;aisi 304 (08х18н10) ba+pe (зеркальный) 1x1000x2000;1,AISI 304 (08Х18Н10) BA+PE (зеркальный) 1x1000x2000,1,,4868
Нержавеющая сталь,ЛИСТ НЕРЖАВЕЮЩИЙ,AISI 304 (08Х18Н10) BA+PE (зеркальный) 1x1250x2500,ЛИСТ НЕРЖАВЕЮЩИЙ 1 AISI 304 (08Х18Н10) BA+PE (зеркальный) 1x1250x2500,"ЛИСТ НЕРЖАВЕЮЩИЙ марки AISI 304 (08Х18Н10) BA+PE (зеркальный) 1x1250x2500, размер 1",1,296258,7406,1,0,0,https://www.kavstal.ru/public/assets/images/products/LISTOVOI_PROKAT/LIST_NERZHAVEYUSHCHII/img.webp,труба обечайка;лист нержавеющий;aisi 304 (08х18н10) ba+pe (зеркальный) 1x1250x2500;1,AISI 304 (08Х18Н10) BA+PE (зеркальный) 1x1250x2500,1,,7406
Нержавеющая сталь,ЛИСТ НЕРЖАВЕЮЩИЙ,AISI 304 (08Х18Н10) BA+PE (зеркальный) 1x1500x3000,ЛИСТ НЕРЖАВЕЮЩИЙ 1 AISI 304 (08Х18Н10) BA+PE (зеркальный) 1x1500x3000,"ЛИСТ НЕРЖАВЕЮЩИЙ марки AISI 304 (08Х18Н10) BA+PE (зеркальный) 1x1500x3000, размер 1",1,314982,11339,1,0,0,https://www.kavstal.ru/public/assets/images/products/LISTOVOI_PROKAT/LIST_NERZHAVEYUSHCHII/img.webp,труба обечайка;лист нержавеющий;aisi 304 (08х18н10) ba+pe (зеркальный) 1x1500x3000;1,AISI 304 (08Х18Н10) BA+PE (зеркальный) 1x1500x3000,1,,11339
Нержавеющая сталь,ЛИСТ НЕРЖАВЕЮЩИЙ,AISI 304 (08Х18Н10) BA+PE (зеркальный) 2x1250x2500,ЛИСТ НЕРЖАВЕЮЩИЙ 2 AISI 304 (08Х18Н10) BA+PE (зеркальный) 2x1250x2500,"ЛИСТ НЕРЖАВЕЮЩИЙ марки AISI 304 (08Х18Н10) BA+PE (зеркальный) 2x1250x2500, размер 2",2,296797,14840,1,0,0,https://www.kavstal.ru/public/assets/images/products/LISTOVOI_PROKAT/LIST_NERZHAVEYUSHCHII/img.webp,труба обечайка;лист нержавеющий;aisi 304 (08х18н10) ba+pe (зеркальный) 2x1250x2500;2,AISI 304 (08Х18Н10) BA+PE (зеркальный) 2x1250x2500,2,,14840
Нержавеющая сталь,ЛИСТ НЕРЖАВЕЮЩИЙ,AISI 304 (08Х18Н10) BA+PE (зеркальный) 3x1250x2500,ЛИСТ НЕРЖАВЕЮЩИЙ 3 AISI 304 (08Х18Н10) BA+PE (зеркальный) 3x1250x2500,"ЛИСТ НЕРЖАВЕЮЩИЙ марки AISI 304 (08Х18Н10) BA+PE (зеркальный) 3x1250x2500, размер 3",3,339594,25470,1,0,0,https://www.kavstal.ru/public/assets/images/products/LISTOVOI_PROKAT/LIST_NERZHAVEYUSHCHII/img.webp,труба обечайка;лист нержавеющий;aisi 304 (08х18н10) ba+pe (зеркальный) 3x1250x2500;3,AISI 304 (08Х18Н10) BA+PE (зеркальный) 3x1250x2500,3,,25470
Нержавеющая сталь,ЛИСТ НЕРЖАВЕЮЩИЙ,AISI 304 (08Х18Н10) DECO1+PE 0.8x1250x2500,ЛИСТ НЕРЖАВЕЮЩИЙ 0.8 AISI 304 (08Х18Н10) DECO1+PE 0.8x1250x2500,"ЛИСТ НЕРЖАВЕЮЩИЙ марки AISI 304 (08Х18Н10) DECO1+PE 0.8x1250x2500, размер 0.8",0.8,304445,т,1,0,0,https://www.kavstal.ru/public/assets/images/products/LISTOVOI_PROKAT/LIST_NERZHAVEYUSHCHII/img.webp,труба обечайка;лист нержавеющий;aisi 304 (08х18н10) deco1+pe 0.8x1250x2500;8,AISI 304 (08Х18Н10) DECO1+PE 0.8x1250x2500,0.8,,
Нержавеющая сталь,ЛИСТ НЕРЖАВЕЮЩИЙ,AISI 304 (08Х18Н10) DECO1+PE 1.5x1250x2500,ЛИСТ НЕРЖАВЕЮЩИЙ 1.5 AISI 304 (08Х18Н10) DECO1+PE 1.5x1250x2500,"ЛИСТ НЕРЖАВЕЮЩИЙ марки AISI 304 (08Х18Н10) DECO1+PE 1.5x1250x2500, размер 1.5",1.5,310303,11636,1,0,0,https://www.kavstal.ru/public/assets/images/products/LISTOVOI_PROKAT/LIST_NERZHAVEYUSHCHII/img.webp,труба обечайка;лист нержавеющий;aisi 304 (08х18н10) deco1+pe 1.5x1250x2500;1;5,AISI 304 (08Х18Н10) DECO1+PE 1.5x1250x2500,1.5,,11636
Нержавеющая сталь,ЛИСТ НЕРЖАВЕЮЩИЙ,AISI 304 (08Х18Н10) DECO1+PE 1x1250x2500,ЛИСТ НЕРЖАВЕЮЩИЙ 1 AISI 304 (08Х18Н10) DECO1+PE 1x1250x2500,"ЛИСТ НЕРЖАВЕЮЩИЙ марки AISI 304 (08Х18Н10) DECO1+PE 1x1250x2500, размер 1",1,311442,т,1,0,0,https://www.kavstal.ru/public/assets/images/products/LISTOVOI_PROKAT/LIST_NERZHAVEYUSHCHII/img.webp,труба обечайка;лист нержавеющий;aisi 304 (08х18н10) deco1+pe 1x1250x2500;1,AISI 304 (08Х18Н10) DECO1+PE 1x1250x2500,1,,
Нержавеющая сталь,ЛИСТ НЕРЖАВЕЮЩИЙ,AISI 304 (08Х18Н10) DECO8+PE 0.8x1250x2500,ЛИСТ НЕРЖАВЕЮЩИЙ 0.8 AISI 304 (08Х18Н10) DECO8+PE 0.8x1250x2500,"ЛИСТ НЕРЖАВЕЮЩИЙ марки AISI 304 (08Х18Н10) DECO8+PE 0.8x1250x2500, размер 0.8",0.8,304445,5967,1,0,0,https://www.kavstal.ru/public/assets/images/products/LISTOVOI_PROKAT/LIST_NERZHAVEYUSHCHII/img.webp,труба обечайка;лист нержавеющий;aisi 304 (08х18н10) deco8+pe 0.8x1250x2500;8,AISI 304 (08Х18Н10) DECO8+PE 0.8x1250x2500,0.8,,5967
Нержавеющая сталь,ЛИСТ НЕРЖАВЕЮЩИЙ,AISI 304 (08Х18Н10) DECO8+PE 1.5x1250x2500,ЛИСТ НЕРЖАВЕЮЩИЙ 1.5 AISI 304 (08Х18Н10) DECO8+PE 1.5x1250x2500,"ЛИСТ НЕРЖАВЕЮЩИЙ марки AISI 304 (08Х18Н10) DECO8+PE 1.5x1250x2500, размер 1.5",1.5,310303,11636,1,0,0,https://www.kavstal.ru/public/assets/images/products/LISTOVOI_PROKAT/LIST_NERZHAVEYUSHCHII/img.webp,труба обечайка;лист нержавеющий;aisi 304 (08х18н10) deco8+pe 1.5x1250x2500;1;5,AISI 304 (08Х18Н10) DECO8+PE 1.5x1250x2500,1.5,,11636
Нержавеющая сталь,ЛИСТ НЕРЖАВЕЮЩИЙ,AISI 304 (08Х18Н10) DECO8+PE 1x1250x2500,ЛИСТ НЕРЖАВЕЮЩИЙ 1 AISI 304 (08Х18Н10) DECO8+PE 1x1250x2500,"ЛИСТ НЕРЖАВЕЮЩИЙ марки AISI 304 (08Х18Н10) DECO8+PE 1x1250x2500, размер 1",1,310303,7758,1,0,0,https://www.kavstal.ru/public/assets/images/products/LISTOVOI_PROKAT/LIST_NERZHAVEYUSHCHII/img.webp,труба обечайка;лист нержавеющий;aisi 304 (08х18н10) deco8+pe 1x1250x2500;1,AISI 304 (08Х18Н10) DECO8+PE 1x1250x2500,1,,7758
Нержавеющая сталь,ЛИСТ НЕРЖАВЕЮЩИЙ,AISI 304 (08Х18Н10) DECO9+PE 0.8x1250x2500,ЛИСТ НЕРЖАВЕЮЩИЙ 0.8 AISI 304 (08Х18Н10) DECO9+PE 0.8x1250x2500,"ЛИСТ НЕРЖАВЕЮЩИЙ марки AISI 304 (08Х18Н10) DECO9+PE 0.8x1250x2500, размер 0.8",0.8,304445,5967,1,0,0,https://www.kavstal.ru/public/assets/images/products/LISTOVOI_PROKAT/LIST_NERZHAVEYUSHCHII/img.webp,труба обечайка;лист нержавеющий;aisi 304 (08х18н10) deco9+pe 0.8x1250x2500;8,AISI 304 (08Х18Н10) DECO9+PE 0.8x1250x2500,0.8,,5967
Нержавеющая сталь,ЛИСТ НЕРЖАВЕЮЩИЙ,AISI 304 (08Х18Н10) DECO9+PE 1.5x1250x2500,ЛИСТ НЕРЖАВЕЮЩИЙ 1.5 AISI 304 (08Х18Н10) DECO9+PE 1.5x1250x2500,"ЛИСТ НЕРЖАВЕЮЩИЙ марки AISI 304 (08Х18Н10) DECO9+PE 1.5x1250x2500, размер 1.5",1.5,310303,11636,1,0,0,https://www.kavstal.ru/public/assets/images/products/LISTOVOI_PROKAT/LIST_NERZHAVEYUSHCHII/img.webp,труба обечайка;лист нержавеющий;aisi 304 (08х18н10) deco9+pe 1.5x1250x2500;1;5,AISI 304 (08Х18Н10) DECO9+PE 1.5x1250x2500,1.5,,11636
Нержавеющая сталь,ЛИСТ НЕРЖАВЕЮЩИЙ,AISI 304 (08Х18Н10) DECO9+PE 1x1250x2500,ЛИСТ НЕРЖАВЕЮЩИЙ 1 AISI 304 (08Х18Н10) DECO9+PE 1x1250x2500,"ЛИСТ НЕРЖАВЕЮЩИЙ марки AISI 304 (08Х18Н10) DECO9+PE 1x1250x2500, размер 1",1,310303,7758,1,0,0,https://www.kavstal.ru/public/assets/images/products/LISTOVOI_PROKAT/LIST_NERZHAVEYUSHCHII/img.webp,труба обечайка;лист нержавеющий;aisi 304 (08х18н10) deco9+pe 1x1250x2500;1,AISI 304 (08Х18Н10) DECO9+PE 1x1250x2500,1,,7758
Нержавеющая сталь,ЛИСТ НЕРЖАВЕЮЩИЙ,AISI 304L (03Х18Н11) 2B (матовый) 0.93x1000x2000,ЛИСТ НЕРЖАВЕЮЩИЙ 0.93 AISI 304L (03Х18Н11) 2B (матовый) 0.93x1000x2000,"ЛИСТ НЕРЖАВЕЮЩИЙ марки AISI 304L (03Х18Н11) 2B (матовый) 0.93x1000x2000, размер 0.93",0.93,268293,т,1,0,0,https://www.kavstal.ru/public/assets/images/products/LISTOVOI_PROKAT/LIST_NERZHAVEYUSHCHII/img.webp,труба обечайка;лист нержавеющий;aisi 304l (03х18н11) 2b (матовый) 0.93x1000x2000;93,AISI 304L (03Х18Н11) 2B (матовый) 0.93x1000x2000,0.93,,
Нержавеющая сталь,ЛИСТ НЕРЖАВЕЮЩИЙ,AISI 304L (03Х18Н11) 2B (матовый) 1.85x1500x3000,ЛИСТ НЕРЖАВЕЮЩИЙ 1.85 AISI 304L (03Х18Н11) 2B (матовый) 1.85x1500x3000,"ЛИСТ НЕРЖАВЕЮЩИЙ марки AISI 304L (03Х18Н11) 2B (матовый) 1.85x1500x3000, размер 1.85",1.85,269431,т,1,0,0,https://www.kavstal.ru/public/assets/images/products/LISTOVOI_PROKAT/LIST_NERZHAVEYUSHCHII/img.webp,труба обечайка;лист нержавеющий;aisi 304l (03х18н11) 2b (матовый) 1.85x1500x3000;1;85,AISI 304L (03Х18Н11) 2B (матовый) 1.85x1500x3000,1.85,,
Нержавеющая сталь,ЛИСТ НЕРЖАВЕЮЩИЙ,AISI 304L (03Х18Н11) 2B (матовый) 2.38x1500x3000,ЛИСТ НЕРЖАВЕЮЩИЙ 2.38 AISI 304L (03Х18Н11) 2B (матовый) 2.38x1500x3000,"ЛИСТ НЕРЖАВЕЮЩИЙ марки AISI 304L (03Х18Н11) 2B (матовый) 2.38x1500x3000, размер 2.38",2.38,279657,23462,1,0,0,https://www.kavstal.ru/public/assets/images/products/LISTOVOI_PROKAT/LIST_NERZHAVEYUSHCHII/img.webp,труба обечайка;лист нержавеющий;aisi 304l (03х18н11) 2b (матовый) 2.38x1500x3000;2;38,AISI 304L (03Х18Н11) 2B (матовый) 2.38x1500x3000,2.38,,23462
Нержавеющая сталь,ЛИСТ НЕРЖАВЕЮЩИЙ,AISI 310S 2B (матовый) 0.8x1000x2000,ЛИСТ НЕРЖАВЕЮЩИЙ 0.8 AISI 310S 2B (матовый) 0.8x1000x2000,"ЛИСТ НЕРЖАВЕЮЩИЙ марки AISI 310S 2B (матовый) 0.8x1000x2000, размер 0.8",0.8,674013,8627,1,0,0,https://www.kavstal.ru/public/assets/images/products/LISTOVOI_PROKAT/LIST_NERZHAVEYUSHCHII/img.webp,труба обечайка;лист нержавеющий;aisi 310s 2b (матовый) 0.8x1000x2000;8,AISI 310S 2B (матовый) 0.8x1000x2000,0.8,,8627
Нержавеющая сталь,ЛИСТ НЕРЖАВЕЮЩИЙ,AISI 310S 2B (матовый) 0.8x1250x2500,ЛИСТ НЕРЖАВЕЮЩИЙ 0.8 AISI 310S 2B (матовый) 0.8x1250x2500,"ЛИСТ НЕРЖАВЕЮЩИЙ марки AISI 310S 2B (матовый) 0.8x1250x2500, размер 0.8",0.8,674013,13480,1,0,0,https://www.kavstal.ru/public/assets/images/products/LISTOVOI_PROKAT/LIST_NERZHAVEYUSHCHII/img.webp,труба обечайка;лист нержавеющий;aisi 310s 2b (матовый) 0.8x1250x2500;8,AISI 310S 2B (матовый) 0.8x1250x2500,0.8,,13480
Нержавеющая сталь,ЛИСТ НЕРЖАВЕЮЩИЙ,AISI 310S 2B (матовый) 1.5x1250x2500,ЛИСТ НЕРЖАВЕЮЩИЙ 1.5 AISI 310S 2B (матовый) 1.5x1250x2500,"ЛИСТ НЕРЖАВЕЮЩИЙ марки AISI 310S 2B (матовый) 1.5x1250x2500, размер 1.5",1.5,674013,24938,1,0,0,https://www.kavstal.ru/public/assets/images/products/LISTOVOI_PROKAT/LIST_NERZHAVEYUSHCHII/img.webp,труба обечайка;лист нержавеющий;aisi 310s 2b (матовый) 1.5x1250x2500;1;5,AISI 310S 2B (матовый) 1.5x1250x2500,1.5,,24938
Нержавеющая сталь,ЛИСТ НЕРЖАВЕЮЩИЙ,AISI 310S 2B (матовый) 1x1000x2000,ЛИСТ НЕРЖАВЕЮЩИЙ 1 AISI 310S 2B (матовый) 1x1000x2000,"ЛИСТ НЕРЖАВЕЮЩИЙ марки AISI 310S 2B (матовый) 1x1000x2000, размер 1",1,674013,10784,1,0,0,https://www.kavstal.ru/public/assets/images/products/LISTOVOI_PROKAT/LIST_NERZHAVEYUSHCHII/img.webp,труба обечайка;лист нержавеющий;aisi 310s 2b (матовый) 1x1000x2000;1,AISI 310S 2B (матовый) 1x1000x2000,1,,10784
Нержавеющая сталь,ЛИСТ НЕРЖАВЕЮЩИЙ,AISI 310S 2B (матовый) 1x1250x2500,ЛИСТ НЕРЖАВЕЮЩИЙ 1 AISI 310S 2B (матовый) 1x1250x2500,"ЛИСТ НЕРЖАВЕЮЩИЙ марки AISI 310S 2B (матовый) 1x1250x2500, размер 1",1,674013,16850,1,0,0,https://www.kavstal.ru/public/assets/images/products/LISTOVOI_PROKAT/LIST_NERZHAVEYUSHCHII/img.webp,труба обечайка;лист нержавеющий;aisi 310s 2b (матовый) 1x1250x2500;1,AISI 310S 2B (матовый) 1x1250x2500,1,,16850
Нержавеющая сталь,ЛИСТ НЕРЖАВЕЮЩИЙ,AISI 310S 2B (матовый) 2x1000x2000,ЛИСТ НЕРЖАВЕЮЩИЙ 2 AISI 310S 2B (матовый) 2x1000x2000,"ЛИСТ НЕРЖАВЕЮЩИЙ марки AISI 310S 2B (матовый) 2x1000x2000, размер 2",2,674013,21568,1,0,0,https://www.kavstal.ru/public/assets/images/products/LISTOVOI_PROKAT/LIST_NERZHAVEYUSHCHII/img.webp,труба обечайка;лист нержавеющий;aisi 310s 2b (матовый) 2x1000x2000;2,AISI 310S 2B (матовый) 2x1000x2000,2,,21568
Нержавеющая сталь,ЛИСТ НЕРЖАВЕЮЩИЙ,AISI 310S 2B (матовый) 2x1250x2500,ЛИСТ НЕРЖАВЕЮЩИЙ 2 AISI 310S 2B (матовый) 2x1250x2500,"ЛИСТ НЕРЖАВЕЮЩИЙ марки AISI 310S 2B (матовый) 2x1250x2500, размер 2",2,674013,33701,1,0,0,https://www.kavstal.ru/public/assets/images/products/LISTOVOI_PROKAT/LIST_NERZHAVEYUSHCHII/img.webp,труба обечайка;лист нержавеющий;aisi 310s 2b (матовый) 2x1250x2500;2,AISI 310S 2B (матовый) 2x1250x2500,2,,33701
Нержавеющая сталь,ЛИСТ НЕРЖАВЕЮЩИЙ,AISI 310S 2B (матовый) 3x1000x2000,ЛИСТ НЕРЖАВЕЮЩИЙ 3 AISI 310S 2B (матовый) 3x1000x2000,"ЛИСТ НЕРЖАВЕЮЩИЙ марки AISI 310S 2B (матовый) 3x1000x2000, размер 3",3,674013,32353,1,0,0,https://www.kavstal.ru/public/assets/images/products/LISTOVOI_PROKAT/LIST_NERZHAVEYUSHCHII/img.webp,труба обечайка;лист нержавеющий;aisi 310s 2b (матовый) 3x1000x2000;3,AISI 310S 2B (матовый) 3x1000x2000,3,,32353
Нержавеющая сталь,ЛИСТ НЕРЖАВЕЮЩИЙ,AISI 310S 2B (матовый) 3x1250x2500,ЛИСТ НЕРЖАВЕЮЩИЙ 3 AISI 310S 2B (матовый) 3x1250x2500,"ЛИСТ НЕРЖАВЕЮЩИЙ марки AISI 310S 2B (матовый) 3x1250x2500, размер 3",3,674013,50551,1,0,0,https://www.kavstal.ru/public/assets/images/products/LISTOVOI_PROKAT/LIST_NERZHAVEYUSHCHII/img.webp,труба обечайка;лист нержавеющий;aisi 310s 2b (матовый) 3x1250x2500;3,AISI 310S 2B (матовый) 3x1250x2500,3,,50551
Нержавеющая сталь,ЛИСТ НЕРЖАВЕЮЩИЙ,AISI 316L 2B (матовый) 0.5x1000x2000,ЛИСТ НЕРЖАВЕЮЩИЙ 0.5 AISI 316L 2B (матовый) 0.5x1000x2000,"ЛИСТ НЕРЖАВЕЮЩИЙ марки AISI 316L 2B (матовый) 0.5x1000x2000, размер 0.5",0.5,479805,т,1,0,0,https://www.kavstal.ru/public/assets/images/products/LISTOVOI_PROKAT/LIST_NERZHAVEYUSHCHII/img.webp,труба обечайка;лист нержавеющий;aisi 316l 2b (матовый) 0.5x1000x2000;5,AISI 316L 2B (матовый) 0.5x1000x2000,0.5,,
Нержавеющая сталь,ЛИСТ НЕРЖАВЕЮЩИЙ,AISI 316L 2B (матовый) 0.5x1000x2000,ЛИСТ НЕРЖАВЕЮЩИЙ 0.5 AISI 316L 2B (матовый) 0.5x1000x2000,"ЛИСТ НЕРЖАВЕЮЩИЙ марки AISI 316L 2B (матовый) 0.5x1000x2000, размер 0.5",0.5,479805,3838,1,0,0,https://www.kavstal.ru/public/assets/images/products/LISTOVOI_PROKAT/LIST_NERZHAVEYUSHCHII/img.webp,труба обечайка;лист нержавеющий;aisi 316l 2b (матовый) 0.5x1000x2000;5,AISI 316L 2B (матовый) 0.5x1000x2000,0.5,,3838
Нержавеющая сталь,ЛИСТ НЕРЖАВЕЮЩИЙ,AISI 316L 2B (матовый) 0.5x1250x2500,ЛИСТ НЕРЖАВЕЮЩИЙ 0.5 AISI 316L 2B (матовый) 0.5x1250x2500,"ЛИСТ НЕРЖАВЕЮЩИЙ марки AISI 316L 2B (матовый) 0.5x1250x2500, размер 0.5",0.5,479805,т,1,0,0,https://www.kavstal.ru/public/assets/images/products/LISTOVOI_PROKAT/LIST_NERZHAVEYUSHCHII/img.webp,труба обечайка;лист нержавеющий;aisi 316l 2b (матовый) 0.5x1250x2500;5,AISI 316L 2B (матовый) 0.5x1250x2500,0.5,,
Нержавеющая сталь,ЛИСТ НЕРЖАВЕЮЩИЙ,AISI 316L 2B (матовый) 0.5x1250x2500,ЛИСТ НЕРЖАВЕЮЩИЙ 0.5 AISI 316L 2B (матовый) 0.5x1250x2500,"ЛИСТ НЕРЖАВЕЮЩИЙ марки AISI 316L 2B (матовый) 0.5x1250x2500, размер 0.5",0.5,479805,5998,1,0,0,https://www.kavstal.ru/public/assets/images/products/LISTOVOI_PROKAT/LIST_NERZHAVEYUSHCHII/img.webp,труба обечайка;лист нержавеющий;aisi 316l 2b (матовый) 0.5x1250x2500;5,AISI 316L 2B (матовый) 0.5x1250x2500,0.5,,5998
Нержавеющая сталь,ЛИСТ НЕРЖАВЕЮЩИЙ,AISI 316L 2B (матовый) 0.5x40x?,ЛИСТ НЕРЖАВЕЮЩИЙ 0.5 AISI 316L 2B (матовый) 0.5x40x?,"ЛИСТ НЕРЖАВЕЮЩИЙ марки AISI 316L 2B (матовый) 0.5x40x?, размер 0.5",0.5,722316,т,1,0,0,https://www.kavstal.ru/public/assets/images/products/LISTOVOI_PROKAT/LIST_NERZHAVEYUSHCHII/img.webp,труба обечайка;лист нержавеющий;aisi 316l 2b (матовый) 0.5x40x?;5,AISI 316L 2B (матовый) 0.5x40x?,0.5,,
Нержавеющая сталь,ЛИСТ НЕРЖАВЕЮЩИЙ,AISI 316L 2B (матовый) 0.6x1250x?,ЛИСТ НЕРЖАВЕЮЩИЙ 0.6 AISI 316L 2B (матовый) 0.6x1250x?,"ЛИСТ НЕРЖАВЕЮЩИЙ марки AISI 316L 2B (матовый) 0.6x1250x?, размер 0.6",0.6,479805,т,1,0,0,https://www.kavstal.ru/public/assets/images/products/LISTOVOI_PROKAT/LIST_NERZHAVEYUSHCHII/img.webp,труба обечайка;лист нержавеющий;aisi 316l 2b (матовый) 0.6x1250x?;6,AISI 316L 2B (матовый) 0.6x1250x?,0.6,,
Нержавеющая сталь,ЛИСТ НЕРЖАВЕЮЩИЙ,AISI 316L 2B (матовый) 0.6x1250x2500,ЛИСТ НЕРЖАВЕЮЩИЙ 0.6 AISI 316L 2B (матовый) 0.6x1250x2500,"ЛИСТ НЕРЖАВЕЮЩИЙ марки AISI 316L 2B (матовый) 0.6x1250x2500, размер 0.6",0.6,479805,7197,1,0,0,https://www.kavstal.ru/public/assets/images/products/LISTOVOI_PROKAT/LIST_NERZHAVEYUSHCHII/img.webp,труба обечайка;лист нержавеющий;aisi 316l 2b (матовый) 0.6x1250x2500;6,AISI 316L 2B (матовый) 0.6x1250x2500,0.6,,7197
Нержавеющая сталь,ЛИСТ НЕРЖАВЕЮЩИЙ,AISI 316L 2B (матовый) 0.7x1000x2000,ЛИСТ НЕРЖАВЕЮЩИЙ 0.7 AISI 316L 2B (матовый) 0.7x1000x2000,"ЛИСТ НЕРЖАВЕЮЩИЙ марки AISI 316L 2B (матовый) 0.7x1000x2000, размер 0.7",0.7,468389,5246,1,0,0,https://www.kavstal.ru/public/assets/images/products/LISTOVOI_PROKAT/LIST_NERZHAVEYUSHCHII/img.webp,труба обечайка;лист нержавеющий;aisi 316l 2b (матовый) 0.7x1000x2000;7,AISI 316L 2B (матовый) 0.7x1000x2000,0.7,,5246
Нержавеющая сталь,ЛИСТ НЕРЖАВЕЮЩИЙ,AISI 316L 2B (матовый) 0.8x1000x2000,ЛИСТ НЕРЖАВЕЮЩИЙ 0.8 AISI 316L 2B (матовый) 0.8x1000x2000,"ЛИСТ НЕРЖАВЕЮЩИЙ марки AISI 316L 2B (матовый) 0.8x1000x2000, размер 0.8",0.8,468389,5995,1,0,0,https://www.kavstal.ru/public/assets/images/products/LISTOVOI_PROKAT/LIST_NERZHAVEYUSHCHII/img.webp,труба обечайка;лист нержавеющий;aisi 316l 2b (матовый) 0.8x1000x2000;8,AISI 316L 2B (матовый) 0.8x1000x2000,0.8,,5995
Нержавеющая сталь,ЛИСТ НЕРЖАВЕЮЩИЙ,AISI 316L 2B (матовый) 0.8x1250x2500,ЛИСТ НЕРЖАВЕЮЩИЙ 0.8 AISI 316L 2B (матовый) 0.8x1250x2500,"ЛИСТ НЕРЖАВЕЮЩИЙ марки AISI 316L 2B (матовый) 0.8x1250x2500, размер 0.8",0.8,468389,9368,1,0,0,https://www.kavstal.ru/public/assets/images/products/LISTOVOI_PROKAT/LIST_NERZHAVEYUSHCHII/img.webp,труба обечайка;лист нержавеющий;aisi 316l 2b (матовый) 0.8x1250x2500;8,AISI 316L 2B (матовый) 0.8x1250x2500,0.8,,9368
Нержавеющая сталь,ЛИСТ НЕРЖАВЕЮЩИЙ,AISI 316L 2B (матовый) 1.2x1250x2500,ЛИСТ НЕРЖАВЕЮЩИЙ 1.2 AISI 316L 2B (матовый) 1.2x1250x2500,"ЛИСТ НЕРЖАВЕЮЩИЙ марки AISI 316L 2B (матовый) 1.2x1250x2500, размер 1.2",1.2,542640,16279,1,0,0,https://www.kavstal.ru/public/assets/images/products/LISTOVOI_PROKAT/LIST_NERZHAVEYUSHCHII/img.webp,труба обечайка;лист нержавеющий;aisi 316l 2b (матовый) 1.2x1250x2500;1;2,AISI 316L 2B (матовый) 1.2x1250x2500,1.2,,16279
Нержавеющая сталь,ЛИСТ НЕРЖАВЕЮЩИЙ,AISI 316L 2B (матовый) 1.5x1250x2500,ЛИСТ НЕРЖАВЕЮЩИЙ 1.5 AISI 316L 2B (матовый) 1.5x1250x2500,"ЛИСТ НЕРЖАВЕЮЩИЙ марки AISI 316L 2B (матовый) 1.5x1250x2500, размер 1.5",1.5,498404,18690,1,0,0,https://www.kavstal.ru/public/assets/images/products/LISTOVOI_PROKAT/LIST_NERZHAVEYUSHCHII/img.webp,труба обечайка;лист нержавеющий;aisi 316l 2b (матовый) 1.5x1250x2500;1;5,AISI 316L 2B (матовый) 1.5x1250x2500,1.5,,18690
Нержавеющая сталь,ЛИСТ НЕРЖАВЕЮЩИЙ,AISI 316L 2B (матовый) 1.5x1500x3000,ЛИСТ НЕРЖАВЕЮЩИЙ 1.5 AISI 316L 2B (матовый) 1.5x1500x3000,"ЛИСТ НЕРЖАВЕЮЩИЙ марки AISI 316L 2B (матовый) 1.5x1500x3000, размер 1.5",1.5,512325,27666,1,0,0,https://www.kavstal.ru/public/assets/images/products/LISTOVOI_PROKAT/LIST_NERZHAVEYUSHCHII/img.webp,труба обечайка;лист нержавеющий;aisi 316l 2b (матовый) 1.5x1500x3000;1;5,AISI 316L 2B (матовый) 1.5x1500x3000,1.5,,27666
Нержавеющая сталь,ЛИСТ НЕРЖАВЕЮЩИЙ,AISI 316L 2B (матовый) 1x1000x2000,ЛИСТ НЕРЖАВЕЮЩИЙ 1 AISI 316L 2B (матовый) 1x1000x2000,"ЛИСТ НЕРЖАВЕЮЩИЙ марки AISI 316L 2B (матовый) 1x1000x2000, размер 1",1,468389,7494,1,0,0,https://www.kavstal.ru/public/assets/images/products/LISTOVOI_PROKAT/LIST_NERZHAVEYUSHCHII/img.webp,труба обечайка;лист нержавеющий;aisi 316l 2b (матовый) 1x1000x2000;1,AISI 316L 2B (матовый) 1x1000x2000,1,,7494
Нержавеющая сталь,ЛИСТ НЕРЖАВЕЮЩИЙ,AISI 316L 2B (матовый) 1x1250x2500,ЛИСТ НЕРЖАВЕЮЩИЙ 1 AISI 316L 2B (матовый) 1x1250x2500,"ЛИСТ НЕРЖАВЕЮЩИЙ марки AISI 316L 2B (матовый) 1x1250x2500, размер 1",1,512325,12808,1,0,0,https://www.kavstal.ru/public/assets/images/products/LISTOVOI_PROKAT/LIST_NERZHAVEYUSHCHII/img.webp,труба обечайка;лист нержавеющий;aisi 316l 2b (матовый) 1x1250x2500;1,AISI 316L 2B (матовый) 1x1250x2500,1,,12808
Нержавеющая сталь,ЛИСТ НЕРЖАВЕЮЩИЙ,AISI 316L 2B (матовый) 1x90x?,ЛИСТ НЕРЖАВЕЮЩИЙ 1 AISI 316L 2B (матовый) 1x90x?,"ЛИСТ НЕРЖАВЕЮЩИЙ марки AISI 316L 2B (матовый) 1x90x?, размер 1",1,468389,т,1,0,0,https://www.kavstal.ru/public/assets/images/products/LISTOVOI_PROKAT/LIST_NERZHAVEYUSHCHII/img.webp,труба обечайка;лист нержавеющий;aisi 316l 2b (матовый) 1x90x?;1,AISI 316L 2B (матовый) 1x90x?,1,,
Нержавеющая сталь,ЛИСТ НЕРЖАВЕЮЩИЙ,AISI 316L 2B (матовый) 2.5x1500x3000,ЛИСТ НЕРЖАВЕЮЩИЙ 2.5 AISI 316L 2B (матовый) 2.5x1500x3000,"ЛИСТ НЕРЖАВЕЮЩИЙ марки AISI 316L 2B (матовый) 2.5x1500x3000, размер 2.5",2.5,531214,47809,1,0,0,https://www.kavstal.ru/public/assets/images/products/LISTOVOI_PROKAT/LIST_NERZHAVEYUSHCHII/img.webp,труба обечайка;лист нержавеющий;aisi 316l 2b (матовый) 2.5x1500x3000;2;5,AISI 316L 2B (матовый) 2.5x1500x3000,2.5,,47809
Нержавеющая сталь,ЛИСТ НЕРЖАВЕЮЩИЙ,AISI 316L 2B (матовый) 2x1500x3000,ЛИСТ НЕРЖАВЕЮЩИЙ 2 AISI 316L 2B (матовый) 2x1500x3000,"ЛИСТ НЕРЖАВЕЮЩИЙ марки AISI 316L 2B (матовый) 2x1500x3000, размер 2",2,526391,37900,1,0,0,https://www.kavstal.ru/public/assets/images/products/LISTOVOI_PROKAT/LIST_NERZHAVEYUSHCHII/img.webp,труба обечайка;лист нержавеющий;aisi 316l 2b (матовый) 2x1500x3000;2,AISI 316L 2B (матовый) 2x1500x3000,2,,37900
Нержавеющая сталь,ЛИСТ НЕРЖАВЕЮЩИЙ,AISI 316L 2B (матовый) 3x1000x2000,ЛИСТ НЕРЖАВЕЮЩИЙ 3 AISI 316L 2B (матовый) 3x1000x2000,"ЛИСТ НЕРЖАВЕЮЩИЙ марки AISI 316L 2B (матовый) 3x1000x2000, размер 3",3,525511,25225,1,0,0,https://www.kavstal.ru/public/assets/images/products/LISTOVOI_PROKAT/LIST_NERZHAVEYUSHCHII/img.webp,труба обечайка;лист нержавеющий;aisi 316l 2b (матовый) 3x1000x2000;3,AISI 316L 2B (матовый) 3x1000x2000,3,,25225
Нержавеющая сталь,ЛИСТ НЕРЖАВЕЮЩИЙ,AISI 316L 2B (матовый) 3x1250x2500,ЛИСТ НЕРЖАВЕЮЩИЙ 3 AISI 316L 2B (матовый) 3x1250x2500,"ЛИСТ НЕРЖАВЕЮЩИЙ марки AISI 316L 2B (матовый) 3x1250x2500, размер 3",3,548550,41141,1,0,0,https://www.kavstal.ru/public/assets/images/products/LISTOVOI_PROKAT/LIST_NERZHAVEYUSHCHII/img.webp,труба обечайка;лист нержавеющий;aisi 316l 2b (матовый) 3x1250x2500;3,AISI 316L 2B (матовый) 3x1250x2500,3,,41141
Нержавеющая сталь,ЛИСТ НЕРЖАВЕЮЩИЙ,AISI 316L 2B (матовый) 3x1500x3000,ЛИСТ НЕРЖАВЕЮЩИЙ 3 AISI 316L 2B (матовый) 3x1500x3000,"ЛИСТ НЕРЖАВЕЮЩИЙ марки AISI 316L 2B (матовый) 3x1500x3000, размер 3",3,604792,65318,1,0,0,https://www.kavstal.ru/public/assets/images/products/LISTOVOI_PROKAT/LIST_NERZHAVEYUSHCHII/img.webp,труба обечайка;лист нержавеющий;aisi 316l 2b (матовый) 3x1500x3000;3,AISI 316L 2B (матовый) 3x1500x3000,3,,65318
Нержавеющая сталь,ЛИСТ НЕРЖАВЕЮЩИЙ,AISI 316L 2B (матовый) 4x1250x2500,ЛИСТ НЕРЖАВЕЮЩИЙ 4 AISI 316L 2B (матовый) 4x1250x2500,"ЛИСТ НЕРЖАВЕЮЩИЙ марки AISI 316L 2B (матовый) 4x1250x2500, размер 4",4,468389,46839,1,0,0,https://www.kavstal.ru/public/assets/images/products/LISTOVOI_PROKAT/LIST_NERZHAVEYUSHCHII/img.webp,труба обечайка;лист нержавеющий;aisi 316l 2b (матовый) 4x1250x2500;4,AISI 316L 2B (матовый) 4x1250x2500,4,,46839
Нержавеющая сталь,ЛИСТ НЕРЖАВЕЮЩИЙ,AISI 316L 2B (матовый) 4x1500x3000,ЛИСТ НЕРЖАВЕЮЩИЙ 4 AISI 316L 2B (матовый) 4x1500x3000,"ЛИСТ НЕРЖАВЕЮЩИЙ марки AISI 316L 2B (матовый) 4x1500x3000, размер 4",4,515202,74189,1,0,0,https://www.kavstal.ru/public/assets/images/products/LISTOVOI_PROKAT/LIST_NERZHAVEYUSHCHII/img.webp,труба обечайка;лист нержавеющий;aisi 316l 2b (матовый) 4x1500x3000;4,AISI 316L 2B (матовый) 4x1500x3000,4,,74189
Нержавеющая сталь,ЛИСТ НЕРЖАВЕЮЩИЙ,AISI 316L 2B (матовый) 4x1500x6000,ЛИСТ НЕРЖАВЕЮЩИЙ 4 AISI 316L 2B (матовый) 4x1500x6000,"ЛИСТ НЕРЖАВЕЮЩИЙ марки AISI 316L 2B (матовый) 4x1500x6000, размер 4",4,468389,134896,1,0,0,https://www.kavstal.ru/public/assets/images/products/LISTOVOI_PROKAT/LIST_NERZHAVEYUSHCHII/img.webp,труба обечайка;лист нержавеющий;aisi 316l 2b (матовый) 4x1500x6000;4,AISI 316L 2B (матовый) 4x1500x6000,4,,134896
Нержавеющая сталь,ЛИСТ НЕРЖАВЕЮЩИЙ,AISI 316L 2B (матовый) 6x1500x3000,ЛИСТ НЕРЖАВЕЮЩИЙ 6 AISI 316L 2B (матовый) 6x1500x3000,"ЛИСТ НЕРЖАВЕЮЩИЙ марки AISI 316L 2B (матовый) 6x1500x3000, размер 6",6,689082,148842,1,0,0,https://www.kavstal.ru/public/assets/images/products/LISTOVOI_PROKAT/LIST_NERZHAVEYUSHCHII/img.webp,труба обечайка;лист нержавеющий;aisi 316l 2b (матовый) 6x1500x3000;6,AISI 316L 2B (матовый) 6x1500x3000,6,,148842
Нержавеющая сталь,ЛИСТ НЕРЖАВЕЮЩИЙ,AISI 316L 2B (матовый) неконд 0.5x1000x2000,ЛИСТ НЕРЖАВЕЮЩИЙ 0.5 AISI 316L 2B (матовый) неконд 0.5x1000x2000,"ЛИСТ НЕРЖАВЕЮЩИЙ марки AISI 316L 2B (матовый) неконд 0.5x1000x2000, размер 0.5",0.5,638699,т,1,0,0,https://www.kavstal.ru/public/assets/images/products/LISTOVOI_PROKAT/LIST_NERZHAVEYUSHCHII/img.webp,труба обечайка;лист нержавеющий;aisi 316l 2b (матовый) неконд 0.5x1000x2000;5,AISI 316L 2B (матовый) неконд 0.5x1000x2000,0.5,,
Нержавеющая сталь,ЛИСТ НЕРЖАВЕЮЩИЙ,AISI 316L 2B+PE (матовый) 0.5x1000x2000,ЛИСТ НЕРЖАВЕЮЩИЙ 0.5 AISI 316L 2B+PE (матовый) 0.5x1000x2000,"ЛИСТ НЕРЖАВЕЮЩИЙ марки AISI 316L 2B+PE (матовый) 0.5x1000x2000, размер 0.5",0.5,479805,т,1,0,0,https://www.kavstal.ru/public/assets/images/products/LISTOVOI_PROKAT/LIST_NERZHAVEYUSHCHII/img.webp,труба обечайка;лист нержавеющий;aisi 316l 2b+pe (матовый) 0.5x1000x2000;5,AISI 316L 2B+PE (матовый) 0.5x1000x2000,0.5,,
Нержавеющая сталь,ЛИСТ НЕРЖАВЕЮЩИЙ,AISI 316L 4N+PE (шлиф.) 2.5x1500x3000,ЛИСТ НЕРЖАВЕЮЩИЙ 2.5 AISI 316L 4N+PE (шлиф.) 2.5x1500x3000,"ЛИСТ НЕРЖАВЕЮЩИЙ марки AISI 316L 4N+PE (шлиф.) 2.5x1500x3000, размер 2.5",2.5,479805,43182,1,0,0,https://www.kavstal.ru/public/assets/images/products/LISTOVOI_PROKAT/LIST_NERZHAVEYUSHCHII/img.webp,труба обечайка;лист нержавеющий;aisi 316l 4n+pe (шлиф.) 2.5x1500x3000;2;5,AISI 316L 4N+PE (шлиф.) 2.5x1500x3000,2.5,,43182
Нержавеющая сталь,ЛИСТ НЕРЖАВЕЮЩИЙ,AISI 316Ti 2B (матовый) 1.5x1250x2500,ЛИСТ НЕРЖАВЕЮЩИЙ 1.5 AISI 316Ti 2B (матовый) 1.5x1250x2500,"ЛИСТ НЕРЖАВЕЮЩИЙ марки AISI 316Ti 2B (матовый) 1.5x1250x2500, размер 1.5",1.5,627200,т,1,0,0,https://www.kavstal.ru/public/assets/images/products/LISTOVOI_PROKAT/LIST_NERZHAVEYUSHCHII/img.webp,труба обечайка;лист нержавеющий;aisi 316ti 2b (матовый) 1.5x1250x2500;1;5,AISI 316Ti 2B (матовый) 1.5x1250x2500,1.5,,
Нержавеющая сталь,ЛИСТ НЕРЖАВЕЮЩИЙ,AISI 316Ti 2B (матовый) 1.5x1250x2500,ЛИСТ НЕРЖАВЕЮЩИЙ 1.5 AISI 316Ti 2B (матовый) 1.5x1250x2500,"ЛИСТ НЕРЖАВЕЮЩИЙ марки AISI 316Ti 2B (матовый) 1.5x1250x2500, размер 1.5",1.5,627200,23520,1,0,0,https://www.kavstal.ru/public/assets/images/products/LISTOVOI_PROKAT/LIST_NERZHAVEYUSHCHII/img.webp,труба обечайка;лист нержавеющий;aisi 316ti 2b (матовый) 1.5x1250x2500;1;5,AISI 316Ti 2B (матовый) 1.5x1250x2500,1.5,,23520
Нержавеющая сталь,ЛИСТ НЕРЖАВЕЮЩИЙ,AISI 316Ti 2B (матовый) 1.5x1250x2500,ЛИСТ НЕРЖАВЕЮЩИЙ 1.5 AISI 316Ti 2B (матовый) 1.5x1250x2500,"ЛИСТ НЕРЖАВЕЮЩИЙ марки AISI 316Ti 2B (матовый) 1.5x1250x2500, размер 1.5",1.5,627200,т,1,0,0,https://www.kavstal.ru/public/assets/images/products/LISTOVOI_PROKAT/LIST_NERZHAVEYUSHCHII/img.webp,труба обечайка;лист нержавеющий;aisi 316ti 2b (матовый) 1.5x1250x2500;1;5,AISI 316Ti 2B (матовый) 1.5x1250x2500,1.5,,
Нержавеющая сталь,ЛИСТ НЕРЖАВЕЮЩИЙ,AISI 316Ti 2B (матовый) 1.5x1250x2500,ЛИСТ НЕРЖАВЕЮЩИЙ 1.5 AISI 316Ti 2B (матовый) 1.5x1250x2500,"ЛИСТ НЕРЖАВЕЮЩИЙ марки AISI 316Ti 2B (матовый) 1.5x1250x2500, размер 1.5",1.5,627200,23520,1,0,0,https://www.kavstal.ru/public/assets/images/products/LISTOVOI_PROKAT/LIST_NERZHAVEYUSHCHII/img.webp,труба обечайка;лист нержавеющий;aisi 316ti 2b (матовый) 1.5x1250x2500;1;5,AISI 316Ti 2B (матовый) 1.5x1250x2500,1.5,,23520
Нержавеющая сталь,ЛИСТ НЕРЖАВЕЮЩИЙ,AISI 316Ti 2B (матовый) 1.5x1500x3000,ЛИСТ НЕРЖАВЕЮЩИЙ 1.5 AISI 316Ti 2B (матовый) 1.5x1500x3000,"ЛИСТ НЕРЖАВЕЮЩИЙ марки AISI 316Ti 2B (матовый) 1.5x1500x3000, размер 1.5",1.5,582633,31462,1,0,0,https://www.kavstal.ru/public/assets/images/products/LISTOVOI_PROKAT/LIST_NERZHAVEYUSHCHII/img.webp,труба обечайка;лист нержавеющий;aisi 316ti 2b (матовый) 1.5x1500x3000;1;5,AISI 316Ti 2B (матовый) 1.5x1500x3000,1.5,,31462
Нержавеющая сталь,ЛИСТ НЕРЖАВЕЮЩИЙ,AISI 316Ti 2B (матовый) 2x1000x2000,ЛИСТ НЕРЖАВЕЮЩИЙ 2 AISI 316Ti 2B (матовый) 2x1000x2000,"ЛИСТ НЕРЖАВЕЮЩИЙ марки AISI 316Ti 2B (матовый) 2x1000x2000, размер 2",2,582633,18644,1,0,0,https://www.kavstal.ru/public/assets/images/products/LISTOVOI_PROKAT/LIST_NERZHAVEYUSHCHII/img.webp,труба обечайка;лист нержавеющий;aisi 316ti 2b (матовый) 2x1000x2000;2,AISI 316Ti 2B (матовый) 2x1000x2000,2,,18644
Нержавеющая сталь,ЛИСТ НЕРЖАВЕЮЩИЙ,AISI 316Ti 2B (матовый) 2x1500x3000,ЛИСТ НЕРЖАВЕЮЩИЙ 2 AISI 316Ti 2B (матовый) 2x1500x3000,"ЛИСТ НЕРЖАВЕЮЩИЙ марки AISI 316Ti 2B (матовый) 2x1500x3000, размер 2",2,582633,41950,1,0,0,https://www.kavstal.ru/public/assets/images/products/LISTOVOI_PROKAT/LIST_NERZHAVEYUSHCHII/img.webp,труба обечайка;лист нержавеющий;aisi 316ti 2b (матовый) 2x1500x3000;2,AISI 316Ti 2B (матовый) 2x1500x3000,2,,41950
Нержавеющая сталь,ЛИСТ НЕРЖАВЕЮЩИЙ,AISI 316Ti 2B (матовый) 3x1000x2000,ЛИСТ НЕРЖАВЕЮЩИЙ 3 AISI 316Ti 2B (матовый) 3x1000x2000,"ЛИСТ НЕРЖАВЕЮЩИЙ марки AISI 316Ti 2B (матовый) 3x1000x2000, размер 3",3,582633,27966,1,0,0,https://www.kavstal.ru/public/assets/images/products/LISTOVOI_PROKAT/LIST_NERZHAVEYUSHCHII/img.webp,труба обечайка;лист нержавеющий;aisi 316ti 2b (матовый) 3x1000x2000;3,AISI 316Ti 2B (матовый) 3x1000x2000,3,,27966
Нержавеющая сталь,ЛИСТ НЕРЖАВЕЮЩИЙ,AISI 316Ti 2B (матовый) 3x1250x2500,ЛИСТ НЕРЖАВЕЮЩИЙ 3 AISI 316Ti 2B (матовый) 3x1250x2500,"ЛИСТ НЕРЖАВЕЮЩИЙ марки AISI 316Ti 2B (матовый) 3x1250x2500, размер 3",3,582633,43697,1,0,0,https://www.kavstal.ru/public/assets/images/products/LISTOVOI_PROKAT/LIST_NERZHAVEYUSHCHII/img.webp,труба обечайка;лист нержавеющий;aisi 316ti 2b (матовый) 3x1250x2500;3,AISI 316Ti 2B (матовый) 3x1250x2500,3,,43697
Нержавеющая сталь,ЛИСТ НЕРЖАВЕЮЩИЙ,AISI 316Ti 2B (матовый) 3x1500x3000,ЛИСТ НЕРЖАВЕЮЩИЙ 3 AISI 316Ti 2B (матовый) 3x1500x3000,"ЛИСТ НЕРЖАВЕЮЩИЙ марки AISI 316Ti 2B (матовый) 3x1500x3000, размер 3",3,582633,62924,1,0,0,https://www.kavstal.ru/public/assets/images/products/LISTOVOI_PROKAT/LIST_NERZHAVEYUSHCHII/img.webp,труба обечайка;лист нержавеющий;aisi 316ti 2b (матовый) 3x1500x3000;3,AISI 316Ti 2B (матовый) 3x1500x3000,3,,62924
Нержавеющая сталь,ЛИСТ НЕРЖАВЕЮЩИЙ,AISI 321 (12Х18Н10Т) 2B (матовый) 0.5x1000x2000,ЛИСТ НЕРЖАВЕЮЩИЙ 0.5 AISI 321 (12Х18Н10Т) 2B (матовый) 0.5x1000x2000,"ЛИСТ НЕРЖАВЕЮЩИЙ марки AISI 321 (12Х18Н10Т) 2B (матовый) 0.5x1000x2000, размер 0.5",0.5,300129,2401,1,0,0,https://www.kavstal.ru/public/assets/images/products/LISTOVOI_PROKAT/LIST_NERZHAVEYUSHCHII/img.webp,труба обечайка;лист нержавеющий;aisi 321 (12х18н10т) 2b (матовый) 0.5x1000x2000;5,AISI 321 (12Х18Н10Т) 2B (матовый) 0.5x1000x2000,0.5,,2401
Нержавеющая сталь,ЛИСТ НЕРЖАВЕЮЩИЙ,AISI 321 (12Х18Н10Т) 2B (матовый) 0.5x1250x2500,ЛИСТ НЕРЖАВЕЮЩИЙ 0.5 AISI 321 (12Х18Н10Т) 2B (матовый) 0.5x1250x2500,"ЛИСТ НЕРЖАВЕЮЩИЙ марки AISI 321 (12Х18Н10Т) 2B (матовый) 0.5x1250x2500, размер 0.5",0.5,300129,3692,1,0,0,https://www.kavstal.ru/public/assets/images/products/LISTOVOI_PROKAT/LIST_NERZHAVEYUSHCHII/img.webp,труба обечайка;лист нержавеющий;aisi 321 (12х18н10т) 2b (матовый) 0.5x1250x2500;5,AISI 321 (12Х18Н10Т) 2B (матовый) 0.5x1250x2500,0.5,,3692
Нержавеющая сталь,ЛИСТ НЕРЖАВЕЮЩИЙ,AISI 321 (12Х18Н10Т) 2B (матовый) 0.5x1250x2500,ЛИСТ НЕРЖАВЕЮЩИЙ 0.5 AISI 321 (12Х18Н10Т) 2B (матовый) 0.5x1250x2500,"ЛИСТ НЕРЖАВЕЮЩИЙ марки AISI 321 (12Х18Н10Т) 2B (матовый) 0.5x1250x2500, размер 0.5",0.5,345980,т,1,0,0,https://www.kavstal.ru/public/assets/images/products/LISTOVOI_PROKAT/LIST_NERZHAVEYUSHCHII/img.webp,труба обечайка;лист нержавеющий;aisi 321 (12х18н10т) 2b (матовый) 0.5x1250x2500;5,AISI 321 (12Х18Н10Т) 2B (матовый) 0.5x1250x2500,0.5,,
Нержавеющая сталь,ЛИСТ НЕРЖАВЕЮЩИЙ,AISI 321 (12Х18Н10Т) 2B (матовый) 0.6x1000x2000,ЛИСТ НЕРЖАВЕЮЩИЙ 0.6 AISI 321 (12Х18Н10Т) 2B (матовый) 0.6x1000x2000,"ЛИСТ НЕРЖАВЕЮЩИЙ марки AISI 321 (12Х18Н10Т) 2B (матовый) 0.6x1000x2000, размер 0.6",0.6,300129,т,1,0,0,https://www.kavstal.ru/public/assets/images/products/LISTOVOI_PROKAT/LIST_NERZHAVEYUSHCHII/img.webp,труба обечайка;лист нержавеющий;aisi 321 (12х18н10т) 2b (матовый) 0.6x1000x2000;6,AISI 321 (12Х18Н10Т) 2B (матовый) 0.6x1000x2000,0.6,,
Нержавеющая сталь,ЛИСТ НЕРЖАВЕЮЩИЙ,AISI 321 (12Х18Н10Т) 2B (матовый) 0.6x1250x2500,ЛИСТ НЕРЖАВЕЮЩИЙ 0.6 AISI 321 (12Х18Н10Т) 2B (матовый) 0.6x1250x2500,"ЛИСТ НЕРЖАВЕЮЩИЙ марки AISI 321 (12Х18Н10Т) 2B (матовый) 0.6x1250x2500, размер 0.6",0.6,300129,4442,1,0,0,https://www.kavstal.ru/public/assets/images/products/LISTOVOI_PROKAT/LIST_NERZHAVEYUSHCHII/img.webp,труба обечайка;лист нержавеющий;aisi 321 (12х18н10т) 2b (матовый) 0.6x1250x2500;6,AISI 321 (12Х18Н10Т) 2B (матовый) 0.6x1250x2500,0.6,,4442
Нержавеющая сталь,ЛИСТ НЕРЖАВЕЮЩИЙ,AISI 321 (12Х18Н10Т) 2B (матовый) 0.6x1250x2500,ЛИСТ НЕРЖАВЕЮЩИЙ 0.6 AISI 321 (12Х18Н10Т) 2B (матовый) 0.6x1250x2500,"ЛИСТ НЕРЖАВЕЮЩИЙ марки AISI 321 (12Х18Н10Т) 2B (матовый) 0.6x1250x2500, размер 0.6",0.6,303152,4462,1,0,0,https://www.kavstal.ru/public/assets/images/products/LISTOVOI_PROKAT/LIST_NERZHAVEYUSHCHII/img.webp,труба обечайка;лист нержавеющий;aisi 321 (12х18н10т) 2b (матовый) 0.6x1250x2500;6,AISI 321 (12Х18Н10Т) 2B (матовый) 0.6x1250x2500,0.6,,4462
Нержавеющая сталь,ЛИСТ НЕРЖАВЕЮЩИЙ,AISI 321 (12Х18Н10Т) 2B (матовый) 0.7x1000x2000,ЛИСТ НЕРЖАВЕЮЩИЙ 0.7 AISI 321 (12Х18Н10Т) 2B (матовый) 0.7x1000x2000,"ЛИСТ НЕРЖАВЕЮЩИЙ марки AISI 321 (12Х18Н10Т) 2B (матовый) 0.7x1000x2000, размер 0.7",0.7,300129,т,1,0,0,https://www.kavstal.ru/public/assets/images/products/LISTOVOI_PROKAT/LIST_NERZHAVEYUSHCHII/img.webp,труба обечайка;лист нержавеющий;aisi 321 (12х18н10т) 2b (матовый) 0.7x1000x2000;7,AISI 321 (12Х18Н10Т) 2B (матовый) 0.7x1000x2000,0.7,,
Нержавеющая сталь,ЛИСТ НЕРЖАВЕЮЩИЙ,AISI 321 (12Х18Н10Т) 2B (матовый) 0.7x1250x?,ЛИСТ НЕРЖАВЕЮЩИЙ 0.7 AISI 321 (12Х18Н10Т) 2B (матовый) 0.7x1250x?,"ЛИСТ НЕРЖАВЕЮЩИЙ марки AISI 321 (12Х18Н10Т) 2B (матовый) 0.7x1250x?, размер 0.7",0.7,300129,т,1,0,0,https://www.kavstal.ru/public/assets/images/products/LISTOVOI_PROKAT/LIST_NERZHAVEYUSHCHII/img.webp,труба обечайка;лист нержавеющий;aisi 321 (12х18н10т) 2b (матовый) 0.7x1250x?;7,AISI 321 (12Х18Н10Т) 2B (матовый) 0.7x1250x?,0.7,,
Нержавеющая сталь,ЛИСТ НЕРЖАВЕЮЩИЙ,AISI 321 (12Х18Н10Т) 2B (матовый) 0.7x1250x2500,ЛИСТ НЕРЖАВЕЮЩИЙ 0.7 AISI 321 (12Х18Н10Т) 2B (матовый) 0.7x1250x2500,"ЛИСТ НЕРЖАВЕЮЩИЙ марки AISI 321 (12Х18Н10Т) 2B (матовый) 0.7x1250x2500, размер 0.7",0.7,300129,5186,1,0,0,https://www.kavstal.ru/public/assets/images/products/LISTOVOI_PROKAT/LIST_NERZHAVEYUSHCHII/img.webp,труба обечайка;лист нержавеющий;aisi 321 (12х18н10т) 2b (матовый) 0.7x1250x2500;7,AISI 321 (12Х18Н10Т) 2B (матовый) 0.7x1250x2500,0.7,,5186
Нержавеющая сталь,ЛИСТ НЕРЖАВЕЮЩИЙ,AISI 321 (12Х18Н10Т) 2B (матовый) 0.8x1000x2000,ЛИСТ НЕРЖАВЕЮЩИЙ 0.8 AISI 321 (12Х18Н10Т) 2B (матовый) 0.8x1000x2000,"ЛИСТ НЕРЖАВЕЮЩИЙ марки AISI 321 (12Х18Н10Т) 2B (матовый) 0.8x1000x2000, размер 0.8",0.8,299115,3829,1,0,0,https://www.kavstal.ru/public/assets/images/products/LISTOVOI_PROKAT/LIST_NERZHAVEYUSHCHII/img.webp,труба обечайка;лист нержавеющий;aisi 321 (12х18н10т) 2b (матовый) 0.8x1000x2000;8,AISI 321 (12Х18Н10Т) 2B (матовый) 0.8x1000x2000,0.8,,3829
Нержавеющая сталь,ЛИСТ НЕРЖАВЕЮЩИЙ,AISI 321 (12Х18Н10Т) 2B (матовый) 0.8x1250x2500,ЛИСТ НЕРЖАВЕЮЩИЙ 0.8 AISI 321 (12Х18Н10Т) 2B (матовый) 0.8x1250x2500,"ЛИСТ НЕРЖАВЕЮЩИЙ марки AISI 321 (12Х18Н10Т) 2B (матовый) 0.8x1250x2500, размер 0.8",0.8,293309,5756,1,0,0,https://www.kavstal.ru/public/assets/images/products/LISTOVOI_PROKAT/LIST_NERZHAVEYUSHCHII/img.webp,труба обечайка;лист нержавеющий;aisi 321 (12х18н10т) 2b (матовый) 0.8x1250x2500;8,AISI 321 (12Х18Н10Т) 2B (матовый) 0.8x1250x2500,0.8,,5756
Нержавеющая сталь,ЛИСТ НЕРЖАВЕЮЩИЙ,AISI 321 (12Х18Н10Т) 2B (матовый) 0.8x1250x2500,ЛИСТ НЕРЖАВЕЮЩИЙ 0.8 AISI 321 (12Х18Н10Т) 2B (матовый) 0.8x1250x2500,"ЛИСТ НЕРЖАВЕЮЩИЙ марки AISI 321 (12Х18Н10Т) 2B (матовый) 0.8x1250x2500, размер 0.8",0.8,293309,5778,1,0,0,https://www.kavstal.ru/public/assets/images/products/LISTOVOI_PROKAT/LIST_NERZHAVEYUSHCHII/img.webp,труба обечайка;лист нержавеющий;aisi 321 (12х18н10т) 2b (матовый) 0.8x1250x2500;8,AISI 321 (12Х18Н10Т) 2B (матовый) 0.8x1250x2500,0.8,,5778
Нержавеющая сталь,ЛИСТ НЕРЖАВЕЮЩИЙ,AISI 321 (12Х18Н10Т) 2B (матовый) 0.8x1250x2500,ЛИСТ НЕРЖАВЕЮЩИЙ 0.8 AISI 321 (12Х18Н10Т) 2B (матовый) 0.8x1250x2500,"ЛИСТ НЕРЖАВЕЮЩИЙ марки AISI 321 (12Х18Н10Т) 2B (матовый) 0.8x1250x2500, размер 0.8",0.8,293309,5866,1,0,0,https://www.kavstal.ru/public/assets/images/products/LISTOVOI_PROKAT/LIST_NERZHAVEYUSHCHII/img.webp,труба обечайка;лист нержавеющий;aisi 321 (12х18н10т) 2b (матовый) 0.8x1250x2500;8,AISI 321 (12Х18Н10Т) 2B (матовый) 0.8x1250x2500,0.8,,5866
Нержавеющая сталь,ЛИСТ НЕРЖАВЕЮЩИЙ,AISI 321 (12Х18Н10Т) 2B (матовый) 0.8x1500x3000,ЛИСТ НЕРЖАВЕЮЩИЙ 0.8 AISI 321 (12Х18Н10Т) 2B (матовый) 0.8x1500x3000,"ЛИСТ НЕРЖАВЕЮЩИЙ марки AISI 321 (12Х18Н10Т) 2B (матовый) 0.8x1500x3000, размер 0.8",0.8,324007,т,1,0,0,https://www.kavstal.ru/public/assets/images/products/LISTOVOI_PROKAT/LIST_NERZHAVEYUSHCHII/img.webp,труба обечайка;лист нержавеющий;aisi 321 (12х18н10т) 2b (матовый) 0.8x1500x3000;8,AISI 321 (12Х18Н10Т) 2B (матовый) 0.8x1500x3000,0.8,,
Нержавеющая сталь,ЛИСТ НЕРЖАВЕЮЩИЙ,AISI 321 (12Х18Н10Т) 2B (матовый) 1.2x1000x2000,ЛИСТ НЕРЖАВЕЮЩИЙ 1.2 AISI 321 (12Х18Н10Т) 2B (матовый) 1.2x1000x2000,"ЛИСТ НЕРЖАВЕЮЩИЙ марки AISI 321 (12Х18Н10Т) 2B (матовый) 1.2x1000x2000, размер 1.2",1.2,293309,5632,1,0,0,https://www.kavstal.ru/public/assets/images/products/LISTOVOI_PROKAT/LIST_NERZHAVEYUSHCHII/img.webp,труба обечайка;лист нержавеющий;aisi 321 (12х18н10т) 2b (матовый) 1.2x1000x2000;1;2,AISI 321 (12Х18Н10Т) 2B (матовый) 1.2x1000x2000,1.2,,5632
Нержавеющая сталь,ЛИСТ НЕРЖАВЕЮЩИЙ,AISI 321 (12Х18Н10Т) 2B (матовый) 1.2x1250x2500,ЛИСТ НЕРЖАВЕЮЩИЙ 1.2 AISI 321 (12Х18Н10Т) 2B (матовый) 1.2x1250x2500,"ЛИСТ НЕРЖАВЕЮЩИЙ марки AISI 321 (12Х18Н10Т) 2B (матовый) 1.2x1250x2500, размер 1.2",1.2,293309,8799,1,0,0,https://www.kavstal.ru/public/assets/images/products/LISTOVOI_PROKAT/LIST_NERZHAVEYUSHCHII/img.webp,труба обечайка;лист нержавеющий;aisi 321 (12х18н10т) 2b (матовый) 1.2x1250x2500;1;2,AISI 321 (12Х18Н10Т) 2B (матовый) 1.2x1250x2500,1.2,,8799
Нержавеющая сталь,ЛИСТ НЕРЖАВЕЮЩИЙ,AISI 321 (12Х18Н10Т) 2B (матовый) 1.5x1000x2000,ЛИСТ НЕРЖАВЕЮЩИЙ 1.5 AISI 321 (12Х18Н10Т) 2B (матовый) 1.5x1000x2000,"ЛИСТ НЕРЖАВЕЮЩИЙ марки AISI 321 (12Х18Н10Т) 2B (матовый) 1.5x1000x2000, размер 1.5",1.5,293309,7039,1,0,0,https://www.kavstal.ru/public/assets/images/products/LISTOVOI_PROKAT/LIST_NERZHAVEYUSHCHII/img.webp,труба обечайка;лист нержавеющий;aisi 321 (12х18н10т) 2b (матовый) 1.5x1000x2000;1;5,AISI 321 (12Х18Н10Т) 2B (матовый) 1.5x1000x2000,1.5,,7039
Нержавеющая сталь,ЛИСТ НЕРЖАВЕЮЩИЙ,AISI 321 (12Х18Н10Т) 2B (матовый) 1.5x1250x2500,ЛИСТ НЕРЖАВЕЮЩИЙ 1.5 AISI 321 (12Х18Н10Т) 2B (матовый) 1.5x1250x2500,"ЛИСТ НЕРЖАВЕЮЩИЙ марки AISI 321 (12Х18Н10Т) 2B (матовый) 1.5x1250x2500, размер 1.5",1.5,315675,т,1,0,0,https://www.kavstal.ru/public/assets/images/products/LISTOVOI_PROKAT/LIST_NERZHAVEYUSHCHII/img.webp,труба обечайка;лист нержавеющий;aisi 321 (12х18н10т) 2b (матовый) 1.5x1250x2500;1;5,AISI 321 (12Х18Н10Т) 2B (матовый) 1.5x1250x2500,1.5,,
Нержавеющая сталь,ЛИСТ НЕРЖАВЕЮЩИЙ,AISI 321 (12Х18Н10Т) 2B (матовый) 1.5x1250x2500,ЛИСТ НЕРЖАВЕЮЩИЙ 1.5 AISI 321 (12Х18Н10Т) 2B (матовый) 1.5x1250x2500,"ЛИСТ НЕРЖАВЕЮЩИЙ марки AISI 321 (12Х18Н10Т) 2B (матовый) 1.5x1250x2500, размер 1.5",1.5,315675,11680,1,0,0,https://www.kavstal.ru/public/assets/images/products/LISTOVOI_PROKAT/LIST_NERZHAVEYUSHCHII/img.webp,труба обечайка;лист нержавеющий;aisi 321 (12х18н10т) 2b (матовый) 1.5x1250x2500;1;5,AISI 321 (12Х18Н10Т) 2B (матовый) 1.5x1250x2500,1.5,,11680
Нержавеющая сталь,ЛИСТ НЕРЖАВЕЮЩИЙ,AISI 321 (12Х18Н10Т) 2B (матовый) 1.5x1250x2500,ЛИСТ НЕРЖАВЕЮЩИЙ 1.5 AISI 321 (12Х18Н10Т) 2B (матовый) 1.5x1250x2500,"ЛИСТ НЕРЖАВЕЮЩИЙ марки AISI 321 (12Х18Н10Т) 2B (матовый) 1.5x1250x2500, размер 1.5",1.5,315675,11838,1,0,0,https://www.kavstal.ru/public/assets/images/products/LISTOVOI_PROKAT/LIST_NERZHAVEYUSHCHII/img.webp,труба обечайка;лист нержавеющий;aisi 321 (12х18н10т) 2b (матовый) 1.5x1250x2500;1;5,AISI 321 (12Х18Н10Т) 2B (матовый) 1.5x1250x2500,1.5,,11838
Нержавеющая сталь,ЛИСТ НЕРЖАВЕЮЩИЙ,AISI 321 (12Х18Н10Т) 2B (матовый) 1.5x1500x3000,ЛИСТ НЕРЖАВЕЮЩИЙ 1.5 AISI 321 (12Х18Н10Т) 2B (матовый) 1.5x1500x3000,"ЛИСТ НЕРЖАВЕЮЩИЙ марки AISI 321 (12Х18Н10Т) 2B (матовый) 1.5x1500x3000, размер 1.5",1.5,299115,т,1,0,0,https://www.kavstal.ru/public/assets/images/products/LISTOVOI_PROKAT/LIST_NERZHAVEYUSHCHII/img.webp,труба обечайка;лист нержавеющий;aisi 321 (12х18н10т) 2b (матовый) 1.5x1500x3000;1;5,AISI 321 (12Х18Н10Т) 2B (матовый) 1.5x1500x3000,1.5,,
Нержавеющая сталь,ЛИСТ НЕРЖАВЕЮЩИЙ,AISI 321 (12Х18Н10Т) 2B (матовый) 1x1000x2000,ЛИСТ НЕРЖАВЕЮЩИЙ 1 AISI 321 (12Х18Н10Т) 2B (матовый) 1x1000x2000,"ЛИСТ НЕРЖАВЕЮЩИЙ марки AISI 321 (12Х18Н10Т) 2B (матовый) 1x1000x2000, размер 1",1,293309,т,1,0,0,https://www.kavstal.ru/public/assets/images/products/LISTOVOI_PROKAT/LIST_NERZHAVEYUSHCHII/img.webp,труба обечайка;лист нержавеющий;aisi 321 (12х18н10т) 2b (матовый) 1x1000x2000;1,AISI 321 (12Х18Н10Т) 2B (матовый) 1x1000x2000,1,,
Нержавеющая сталь,ЛИСТ НЕРЖАВЕЮЩИЙ,AISI 321 (12Х18Н10Т) 2B (матовый) 1x1000x2000,ЛИСТ НЕРЖАВЕЮЩИЙ 1 AISI 321 (12Х18Н10Т) 2B (матовый) 1x1000x2000,"ЛИСТ НЕРЖАВЕЮЩИЙ марки AISI 321 (12Х18Н10Т) 2B (матовый) 1x1000x2000, размер 1",1,298991,4784,1,0,0,https://www.kavstal.ru/public/assets/images/products/LISTOVOI_PROKAT/LIST_NERZHAVEYUSHCHII/img.webp,труба обечайка;лист нержавеющий;aisi 321 (12х18н10т) 2b (матовый) 1x1000x2000;1,AISI 321 (12Х18Н10Т) 2B (матовый) 1x1000x2000,1,,4784
Нержавеющая сталь,ЛИСТ НЕРЖАВЕЮЩИЙ,AISI 321 (12Х18Н10Т) 2B (матовый) 1x1250x2500,ЛИСТ НЕРЖАВЕЮЩИЙ 1 AISI 321 (12Х18Н10Т) 2B (матовый) 1x1250x2500,"ЛИСТ НЕРЖАВЕЮЩИЙ марки AISI 321 (12Х18Н10Т) 2B (матовый) 1x1250x2500, размер 1",1,300150,т,1,0,0,https://www.kavstal.ru/public/assets/images/products/LISTOVOI_PROKAT/LIST_NERZHAVEYUSHCHII/img.webp,труба обечайка;лист нержавеющий;aisi 321 (12х18н10т) 2b (матовый) 1x1250x2500;1,AISI 321 (12Х18Н10Т) 2B (матовый) 1x1250x2500,1,,
Нержавеющая сталь,ЛИСТ НЕРЖАВЕЮЩИЙ,AISI 321 (12Х18Н10Т) 2B (матовый) 1x1250x2500,ЛИСТ НЕРЖАВЕЮЩИЙ 1 AISI 321 (12Х18Н10Т) 2B (матовый) 1x1250x2500,"ЛИСТ НЕРЖАВЕЮЩИЙ марки AISI 321 (12Х18Н10Т) 2B (матовый) 1x1250x2500, размер 1",1,300150,7504,1,0,0,https://www.kavstal.ru/public/assets/images/products/LISTOVOI_PROKAT/LIST_NERZHAVEYUSHCHII/img.webp,труба обечайка;лист нержавеющий;aisi 321 (12х18н10т) 2b (матовый) 1x1250x2500;1,AISI 321 (12Х18Н10Т) 2B (матовый) 1x1250x2500,1,,7504
Нержавеющая сталь,ЛИСТ НЕРЖАВЕЮЩИЙ,AISI 321 (12Х18Н10Т) 2B (матовый) 1x1500x3000,ЛИСТ НЕРЖАВЕЮЩИЙ 1 AISI 321 (12Х18Н10Т) 2B (матовый) 1x1500x3000,"ЛИСТ НЕРЖАВЕЮЩИЙ марки AISI 321 (12Х18Н10Т) 2B (матовый) 1x1500x3000, размер 1",1,312632,т,1,0,0,https://www.kavstal.ru/public/assets/images/products/LISTOVOI_PROKAT/LIST_NERZHAVEYUSHCHII/img.webp,труба обечайка;лист нержавеющий;aisi 321 (12х18н10т) 2b (матовый) 1x1500x3000;1,AISI 321 (12Х18Н10Т) 2B (матовый) 1x1500x3000,1,,
Нержавеющая сталь,ЛИСТ НЕРЖАВЕЮЩИЙ,AISI 321 (12Х18Н10Т) 2B (матовый) 2.5x1000x2000,ЛИСТ НЕРЖАВЕЮЩИЙ 2.5 AISI 321 (12Х18Н10Т) 2B (матовый) 2.5x1000x2000,"ЛИСТ НЕРЖАВЕЮЩИЙ марки AISI 321 (12Х18Н10Т) 2B (матовый) 2.5x1000x2000, размер 2.5",2.5,289893,11596,1,0,0,https://www.kavstal.ru/public/assets/images/products/LISTOVOI_PROKAT/LIST_NERZHAVEYUSHCHII/img.webp,труба обечайка;лист нержавеющий;aisi 321 (12х18н10т) 2b (матовый) 2.5x1000x2000;2;5,AISI 321 (12Х18Н10Т) 2B (матовый) 2.5x1000x2000,2.5,,11596
Нержавеющая сталь,ЛИСТ НЕРЖАВЕЮЩИЙ,AISI 321 (12Х18Н10Т) 2B (матовый) 2.5x1250x2500,ЛИСТ НЕРЖАВЕЮЩИЙ 2.5 AISI 321 (12Х18Н10Т) 2B (матовый) 2.5x1250x2500,"ЛИСТ НЕРЖАВЕЮЩИЙ марки AISI 321 (12Х18Н10Т) 2B (матовый) 2.5x1250x2500, размер 2.5",2.5,302220,18889,1,0,0,https://www.kavstal.ru/public/assets/images/products/LISTOVOI_PROKAT/LIST_NERZHAVEYUSHCHII/img.webp,труба обечайка;лист нержавеющий;aisi 321 (12х18н10т) 2b (матовый) 2.5x1250x2500;2;5,AISI 321 (12Х18Н10Т) 2B (матовый) 2.5x1250x2500,2.5,,18889
Нержавеющая сталь,ЛИСТ НЕРЖАВЕЮЩИЙ,AISI 321 (12Х18Н10Т) 2B (матовый) 2.5x1500x3000,ЛИСТ НЕРЖАВЕЮЩИЙ 2.5 AISI 321 (12Х18Н10Т) 2B (матовый) 2.5x1500x3000,"ЛИСТ НЕРЖАВЕЮЩИЙ марки AISI 321 (12Х18Н10Т) 2B (матовый) 2.5x1500x3000, размер 2.5",2.5,289893,т,1,0,0,https://www.kavstal.ru/public/assets/images/products/LISTOVOI_PROKAT/LIST_NERZHAVEYUSHCHII/img.webp,труба обечайка;лист нержавеющий;aisi 321 (12х18н10т) 2b (матовый) 2.5x1500x3000;2;5,AISI 321 (12Х18Н10Т) 2B (матовый) 2.5x1500x3000,2.5,,
Нержавеющая сталь,ЛИСТ НЕРЖАВЕЮЩИЙ,AISI 321 (12Х18Н10Т) 2B (матовый) 2x1000x2000,ЛИСТ НЕРЖАВЕЮЩИЙ 2 AISI 321 (12Х18Н10Т) 2B (матовый) 2x1000x2000,"ЛИСТ НЕРЖАВЕЮЩИЙ марки AISI 321 (12Х18Н10Т) 2B (матовый) 2x1000x2000, размер 2",2,302220,т,1,0,0,https://www.kavstal.ru/public/assets/images/products/LISTOVOI_PROKAT/LIST_NERZHAVEYUSHCHII/img.webp,труба обечайка;лист нержавеющий;aisi 321 (12х18н10т) 2b (матовый) 2x1000x2000;2,AISI 321 (12Х18Н10Т) 2B (матовый) 2x1000x2000,2,,
Нержавеющая сталь,ЛИСТ НЕРЖАВЕЮЩИЙ,AISI 321 (12Х18Н10Т) 2B (матовый) 2x1000x2000,ЛИСТ НЕРЖАВЕЮЩИЙ 2 AISI 321 (12Х18Н10Т) 2B (матовый) 2x1000x2000,"ЛИСТ НЕРЖАВЕЮЩИЙ марки AISI 321 (12Х18Н10Т) 2B (матовый) 2x1000x2000, размер 2",2,302220,9550,1,0,0,https://www.kavstal.ru/public/assets/images/products/LISTOVOI_PROKAT/LIST_NERZHAVEYUSHCHII/img.webp,труба обечайка;лист нержавеющий;aisi 321 (12х18н10т) 2b (матовый) 2x1000x2000;2,AISI 321 (12Х18Н10Т) 2B (матовый) 2x1000x2000,2,,9550
Нержавеющая сталь,ЛИСТ НЕРЖАВЕЮЩИЙ,AISI 321 (12Х18Н10Т) 2B (матовый) 2x1000x2000,ЛИСТ НЕРЖАВЕЮЩИЙ 2 AISI 321 (12Х18Н10Т) 2B (матовый) 2x1000x2000,"ЛИСТ НЕРЖАВЕЮЩИЙ марки AISI 321 (12Х18Н10Т) 2B (матовый) 2x1000x2000, размер 2",2,302220,9671,1,0,0,https://www.kavstal.ru/public/assets/images/products/LISTOVOI_PROKAT/LIST_NERZHAVEYUSHCHII/img.webp,труба обечайка;лист нержавеющий;aisi 321 (12х18н10т) 2b (матовый) 2x1000x2000;2,AISI 321 (12Х18Н10Т) 2B (матовый) 2x1000x2000,2,,9671
Нержавеющая сталь,ЛИСТ НЕРЖАВЕЮЩИЙ,AISI 321 (12Х18Н10Т) 2B (матовый) 2x1250x2500,ЛИСТ НЕРЖАВЕЮЩИЙ 2 AISI 321 (12Х18Н10Т) 2B (матовый) 2x1250x2500,"ЛИСТ НЕРЖАВЕЮЩИЙ марки AISI 321 (12Х18Н10Т) 2B (матовый) 2x1250x2500, размер 2",2,305325,т,1,0,0,https://www.kavstal.ru/public/assets/images/products/LISTOVOI_PROKAT/LIST_NERZHAVEYUSHCHII/img.webp,труба обечайка;лист нержавеющий;aisi 321 (12х18н10т) 2b (матовый) 2x1250x2500;2,AISI 321 (12Х18Н10Т) 2B (матовый) 2x1250x2500,2,,
Нержавеющая сталь,ЛИСТ НЕРЖАВЕЮЩИЙ,AISI 321 (12Х18Н10Т) 2B (матовый) 2x1250x2500,ЛИСТ НЕРЖАВЕЮЩИЙ 2 AISI 321 (12Х18Н10Т) 2B (матовый) 2x1250x2500,"ЛИСТ НЕРЖАВЕЮЩИЙ марки AISI 321 (12Х18Н10Т) 2B (матовый) 2x1250x2500, размер 2",2,305325,15266,1,0,0,https://www.kavstal.ru/public/assets/images/products/LISTOVOI_PROKAT/LIST_NERZHAVEYUSHCHII/img.webp,труба обечайка;лист нержавеющий;aisi 321 (12х18н10т) 2b (матовый) 2x1250x2500;2,AISI 321 (12Х18Н10Т) 2B (матовый) 2x1250x2500,2,,15266
Нержавеющая сталь,ЛИСТ НЕРЖАВЕЮЩИЙ,AISI 321 (12Х18Н10Т) 2B (матовый) 2x1500x2500,ЛИСТ НЕРЖАВЕЮЩИЙ 2 AISI 321 (12Х18Н10Т) 2B (матовый) 2x1500x2500,"ЛИСТ НЕРЖАВЕЮЩИЙ марки AISI 321 (12Х18Н10Т) 2B (матовый) 2x1500x2500, размер 2",2,299115,т,1,0,0,https://www.kavstal.ru/public/assets/images/products/LISTOVOI_PROKAT/LIST_NERZHAVEYUSHCHII/img.webp,труба обечайка;лист нержавеющий;aisi 321 (12х18н10т) 2b (матовый) 2x1500x2500;2,AISI 321 (12Х18Н10Т) 2B (матовый) 2x1500x2500,2,,
Нержавеющая сталь,ЛИСТ НЕРЖАВЕЮЩИЙ,AISI 321 (12Х18Н10Т) 2B (матовый) 2x1500x3000,ЛИСТ НЕРЖАВЕЮЩИЙ 2 AISI 321 (12Х18Н10Т) 2B (матовый) 2x1500x3000,"ЛИСТ НЕРЖАВЕЮЩИЙ марки AISI 321 (12Х18Н10Т) 2B (матовый) 2x1500x3000, размер 2",2,299115,21237,1,0,0,https://www.kavstal.ru/public/assets/images/products/LISTOVOI_PROKAT/LIST_NERZHAVEYUSHCHII/img.webp,труба обечайка;лист нержавеющий;aisi 321 (12х18н10т) 2b (матовый) 2x1500x3000;2,AISI 321 (12Х18Н10Т) 2B (матовый) 2x1500x3000,2,,21237
Нержавеющая сталь,ЛИСТ НЕРЖАВЕЮЩИЙ,AISI 321 (12Х18Н10Т) 2B (матовый) 2x1500x3000,ЛИСТ НЕРЖАВЕЮЩИЙ 2 AISI 321 (12Х18Н10Т) 2B (матовый) 2x1500x3000,"ЛИСТ НЕРЖАВЕЮЩИЙ марки AISI 321 (12Х18Н10Т) 2B (матовый) 2x1500x3000, размер 2",2,299115,21536,1,0,0,https://www.kavstal.ru/public/assets/images/products/LISTOVOI_PROKAT/LIST_NERZHAVEYUSHCHII/img.webp,труба обечайка;лист нержавеющий;aisi 321 (12х18н10т) 2b (матовый) 2x1500x3000;2,AISI 321 (12Х18Н10Т) 2B (матовый) 2x1500x3000,2,,21536
Нержавеющая сталь,ЛИСТ НЕРЖАВЕЮЩИЙ,AISI 321 (12Х18Н10Т) 2B (матовый) 3x1000x2000,ЛИСТ НЕРЖАВЕЮЩИЙ 3 AISI 321 (12Х18Н10Т) 2B (матовый) 3x1000x2000,"ЛИСТ НЕРЖАВЕЮЩИЙ марки AISI 321 (12Х18Н10Т) 2B (матовый) 3x1000x2000, размер 3",3,308430,14620,1,0,0,https://www.kavstal.ru/public/assets/images/products/LISTOVOI_PROKAT/LIST_NERZHAVEYUSHCHII/img.webp,труба обечайка;лист нержавеющий;aisi 321 (12х18н10т) 2b (матовый) 3x1000x2000;3,AISI 321 (12Х18Н10Т) 2B (матовый) 3x1000x2000,3,,14620
Нержавеющая сталь,ЛИСТ НЕРЖАВЕЮЩИЙ,AISI 321 (12Х18Н10Т) 2B (матовый) 3x1000x2000,ЛИСТ НЕРЖАВЕЮЩИЙ 3 AISI 321 (12Х18Н10Т) 2B (матовый) 3x1000x2000,"ЛИСТ НЕРЖАВЕЮЩИЙ марки AISI 321 (12Х18Н10Т) 2B (матовый) 3x1000x2000, размер 3",3,308430,14805,1,0,0,https://www.kavstal.ru/public/assets/images/products/LISTOVOI_PROKAT/LIST_NERZHAVEYUSHCHII/img.webp,труба обечайка;лист нержавеющий;aisi 321 (12х18н10т) 2b (матовый) 3x1000x2000;3,AISI 321 (12Х18Н10Т) 2B (матовый) 3x1000x2000,3,,14805
Нержавеющая сталь,ЛИСТ НЕРЖАВЕЮЩИЙ,AISI 321 (12Х18Н10Т) 2B (матовый) 3x1250x2500,ЛИСТ НЕРЖАВЕЮЩИЙ 3 AISI 321 (12Х18Н10Т) 2B (матовый) 3x1250x2500,"ЛИСТ НЕРЖАВЕЮЩИЙ марки AISI 321 (12Х18Н10Т) 2B (матовый) 3x1250x2500, размер 3",3,302220,т,1,0,0,https://www.kavstal.ru/public/assets/images/products/LISTOVOI_PROKAT/LIST_NERZHAVEYUSHCHII/img.webp,труба обечайка;лист нержавеющий;aisi 321 (12х18н10т) 2b (матовый) 3x1250x2500;3,AISI 321 (12Х18Н10Т) 2B (матовый) 3x1250x2500,3,,
Нержавеющая сталь,ЛИСТ НЕРЖАВЕЮЩИЙ,AISI 321 (12Х18Н10Т) 2B (матовый) 3x1250x2500,ЛИСТ НЕРЖАВЕЮЩИЙ 3 AISI 321 (12Х18Н10Т) 2B (матовый) 3x1250x2500,"ЛИСТ НЕРЖАВЕЮЩИЙ марки AISI 321 (12Х18Н10Т) 2B (матовый) 3x1250x2500, размер 3",3,302220,22667,1,0,0,https://www.kavstal.ru/public/assets/images/products/LISTOVOI_PROKAT/LIST_NERZHAVEYUSHCHII/img.webp,труба обечайка;лист нержавеющий;aisi 321 (12х18н10т) 2b (матовый) 3x1250x2500;3,AISI 321 (12Х18Н10Т) 2B (матовый) 3x1250x2500,3,,22667
Нержавеющая сталь,ЛИСТ НЕРЖАВЕЮЩИЙ,AISI 321 (12Х18Н10Т) 2B (матовый) 3x1500x3000,ЛИСТ НЕРЖАВЕЮЩИЙ 3 AISI 321 (12Х18Н10Т) 2B (матовый) 3x1500x3000,"ЛИСТ НЕРЖАВЕЮЩИЙ марки AISI 321 (12Х18Н10Т) 2B (матовый) 3x1500x3000, размер 3",3,303255,т,1,0,0,https://www.kavstal.ru/public/assets/images/products/LISTOVOI_PROKAT/LIST_NERZHAVEYUSHCHII/img.webp,труба обечайка;лист нержавеющий;aisi 321 (12х18н10т) 2b (матовый) 3x1500x3000;3,AISI 321 (12Х18Н10Т) 2B (матовый) 3x1500x3000,3,,
Нержавеющая сталь,ЛИСТ НЕРЖАВЕЮЩИЙ,AISI 321 (12Х18Н10Т) 2B (матовый) 3x1500x3000,ЛИСТ НЕРЖАВЕЮЩИЙ 3 AISI 321 (12Х18Н10Т) 2B (матовый) 3x1500x3000,"ЛИСТ НЕРЖАВЕЮЩИЙ марки AISI 321 (12Х18Н10Т) 2B (матовый) 3x1500x3000, размер 3",3,303255,32752,1,0,0,https://www.kavstal.ru/public/assets/images/products/LISTOVOI_PROKAT/LIST_NERZHAVEYUSHCHII/img.webp,труба обечайка;лист нержавеющий;aisi 321 (12х18н10т) 2b (матовый) 3x1500x3000;3,AISI 321 (12Х18Н10Т) 2B (матовый) 3x1500x3000,3,,32752
Нержавеющая сталь,ЛИСТ НЕРЖАВЕЮЩИЙ,AISI 321 (12Х18Н10Т) 2B (матовый) 3x1500x6000,ЛИСТ НЕРЖАВЕЮЩИЙ 3 AISI 321 (12Х18Н10Т) 2B (матовый) 3x1500x6000,"ЛИСТ НЕРЖАВЕЮЩИЙ марки AISI 321 (12Х18Н10Т) 2B (матовый) 3x1500x6000, размер 3",3,306960,т,1,0,0,https://www.kavstal.ru/public/assets/images/products/LISTOVOI_PROKAT/LIST_NERZHAVEYUSHCHII/img.webp,труба обечайка;лист нержавеющий;aisi 321 (12х18н10т) 2b (матовый) 3x1500x6000;3,AISI 321 (12Х18Н10Т) 2B (матовый) 3x1500x6000,3,,
Нержавеющая сталь,ЛИСТ НЕРЖАВЕЮЩИЙ,AISI 321 (12Х18Н10Т) 2B (матовый) 3x1500x6000,ЛИСТ НЕРЖАВЕЮЩИЙ 3 AISI 321 (12Х18Н10Т) 2B (матовый) 3x1500x6000,"ЛИСТ НЕРЖАВЕЮЩИЙ марки AISI 321 (12Х18Н10Т) 2B (матовый) 3x1500x6000, размер 3",3,312632,67529,1,0,0,https://www.kavstal.ru/public/assets/images/products/LISTOVOI_PROKAT/LIST_NERZHAVEYUSHCHII/img.webp,труба обечайка;лист нержавеющий;aisi 321 (12х18н10т) 2b (матовый) 3x1500x6000;3,AISI 321 (12Х18Н10Т) 2B (матовый) 3x1500x6000,3,,67529
Нержавеющая сталь,ЛИСТ НЕРЖАВЕЮЩИЙ,AISI 321 (12Х18Н10Т) 2B (матовый) 4x1000x2000,ЛИСТ НЕРЖАВЕЮЩИЙ 4 AISI 321 (12Х18Н10Т) 2B (матовый) 4x1000x2000,"ЛИСТ НЕРЖАВЕЮЩИЙ марки AISI 321 (12Х18Н10Т) 2B (матовый) 4x1000x2000, размер 4",4,324007,т,1,0,0,https://www.kavstal.ru/public/assets/images/products/LISTOVOI_PROKAT/LIST_NERZHAVEYUSHCHII/img.webp,труба обечайка;лист нержавеющий;aisi 321 (12х18н10т) 2b (матовый) 4x1000x2000;4,AISI 321 (12Х18Н10Т) 2B (матовый) 4x1000x2000,4,,
Нержавеющая сталь,ЛИСТ НЕРЖАВЕЮЩИЙ,AISI 321 (12Х18Н10Т) 2B (матовый) 4x1500x3000,ЛИСТ НЕРЖАВЕЮЩИЙ 4 AISI 321 (12Х18Н10Т) 2B (матовый) 4x1500x3000,"ЛИСТ НЕРЖАВЕЮЩИЙ марки AISI 321 (12Х18Н10Т) 2B (матовый) 4x1500x3000, размер 4",4,299115,т,1,0,0,https://www.kavstal.ru/public/assets/images/products/LISTOVOI_PROKAT/LIST_NERZHAVEYUSHCHII/img.webp,труба обечайка;лист нержавеющий;aisi 321 (12х18н10т) 2b (матовый) 4x1500x3000;4,AISI 321 (12Х18Н10Т) 2B (матовый) 4x1500x3000,4,,
Нержавеющая сталь,ЛИСТ НЕРЖАВЕЮЩИЙ,AISI 321 (12Х18Н10Т) 2B (матовый) 4x1500x6000,ЛИСТ НЕРЖАВЕЮЩИЙ 4 AISI 321 (12Х18Н10Т) 2B (матовый) 4x1500x6000,"ЛИСТ НЕРЖАВЕЮЩИЙ марки AISI 321 (12Х18Н10Т) 2B (матовый) 4x1500x6000, размер 4",4,299115,86145,1,0,0,https://www.kavstal.ru/public/assets/images/products/LISTOVOI_PROKAT/LIST_NERZHAVEYUSHCHII/img.webp,труба обечайка;лист нержавеющий;aisi 321 (12х18н10т) 2b (матовый) 4x1500x6000;4,AISI 321 (12Х18Н10Т) 2B (матовый) 4x1500x6000,4,,86145
Нержавеющая сталь,ЛИСТ НЕРЖАВЕЮЩИЙ,AISI 321 (12Х18Н10Т) 2B (матовый) 5x1000x2000,ЛИСТ НЕРЖАВЕЮЩИЙ 5 AISI 321 (12Х18Н10Т) 2B (матовый) 5x1000x2000,"ЛИСТ НЕРЖАВЕЮЩИЙ марки AISI 321 (12Х18Н10Т) 2B (матовый) 5x1000x2000, размер 5",5,312632,т,1,0,0,https://www.kavstal.ru/public/assets/images/products/LISTOVOI_PROKAT/LIST_NERZHAVEYUSHCHII/img.webp,труба обечайка;лист нержавеющий;aisi 321 (12х18н10т) 2b (матовый) 5x1000x2000;5,AISI 321 (12Х18Н10Т) 2B (матовый) 5x1000x2000,5,,
Нержавеющая сталь,ЛИСТ НЕРЖАВЕЮЩИЙ,AISI 321 (12Х18Н10Т) 2B (матовый) 6x1500x3000,ЛИСТ НЕРЖАВЕЮЩИЙ 6 AISI 321 (12Х18Н10Т) 2B (матовый) 6x1500x3000,"ЛИСТ НЕРЖАВЕЮЩИЙ марки AISI 321 (12Х18Н10Т) 2B (матовый) 6x1500x3000, размер 6",6,324007,т,1,0,0,https://www.kavstal.ru/public/assets/images/products/LISTOVOI_PROKAT/LIST_NERZHAVEYUSHCHII/img.webp,труба обечайка;лист нержавеющий;aisi 321 (12х18н10т) 2b (матовый) 6x1500x3000;6,AISI 321 (12Х18Н10Т) 2B (матовый) 6x1500x3000,6,,
