категория,подкатегория,марка,название,описание,диаметр,цена,единица,в_наличии,рейтинг,отзывы,фото,ключевые_слова,spec_Марка,spec_Размер,spec_ГОСТ,spec_Единица
Сортовой прокат,АРМАТУРА,кл А1 А240,Арматура гладкая А1 А240 8мм,"Арматура гладкая марки А1 А240, диаметр 8мм",8,51790,т,1,0,0,https://www.kavstal.ru/public/assets/images/products/SORTOVOI_PROKAT/ARMATURA/img.jpg,сортовой прокат;арматура;кл а1 а240;8;гладкая;глаткая,кл А1 А240,8,ГОСТ 34028-2016,т
Сортовой прокат,АРМАТУРА,кл А1 А240,Арматура гладкая А1 А240 12мм,"Арматура гладкая марки А1 А240, диаметр 12мм",12,48990,т,1,0,0,https://www.kavstal.ru/public/assets/images/products/SORTOVOI_PROKAT/ARMATURA/img.jpg,сортовой прокат;арматура;кл а1 а240;12;гладкая;глаткая,кл А1 А240,12,ГОСТ 34028-2016,т
Сортовой прокат,АРМАТУРА,кл А1 А240,"Арматура гладкая А1 А240 14 , 18, 20мм","Арматура гладкая марки А1 А240, диаметр 14 , 18, 20мм",14,47990,т,1,0,0,https://www.kavstal.ru/public/assets/images/products/SORTOVOI_PROKAT/ARMATURA/img.jpg,сортовой прокат;арматура;кл а1 а240;14;18;20;гладкая;глаткая,кл А1 А240,14 ; 18; 20,ГОСТ 34028-2016,т
Сортовой прокат,АРМАТУРА,кл А1 А240,Арматура гладкая А1 А240 22мм,"Арматура гладкая марки А1 А240, диаметр 22мм",22,47490,т,1,0,0,https://www.kavstal.ru/public/assets/images/products/SORTOVOI_PROKAT/ARMATURA/img.jpg,сортовой прокат;арматура;кл а1 а240;22;гладкая;глаткая,кл А1 А240,22,ГОСТ 34028-2016,т
Сортовой прокат,АРМАТУРА,кл А1 А240,Арматура гладкая А1 А240 25мм,"Арматура гладкая марки А1 А240, диаметр 25мм",25,47990,т,1,0,0,https://www.kavstal.ru/public/assets/images/products/SORTOVOI_PROKAT/ARMATURA/img.jpg,сортовой прокат;арматура;кл а1 а240;25;гладкая;глаткая,кл А1 А240,25,ГОСТ 34028-2016,т
Сортовой прокат,АРМАТУРА,кл А1 А240 6м,"Арматура гладкая А1 А240 6м 6 , 8мм","Арматура гладкая марки А1 А240 6м, диаметр 6 , 8мм",6,51990,т,1,0,0,https://www.kavstal.ru/public/assets/images/products/SORTOVOI_PROKAT/ARMATURA/img.jpg,сортовой прокат;арматура;кл а1 а240 6м;6;8;гладкая;глаткая,кл А1 А240 6м,6 ; 8,ГОСТ 34028-2016,т
Сортовой прокат,АРМАТУРА,кл А1 А240С,Арматура гладкая А1 А240С 10мм,"Арматура гладкая марки А1 А240С, диаметр 10мм",10,51490,т,1,0,0,https://www.kavstal.ru/public/assets/images/products/SORTOVOI_PROKAT/ARMATURA/img.jpg,сортовой прокат;арматура;кл а1 а240с;10;гладкая;глаткая,кл А1 А240С,10,ГОСТ 34028-2016,т
Сортовой прокат,АРМАТУРА,кл А1 А240С,Арматура гладкая А1 А240С 16мм,"Арматура гладкая марки А1 А240С, диаметр 16мм",16,48490,т,1,0,0,https://www.kavstal.ru/public/assets/images/products/SORTOVOI_PROKAT/ARMATURA/img.jpg,сортовой прокат;арматура;кл а1 а240с;16;гладкая;глаткая,кл А1 А240С,16,ГОСТ 34028-2016,т
Сортовой прокат,АРМАТУРА,кл А1 А240С 6м,Арматура гладкая А1 А240С 6м 10мм,"Арматура гладкая марки А1 А240С 6м, диаметр 10мм",10,51490,т,1,0,0,https://www.kavstal.ru/public/assets/images/products/SORTOVOI_PROKAT/ARMATURA/img.jpg,сортовой прокат;арматура;кл а1 а240с 6м;10;гладкая;глаткая,кл А1 А240С 6м,10,ГОСТ 34028-2016,т
Сортовой прокат,АРМАТУРА,кл А1 мотки А240,Арматура гладкая А1 мотки А240 8мм,"Арматура гладкая марки А1 мотки А240, диаметр 8мм",8,50990,т,1,0,0,https://www.kavstal.ru/public/assets/images/products/SORTOVOI_PROKAT/ARMATURA/img.jpg,сортовой прокат;арматура;кл а1 мотки а240;8;гладкая;глаткая,кл А1 мотки А240,8,ГОСТ 34028-2016,т
Сортовой прокат,АРМАТУРА,кл А1 мотки А240С,Арматура гладкая А1 мотки А240С 10мм,"Арматура гладкая марки А1 мотки А240С, диаметр 10мм",10,50990,т,1,0,0,https://www.kavstal.ru/public/assets/images/products/SORTOVOI_PROKAT/ARMATURA/img.jpg,сортовой прокат;арматура;кл а1 мотки а240с;10;гладкая;глаткая,кл А1 мотки А240С,10,ГОСТ 34028-2016,т
Сортовой прокат,АРМАТУРА,кл А1 мотки Ст3,Арматура гладкая А1 мотки Ст3 12мм,"Арматура гладкая марки А1 мотки Ст3, диаметр 12мм",12,50490,т,1,0,0,https://www.kavstal.ru/public/assets/images/products/SORTOVOI_PROKAT/ARMATURA/img.jpg,сортовой прокат;арматура;кл а1 мотки ст3;12;гладкая;глаткая,кл А1 мотки Ст3,12,ГОСТ 34028-2016,т
Сортовой прокат,АРМАТУРА,кл А1 Ст3,Арматура гладкая А1 Ст3 12мм,"Арматура гладкая марки А1 Ст3, диаметр 12мм",12,48990,т,1,0,0,https://www.kavstal.ru/public/assets/images/products/SORTOVOI_PROKAT/ARMATURA/img.jpg,сортовой прокат;арматура;кл а1 ст3;12;гладкая;глаткая,кл А1 Ст3,12,ГОСТ 34028-2016,т
Сортовой прокат,АРМАТУРА,кл А1 Ст3,"Арматура гладкая А1 Ст3 28 , 32мм","Арматура гладкая марки А1 Ст3, диаметр 28 , 32мм",28,52490,т,1,0,0,https://www.kavstal.ru/public/assets/images/products/SORTOVOI_PROKAT/ARMATURA/img.jpg,сортовой прокат;арматура;кл а1 ст3;28;32;гладкая;глаткая,кл А1 Ст3,28 ; 32,ГОСТ 34028-2016,т
Сортовой прокат,АРМАТУРА,кл А1 Ст3,"Арматура гладкая А1 Ст3 36 , 40мм","Арматура гладкая марки А1 Ст3, диаметр 36 , 40мм",36,53490,т,1,0,0,https://www.kavstal.ru/public/assets/images/products/SORTOVOI_PROKAT/ARMATURA/img.jpg,сортовой прокат;арматура;кл а1 ст3;36;40;гладкая;глаткая,кл А1 Ст3,36 ; 40,ГОСТ 34028-2016,т
Сортовой прокат,АРМАТУРА,кл А1 Ст3 6м,"Арматура гладкая А1 Ст3 6м 6 , 8мм","Арматура гладкая марки А1 Ст3 6м, диаметр 6 , 8мм",6,51990,т,1,0,0,https://www.kavstal.ru/public/assets/images/products/SORTOVOI_PROKAT/ARMATURA/img.jpg,сортовой прокат;арматура;кл а1 ст3 6м;6;8;гладкая;глаткая,кл А1 Ст3 6м,6 ; 8,ГОСТ 34028-2016,т
Сортовой прокат,АРМАТУРА,кл А1 Ст3 6м,Арматура гладкая А1 Ст3 6м 10мм,"Арматура гладкая марки А1 Ст3 6м, диаметр 10мм",10,51490,т,1,0,0,https://www.kavstal.ru/public/assets/images/products/SORTOVOI_PROKAT/ARMATURA/img.jpg,сортовой прокат;арматура;кл а1 ст3 6м;10;гладкая;глаткая,кл А1 Ст3 6м,10,ГОСТ 34028-2016,т
Сортовой прокат,АРМАТУРА,кл А1 Ст3 6м,Арматура гладкая А1 Ст3 6м 12мм,"Арматура гладкая марки А1 Ст3 6м, диаметр 12мм",12,48990,т,1,0,0,https://www.kavstal.ru/public/assets/images/products/SORTOVOI_PROKAT/ARMATURA/img.jpg,сортовой прокат;арматура;кл а1 ст3 6м;12;гладкая;глаткая,кл А1 Ст3 6м,12,ГОСТ 34028-2016,т
Сортовой прокат,АРМАТУРА,кл А1 Ст3 6м,Арматура гладкая А1 Ст3 6м 14мм,"Арматура гладкая марки А1 Ст3 6м, диаметр 14мм",14,47990,т,1,0,0,https://www.kavstal.ru/public/assets/images/products/SORTOVOI_PROKAT/ARMATURA/img.jpg,сортовой прокат;арматура;кл а1 ст3 6м;14;гладкая;глаткая,кл А1 Ст3 6м,14,ГОСТ 34028-2016,т
Сортовой прокат,АРМАТУРА,кл А3 1000-6000 некондиция,Арматура рифленая А3 12мм 1000-6000 некондиция,"Арматура рифленая А3 12мм 1000-6000 некондиция, марка стали кл А3 1000-6000 некондиция",12,32990,т,1,0,0,https://www.kavstal.ru/public/assets/images/products/SORTOVOI_PROKAT/ARMATURA/img.jpg,сортовой прокат;арматура;кл а3 1000-6000 некондиция;12;рифленая;а3;12мм;1000-6000;некондиция,кл А3 1000-6000 некондиция,12,ГОСТ 5781-82,т
Сортовой прокат,АРМАТУРА,кл А3 25Г2С,Арматура рифленая А3 8мм 25Г2С,"Арматура рифленая А3 8мм 25Г2С, марка стали кл А3 25Г2С",8,52990,т,1,0,0,https://www.kavstal.ru/public/assets/images/products/SORTOVOI_PROKAT/ARMATURA/img.jpg,сортовой прокат;арматура;кл а3 25г2с;8;рифленая;а3;8мм;25г2с,кл А3 25Г2С,8,ГОСТ 5781-82,т
Сортовой прокат,АРМАТУРА,кл А3 25Г2С,Арматура рифленая А3 10мм 25Г2С,"Арматура рифленая А3 10мм 25Г2С, марка стали кл А3 25Г2С",10,53990,т,1,0,0,https://www.kavstal.ru/public/assets/images/products/SORTOVOI_PROKAT/ARMATURA/img.jpg,сортовой прокат;арматура;кл а3 25г2с;10;рифленая;а3;10мм;25г2с,кл А3 25Г2С,10,ГОСТ 5781-82,т
Сортовой прокат,АРМАТУРА,кл А3 25Г2С,Арматура рифленая А3 12мм 25Г2С,"Арматура рифленая А3 12мм 25Г2С, марка стали кл А3 25Г2С",12,50990,т,1,0,0,https://www.kavstal.ru/public/assets/images/products/SORTOVOI_PROKAT/ARMATURA/img.jpg,сортовой прокат;арматура;кл а3 25г2с;12;рифленая;а3;12мм;25г2с,кл А3 25Г2С,12,ГОСТ 5781-82,т
Сортовой прокат,АРМАТУРА,кл А3 25Г2С,Арматура рифленая А3 16мм 25Г2С,"Арматура рифленая А3 16мм 25Г2С, марка стали кл А3 25Г2С",16,50490,т,1,0,0,https://www.kavstal.ru/public/assets/images/products/SORTOVOI_PROKAT/ARMATURA/img.jpg,сортовой прокат;арматура;кл а3 25г2с;16;18;рифленая;а3;16мм;25г2с,кл А3 25Г2С,16 ; 18,ГОСТ 5781-82,т
Сортовой прокат,АРМАТУРА,кл А3 25Г2С,Арматура рифленая А3 20мм 25Г2С,"Арматура рифленая А3 20мм 25Г2С, марка стали кл А3 25Г2С",20,51990,т,1,0,0,https://www.kavstal.ru/public/assets/images/products/SORTOVOI_PROKAT/ARMATURA/img.jpg,сортовой прокат;арматура;кл а3 25г2с;20;рифленая;а3;20мм;25г2с,кл А3 25Г2С,20,ГОСТ 5781-82,т
Сортовой прокат,АРМАТУРА,кл А3 25Г2С,Арматура рифленая А3 22мм 25Г2С,"Арматура рифленая А3 22мм 25Г2С, марка стали кл А3 25Г2С",22,50490,т,1,0,0,https://www.kavstal.ru/public/assets/images/products/SORTOVOI_PROKAT/ARMATURA/img.jpg,сортовой прокат;арматура;кл а3 25г2с;22;25;28;32;рифленая;а3;22мм;25г2с,кл А3 25Г2С,22 ; 25; 28; 32,ГОСТ 5781-82,т
Сортовой прокат,АРМАТУРА,кл А3 35ГС,Арматура рифленая А3 6мм 35ГС,"Арматура рифленая А3 6мм 35ГС, марка стали кл А3 35ГС",6,51990,т,1,0,0,https://www.kavstal.ru/public/assets/images/products/SORTOVOI_PROKAT/ARMATURA/img.jpg,сортовой прокат;арматура;кл а3 35гс;6;рифленая;а3;6мм;35гс,кл А3 35ГС,6,ГОСТ 5781-82,т
Сортовой прокат,АРМАТУРА,кл А3 35ГС,Арматура рифленая А3 8мм 35ГС,"Арматура рифленая А3 8мм 35ГС, марка стали кл А3 35ГС",8,53990,т,1,0,0,https://www.kavstal.ru/public/assets/images/products/SORTOVOI_PROKAT/ARMATURA/img.jpg,сортовой прокат;арматура;кл а3 35гс;8;рифленая;а3;8мм;35гс,кл А3 35ГС,8,ГОСТ 5781-82,т
Сортовой прокат,АРМАТУРА,кл А3 35ГС,Арматура рифленая А3 28мм 35ГС,"Арматура рифленая А3 28мм 35ГС, марка стали кл А3 35ГС",28,49990,т,1,0,0,https://www.kavstal.ru/public/assets/images/products/SORTOVOI_PROKAT/ARMATURA/img.jpg,сортовой прокат;арматура;кл а3 35гс;28;32;рифленая;а3;28мм;35гс,кл А3 35ГС,28 ; 32,ГОСТ 5781-82,т
Сортовой прокат,АРМАТУРА,кл А3 А400;500,"Арматура рифленая А3 8мм А400, 500","Арматура рифленая А3 8мм А400, 500, марка стали кл А3 А400;500",8,51990,т,1,0,0,https://www.kavstal.ru/public/assets/images/products/SORTOVOI_PROKAT/ARMATURA/img.jpg,сортовой прокат;арматура;кл а3 а400;500;8;рифленая;а3;8мм;а400,кл А3 А400;500,8,ГОСТ 5781-82,т
Сортовой прокат,АРМАТУРА,кл А3 А400;500,"Арматура рифленая А3 10мм А400, 500","Арматура рифленая А3 10мм А400, 500, марка стали кл А3 А400;500",10,49990,т,1,0,0,https://www.kavstal.ru/public/assets/images/products/SORTOVOI_PROKAT/ARMATURA/img.jpg,сортовой прокат;арматура;кл а3 а400;500;10;рифленая;а3;10мм;а400,кл А3 А400;500,10,ГОСТ 5781-82,т
Сортовой прокат,АРМАТУРА,кл А3 А400;500,"Арматура рифленая А3 12мм А400, 500","Арматура рифленая А3 12мм А400, 500, марка стали кл А3 А400;500",12,47990,т,1,0,0,https://www.kavstal.ru/public/assets/images/products/SORTOVOI_PROKAT/ARMATURA/img.jpg,сортовой прокат;арматура;кл а3 а400;500;12;рифленая;а3;12мм;а400,кл А3 А400;500,12,ГОСТ 5781-82,т
Сортовой прокат,АРМАТУРА,кл А3 А400;500,"Арматура рифленая А3 14мм А400, 500","Арматура рифленая А3 14мм А400, 500, марка стали кл А3 А400;500",14,47490,т,1,0,0,https://www.kavstal.ru/public/assets/images/products/SORTOVOI_PROKAT/ARMATURA/img.jpg,сортовой прокат;арматура;кл а3 а400;500;14;16;18;рифленая;а3;14мм;а400,кл А3 А400;500,14 ; 16; 18,ГОСТ 5781-82,т
Сортовой прокат,АРМАТУРА,кл А3 А400;500,"Арматура рифленая А3 20мм А400, 500","Арматура рифленая А3 20мм А400, 500, марка стали кл А3 А400;500",20,47490,т,1,0,0,https://www.kavstal.ru/public/assets/images/products/SORTOVOI_PROKAT/ARMATURA/img.jpg,сортовой прокат;арматура;кл а3 а400;500;20;рифленая;а3;20мм;а400,кл А3 А400;500,20,ГОСТ 5781-82,т
Сортовой прокат,АРМАТУРА,кл А3 А400;500,"Арматура рифленая А3 22мм А400, 500","Арматура рифленая А3 22мм А400, 500, марка стали кл А3 А400;500",22,47990,т,1,0,0,https://www.kavstal.ru/public/assets/images/products/SORTOVOI_PROKAT/ARMATURA/img.jpg,сортовой прокат;арматура;кл а3 а400;500;22;рифленая;а3;22мм;а400,кл А3 А400;500,22,ГОСТ 5781-82,т
Сортовой прокат,АРМАТУРА,кл А3 А400;500,"Арматура рифленая А3 25мм А400, 500","Арматура рифленая А3 25мм А400, 500, марка стали кл А3 А400;500",25,47490,т,1,0,0,https://www.kavstal.ru/public/assets/images/products/SORTOVOI_PROKAT/ARMATURA/img.jpg,сортовой прокат;арматура;кл а3 а400;500;25;рифленая;а3;25мм;а400,кл А3 А400;500,25,ГОСТ 5781-82,т
Сортовой прокат,АРМАТУРА,кл А3 А400;500,"Арматура рифленая А3 28мм А400, 500","Арматура рифленая А3 28мм А400, 500, марка стали кл А3 А400;500",28,47490,т,1,0,0,https://www.kavstal.ru/public/assets/images/products/SORTOVOI_PROKAT/ARMATURA/img.jpg,сортовой прокат;арматура;кл а3 а400;500;28;32;36;40;рифленая;а3;28мм;а400,кл А3 А400;500,28 ; 32; 36; 40,ГОСТ 5781-82,т
Сортовой прокат,АРМАТУРА,кл А3 А400;500 6м,"Арматура рифленая А3 6мм А400, 500 6м","Арматура рифленая А3 6мм А400, 500 6м, марка стали кл А3 А400;500 6м",6,51990,т,1,0,0,https://www.kavstal.ru/public/assets/images/products/SORTOVOI_PROKAT/ARMATURA/img.jpg,сортовой прокат;арматура;кл а3 а400;500 6м;6;8;рифленая;а3;6мм;а400;500;6м,кл А3 А400;500 6м,6 ; 8,ГОСТ 5781-82,т
Сортовой прокат,АРМАТУРА,кл А3 А400;500 6м,"Арматура рифленая А3 10мм А400, 500 6м","Арматура рифленая А3 10мм А400, 500 6м, марка стали кл А3 А400;500 6м",10,50490,т,1,0,0,https://www.kavstal.ru/public/assets/images/products/SORTOVOI_PROKAT/ARMATURA/img.jpg,сортовой прокат;арматура;кл а3 а400;500 6м;10;рифленая;а3;10мм;а400;500;6м,кл А3 А400;500 6м,10,ГОСТ 5781-82,т
Сортовой прокат,АРМАТУРА,кл А3 А400;500 6м,"Арматура рифленая А3 12мм А400, 500 6м","Арматура рифленая А3 12мм А400, 500 6м, марка стали кл А3 А400;500 6м",12,48490,т,1,0,0,https://www.kavstal.ru/public/assets/images/products/SORTOVOI_PROKAT/ARMATURA/img.jpg,сортовой прокат;арматура;кл а3 а400;500 6м;12;рифленая;а3;12мм;а400;500;6м,кл А3 А400;500 6м,12,ГОСТ 5781-82,т
Сортовой прокат,АРМАТУРА,кл А3 А400;500 6м,"Арматура рифленая А3 14мм А400, 500 6м","Арматура рифленая А3 14мм А400, 500 6м, марка стали кл А3 А400;500 6м",14,47990,т,1,0,0,https://www.kavstal.ru/public/assets/images/products/SORTOVOI_PROKAT/ARMATURA/img.jpg,сортовой прокат;арматура;кл а3 а400;500 6м;14;16;рифленая;а3;14мм;а400;500;6м,кл А3 А400;500 6м,14 ; 16,ГОСТ 5781-82,т
Сортовой прокат,АРМАТУРА,кл А3 А400;500 н/д,"Арматура рифленая А3 10мм А400, 500 н/д","Арматура рифленая А3 10мм А400, 500 н/д, марка стали кл А3 А400;500 н/д",10,43490,т,1,0,0,https://www.kavstal.ru/public/assets/images/products/SORTOVOI_PROKAT/ARMATURA/img.jpg,сортовой прокат;арматура;кл а3 а400;500 н/д;10;рифленая;а3;10мм;а400;500;н/д,кл А3 А400;500 н/д,10,ГОСТ 5781-82,т
Сортовой прокат,АРМАТУРА,кл А3 А400;500 н/д,"Арматура рифленая А3 12мм А400, 500 н/д","Арматура рифленая А3 12мм А400, 500 н/д, марка стали кл А3 А400;500 н/д",12,40990,т,1,0,0,https://www.kavstal.ru/public/assets/images/products/SORTOVOI_PROKAT/ARMATURA/img.jpg,сортовой прокат;арматура;кл а3 а400;500 н/д;12;рифленая;а3;12мм;а400;500;н/д,кл А3 А400;500 н/д,12,ГОСТ 5781-82,т
Сортовой прокат,АРМАТУРА,кл А3 А400;500 н/д,"Арматура рифленая А3 16мм А400, 500 н/д","Арматура рифленая А3 16мм А400, 500 н/д, марка стали кл А3 А400;500 н/д",16,40490,т,1,0,0,https://www.kavstal.ru/public/assets/images/products/SORTOVOI_PROKAT/ARMATURA/img.jpg,сортовой прокат;арматура;кл а3 а400;500 н/д;16;рифленая;а3;16мм;а400;500;н/д,кл А3 А400;500 н/д,16,ГОСТ 5781-82,т
Сортовой прокат,АРМАТУРА,кл А3 А400;500 н/д,"Арматура рифленая А3 25мм А400, 500 н/д","Арматура рифленая А3 25мм А400, 500 н/д, марка стали кл А3 А400;500 н/д",25,38490,т,1,0,0,https://www.kavstal.ru/public/assets/images/products/SORTOVOI_PROKAT/ARMATURA/img.jpg,сортовой прокат;арматура;кл а3 а400;500 н/д;25;рифленая;а3;25мм;а400;500;н/д,кл А3 А400;500 н/д,25,ГОСТ 5781-82,т
Сортовой прокат,АРМАТУРА,кл А3 мотки 25Г2С,Арматура рифленая А3 мотки 8мм 25Г2С,"Арматура рифленая А3 мотки 8мм 25Г2С, марка стали кл А3 мотки 25Г2С",8,51990,т,1,0,0,https://www.kavstal.ru/public/assets/images/products/SORTOVOI_PROKAT/ARMATURA/img.jpg,сортовой прокат;арматура;кл а3 мотки 25г2с;8;рифленая;а3;мотки;8мм;25г2с,кл А3 мотки 25Г2С,8,ГОСТ 5781-82,т
Сортовой прокат,АРМАТУРА,кл А3 мотки 25Г2С,Арматура рифленая А3 мотки 10мм 25Г2С,"Арматура рифленая А3 мотки 10мм 25Г2С, марка стали кл А3 мотки 25Г2С",10,52490,т,1,0,0,https://www.kavstal.ru/public/assets/images/products/SORTOVOI_PROKAT/ARMATURA/img.jpg,сортовой прокат;арматура;кл а3 мотки 25г2с;10;рифленая;а3;мотки;10мм;25г2с,кл А3 мотки 25Г2С,10,ГОСТ 5781-82,т
Сортовой прокат,АРМАТУРА,кл А3 мотки 35ГС,Арматура рифленая А3 мотки 6мм 35ГС,"Арматура рифленая А3 мотки 6мм 35ГС, марка стали кл А3 мотки 35ГС",6,50990,т,1,0,0,https://www.kavstal.ru/public/assets/images/products/SORTOVOI_PROKAT/ARMATURA/img.jpg,сортовой прокат;арматура;кл а3 мотки 35гс;6;рифленая;а3;мотки;6мм;35гс,кл А3 мотки 35ГС,6,ГОСТ 5781-82,т
Сортовой прокат,АРМАТУРА,кл А3 мотки 35ГС,Арматура рифленая А3 мотки 8мм 35ГС,"Арматура рифленая А3 мотки 8мм 35ГС, марка стали кл А3 мотки 35ГС",8,52990,т,1,0,0,https://www.kavstal.ru/public/assets/images/products/SORTOVOI_PROKAT/ARMATURA/img.jpg,сортовой прокат;арматура;кл а3 мотки 35гс;8;рифленая;а3;мотки;8мм;35гс,кл А3 мотки 35ГС,8,ГОСТ 5781-82,т
Сортовой прокат,АРМАТУРА,кл А3 мотки А400;500,"Арматура рифленая А3 6мм А400, 500","Арматура рифленая А3 6мм А400, 500, марка стали кл А3 мотки А400;500",6,50990,т,1,0,0,https://www.kavstal.ru/public/assets/images/products/SORTOVOI_PROKAT/ARMATURA/img.jpg,сортовой прокат;арматура;кл а3 мотки а400;500;6;рифленая;а3;6мм;а400,кл А3 мотки А400;500,6,ГОСТ 5781-82,т
Сортовой прокат,АРМАТУРА,кл А3 мотки А400;500,"Арматура рифленая А3 8мм А400, 500","Арматура рифленая А3 8мм А400, 500, марка стали кл А3 мотки А400;500",8,51490,т,1,0,0,https://www.kavstal.ru/public/assets/images/products/SORTOVOI_PROKAT/ARMATURA/img.jpg,сортовой прокат;арматура;кл а3 мотки а400;500;8;рифленая;а3;8мм;а400,кл А3 мотки А400;500,8,ГОСТ 5781-82,т
Сортовой прокат,АРМАТУРА,кл А3 мотки А400;500,"Арматура рифленая А3 10мм А400, 500","Арматура рифленая А3 10мм А400, 500, марка стали кл А3 мотки А400;500",10,54490,т,1,0,0,https://www.kavstal.ru/public/assets/images/products/SORTOVOI_PROKAT/ARMATURA/img.jpg,сортовой прокат;арматура;кл а3 мотки а400;500;10;рифленая;а3;10мм;а400,кл А3 мотки А400;500,10,ГОСТ 5781-82,т
Сортовой прокат,АРМАТУРА,кл А3 мотки А400;500,"Арматура рифленая А3 12мм А400, 500","Арматура рифленая А3 12мм А400, 500, марка стали кл А3 мотки А400;500",12,51990,т,1,0,0,https://www.kavstal.ru/public/assets/images/products/SORTOVOI_PROKAT/ARMATURA/img.jpg,сортовой прокат;арматура;кл а3 мотки а400;500;12;рифленая;а3;12мм;а400,кл А3 мотки А400;500,12,ГОСТ 5781-82,т
Сортовой прокат,АРМАТУРА,кл А3 мотки В500С,Арматура рифленая А3 мотки 6мм В500С,"Арматура рифленая А3 мотки 6мм В500С, марка стали кл А3 мотки В500С",6,54990,т,1,0,0,https://www.kavstal.ru/public/assets/images/products/SORTOVOI_PROKAT/ARMATURA/img.jpg,сортовой прокат;арматура;кл а3 мотки в500с;6;рифленая;а3;мотки;6мм;в500с,кл А3 мотки В500С,6,ГОСТ 5781-82,т
Сортовой прокат,АРМАТУРА,кл А3 мотки В500С,Арматура рифленая А3 мотки 8мм В500С,"Арматура рифленая А3 мотки 8мм В500С, марка стали кл А3 мотки В500С",8,54490,т,1,0,0,https://www.kavstal.ru/public/assets/images/products/SORTOVOI_PROKAT/ARMATURA/img.jpg,сортовой прокат;арматура;кл а3 мотки в500с;8;рифленая;а3;мотки;8мм;в500с,кл А3 мотки В500С,8,ГОСТ 5781-82,т
Сортовой прокат,АРМАТУРА,кл А3 мотки В500С,Арматура рифленая А3 мотки 10мм В500С,"Арматура рифленая А3 мотки 10мм В500С, марка стали кл А3 мотки В500С",10,55490,т,1,0,0,https://www.kavstal.ru/public/assets/images/products/SORTOVOI_PROKAT/ARMATURA/img.jpg,сортовой прокат;арматура;кл а3 мотки в500с;10;рифленая;а3;мотки;10мм;в500с,кл А3 мотки В500С,10,ГОСТ 5781-82,т
Сортовой прокат,АРМАТУРА,кл А3 мотки В500С,Арматура рифленая А3 мотки 12мм В500С,"Арматура рифленая А3 мотки 12мм В500С, марка стали кл А3 мотки В500С",12,54490,т,1,0,0,https://www.kavstal.ru/public/assets/images/products/SORTOVOI_PROKAT/ARMATURA/img.jpg,сортовой прокат;арматура;кл а3 мотки в500с;12;рифленая;а3;мотки;12мм;в500с,кл А3 мотки В500С,12,ГОСТ 5781-82,т
Сортовой прокат,АРМАТУРА,"кл А3 ТУ 38.32.22-09-15610448-2021 11,7 некондиция","Арматура рифленая А3 10мм ТУ 38.32.22-09-15610448-2021 11,7 некондиция","Арматура рифленая А3 10мм ТУ 38.32.22-09-15610448-2021 11,7 некондиция, марка стали кл А3 ТУ 38.32.22-09-15610448-2021 11,7 некондиция",10,46490,т,1,0,0,https://www.kavstal.ru/public/assets/images/products/SORTOVOI_PROKAT/ARMATURA/img.jpg,"сортовой прокат;арматура;кл а3 ту 38.32.22-09-15610448-2021 11,7 некондиция;10;рифленая;а3;10мм;ту;38.32.22-09-15610448-2021;11;некондиция","кл А3 ТУ 38.32.22-09-15610448-2021 11,7 некондиция",10,ГОСТ 5781-82,т
Сортовой прокат,АРМАТУРА,кл А3 ТУ 38.32.22-09-15610448-2021 н/д некондиция,Арматура рифленая А3 12мм ТУ 38.32.22-09-15610448-2021 н/д некондиция,"Арматура рифленая А3 12мм ТУ 38.32.22-09-15610448-2021 н/д некондиция, марка стали кл А3 ТУ 38.32.22-09-15610448-2021 н/д некондиция",12,37990,т,1,0,0,https://www.kavstal.ru/public/assets/images/products/SORTOVOI_PROKAT/ARMATURA/img.jpg,сортовой прокат;арматура;кл а3 ту 38.32.22-09-15610448-2021 н/д некондиция;12;рифленая;а3;12мм;ту;38.32.22-09-15610448-2021;н/д;некондиция,кл А3 ТУ 38.32.22-09-15610448-2021 н/д некондиция,12,ГОСТ 5781-82,т
Сортовой прокат,АРМАТУРА,кл А800,Арматура рифленая А3 12мм А800,"Арматура рифленая А3 12мм А800, марка стали кл А800",12,51990,т,1,0,0,https://www.kavstal.ru/public/assets/images/products/SORTOVOI_PROKAT/ARMATURA/img.jpg,сортовой прокат;арматура;кл а800;12;рифленая;а3;12мм;а800,кл А800,12,,т
Сортовой прокат,АРМАТУРА,кл А800,Арматура рифленая А3 14мм А800,"Арматура рифленая А3 14мм А800, марка стали кл А800",14,51490,т,1,0,0,https://www.kavstal.ru/public/assets/images/products/SORTOVOI_PROKAT/ARMATURA/img.jpg,сортовой прокат;арматура;кл а800;14;рифленая;а3;14мм;а800,кл А800,14,,т
Сортовой прокат,АРМАТУРА,"кл А800 6,7м","Арматура рифленая А3 12мм А800 6,7м","Арматура рифленая А3 12мм А800 6,7м, марка стали кл А800 6,7м",12,51990,т,1,0,0,https://www.kavstal.ru/public/assets/images/products/SORTOVOI_PROKAT/ARMATURA/img.jpg,"сортовой прокат;арматура;кл а800 6,7м;12;14;рифленая;а3;12мм;а800;7м","кл А800 6,7м",12 ; 14,,т
Сортовой прокат,АРМАТУРА,"кл А800 7,6м","Арматура рифленая А3 12мм А800 7,6м","Арматура рифленая А3 12мм А800 7,6м, марка стали кл А800 7,6м",12,51490,т,1,0,0,https://www.kavstal.ru/public/assets/images/products/SORTOVOI_PROKAT/ARMATURA/img.jpg,"сортовой прокат;арматура;кл а800 7,6м;12;рифленая;а3;12мм;а800;6м","кл А800 7,6м",12,,т
Сортовой прокат,АРМАТУРА,"кл А800 7,6м","Арматура рифленая А3 14мм А800 7,6м","Арматура рифленая А3 14мм А800 7,6м, марка стали кл А800 7,6м",14,51990,т,1,0,0,https://www.kavstal.ru/public/assets/images/products/SORTOVOI_PROKAT/ARMATURA/img.jpg,"сортовой прокат;арматура;кл а800 7,6м;14;рифленая;а3;14мм;а800;6м","кл А800 7,6м",14,,т
Сортовой прокат,УГОЛОК НИЗКОЛЕГИР,125x80,Уголок 125x80x8 мм низколегированный,"Уголок 125x80x8 мм низколегированный, сталь Ст3",8,139990,т,1,0,0,https://www.kavstal.ru/public/assets/images/products/SORTOVOI_PROKAT/UGOLOK_NIZKOLEGIR/img.webp,сортовой прокат;уголок низколегир;125x80;8;10;уголок;125x80x8;мм;низколегированный,125x80,8 ; 10,ГОСТ 8509-93,т
Сортовой прокат,УГОЛОК НИЗКОЛЕГИР,140x90,Уголок 140x90x8 мм низколегированный,"Уголок 140x90x8 мм низколегированный, сталь Ст3",8,139990,т,1,0,0,https://www.kavstal.ru/public/assets/images/products/SORTOVOI_PROKAT/UGOLOK_NIZKOLEGIR/img.webp,сортовой прокат;уголок низколегир;140x90;8;уголок;140x90x8;мм;низколегированный,140x90,8,ГОСТ 8509-93,т
Сортовой прокат,УГОЛОК НИЗКОЛЕГИР,140x90,Уголок 140x90x10 мм низколегированный,"Уголок 140x90x10 мм низколегированный, сталь Ст3",10,142490,т,1,0,0,https://www.kavstal.ru/public/assets/images/products/SORTOVOI_PROKAT/UGOLOK_NIZKOLEGIR/img.webp,сортовой прокат;уголок низколегир;140x90;10;уголок;140x90x10;мм;низколегированный,140x90,10,ГОСТ 8509-93,т
Сортовой прокат,УГОЛОК НИЗКОЛЕГИР,160x100,Уголок 160x100x10 мм низколегированный,"Уголок 160x100x10 мм низколегированный, сталь Ст3",10,135490,т,1,0,0,https://www.kavstal.ru/public/assets/images/products/SORTOVOI_PROKAT/UGOLOK_NIZKOLEGIR/img.webp,сортовой прокат;уголок низколегир;160x100;10;уголок;160x100x10;мм;низколегированный,160x100,10,ГОСТ 8509-93,т
Сортовой прокат,УГОЛОК НИЗКОЛЕГИР,160x100,Уголок 160x100x12 мм низколегированный,"Уголок 160x100x12 мм низколегированный, сталь Ст3",12,141990,т,1,0,0,https://www.kavstal.ru/public/assets/images/products/SORTOVOI_PROKAT/UGOLOK_NIZKOLEGIR/img.webp,сортовой прокат;уголок низколегир;160x100;12;уголок;160x100x12;мм;низколегированный,160x100,12,ГОСТ 8509-93,т
Сортовой прокат,УГОЛОК НИЗКОЛЕГИР,160x100,Уголок 160x100x14 мм низколегированный,"Уголок 160x100x14 мм низколегированный, сталь Ст3",14,137490,т,1,0,0,https://www.kavstal.ru/public/assets/images/products/SORTOVOI_PROKAT/UGOLOK_NIZKOLEGIR/img.webp,сортовой прокат;уголок низколегир;160x100;14;уголок;160x100x14;мм;низколегированный,160x100,14,ГОСТ 8509-93,т
Сортовой прокат,УГОЛОК НИЗКОЛЕГИР,200x125,Уголок 200x125x12 мм низколегированный,"Уголок 200x125x12 мм низколегированный, сталь Ст3",12,137490,т,1,0,0,https://www.kavstal.ru/public/assets/images/products/SORTOVOI_PROKAT/UGOLOK_NIZKOLEGIR/img.webp,сортовой прокат;уголок низколегир;200x125;12;14;уголок;200x125x12;мм;низколегированный,200x125,12 ; 14,ГОСТ 8509-93,т
Сортовой прокат,УГОЛОК НИЗКОЛЕГИР,200x125,Уголок 200x125x16 мм низколегированный,"Уголок 200x125x16 мм низколегированный, сталь Ст3",16,141990,т,1,0,0,https://www.kavstal.ru/public/assets/images/products/SORTOVOI_PROKAT/UGOLOK_NIZKOLEGIR/img.webp,сортовой прокат;уголок низколегир;200x125;16;уголок;200x125x16;мм;низколегированный,200x125,16,ГОСТ 8509-93,т
Сортовой прокат,УГОЛОК НИЗКОЛЕГИР,25x25 6м,Уголок 25x25x4 мм низколегированный,"Уголок 25x25x4 мм низколегированный, сталь Ст3",4,86990,т,1,0,0,https://www.kavstal.ru/public/assets/images/products/SORTOVOI_PROKAT/UGOLOK_NIZKOLEGIR/img.webp,сортовой прокат;уголок низколегир;25x25 6м;4;уголок;25x25x4;мм;низколегированный,25x25 6м,4,ГОСТ 8509-93,т
Сортовой прокат,УГОЛОК НИЗКОЛЕГИР,32x32 6м,Уголок 32x32x4 мм низколегированный,"Уголок 32x32x4 мм низколегированный, сталь Ст3",4,86990,т,1,0,0,https://www.kavstal.ru/public/assets/images/products/SORTOVOI_PROKAT/UGOLOK_NIZKOLEGIR/img.webp,сортовой прокат;уголок низколегир;32x32 6м;4;уголок;32x32x4;мм;низколегированный,32x32 6м,4,ГОСТ 8509-93,т
Сортовой прокат,УГОЛОК НИЗКОЛЕГИР,35x35 6м,Уголок 35x35x4 мм низколегированный,"Уголок 35x35x4 мм низколегированный, сталь Ст3",4,86990,т,1,0,0,https://www.kavstal.ru/public/assets/images/products/SORTOVOI_PROKAT/UGOLOK_NIZKOLEGIR/img.webp,сортовой прокат;уголок низколегир;35x35 6м;4;уголок;35x35x4;мм;низколегированный,35x35 6м,4,ГОСТ 8509-93,т
Сортовой прокат,УГОЛОК НИЗКОЛЕГИР,40x40,Уголок 40x40x4 мм низколегированный,"Уголок 40x40x4 мм низколегированный, сталь Ст3",4,59990,т,1,0,0,https://www.kavstal.ru/public/assets/images/products/SORTOVOI_PROKAT/UGOLOK_NIZKOLEGIR/img.webp,сортовой прокат;уголок низколегир;40x40;4;уголок;40x40x4;мм;низколегированный,40x40,4,ГОСТ 8509-93,т
Сортовой прокат,УГОЛОК НИЗКОЛЕГИР,40x40 6м,Уголок 40x40x4 мм низколегированный,"Уголок 40x40x4 мм низколегированный, сталь Ст3",4,61990,т,1,0,0,https://www.kavstal.ru/public/assets/images/products/SORTOVOI_PROKAT/UGOLOK_NIZKOLEGIR/img.webp,сортовой прокат;уголок низколегир;40x40 6м;4;уголок;40x40x4;мм;низколегированный,40x40 6м,4,ГОСТ 8509-93,т
Сортовой прокат,УГОЛОК НИЗКОЛЕГИР,50x50,Уголок 50x50x4 мм низколегированный,"Уголок 50x50x4 мм низколегированный, сталь Ст3",4,56490,т,1,0,0,https://www.kavstal.ru/public/assets/images/products/SORTOVOI_PROKAT/UGOLOK_NIZKOLEGIR/img.webp,сортовой прокат;уголок низколегир;50x50;4;уголок;50x50x4;мм;низколегированный,50x50,4,ГОСТ 8509-93,т
Сортовой прокат,УГОЛОК НИЗКОЛЕГИР,50x50,Уголок 50x50x5 мм низколегированный,"Уголок 50x50x5 мм низколегированный, сталь Ст3",5,59490,т,1,0,0,https://www.kavstal.ru/public/assets/images/products/SORTOVOI_PROKAT/UGOLOK_NIZKOLEGIR/img.webp,сортовой прокат;уголок низколегир;50x50;5;уголок;50x50x5;мм;низколегированный,50x50,5,ГОСТ 8509-93,т
Сортовой прокат,УГОЛОК НИЗКОЛЕГИР,63x63,Уголок 63x63x5 мм низколегированный,"Уголок 63x63x5 мм низколегированный, сталь Ст3",5,58990,т,1,0,0,https://www.kavstal.ru/public/assets/images/products/SORTOVOI_PROKAT/UGOLOK_NIZKOLEGIR/img.webp,сортовой прокат;уголок низколегир;63x63;5;уголок;63x63x5;мм;низколегированный,63x63,5,ГОСТ 8509-93,т
Сортовой прокат,УГОЛОК НИЗКОЛЕГИР,63x63,Уголок 63x63x6 мм низколегированный,"Уголок 63x63x6 мм низколегированный, сталь Ст3",6,58490,т,1,0,0,https://www.kavstal.ru/public/assets/images/products/SORTOVOI_PROKAT/UGOLOK_NIZKOLEGIR/img.webp,сортовой прокат;уголок низколегир;63x63;6;уголок;63x63x6;мм;низколегированный,63x63,6,ГОСТ 8509-93,т
Сортовой прокат,УГОЛОК НИЗКОЛЕГИР,70x70,Уголок 70x70x5 мм низколегированный,"Уголок 70x70x5 мм низколегированный, сталь Ст3",5,61990,т,1,0,0,https://www.kavstal.ru/public/assets/images/products/SORTOVOI_PROKAT/UGOLOK_NIZKOLEGIR/img.webp,сортовой прокат;уголок низколегир;70x70;5;6;уголок;70x70x5;мм;низколегированный,70x70,5 ; 6,ГОСТ 8509-93,т
Сортовой прокат,УГОЛОК НИЗКОЛЕГИР,75x75,Уголок 75x75x5 мм низколегированный,"Уголок 75x75x5 мм низколегированный, сталь Ст3",5,61490,т,1,0,0,https://www.kavstal.ru/public/assets/images/products/SORTOVOI_PROKAT/UGOLOK_NIZKOLEGIR/img.webp,сортовой прокат;уголок низколегир;75x75;5;6;8;уголок;75x75x5;мм;низколегированный,75x75,5 ; 6; 8,ГОСТ 8509-93,т
Сортовой прокат,УГОЛОК НИЗКОЛЕГИР,80x80,Уголок 80x80x6 мм низколегированный,"Уголок 80x80x6 мм низколегированный, сталь Ст3",6,61490,т,1,0,0,https://www.kavstal.ru/public/assets/images/products/SORTOVOI_PROKAT/UGOLOK_NIZKOLEGIR/img.webp,сортовой прокат;уголок низколегир;80x80;6;уголок;80x80x6;мм;низколегированный,80x80,6,ГОСТ 8509-93,т
Сортовой прокат,УГОЛОК НИЗКОЛЕГИР,80x80,Уголок 80x80x7 мм низколегированный,"Уголок 80x80x7 мм низколегированный, сталь Ст3",7,59490,т,1,0,0,https://www.kavstal.ru/public/assets/images/products/SORTOVOI_PROKAT/UGOLOK_NIZKOLEGIR/img.webp,сортовой прокат;уголок низколегир;80x80;7;уголок;80x80x7;мм;низколегированный,80x80,7,ГОСТ 8509-93,т
Сортовой прокат,УГОЛОК НИЗКОЛЕГИР,80x80,Уголок 80x80x8 мм низколегированный,"Уголок 80x80x8 мм низколегированный, сталь Ст3",8,62490,т,1,0,0,https://www.kavstal.ru/public/assets/images/products/SORTOVOI_PROKAT/UGOLOK_NIZKOLEGIR/img.webp,сортовой прокат;уголок низколегир;80x80;8;уголок;80x80x8;мм;низколегированный,80x80,8,ГОСТ 8509-93,т
Сортовой прокат,УГОЛОК НИЗКОЛЕГИР,90x90,Уголок 90x90x6 мм низколегированный,"Уголок 90x90x6 мм низколегированный, сталь Ст3",6,61990,т,1,0,0,https://www.kavstal.ru/public/assets/images/products/SORTOVOI_PROKAT/UGOLOK_NIZKOLEGIR/img.webp,сортовой прокат;уголок низколегир;90x90;6;уголок;90x90x6;мм;низколегированный,90x90,6,ГОСТ 8509-93,т
Сортовой прокат,УГОЛОК НИЗКОЛЕГИР,90x90,Уголок 90x90x7 мм низколегированный,"Уголок 90x90x7 мм низколегированный, сталь Ст3",7,59490,т,1,0,0,https://www.kavstal.ru/public/assets/images/products/SORTOVOI_PROKAT/UGOLOK_NIZKOLEGIR/img.webp,сортовой прокат;уголок низколегир;90x90;7;уголок;90x90x7;мм;низколегированный,90x90,7,ГОСТ 8509-93,т
Сортовой прокат,УГОЛОК НИЗКОЛЕГИР,90x90,Уголок 90x90x8 мм низколегированный,"Уголок 90x90x8 мм низколегированный, сталь Ст3",8,61490,т,1,0,0,https://www.kavstal.ru/public/assets/images/products/SORTOVOI_PROKAT/UGOLOK_NIZKOLEGIR/img.webp,сортовой прокат;уголок низколегир;90x90;8;уголок;90x90x8;мм;низколегированный,90x90,8,ГОСТ 8509-93,т
Сортовой прокат,УГОЛОК НИЗКОЛЕГИР,100x100,Уголок 100x100x7 мм низколегированный,"Уголок 100x100x7 мм низколегированный, сталь Ст3",7,59990,т,1,0,0,https://www.kavstal.ru/public/assets/images/products/SORTOVOI_PROKAT/UGOLOK_NIZKOLEGIR/img.webp,сортовой прокат;уголок низколегир;100x100;7;уголок;100x100x7;мм;низколегированный,100x100,7,ГОСТ 8509-93,т
Сортовой прокат,УГОЛОК НИЗКОЛЕГИР,100x100,Уголок 100x100x8 мм низколегированный,"Уголок 100x100x8 мм низколегированный, сталь Ст3",8,62490,т,1,0,0,https://www.kavstal.ru/public/assets/images/products/SORTOVOI_PROKAT/UGOLOK_NIZKOLEGIR/img.webp,сортовой прокат;уголок низколегир;100x100;8;уголок;100x100x8;мм;низколегированный,100x100,8,ГОСТ 8509-93,т
Сортовой прокат,УГОЛОК НИЗКОЛЕГИР,100x100,Уголок 100x100x10 мм низколегированный,"Уголок 100x100x10 мм низколегированный, сталь Ст3",10,61490,т,1,0,0,https://www.kavstal.ru/public/assets/images/products/SORTOVOI_PROKAT/UGOLOK_NIZKOLEGIR/img.webp,сортовой прокат;уголок низколегир;100x100;10;уголок;100x100x10;мм;низколегированный,100x100,10,ГОСТ 8509-93,т
Сортовой прокат,УГОЛОК НИЗКОЛЕГИР,110x110,Уголок 110x110x7 мм низколегированный,"Уголок 110x110x7 мм низколегированный, сталь Ст3",7,62490,т,1,0,0,https://www.kavstal.ru/public/assets/images/products/SORTOVOI_PROKAT/UGOLOK_NIZKOLEGIR/img.webp,сортовой прокат;уголок низколегир;110x110;7;уголок;110x110x7;мм;низколегированный,110x110,7,ГОСТ 8509-93,т
Сортовой прокат,УГОЛОК НИЗКОЛЕГИР,110x110,Уголок 110x110x8 мм низколегированный,"Уголок 110x110x8 мм низколегированный, сталь Ст3",8,65990,т,1,0,0,https://www.kavstal.ru/public/assets/images/products/SORTOVOI_PROKAT/UGOLOK_NIZKOLEGIR/img.webp,сортовой прокат;уголок низколегир;110x110;8;уголок;110x110x8;мм;низколегированный,110x110,8,ГОСТ 8509-93,т
Сортовой прокат,УГОЛОК НИЗКОЛЕГИР,125x125,Уголок 125x125x8 мм низколегированный,"Уголок 125x125x8 мм низколегированный, сталь Ст3",8,62490,т,1,0,0,https://www.kavstal.ru/public/assets/images/products/SORTOVOI_PROKAT/UGOLOK_NIZKOLEGIR/img.webp,сортовой прокат;уголок низколегир;125x125;8;уголок;125x125x8;мм;низколегированный,125x125,8,ГОСТ 8509-93,т
Сортовой прокат,УГОЛОК НИЗКОЛЕГИР,125x125,Уголок 125x125x9 мм низколегированный,"Уголок 125x125x9 мм низколегированный, сталь Ст3",9,65490,т,1,0,0,https://www.kavstal.ru/public/assets/images/products/SORTOVOI_PROKAT/UGOLOK_NIZKOLEGIR/img.webp,сортовой прокат;уголок низколегир;125x125;9;уголок;125x125x9;мм;низколегированный,125x125,9,ГОСТ 8509-93,т
Сортовой прокат,УГОЛОК НИЗКОЛЕГИР,125x125,Уголок 125x125x10 мм низколегированный,"Уголок 125x125x10 мм низколегированный, сталь Ст3",10,63490,т,1,0,0,https://www.kavstal.ru/public/assets/images/products/SORTOVOI_PROKAT/UGOLOK_NIZKOLEGIR/img.webp,сортовой прокат;уголок низколегир;125x125;10;12;уголок;125x125x10;мм;низколегированный,125x125,10 ; 12,ГОСТ 8509-93,т
Сортовой прокат,УГОЛОК НИЗКОЛЕГИР,140x140,Уголок 140x140x9 мм низколегированный,"Уголок 140x140x9 мм низколегированный, сталь Ст3",9,99990,т,1,0,0,https://www.kavstal.ru/public/assets/images/products/SORTOVOI_PROKAT/UGOLOK_NIZKOLEGIR/img.webp,сортовой прокат;уголок низколегир;140x140;9;10;12;уголок;140x140x9;мм;низколегированный,140x140,9 ; 10; 12,ГОСТ 8509-93,т
Сортовой прокат,УГОЛОК НИЗКОЛЕГИР,160x160,Уголок 160x160x10 мм низколегированный,"Уголок 160x160x10 мм низколегированный, сталь Ст3",10,127490,т,1,0,0,https://www.kavstal.ru/public/assets/images/products/SORTOVOI_PROKAT/UGOLOK_NIZKOLEGIR/img.webp,сортовой прокат;уголок низколегир;160x160;10;уголок;160x160x10;мм;низколегированный,160x160,10,ГОСТ 8509-93,т
Сортовой прокат,УГОЛОК НИЗКОЛЕГИР,160x160,Уголок 160x160x12 мм низколегированный,"Уголок 160x160x12 мм низколегированный, сталь Ст3",12,129990,т,1,0,0,https://www.kavstal.ru/public/assets/images/products/SORTOVOI_PROKAT/UGOLOK_NIZKOLEGIR/img.webp,сортовой прокат;уголок низколегир;160x160;12;16;уголок;160x160x12;мм;низколегированный,160x160,12 ; 16,ГОСТ 8509-93,т
Сортовой прокат,УГОЛОК НИЗКОЛЕГИР,160x160,Уголок 160x160x20 мм низколегированный,"Уголок 160x160x20 мм низколегированный, сталь Ст3",20,134990,т,1,0,0,https://www.kavstal.ru/public/assets/images/products/SORTOVOI_PROKAT/UGOLOK_NIZKOLEGIR/img.webp,сортовой прокат;уголок низколегир;160x160;20;уголок;160x160x20;мм;низколегированный,160x160,20,ГОСТ 8509-93,т
Сортовой прокат,УГОЛОК НИЗКОЛЕГИР,180x180,Уголок 180x180x11 мм низколегированный,"Уголок 180x180x11 мм низколегированный, сталь Ст3",11,131990,т,1,0,0,https://www.kavstal.ru/public/assets/images/products/SORTOVOI_PROKAT/UGOLOK_NIZKOLEGIR/img.webp,сортовой прокат;уголок низколегир;180x180;11;12;уголок;180x180x11;мм;низколегированный,180x180,11 ; 12,ГОСТ 8509-93,т
Сортовой прокат,УГОЛОК НИЗКОЛЕГИР,200x200,Уголок 200x200x12 мм низколегированный,"Уголок 200x200x12 мм низколегированный, сталь Ст3",12,135490,т,1,0,0,https://www.kavstal.ru/public/assets/images/products/SORTOVOI_PROKAT/UGOLOK_NIZKOLEGIR/img.webp,сортовой прокат;уголок низколегир;200x200;12;14;уголок;200x200x12;мм;низколегированный,200x200,12 ; 14,ГОСТ 8509-93,т
Сортовой прокат,УГОЛОК НИЗКОЛЕГИР,200x200,Уголок 200x200x16 мм низколегированный,"Уголок 200x200x16 мм низколегированный, сталь Ст3",16,137490,т,1,0,0,https://www.kavstal.ru/public/assets/images/products/SORTOVOI_PROKAT/UGOLOK_NIZKOLEGIR/img.webp,сортовой прокат;уголок низколегир;200x200;16;20;уголок;200x200x16;мм;низколегированный,200x200,16 ; 20,ГОСТ 8509-93,т
Сортовой прокат,УГОЛОК НИЗКОЛЕГИР,250x250,Уголок 250x250x20 мм низколегированный,"Уголок 250x250x20 мм низколегированный, сталь Ст3",20,189990,т,1,0,0,https://www.kavstal.ru/public/assets/images/products/SORTOVOI_PROKAT/UGOLOK_NIZKOLEGIR/img.webp,сортовой прокат;уголок низколегир;250x250;20;уголок;250x250x20;мм;низколегированный,250x250,20,ГОСТ 8509-93,т
Сортовой прокат,КРУГ Г/К,Ст3,Круг стальной г/к 10 мм Ст3,Круг стальной г/к 10 мм Ст3,10,53990,т,1,0,0,https://www.kavstal.ru/public/assets/images/products/SORTOVOI_PROKAT/KRUG_GK/img.jpeg,сортовой прокат;круг г/к;ст3;10;круг;стальной;г/к;мм,Ст3,10,ГОСТ 2590-2006,т
Сортовой прокат,КРУГ Г/К,Ст3,Круг стальной г/к 14 мм Ст3,Круг стальной г/к 14 мм Ст3,14,47990,т,1,0,0,https://www.kavstal.ru/public/assets/images/products/SORTOVOI_PROKAT/KRUG_GK/img.jpeg,сортовой прокат;круг г/к;ст3;14;16;18;20;22;24;25;28;30;32;34;36;38;40;42;45;48;круг;стальной;г/к;мм,Ст3,14 ; 16; 18; 20; 22; 24; 25; 28; 30; 32; 34; 36; 38; 40; 42; 45; 48,ГОСТ 2590-2006,т
Сортовой прокат,КРУГ Г/К,Ст3,Круг стальной г/к 50 мм Ст3,Круг стальной г/к 50 мм Ст3,50,48990,т,1,0,0,https://www.kavstal.ru/public/assets/images/products/SORTOVOI_PROKAT/KRUG_GK/img.jpeg,сортовой прокат;круг г/к;ст3;50;56;60;65;70;75;80;круг;стальной;г/к;мм,Ст3,50 ; 56; 60; 65; 70; 75; 80,ГОСТ 2590-2006,т
Сортовой прокат,КРУГ Г/К,Ст3,Круг стальной г/к 90 мм Ст3,Круг стальной г/к 90 мм Ст3,90,51990,т,1,0,0,https://www.kavstal.ru/public/assets/images/products/SORTOVOI_PROKAT/KRUG_GK/img.jpeg,сортовой прокат;круг г/к;ст3;90;100;круг;стальной;г/к;мм,Ст3,90 ; 100,ГОСТ 2590-2006,т
Сортовой прокат,КРУГ Г/К,Ст3,Круг стальной г/к 110 мм Ст3,Круг стальной г/к 110 мм Ст3,110,54590,т,1,0,0,https://www.kavstal.ru/public/assets/images/products/SORTOVOI_PROKAT/KRUG_GK/img.jpeg,сортовой прокат;круг г/к;ст3;110;120;130;140;150;160;180;круг;стальной;г/к;мм,Ст3,110 ; 120; 130; 140; 150; 160; 180,ГОСТ 2590-2006,т
Сортовой прокат,КРУГ Г/К,Ст3,Круг стальной г/к 190 мм Ст3,Круг стальной г/к 190 мм Ст3,190,63990,т,1,0,0,https://www.kavstal.ru/public/assets/images/products/SORTOVOI_PROKAT/KRUG_GK/img.jpeg,сортовой прокат;круг г/к;ст3;190;круг;стальной;г/к;мм,Ст3,190,ГОСТ 2590-2006,т
Сортовой прокат,КРУГ Г/К,Ст3,Круг стальной г/к 210 мм Ст3,Круг стальной г/к 210 мм Ст3,210,66590,т,1,0,0,https://www.kavstal.ru/public/assets/images/products/SORTOVOI_PROKAT/KRUG_GK/img.jpeg,сортовой прокат;круг г/к;ст3;210;220;230;240;250;круг;стальной;г/к;мм,Ст3,210 ; 220; 230; 240; 250,ГОСТ 2590-2006,т
Сортовой прокат,КРУГ Г/К,Ст3,Круг стальной г/к 260 мм Ст3,Круг стальной г/к 260 мм Ст3,260,79990,т,1,0,0,https://www.kavstal.ru/public/assets/images/products/SORTOVOI_PROKAT/KRUG_GK/img.jpeg,сортовой прокат;круг г/к;ст3;260;270;круг;стальной;г/к;мм,Ст3,260 ; 270,ГОСТ 2590-2006,т
Сортовой прокат,КРУГ Г/К,Ст3 оцинк,Круг стальной г/к 8 мм Ст3 оцинк,Круг стальной г/к 8 мм Ст3 оцинк,8,101990,т,1,0,0,https://www.kavstal.ru/public/assets/images/products/SORTOVOI_PROKAT/KRUG_GK/img.jpeg,сортовой прокат;круг г/к;ст3 оцинк;8;круг;стальной;г/к;мм;ст3;оцинк,Ст3 оцинк,8,ГОСТ 2590-2006,т
Сортовой прокат,КРУГ Г/К,Ст3 оцинк,Круг стальной г/к 12 мм Ст3 оцинк,Круг стальной г/к 12 мм Ст3 оцинк,12,102990,т,1,0,0,https://www.kavstal.ru/public/assets/images/products/SORTOVOI_PROKAT/KRUG_GK/img.jpeg,сортовой прокат;круг г/к;ст3 оцинк;12;круг;стальной;г/к;мм;ст3;оцинк,Ст3 оцинк,12,ГОСТ 2590-2006,т
Сортовой прокат,КРУГ Г/К,Ст3 оцинк,Круг стальной г/к 16 мм Ст3 оцинк,Круг стальной г/к 16 мм Ст3 оцинк,16,99990,т,1,0,0,https://www.kavstal.ru/public/assets/images/products/SORTOVOI_PROKAT/KRUG_GK/img.jpeg,сортовой прокат;круг г/к;ст3 оцинк;16;18;20;круг;стальной;г/к;мм;ст3;оцинк,Ст3 оцинк,16 ; 18; 20,ГОСТ 2590-2006,т
Сортовой прокат,КРУГ Г/К,Ст3 оцинк К,Круг стальной г/к 8 мм Ст3 оцинк К,Круг стальной г/к 8 мм Ст3 оцинк К,8,101250,т,1,0,0,https://www.kavstal.ru/public/assets/images/products/SORTOVOI_PROKAT/KRUG_GK/img.jpeg,сортовой прокат;круг г/к;ст3 оцинк к;8;12;круг;стальной;г/к;мм;ст3;оцинк,Ст3 оцинк К,8 ; 12,ГОСТ 2590-2006,т
Сортовой прокат,КРУГ Г/К,Ст3 н/д,Круг стальной г/к 12 мм Ст3 н/д,Круг стальной г/к 12 мм Ст3 н/д,12,49990,т,1,0,0,https://www.kavstal.ru/public/assets/images/products/SORTOVOI_PROKAT/KRUG_GK/img.jpeg,сортовой прокат;круг г/к;ст3 н/д;12;круг;стальной;г/к;мм;ст3;н/д,Ст3 н/д,12,ГОСТ 2590-2006,т
Сортовой прокат,КРУГ Г/К,Ст3 оцинк оцинк,Круг стальной г/к 10 мм Ст3 оцинк оцинк,Круг стальной г/к 10 мм Ст3 оцинк оцинк,10,104990,т,1,0,0,https://www.kavstal.ru/public/assets/images/products/SORTOVOI_PROKAT/KRUG_GK/img.jpeg,сортовой прокат;круг г/к;ст3 оцинк оцинк;10;круг;стальной;г/к;мм;ст3;оцинк,Ст3 оцинк оцинк,10,ГОСТ 2590-2006,т
Сортовой прокат,КВАДРАТ Г/К,Ст3,Квадрат стальной г/к 8 мм Ст3,Квадрат стальной г/к 8 мм Ст3,8,99990,т,1,0,0,https://www.kavstal.ru/public/assets/images/products/SORTOVOI_PROKAT/KVADRAT_GK/img.jpg,сортовой прокат;квадрат г/к;ст3;8;квадрат;стальной;г/к;мм,Ст3,8,ГОСТ 2591-2006,т
Сортовой прокат,КВАДРАТ Г/К,Ст3,Квадрат стальной г/к 10 мм Ст3,Квадрат стальной г/к 10 мм Ст3,10,54290,т,1,0,0,https://www.kavstal.ru/public/assets/images/products/SORTOVOI_PROKAT/KVADRAT_GK/img.jpg,сортовой прокат;квадрат г/к;ст3;10;квадрат;стальной;г/к;мм,Ст3,10,ГОСТ 2591-2006,т
Сортовой прокат,КВАДРАТ Г/К,Ст3,Квадрат стальной г/к 10 мм Ст3,Квадрат стальной г/к 10 мм Ст3,10,54490,т,1,0,0,https://www.kavstal.ru/public/assets/images/products/SORTOVOI_PROKAT/KVADRAT_GK/img.jpg,сортовой прокат;квадрат г/к;ст3;10;квадрат;стальной;г/к;мм,Ст3,10,ГОСТ 2591-2006,т
Сортовой прокат,КВАДРАТ Г/К,Ст3,Квадрат стальной г/к 10 мм Ст3,Квадрат стальной г/к 10 мм Ст3,10,54990,т,1,0,0,https://www.kavstal.ru/public/assets/images/products/SORTOVOI_PROKAT/KVADRAT_GK/img.jpg,сортовой прокат;квадрат г/к;ст3;10;квадрат;стальной;г/к;мм,Ст3,10,ГОСТ 2591-2006,т
Сортовой прокат,КВАДРАТ Г/К,Ст3,Квадрат стальной г/к 12 мм Ст3,Квадрат стальной г/к 12 мм Ст3,12,52790,т,1,0,0,https://www.kavstal.ru/public/assets/images/products/SORTOVOI_PROKAT/KVADRAT_GK/img.jpg,сортовой прокат;квадрат г/к;ст3;12;квадрат;стальной;г/к;мм,Ст3,12,ГОСТ 2591-2006,т
Сортовой прокат,КВАДРАТ Г/К,Ст3,Квадрат стальной г/к 12 мм Ст3,Квадрат стальной г/к 12 мм Ст3,12,52990,т,1,0,0,https://www.kavstal.ru/public/assets/images/products/SORTOVOI_PROKAT/KVADRAT_GK/img.jpg,сортовой прокат;квадрат г/к;ст3;12;квадрат;стальной;г/к;мм,Ст3,12,ГОСТ 2591-2006,т
Сортовой прокат,КВАДРАТ Г/К,Ст3,Квадрат стальной г/к 12 мм Ст3,Квадрат стальной г/к 12 мм Ст3,12,53490,т,1,0,0,https://www.kavstal.ru/public/assets/images/products/SORTOVOI_PROKAT/KVADRAT_GK/img.jpg,сортовой прокат;квадрат г/к;ст3;12;квадрат;стальной;г/к;мм,Ст3,12,ГОСТ 2591-2006,т
Сортовой прокат,КВАДРАТ Г/К,Ст3,Квадрат стальной г/к 14 мм Ст3,Квадрат стальной г/к 14 мм Ст3,14,52790,т,1,0,0,https://www.kavstal.ru/public/assets/images/products/SORTOVOI_PROKAT/KVADRAT_GK/img.jpg,сортовой прокат;квадрат г/к;ст3;14;квадрат;стальной;г/к;мм,Ст3,14,ГОСТ 2591-2006,т
Сортовой прокат,КВАДРАТ Г/К,Ст3,Квадрат стальной г/к 14 мм Ст3,Квадрат стальной г/к 14 мм Ст3,14,52990,т,1,0,0,https://www.kavstal.ru/public/assets/images/products/SORTOVOI_PROKAT/KVADRAT_GK/img.jpg,сортовой прокат;квадрат г/к;ст3;14;квадрат;стальной;г/к;мм,Ст3,14,ГОСТ 2591-2006,т
Сортовой прокат,КВАДРАТ Г/К,Ст3,Квадрат стальной г/к 14 мм Ст3,Квадрат стальной г/к 14 мм Ст3,14,53490,т,1,0,0,https://www.kavstal.ru/public/assets/images/products/SORTOVOI_PROKAT/KVADRAT_GK/img.jpg,сортовой прокат;квадрат г/к;ст3;14;квадрат;стальной;г/к;мм,Ст3,14,ГОСТ 2591-2006,т
Сортовой прокат,КВАДРАТ Г/К,Ст3,Квадрат стальной г/к 16 мм Ст3,Квадрат стальной г/к 16 мм Ст3,16,52790,т,1,0,0,https://www.kavstal.ru/public/assets/images/products/SORTOVOI_PROKAT/KVADRAT_GK/img.jpg,сортовой прокат;квадрат г/к;ст3;16;квадрат;стальной;г/к;мм,Ст3,16,ГОСТ 2591-2006,т
Сортовой прокат,КВАДРАТ Г/К,Ст3,Квадрат стальной г/к 16 мм Ст3,Квадрат стальной г/к 16 мм Ст3,16,52990,т,1,0,0,https://www.kavstal.ru/public/assets/images/products/SORTOVOI_PROKAT/KVADRAT_GK/img.jpg,сортовой прокат;квадрат г/к;ст3;16;квадрат;стальной;г/к;мм,Ст3,16,ГОСТ 2591-2006,т
Сортовой прокат,КВАДРАТ Г/К,Ст3,Квадрат стальной г/к 16 мм Ст3,Квадрат стальной г/к 16 мм Ст3,16,53490,т,1,0,0,https://www.kavstal.ru/public/assets/images/products/SORTOVOI_PROKAT/KVADRAT_GK/img.jpg,сортовой прокат;квадрат г/к;ст3;16;квадрат;стальной;г/к;мм,Ст3,16,ГОСТ 2591-2006,т
Сортовой прокат,КВАДРАТ Г/К,Ст3,Квадрат стальной г/к 18 мм Ст3,Квадрат стальной г/к 18 мм Ст3,18,60490,т,1,0,0,https://www.kavstal.ru/public/assets/images/products/SORTOVOI_PROKAT/KVADRAT_GK/img.jpg,сортовой прокат;квадрат г/к;ст3;18;квадрат;стальной;г/к;мм,Ст3,18,ГОСТ 2591-2006,т
Сортовой прокат,КВАДРАТ Г/К,Ст3,Квадрат стальной г/к 20 мм Ст3,Квадрат стальной г/к 20 мм Ст3,20,53790,т,1,0,0,https://www.kavstal.ru/public/assets/images/products/SORTOVOI_PROKAT/KVADRAT_GK/img.jpg,сортовой прокат;квадрат г/к;ст3;20;квадрат;стальной;г/к;мм,Ст3,20,ГОСТ 2591-2006,т
Сортовой прокат,КВАДРАТ Г/К,Ст3,Квадрат стальной г/к 20 мм Ст3,Квадрат стальной г/к 20 мм Ст3,20,53990,т,1,0,0,https://www.kavstal.ru/public/assets/images/products/SORTOVOI_PROKAT/KVADRAT_GK/img.jpg,сортовой прокат;квадрат г/к;ст3;20;квадрат;стальной;г/к;мм,Ст3,20,ГОСТ 2591-2006,т
Сортовой прокат,КВАДРАТ Г/К,Ст3,Квадрат стальной г/к 20 мм Ст3,Квадрат стальной г/к 20 мм Ст3,20,54490,т,1,0,0,https://www.kavstal.ru/public/assets/images/products/SORTOVOI_PROKAT/KVADRAT_GK/img.jpg,сортовой прокат;квадрат г/к;ст3;20;квадрат;стальной;г/к;мм,Ст3,20,ГОСТ 2591-2006,т
Сортовой прокат,КВАДРАТ Г/К,Ст3,Квадрат стальной г/к 22 мм Ст3,Квадрат стальной г/к 22 мм Ст3,22,57490,т,1,0,0,https://www.kavstal.ru/public/assets/images/products/SORTOVOI_PROKAT/KVADRAT_GK/img.jpg,сортовой прокат;квадрат г/к;ст3;22;квадрат;стальной;г/к;мм,Ст3,22,ГОСТ 2591-2006,т
Сортовой прокат,КВАДРАТ Г/К,Ст3,Квадрат стальной г/к 25 мм Ст3,Квадрат стальной г/к 25 мм Ст3,25,53790,т,1,0,0,https://www.kavstal.ru/public/assets/images/products/SORTOVOI_PROKAT/KVADRAT_GK/img.jpg,сортовой прокат;квадрат г/к;ст3;25;квадрат;стальной;г/к;мм,Ст3,25,ГОСТ 2591-2006,т
Сортовой прокат,КВАДРАТ Г/К,Ст3,Квадрат стальной г/к 25 мм Ст3,Квадрат стальной г/к 25 мм Ст3,25,54490,т,1,0,0,https://www.kavstal.ru/public/assets/images/products/SORTOVOI_PROKAT/KVADRAT_GK/img.jpg,сортовой прокат;квадрат г/к;ст3;25;30;квадрат;стальной;г/к;мм,Ст3,25 ; 30,ГОСТ 2591-2006,т
Сортовой прокат,КВАДРАТ Г/К,Ст3,Квадрат стальной г/к 40 мм Ст3,Квадрат стальной г/к 40 мм Ст3,40,61490,т,1,0,0,https://www.kavstal.ru/public/assets/images/products/SORTOVOI_PROKAT/KVADRAT_GK/img.jpg,сортовой прокат;квадрат г/к;ст3;40;квадрат;стальной;г/к;мм,Ст3,40,ГОСТ 2591-2006,т
Сортовой прокат,КВАДРАТ Г/К,Ст3,Квадрат стальной г/к 50 мм Ст3,Квадрат стальной г/к 50 мм Ст3,50,64990,т,1,0,0,https://www.kavstal.ru/public/assets/images/products/SORTOVOI_PROKAT/KVADRAT_GK/img.jpg,сортовой прокат;квадрат г/к;ст3;50;квадрат;стальной;г/к;мм,Ст3,50,ГОСТ 2591-2006,т
Сортовой прокат,КВАДРАТ Г/К,Ст3,Квадрат стальной г/к 50 мм Ст3,Квадрат стальной г/к 50 мм Ст3,50,65490,т,1,0,0,https://www.kavstal.ru/public/assets/images/products/SORTOVOI_PROKAT/KVADRAT_GK/img.jpg,сортовой прокат;квадрат г/к;ст3;50;квадрат;стальной;г/к;мм,Ст3,50,ГОСТ 2591-2006,т
Сортовой прокат,КВАДРАТ Г/К,Ст3,Квадрат стальной г/к 60 мм Ст3,Квадрат стальной г/к 60 мм Ст3,60,74990,т,1,0,0,https://www.kavstal.ru/public/assets/images/products/SORTOVOI_PROKAT/KVADRAT_GK/img.jpg,сортовой прокат;квадрат г/к;ст3;60;70;80;90;квадрат;стальной;г/к;мм,Ст3,60 ; 70; 80; 90,ГОСТ 2591-2006,т
Сортовой прокат,ПОЛОСА Г/К,Ст08пс/сп 50 рез,Полоса стальная 50x3 мм Ст08пс/сп рез,Полоса стальная 50x3 мм Ст08пс/сп рез,3,62990,т,1,0,0,https://www.kavstal.ru/public/assets/images/products/SORTOVOI_PROKAT/POLOSA_GK/img.png,сортовой прокат;полоса г/к;ст08пс/сп 50 рез;3;полоса;стальная;50x3;мм;ст08пс/сп;рез,Ст08пс/сп 50 рез,3,ГОСТ 103-2006,т
Сортовой прокат,ПОЛОСА Г/К,Ст08пс/сп 60 рез,Полоса стальная 60x3 мм Ст08пс/сп рез,Полоса стальная 60x3 мм Ст08пс/сп рез,3,62990,т,1,0,0,https://www.kavstal.ru/public/assets/images/products/SORTOVOI_PROKAT/POLOSA_GK/img.png,сортовой прокат;полоса г/к;ст08пс/сп 60 рез;3;полоса;стальная;60x3;мм;ст08пс/сп;рез,Ст08пс/сп 60 рез,3,ГОСТ 103-2006,т
Сортовой прокат,ПОЛОСА Г/К,Ст08пс/сп 80 рез,Полоса стальная 80x3 мм Ст08пс/сп рез,Полоса стальная 80x3 мм Ст08пс/сп рез,3,62990,т,1,0,0,https://www.kavstal.ru/public/assets/images/products/SORTOVOI_PROKAT/POLOSA_GK/img.png,сортовой прокат;полоса г/к;ст08пс/сп 80 рез;3;полоса;стальная;80x3;мм;ст08пс/сп;рез,Ст08пс/сп 80 рез,3,ГОСТ 103-2006,т
Сортовой прокат,ПОЛОСА Г/К,Ст08пс/сп5 150 рез,Полоса стальная 150x3 мм Ст08пс/сп5 рез,Полоса стальная 150x3 мм Ст08пс/сп5 рез,3,62990,т,1,0,0,https://www.kavstal.ru/public/assets/images/products/SORTOVOI_PROKAT/POLOSA_GK/img.png,сортовой прокат;полоса г/к;ст08пс/сп5 150 рез;3;полоса;стальная;150x3;мм;ст08пс/сп5;рез,Ст08пс/сп5 150 рез,3,ГОСТ 103-2006,т
Сортовой прокат,ПОЛОСА Г/К,Ст20 100 рез,Полоса стальная 100x6 мм Ст20 рез,Полоса стальная 100x6 мм Ст20 рез,6,61990,т,1,0,0,https://www.kavstal.ru/public/assets/images/products/SORTOVOI_PROKAT/POLOSA_GK/img.png,сортовой прокат;полоса г/к;ст20 100 рез;6;полоса;стальная;100x6;мм;ст20;рез,Ст20 100 рез,6,ГОСТ 103-2006,т
Сортовой прокат,ПОЛОСА Г/К,Ст3 12,Полоса стальная 12x6 мм Ст3,Полоса стальная 12x6 мм Ст3,6,97490,т,1,0,0,https://www.kavstal.ru/public/assets/images/products/SORTOVOI_PROKAT/POLOSA_GK/img.png,сортовой прокат;полоса г/к;ст3 12;6;полоса;стальная;12x6;мм;ст3,Ст3 12,6,ГОСТ 103-2006,т
Сортовой прокат,ПОЛОСА Г/К,Ст3 16,Полоса стальная 16x4 мм Ст3,Полоса стальная 16x4 мм Ст3,4,97990,т,1,0,0,https://www.kavstal.ru/public/assets/images/products/SORTOVOI_PROKAT/POLOSA_GK/img.png,сортовой прокат;полоса г/к;ст3 16;4;полоса;стальная;16x4;мм;ст3,Ст3 16,4,ГОСТ 103-2006,т
Сортовой прокат,ПОЛОСА Г/К,Ст3 20,Полоса стальная 20x4 мм Ст3,Полоса стальная 20x4 мм Ст3,4,61790,т,1,0,0,https://www.kavstal.ru/public/assets/images/products/SORTOVOI_PROKAT/POLOSA_GK/img.png,сортовой прокат;полоса г/к;ст3 20;4;полоса;стальная;20x4;мм;ст3,Ст3 20,4,ГОСТ 103-2006,т
Сортовой прокат,ПОЛОСА Г/К,Ст3 20,Полоса стальная 20x4 мм Ст3,Полоса стальная 20x4 мм Ст3,4,61990,т,1,0,0,https://www.kavstal.ru/public/assets/images/products/SORTOVOI_PROKAT/POLOSA_GK/img.png,сортовой прокат;полоса г/к;ст3 20;4;полоса;стальная;20x4;мм;ст3,Ст3 20,4,ГОСТ 103-2006,т
Сортовой прокат,ПОЛОСА Г/К,Ст3 20,Полоса стальная 20x4 мм Ст3,Полоса стальная 20x4 мм Ст3,4,62490,т,1,0,0,https://www.kavstal.ru/public/assets/images/products/SORTOVOI_PROKAT/POLOSA_GK/img.png,сортовой прокат;полоса г/к;ст3 20;4;полоса;стальная;20x4;мм;ст3,Ст3 20,4,ГОСТ 103-2006,т
Сортовой прокат,ПОЛОСА Г/К,Ст3 20,Полоса стальная 20x5 мм Ст3,Полоса стальная 20x5 мм Ст3,5,72490,т,1,0,0,https://www.kavstal.ru/public/assets/images/products/SORTOVOI_PROKAT/POLOSA_GK/img.png,сортовой прокат;полоса г/к;ст3 20;5;полоса;стальная;20x5;мм;ст3,Ст3 20,5,ГОСТ 103-2006,т
Сортовой прокат,ПОЛОСА Г/К,Ст3 20,Полоса стальная 20x6 мм Ст3,Полоса стальная 20x6 мм Ст3,6,70490,т,1,0,0,https://www.kavstal.ru/public/assets/images/products/SORTOVOI_PROKAT/POLOSA_GK/img.png,сортовой прокат;полоса г/к;ст3 20;6;8;полоса;стальная;20x6;мм;ст3,Ст3 20,6 ; 8,ГОСТ 103-2006,т
Сортовой прокат,ПОЛОСА Г/К,Ст3 20,Полоса стальная 20x10 мм Ст3,Полоса стальная 20x10 мм Ст3,10,77490,т,1,0,0,https://www.kavstal.ru/public/assets/images/products/SORTOVOI_PROKAT/POLOSA_GK/img.png,сортовой прокат;полоса г/к;ст3 20;10;полоса;стальная;20x10;мм;ст3,Ст3 20,10,ГОСТ 103-2006,т
Сортовой прокат,ПОЛОСА Г/К,Ст3 20 рез,Полоса стальная 20x3 мм Ст3 рез,Полоса стальная 20x3 мм Ст3 рез,3,73490,т,1,0,0,https://www.kavstal.ru/public/assets/images/products/SORTOVOI_PROKAT/POLOSA_GK/img.png,сортовой прокат;полоса г/к;ст3 20 рез;3;полоса;стальная;20x3;мм;ст3;рез,Ст3 20 рез,3,ГОСТ 103-2006,т
Сортовой прокат,ПОЛОСА Г/К,Ст3 25,Полоса стальная 25x4 мм Ст3,Полоса стальная 25x4 мм Ст3,4,61290,т,1,0,0,https://www.kavstal.ru/public/assets/images/products/SORTOVOI_PROKAT/POLOSA_GK/img.png,сортовой прокат;полоса г/к;ст3 25;4;полоса;стальная;25x4;мм;ст3,Ст3 25,4,ГОСТ 103-2006,т
Сортовой прокат,ПОЛОСА Г/К,Ст3 25,Полоса стальная 25x4 мм Ст3,Полоса стальная 25x4 мм Ст3,4,61490,т,1,0,0,https://www.kavstal.ru/public/assets/images/products/SORTOVOI_PROKAT/POLOSA_GK/img.png,сортовой прокат;полоса г/к;ст3 25;4;полоса;стальная;25x4;мм;ст3,Ст3 25,4,ГОСТ 103-2006,т
Сортовой прокат,ПОЛОСА Г/К,Ст3 25,Полоса стальная 25x4 мм Ст3,Полоса стальная 25x4 мм Ст3,4,61990,т,1,0,0,https://www.kavstal.ru/public/assets/images/products/SORTOVOI_PROKAT/POLOSA_GK/img.png,сортовой прокат;полоса г/к;ст3 25;4;полоса;стальная;25x4;мм;ст3,Ст3 25,4,ГОСТ 103-2006,т
Сортовой прокат,ПОЛОСА Г/К,Ст3 25,Полоса стальная 25x5 мм Ст3,Полоса стальная 25x5 мм Ст3,5,69990,т,1,0,0,https://www.kavstal.ru/public/assets/images/products/SORTOVOI_PROKAT/POLOSA_GK/img.png,сортовой прокат;полоса г/к;ст3 25;5;6;8;полоса;стальная;25x5;мм;ст3,Ст3 25,5 ; 6; 8,ГОСТ 103-2006,т
Сортовой прокат,ПОЛОСА Г/К,Ст3 25 рез,Полоса стальная 25x3 мм Ст3 рез,Полоса стальная 25x3 мм Ст3 рез,3,73490,т,1,0,0,https://www.kavstal.ru/public/assets/images/products/SORTOVOI_PROKAT/POLOSA_GK/img.png,сортовой прокат;полоса г/к;ст3 25 рез;3;полоса;стальная;25x3;мм;ст3;рез,Ст3 25 рез,3,ГОСТ 103-2006,т
Сортовой прокат,ПОЛОСА Г/К,Ст3 25 рез,Полоса стальная 25x4 мм Ст3 рез,Полоса стальная 25x4 мм Ст3 рез,4,72000,т,1,0,0,https://www.kavstal.ru/public/assets/images/products/SORTOVOI_PROKAT/POLOSA_GK/img.png,сортовой прокат;полоса г/к;ст3 25 рез;4;полоса;стальная;25x4;мм;ст3;рез,Ст3 25 рез,4,ГОСТ 103-2006,т
Сортовой прокат,ПОЛОСА Г/К,Ст3 30,Полоса стальная 30x4 мм Ст3,Полоса стальная 30x4 мм Ст3,4,52790,т,1,0,0,https://www.kavstal.ru/public/assets/images/products/SORTOVOI_PROKAT/POLOSA_GK/img.png,сортовой прокат;полоса г/к;ст3 30;4;полоса;стальная;30x4;мм;ст3,Ст3 30,4,ГОСТ 103-2006,т
Сортовой прокат,ПОЛОСА Г/К,Ст3 30,Полоса стальная 30x4 мм Ст3,Полоса стальная 30x4 мм Ст3,4,52990,т,1,0,0,https://www.kavstal.ru/public/assets/images/products/SORTOVOI_PROKAT/POLOSA_GK/img.png,сортовой прокат;полоса г/к;ст3 30;4;полоса;стальная;30x4;мм;ст3,Ст3 30,4,ГОСТ 103-2006,т
Сортовой прокат,ПОЛОСА Г/К,Ст3 30,Полоса стальная 30x4 мм Ст3,Полоса стальная 30x4 мм Ст3,4,53490,т,1,0,0,https://www.kavstal.ru/public/assets/images/products/SORTOVOI_PROKAT/POLOSA_GK/img.png,сортовой прокат;полоса г/к;ст3 30;4;полоса;стальная;30x4;мм;ст3,Ст3 30,4,ГОСТ 103-2006,т
Сортовой прокат,ПОЛОСА Г/К,Ст3 30,Полоса стальная 30x5 мм Ст3,Полоса стальная 30x5 мм Ст3,5,55490,т,1,0,0,https://www.kavstal.ru/public/assets/images/products/SORTOVOI_PROKAT/POLOSA_GK/img.png,сортовой прокат;полоса г/к;ст3 30;5;полоса;стальная;30x5;мм;ст3,Ст3 30,5,ГОСТ 103-2006,т
Сортовой прокат,ПОЛОСА Г/К,Ст3 30,Полоса стальная 30x6 мм Ст3,Полоса стальная 30x6 мм Ст3,6,69990,т,1,0,0,https://www.kavstal.ru/public/assets/images/products/SORTOVOI_PROKAT/POLOSA_GK/img.png,сортовой прокат;полоса г/к;ст3 30;6;8;полоса;стальная;30x6;мм;ст3,Ст3 30,6 ; 8,ГОСТ 103-2006,т
Сортовой прокат,ПОЛОСА Г/К,Ст3 30,Полоса стальная 30x10 мм Ст3,Полоса стальная 30x10 мм Ст3,10,72490,т,1,0,0,https://www.kavstal.ru/public/assets/images/products/SORTOVOI_PROKAT/POLOSA_GK/img.png,сортовой прокат;полоса г/к;ст3 30;10;полоса;стальная;30x10;мм;ст3,Ст3 30,10,ГОСТ 103-2006,т
Сортовой прокат,ПОЛОСА Г/К,Ст3 30,Полоса стальная 30x20 мм Ст3,Полоса стальная 30x20 мм Ст3,20,74990,т,1,0,0,https://www.kavstal.ru/public/assets/images/products/SORTOVOI_PROKAT/POLOSA_GK/img.png,сортовой прокат;полоса г/к;ст3 30;20;полоса;стальная;30x20;мм;ст3,Ст3 30,20,ГОСТ 103-2006,т
Сортовой прокат,ПОЛОСА Г/К,Ст3 30 рез,Полоса стальная 30x3 мм Ст3 рез,Полоса стальная 30x3 мм Ст3 рез,3,77990,т,1,0,0,https://www.kavstal.ru/public/assets/images/products/SORTOVOI_PROKAT/POLOSA_GK/img.png,сортовой прокат;полоса г/к;ст3 30 рез;3;полоса;стальная;30x3;мм;ст3;рез,Ст3 30 рез,3,ГОСТ 103-2006,т
Сортовой прокат,ПОЛОСА Г/К,Ст3 30 рез К,Полоса стальная 30x3 мм Ст3 рез К,Полоса стальная 30x3 мм Ст3 рез К,3,79900,т,1,0,0,https://www.kavstal.ru/public/assets/images/products/SORTOVOI_PROKAT/POLOSA_GK/img.png,сортовой прокат;полоса г/к;ст3 30 рез к;3;полоса;стальная;30x3;мм;ст3;рез,Ст3 30 рез К,3,ГОСТ 103-2006,т
Сортовой прокат,ПОЛОСА Г/К,Ст3 40,Полоса стальная 40x4 мм Ст3,Полоса стальная 40x4 мм Ст3,4,52790,т,1,0,0,https://www.kavstal.ru/public/assets/images/products/SORTOVOI_PROKAT/POLOSA_GK/img.png,сортовой прокат;полоса г/к;ст3 40;4;полоса;стальная;40x4;мм;ст3,Ст3 40,4,ГОСТ 103-2006,т
Сортовой прокат,ПОЛОСА Г/К,Ст3 40,Полоса стальная 40x4 мм Ст3,Полоса стальная 40x4 мм Ст3,4,52990,т,1,0,0,https://www.kavstal.ru/public/assets/images/products/SORTOVOI_PROKAT/POLOSA_GK/img.png,сортовой прокат;полоса г/к;ст3 40;4;полоса;стальная;40x4;мм;ст3,Ст3 40,4,ГОСТ 103-2006,т
Сортовой прокат,ПОЛОСА Г/К,Ст3 40,Полоса стальная 40x4 мм Ст3,Полоса стальная 40x4 мм Ст3,4,53490,т,1,0,0,https://www.kavstal.ru/public/assets/images/products/SORTOVOI_PROKAT/POLOSA_GK/img.png,сортовой прокат;полоса г/к;ст3 40;4;полоса;стальная;40x4;мм;ст3,Ст3 40,4,ГОСТ 103-2006,т
Сортовой прокат,ПОЛОСА Г/К,Ст3 40,Полоса стальная 40x5 мм Ст3,Полоса стальная 40x5 мм Ст3,5,54790,т,1,0,0,https://www.kavstal.ru/public/assets/images/products/SORTOVOI_PROKAT/POLOSA_GK/img.png,сортовой прокат;полоса г/к;ст3 40;5;полоса;стальная;40x5;мм;ст3,Ст3 40,5,ГОСТ 103-2006,т
Сортовой прокат,ПОЛОСА Г/К,Ст3 40,Полоса стальная 40x5 мм Ст3,Полоса стальная 40x5 мм Ст3,5,54990,т,1,0,0,https://www.kavstal.ru/public/assets/images/products/SORTOVOI_PROKAT/POLOSA_GK/img.png,сортовой прокат;полоса г/к;ст3 40;5;полоса;стальная;40x5;мм;ст3,Ст3 40,5,ГОСТ 103-2006,т
Сортовой прокат,ПОЛОСА Г/К,Ст3 40,Полоса стальная 40x5 мм Ст3,Полоса стальная 40x5 мм Ст3,5,55490,т,1,0,0,https://www.kavstal.ru/public/assets/images/products/SORTOVOI_PROKAT/POLOSA_GK/img.png,сортовой прокат;полоса г/к;ст3 40;5;полоса;стальная;40x5;мм;ст3,Ст3 40,5,ГОСТ 103-2006,т
Сортовой прокат,ПОЛОСА Г/К,Ст3 40,Полоса стальная 40x6 мм Ст3,Полоса стальная 40x6 мм Ст3,6,53790,т,1,0,0,https://www.kavstal.ru/public/assets/images/products/SORTOVOI_PROKAT/POLOSA_GK/img.png,сортовой прокат;полоса г/к;ст3 40;6;полоса;стальная;40x6;мм;ст3,Ст3 40,6,ГОСТ 103-2006,т
Сортовой прокат,ПОЛОСА Г/К,Ст3 40,Полоса стальная 40x6 мм Ст3,Полоса стальная 40x6 мм Ст3,6,53990,т,1,0,0,https://www.kavstal.ru/public/assets/images/products/SORTOVOI_PROKAT/POLOSA_GK/img.png,сортовой прокат;полоса г/к;ст3 40;6;полоса;стальная;40x6;мм;ст3,Ст3 40,6,ГОСТ 103-2006,т
Сортовой прокат,ПОЛОСА Г/К,Ст3 40,Полоса стальная 40x6 мм Ст3,Полоса стальная 40x6 мм Ст3,6,54490,т,1,0,0,https://www.kavstal.ru/public/assets/images/products/SORTOVOI_PROKAT/POLOSA_GK/img.png,сортовой прокат;полоса г/к;ст3 40;6;полоса;стальная;40x6;мм;ст3,Ст3 40,6,ГОСТ 103-2006,т
Сортовой прокат,ПОЛОСА Г/К,Ст3 40,Полоса стальная 40x8 мм Ст3,Полоса стальная 40x8 мм Ст3,8,67990,т,1,0,0,https://www.kavstal.ru/public/assets/images/products/SORTOVOI_PROKAT/POLOSA_GK/img.png,сортовой прокат;полоса г/к;ст3 40;8;полоса;стальная;40x8;мм;ст3,Ст3 40,8,ГОСТ 103-2006,т
Сортовой прокат,ПОЛОСА Г/К,Ст3 40,Полоса стальная 40x8 мм Ст3,Полоса стальная 40x8 мм Ст3,8,68490,т,1,0,0,https://www.kavstal.ru/public/assets/images/products/SORTOVOI_PROKAT/POLOSA_GK/img.png,сортовой прокат;полоса г/к;ст3 40;8;полоса;стальная;40x8;мм;ст3,Ст3 40,8,ГОСТ 103-2006,т
Сортовой прокат,ПОЛОСА Г/К,Ст3 40,Полоса стальная 40x10 мм Ст3,Полоса стальная 40x10 мм Ст3,10,76990,т,1,0,0,https://www.kavstal.ru/public/assets/images/products/SORTOVOI_PROKAT/POLOSA_GK/img.png,сортовой прокат;полоса г/к;ст3 40;10;полоса;стальная;40x10;мм;ст3,Ст3 40,10,ГОСТ 103-2006,т
Сортовой прокат,ПОЛОСА Г/К,Ст3 40,Полоса стальная 40x10 мм Ст3,Полоса стальная 40x10 мм Ст3,10,77490,т,1,0,0,https://www.kavstal.ru/public/assets/images/products/SORTOVOI_PROKAT/POLOSA_GK/img.png,сортовой прокат;полоса г/к;ст3 40;10;полоса;стальная;40x10;мм;ст3,Ст3 40,10,ГОСТ 103-2006,т
Сортовой прокат,ПОЛОСА Г/К,Ст3 40,Полоса стальная 40x12 мм Ст3,Полоса стальная 40x12 мм Ст3,12,79990,т,1,0,0,https://www.kavstal.ru/public/assets/images/products/SORTOVOI_PROKAT/POLOSA_GK/img.png,сортовой прокат;полоса г/к;ст3 40;12;полоса;стальная;40x12;мм;ст3,Ст3 40,12,ГОСТ 103-2006,т
Сортовой прокат,ПОЛОСА Г/К,Ст3 40,Полоса стальная 40x20 мм Ст3,Полоса стальная 40x20 мм Ст3,20,74990,т,1,0,0,https://www.kavstal.ru/public/assets/images/products/SORTOVOI_PROKAT/POLOSA_GK/img.png,сортовой прокат;полоса г/к;ст3 40;20;полоса;стальная;40x20;мм;ст3,Ст3 40,20,ГОСТ 103-2006,т
Сортовой прокат,ПОЛОСА Г/К,Ст3 40 рез,Полоса стальная 40x3 мм Ст3 рез,Полоса стальная 40x3 мм Ст3 рез,3,73490,т,1,0,0,https://www.kavstal.ru/public/assets/images/products/SORTOVOI_PROKAT/POLOSA_GK/img.png,сортовой прокат;полоса г/к;ст3 40 рез;3;полоса;стальная;40x3;мм;ст3;рез,Ст3 40 рез,3,ГОСТ 103-2006,т
Сортовой прокат,ПОЛОСА Г/К,Ст3 50,Полоса стальная 50x4 мм Ст3,Полоса стальная 50x4 мм Ст3,4,52290,т,1,0,0,https://www.kavstal.ru/public/assets/images/products/SORTOVOI_PROKAT/POLOSA_GK/img.png,сортовой прокат;полоса г/к;ст3 50;4;полоса;стальная;50x4;мм;ст3,Ст3 50,4,ГОСТ 103-2006,т
Сортовой прокат,ПОЛОСА Г/К,Ст3 50,Полоса стальная 50x4 мм Ст3,Полоса стальная 50x4 мм Ст3,4,52490,т,1,0,0,https://www.kavstal.ru/public/assets/images/products/SORTOVOI_PROKAT/POLOSA_GK/img.png,сортовой прокат;полоса г/к;ст3 50;4;полоса;стальная;50x4;мм;ст3,Ст3 50,4,ГОСТ 103-2006,т
Сортовой прокат,ПОЛОСА Г/К,Ст3 50,Полоса стальная 50x4 мм Ст3,Полоса стальная 50x4 мм Ст3,4,52990,т,1,0,0,https://www.kavstal.ru/public/assets/images/products/SORTOVOI_PROKAT/POLOSA_GK/img.png,сортовой прокат;полоса г/к;ст3 50;4;полоса;стальная;50x4;мм;ст3,Ст3 50,4,ГОСТ 103-2006,т
Сортовой прокат,ПОЛОСА Г/К,Ст3 50,Полоса стальная 50x5 мм Ст3,Полоса стальная 50x5 мм Ст3,5,52790,т,1,0,0,https://www.kavstal.ru/public/assets/images/products/SORTOVOI_PROKAT/POLOSA_GK/img.png,сортовой прокат;полоса г/к;ст3 50;5;полоса;стальная;50x5;мм;ст3,Ст3 50,5,ГОСТ 103-2006,т
Сортовой прокат,ПОЛОСА Г/К,Ст3 50,Полоса стальная 50x5 мм Ст3,Полоса стальная 50x5 мм Ст3,5,52990,т,1,0,0,https://www.kavstal.ru/public/assets/images/products/SORTOVOI_PROKAT/POLOSA_GK/img.png,сортовой прокат;полоса г/к;ст3 50;5;полоса;стальная;50x5;мм;ст3,Ст3 50,5,ГОСТ 103-2006,т
Сортовой прокат,ПОЛОСА Г/К,Ст3 50,Полоса стальная 50x5 мм Ст3,Полоса стальная 50x5 мм Ст3,5,53490,т,1,0,0,https://www.kavstal.ru/public/assets/images/products/SORTOVOI_PROKAT/POLOSA_GK/img.png,сортовой прокат;полоса г/к;ст3 50;5;полоса;стальная;50x5;мм;ст3,Ст3 50,5,ГОСТ 103-2006,т
Сортовой прокат,ПОЛОСА Г/К,Ст3 50,Полоса стальная 50x6 мм Ст3,Полоса стальная 50x6 мм Ст3,6,54490,т,1,0,0,https://www.kavstal.ru/public/assets/images/products/SORTOVOI_PROKAT/POLOSA_GK/img.png,сортовой прокат;полоса г/к;ст3 50;6;полоса;стальная;50x6;мм;ст3,Ст3 50,6,ГОСТ 103-2006,т
Сортовой прокат,ПОЛОСА Г/К,Ст3 50,Полоса стальная 50x6 мм Ст3,Полоса стальная 50x6 мм Ст3,6,54990,т,1,0,0,https://www.kavstal.ru/public/assets/images/products/SORTOVOI_PROKAT/POLOSA_GK/img.png,сортовой прокат;полоса г/к;ст3 50;6;полоса;стальная;50x6;мм;ст3,Ст3 50,6,ГОСТ 103-2006,т
Сортовой прокат,ПОЛОСА Г/К,Ст3 50,Полоса стальная 50x8 мм Ст3,Полоса стальная 50x8 мм Ст3,8,74490,т,1,0,0,https://www.kavstal.ru/public/assets/images/products/SORTOVOI_PROKAT/POLOSA_GK/img.png,сортовой прокат;полоса г/к;ст3 50;8;полоса;стальная;50x8;мм;ст3,Ст3 50,8,ГОСТ 103-2006,т
Сортовой прокат,ПОЛОСА Г/К,Ст3 50,Полоса стальная 50x8 мм Ст3,Полоса стальная 50x8 мм Ст3,8,74990,т,1,0,0,https://www.kavstal.ru/public/assets/images/products/SORTOVOI_PROKAT/POLOSA_GK/img.png,сортовой прокат;полоса г/к;ст3 50;8;полоса;стальная;50x8;мм;ст3,Ст3 50,8,ГОСТ 103-2006,т
Сортовой прокат,ПОЛОСА Г/К,Ст3 50,Полоса стальная 50x10 мм Ст3,Полоса стальная 50x10 мм Ст3,10,69990,т,1,0,0,https://www.kavstal.ru/public/assets/images/products/SORTOVOI_PROKAT/POLOSA_GK/img.png,сортовой прокат;полоса г/к;ст3 50;10;полоса;стальная;50x10;мм;ст3,Ст3 50,10,ГОСТ 103-2006,т
Сортовой прокат,ПОЛОСА Г/К,Ст3 50,Полоса стальная 50x12 мм Ст3,Полоса стальная 50x12 мм Ст3,12,79990,т,1,0,0,https://www.kavstal.ru/public/assets/images/products/SORTOVOI_PROKAT/POLOSA_GK/img.png,сортовой прокат;полоса г/к;ст3 50;12;16;полоса;стальная;50x12;мм;ст3,Ст3 50,12 ; 16,ГОСТ 103-2006,т
Сортовой прокат,ПОЛОСА Г/К,Ст3 50,Полоса стальная 50x20 мм Ст3,Полоса стальная 50x20 мм Ст3,20,79490,т,1,0,0,https://www.kavstal.ru/public/assets/images/products/SORTOVOI_PROKAT/POLOSA_GK/img.png,сортовой прокат;полоса г/к;ст3 50;20;полоса;стальная;50x20;мм;ст3,Ст3 50,20,ГОСТ 103-2006,т
Сортовой прокат,ПОЛОСА Г/К,Ст3 50,Полоса стальная 50x30 мм Ст3,Полоса стальная 50x30 мм Ст3,30,74990,т,1,0,0,https://www.kavstal.ru/public/assets/images/products/SORTOVOI_PROKAT/POLOSA_GK/img.png,сортовой прокат;полоса г/к;ст3 50;30;полоса;стальная;50x30;мм;ст3,Ст3 50,30,ГОСТ 103-2006,т
Сортовой прокат,ПОЛОСА Г/К,Ст3 60,Полоса стальная 60x4 мм Ст3,Полоса стальная 60x4 мм Ст3,4,52990,т,1,0,0,https://www.kavstal.ru/public/assets/images/products/SORTOVOI_PROKAT/POLOSA_GK/img.png,сортовой прокат;полоса г/к;ст3 60;4;5;полоса;стальная;60x4;мм;ст3,Ст3 60,4 ; 5,ГОСТ 103-2006,т
Сортовой прокат,ПОЛОСА Г/К,Ст3 60,Полоса стальная 60x5 мм Ст3,Полоса стальная 60x5 мм Ст3,5,53490,т,1,0,0,https://www.kavstal.ru/public/assets/images/products/SORTOVOI_PROKAT/POLOSA_GK/img.png,сортовой прокат;полоса г/к;ст3 60;5;полоса;стальная;60x5;мм;ст3,Ст3 60,5,ГОСТ 103-2006,т
Сортовой прокат,ПОЛОСА Г/К,Ст3 60,Полоса стальная 60x6 мм Ст3,Полоса стальная 60x6 мм Ст3,6,54290,т,1,0,0,https://www.kavstal.ru/public/assets/images/products/SORTOVOI_PROKAT/POLOSA_GK/img.png,сортовой прокат;полоса г/к;ст3 60;6;полоса;стальная;60x6;мм;ст3,Ст3 60,6,ГОСТ 103-2006,т
Сортовой прокат,ПОЛОСА Г/К,Ст3 60,Полоса стальная 60x6 мм Ст3,Полоса стальная 60x6 мм Ст3,6,54490,т,1,0,0,https://www.kavstal.ru/public/assets/images/products/SORTOVOI_PROKAT/POLOSA_GK/img.png,сортовой прокат;полоса г/к;ст3 60;6;полоса;стальная;60x6;мм;ст3,Ст3 60,6,ГОСТ 103-2006,т
Сортовой прокат,ПОЛОСА Г/К,Ст3 60,Полоса стальная 60x6 мм Ст3,Полоса стальная 60x6 мм Ст3,6,54990,т,1,0,0,https://www.kavstal.ru/public/assets/images/products/SORTOVOI_PROKAT/POLOSA_GK/img.png,сортовой прокат;полоса г/к;ст3 60;6;полоса;стальная;60x6;мм;ст3,Ст3 60,6,ГОСТ 103-2006,т
Сортовой прокат,ПОЛОСА Г/К,Ст3 60,Полоса стальная 60x8 мм Ст3,Полоса стальная 60x8 мм Ст3,8,62490,т,1,0,0,https://www.kavstal.ru/public/assets/images/products/SORTOVOI_PROKAT/POLOSA_GK/img.png,сортовой прокат;полоса г/к;ст3 60;8;полоса;стальная;60x8;мм;ст3,Ст3 60,8,ГОСТ 103-2006,т
Сортовой прокат,ПОЛОСА Г/К,Ст3 60,Полоса стальная 60x16 мм Ст3,Полоса стальная 60x16 мм Ст3,16,74990,т,1,0,0,https://www.kavstal.ru/public/assets/images/products/SORTOVOI_PROKAT/POLOSA_GK/img.png,сортовой прокат;полоса г/к;ст3 60;16;полоса;стальная;60x16;мм;ст3,Ст3 60,16,ГОСТ 103-2006,т
Сортовой прокат,ПОЛОСА Г/К,Ст3 60 6м,Полоса стальная 60x10 мм Ст3 6м,Полоса стальная 60x10 мм Ст3 6м,10,75990,т,1,0,0,https://www.kavstal.ru/public/assets/images/products/SORTOVOI_PROKAT/POLOSA_GK/img.png,сортовой прокат;полоса г/к;ст3 60 6м;10;полоса;стальная;60x10;мм;ст3;6м,Ст3 60 6м,10,ГОСТ 103-2006,т
Сортовой прокат,ПОЛОСА Г/К,Ст3 60 6м,Полоса стальная 60x20 мм Ст3 6м,Полоса стальная 60x20 мм Ст3 6м,20,74990,т,1,0,0,https://www.kavstal.ru/public/assets/images/products/SORTOVOI_PROKAT/POLOSA_GK/img.png,сортовой прокат;полоса г/к;ст3 60 6м;20;полоса;стальная;60x20;мм;ст3;6м,Ст3 60 6м,20,ГОСТ 103-2006,т
Сортовой прокат,ПОЛОСА Г/К,Ст3 65,Полоса стальная 65x12 мм Ст3,Полоса стальная 65x12 мм Ст3,12,79990,т,1,0,0,https://www.kavstal.ru/public/assets/images/products/SORTOVOI_PROKAT/POLOSA_GK/img.png,сортовой прокат;полоса г/к;ст3 65;12;полоса;стальная;65x12;мм;ст3,Ст3 65,12,ГОСТ 103-2006,т
Сортовой прокат,ПОЛОСА Г/К,Ст3 70,Полоса стальная 70x4 мм Ст3,Полоса стальная 70x4 мм Ст3,4,74990,т,1,0,0,https://www.kavstal.ru/public/assets/images/products/SORTOVOI_PROKAT/POLOSA_GK/img.png,сортовой прокат;полоса г/к;ст3 70;4;полоса;стальная;70x4;мм;ст3,Ст3 70,4,ГОСТ 103-2006,т
Сортовой прокат,ПОЛОСА Г/К,Ст3 70,Полоса стальная 70x5 мм Ст3,Полоса стальная 70x5 мм Ст3,5,68490,т,1,0,0,https://www.kavstal.ru/public/assets/images/products/SORTOVOI_PROKAT/POLOSA_GK/img.png,сортовой прокат;полоса г/к;ст3 70;5;полоса;стальная;70x5;мм;ст3,Ст3 70,5,ГОСТ 103-2006,т
Сортовой прокат,ПОЛОСА Г/К,Ст3 70,Полоса стальная 70x6 мм Ст3,Полоса стальная 70x6 мм Ст3,6,67990,т,1,0,0,https://www.kavstal.ru/public/assets/images/products/SORTOVOI_PROKAT/POLOSA_GK/img.png,сортовой прокат;полоса г/к;ст3 70;6;полоса;стальная;70x6;мм;ст3,Ст3 70,6,ГОСТ 103-2006,т
Сортовой прокат,ПОЛОСА Г/К,Ст3 70,Полоса стальная 70x8 мм Ст3,Полоса стальная 70x8 мм Ст3,8,77990,т,1,0,0,https://www.kavstal.ru/public/assets/images/products/SORTOVOI_PROKAT/POLOSA_GK/img.png,сортовой прокат;полоса г/к;ст3 70;8;полоса;стальная;70x8;мм;ст3,Ст3 70,8,ГОСТ 103-2006,т
Сортовой прокат,ПОЛОСА Г/К,Ст3 70,Полоса стальная 70x10 мм Ст3,Полоса стальная 70x10 мм Ст3,10,71490,т,1,0,0,https://www.kavstal.ru/public/assets/images/products/SORTOVOI_PROKAT/POLOSA_GK/img.png,сортовой прокат;полоса г/к;ст3 70;10;полоса;стальная;70x10;мм;ст3,Ст3 70,10,ГОСТ 103-2006,т
Сортовой прокат,ПОЛОСА Г/К,Ст3 75,Полоса стальная 75x6 мм Ст3,Полоса стальная 75x6 мм Ст3,6,74990,т,1,0,0,https://www.kavstal.ru/public/assets/images/products/SORTOVOI_PROKAT/POLOSA_GK/img.png,сортовой прокат;полоса г/к;ст3 75;6;полоса;стальная;75x6;мм;ст3,Ст3 75,6,ГОСТ 103-2006,т
Сортовой прокат,ПОЛОСА Г/К,Ст3 80,Полоса стальная 80x4 мм Ст3,Полоса стальная 80x4 мм Ст3,4,69990,т,1,0,0,https://www.kavstal.ru/public/assets/images/products/SORTOVOI_PROKAT/POLOSA_GK/img.png,сортовой прокат;полоса г/к;ст3 80;4;полоса;стальная;80x4;мм;ст3,Ст3 80,4,ГОСТ 103-2006,т
Сортовой прокат,ПОЛОСА Г/К,Ст3 80,Полоса стальная 80x5 мм Ст3,Полоса стальная 80x5 мм Ст3,5,67990,т,1,0,0,https://www.kavstal.ru/public/assets/images/products/SORTOVOI_PROKAT/POLOSA_GK/img.png,сортовой прокат;полоса г/к;ст3 80;5;полоса;стальная;80x5;мм;ст3,Ст3 80,5,ГОСТ 103-2006,т
Сортовой прокат,ПОЛОСА Г/К,Ст3 80,Полоса стальная 80x6 мм Ст3,Полоса стальная 80x6 мм Ст3,6,70490,т,1,0,0,https://www.kavstal.ru/public/assets/images/products/SORTOVOI_PROKAT/POLOSA_GK/img.png,сортовой прокат;полоса г/к;ст3 80;6;полоса;стальная;80x6;мм;ст3,Ст3 80,6,ГОСТ 103-2006,т
Сортовой прокат,ПОЛОСА Г/К,Ст3 80,Полоса стальная 80x8 мм Ст3,Полоса стальная 80x8 мм Ст3,8,66990,т,1,0,0,https://www.kavstal.ru/public/assets/images/products/SORTOVOI_PROKAT/POLOSA_GK/img.png,сортовой прокат;полоса г/к;ст3 80;8;полоса;стальная;80x8;мм;ст3,Ст3 80,8,ГОСТ 103-2006,т
Сортовой прокат,ПОЛОСА Г/К,Ст3 80,Полоса стальная 80x8 мм Ст3,Полоса стальная 80x8 мм Ст3,8,74490,т,1,0,0,https://www.kavstal.ru/public/assets/images/products/SORTOVOI_PROKAT/POLOSA_GK/img.png,сортовой прокат;полоса г/к;ст3 80;8;полоса;стальная;80x8;мм;ст3,Ст3 80,8,ГОСТ 103-2006,т
Сортовой прокат,ПОЛОСА Г/К,Ст3 80,Полоса стальная 80x8 мм Ст3,Полоса стальная 80x8 мм Ст3,8,74990,т,1,0,0,https://www.kavstal.ru/public/assets/images/products/SORTOVOI_PROKAT/POLOSA_GK/img.png,сортовой прокат;полоса г/к;ст3 80;8;полоса;стальная;80x8;мм;ст3,Ст3 80,8,ГОСТ 103-2006,т
Сортовой прокат,ПОЛОСА Г/К,Ст3 80,Полоса стальная 80x10 мм Ст3,Полоса стальная 80x10 мм Ст3,10,74490,т,1,0,0,https://www.kavstal.ru/public/assets/images/products/SORTOVOI_PROKAT/POLOSA_GK/img.png,сортовой прокат;полоса г/к;ст3 80;10;полоса;стальная;80x10;мм;ст3,Ст3 80,10,ГОСТ 103-2006,т
Сортовой прокат,ПОЛОСА Г/К,Ст3 80,Полоса стальная 80x12 мм Ст3,Полоса стальная 80x12 мм Ст3,12,79990,т,1,0,0,https://www.kavstal.ru/public/assets/images/products/SORTOVOI_PROKAT/POLOSA_GK/img.png,сортовой прокат;полоса г/к;ст3 80;12;полоса;стальная;80x12;мм;ст3,Ст3 80,12,ГОСТ 103-2006,т
Сортовой прокат,ПОЛОСА Г/К,Ст3 80,Полоса стальная 80x20 мм Ст3,Полоса стальная 80x20 мм Ст3,20,78990,т,1,0,0,https://www.kavstal.ru/public/assets/images/products/SORTOVOI_PROKAT/POLOSA_GK/img.png,сортовой прокат;полоса г/к;ст3 80;20;полоса;стальная;80x20;мм;ст3,Ст3 80,20,ГОСТ 103-2006,т
Сортовой прокат,ПОЛОСА Г/К,Ст3 80 рез,Полоса стальная 80x3 мм Ст3 рез,Полоса стальная 80x3 мм Ст3 рез,3,62990,т,1,0,0,https://www.kavstal.ru/public/assets/images/products/SORTOVOI_PROKAT/POLOSA_GK/img.png,сортовой прокат;полоса г/к;ст3 80 рез;3;полоса;стальная;80x3;мм;ст3;рез,Ст3 80 рез,3,ГОСТ 103-2006,т
Сортовой прокат,ПОЛОСА Г/К,Ст3 90,Полоса стальная 90x8 мм Ст3,Полоса стальная 90x8 мм Ст3,8,69990,т,1,0,0,https://www.kavstal.ru/public/assets/images/products/SORTOVOI_PROKAT/POLOSA_GK/img.png,сортовой прокат;полоса г/к;ст3 90;8;полоса;стальная;90x8;мм;ст3,Ст3 90,8,ГОСТ 103-2006,т
Сортовой прокат,ПОЛОСА Г/К,Ст3 90,Полоса стальная 90x10 мм Ст3,Полоса стальная 90x10 мм Ст3,10,68490,т,1,0,0,https://www.kavstal.ru/public/assets/images/products/SORTOVOI_PROKAT/POLOSA_GK/img.png,сортовой прокат;полоса г/к;ст3 90;10;полоса;стальная;90x10;мм;ст3,Ст3 90,10,ГОСТ 103-2006,т
Сортовой прокат,ПОЛОСА Г/К,Ст3 100,Полоса стальная 100x4 мм Ст3,Полоса стальная 100x4 мм Ст3,4,69490,т,1,0,0,https://www.kavstal.ru/public/assets/images/products/SORTOVOI_PROKAT/POLOSA_GK/img.png,сортовой прокат;полоса г/к;ст3 100;4;полоса;стальная;100x4;мм;ст3,Ст3 100,4,ГОСТ 103-2006,т
Сортовой прокат,ПОЛОСА Г/К,Ст3 100,Полоса стальная 100x4 мм Ст3,Полоса стальная 100x4 мм Ст3,4,69990,т,1,0,0,https://www.kavstal.ru/public/assets/images/products/SORTOVOI_PROKAT/POLOSA_GK/img.png,сортовой прокат;полоса г/к;ст3 100;4;5;полоса;стальная;100x4;мм;ст3,Ст3 100,4 ; 5,ГОСТ 103-2006,т
Сортовой прокат,ПОЛОСА Г/К,Ст3 100,Полоса стальная 100x6 мм Ст3,Полоса стальная 100x6 мм Ст3,6,74290,т,1,0,0,https://www.kavstal.ru/public/assets/images/products/SORTOVOI_PROKAT/POLOSA_GK/img.png,сортовой прокат;полоса г/к;ст3 100;6;полоса;стальная;100x6;мм;ст3,Ст3 100,6,ГОСТ 103-2006,т
Сортовой прокат,ПОЛОСА Г/К,Ст3 100,Полоса стальная 100x6 мм Ст3,Полоса стальная 100x6 мм Ст3,6,74490,т,1,0,0,https://www.kavstal.ru/public/assets/images/products/SORTOVOI_PROKAT/POLOSA_GK/img.png,сортовой прокат;полоса г/к;ст3 100;6;полоса;стальная;100x6;мм;ст3,Ст3 100,6,ГОСТ 103-2006,т
Сортовой прокат,ПОЛОСА Г/К,Ст3 100,Полоса стальная 100x6 мм Ст3,Полоса стальная 100x6 мм Ст3,6,74990,т,1,0,0,https://www.kavstal.ru/public/assets/images/products/SORTOVOI_PROKAT/POLOSA_GK/img.png,сортовой прокат;полоса г/к;ст3 100;6;полоса;стальная;100x6;мм;ст3,Ст3 100,6,ГОСТ 103-2006,т
Сортовой прокат,ПОЛОСА Г/К,Ст3 100,Полоса стальная 100x8 мм Ст3,Полоса стальная 100x8 мм Ст3,8,69290,т,1,0,0,https://www.kavstal.ru/public/assets/images/products/SORTOVOI_PROKAT/POLOSA_GK/img.png,сортовой прокат;полоса г/к;ст3 100;8;полоса;стальная;100x8;мм;ст3,Ст3 100,8,ГОСТ 103-2006,т
Сортовой прокат,ПОЛОСА Г/К,Ст3 100,Полоса стальная 100x8 мм Ст3,Полоса стальная 100x8 мм Ст3,8,69490,т,1,0,0,https://www.kavstal.ru/public/assets/images/products/SORTOVOI_PROKAT/POLOSA_GK/img.png,сортовой прокат;полоса г/к;ст3 100;8;полоса;стальная;100x8;мм;ст3,Ст3 100,8,ГОСТ 103-2006,т
Сортовой прокат,ПОЛОСА Г/К,Ст3 100,Полоса стальная 100x8 мм Ст3,Полоса стальная 100x8 мм Ст3,8,69990,т,1,0,0,https://www.kavstal.ru/public/assets/images/products/SORTOVOI_PROKAT/POLOSA_GK/img.png,сортовой прокат;полоса г/к;ст3 100;8;полоса;стальная;100x8;мм;ст3,Ст3 100,8,ГОСТ 103-2006,т
Сортовой прокат,ПОЛОСА Г/К,Ст3 100,Полоса стальная 100x10 мм Ст3,Полоса стальная 100x10 мм Ст3,10,66790,т,1,0,0,https://www.kavstal.ru/public/assets/images/products/SORTOVOI_PROKAT/POLOSA_GK/img.png,сортовой прокат;полоса г/к;ст3 100;10;полоса;стальная;100x10;мм;ст3,Ст3 100,10,ГОСТ 103-2006,т
Сортовой прокат,ПОЛОСА Г/К,Ст3 100,Полоса стальная 100x10 мм Ст3,Полоса стальная 100x10 мм Ст3,10,66990,т,1,0,0,https://www.kavstal.ru/public/assets/images/products/SORTOVOI_PROKAT/POLOSA_GK/img.png,сортовой прокат;полоса г/к;ст3 100;10;полоса;стальная;100x10;мм;ст3,Ст3 100,10,ГОСТ 103-2006,т
Сортовой прокат,ПОЛОСА Г/К,Ст3 100,Полоса стальная 100x10 мм Ст3,Полоса стальная 100x10 мм Ст3,10,67490,т,1,0,0,https://www.kavstal.ru/public/assets/images/products/SORTOVOI_PROKAT/POLOSA_GK/img.png,сортовой прокат;полоса г/к;ст3 100;10;полоса;стальная;100x10;мм;ст3,Ст3 100,10,ГОСТ 103-2006,т
Сортовой прокат,ПОЛОСА Г/К,Ст3 100 рез,Полоса стальная 100x6 мм Ст3 рез,Полоса стальная 100x6 мм Ст3 рез,6,61290,т,1,0,0,https://www.kavstal.ru/public/assets/images/products/SORTOVOI_PROKAT/POLOSA_GK/img.png,сортовой прокат;полоса г/к;ст3 100 рез;6;полоса;стальная;100x6;мм;ст3;рез,Ст3 100 рез,6,ГОСТ 103-2006,т
Сортовой прокат,ПОЛОСА Г/К,Ст3 100 рез,Полоса стальная 100x12 мм Ст3 рез,Полоса стальная 100x12 мм Ст3 рез,12,74990,т,1,0,0,https://www.kavstal.ru/public/assets/images/products/SORTOVOI_PROKAT/POLOSA_GK/img.png,сортовой прокат;полоса г/к;ст3 100 рез;12;полоса;стальная;100x12;мм;ст3;рез,Ст3 100 рез,12,ГОСТ 103-2006,т
Сортовой прокат,ПОЛОСА Г/К,Ст3 120 рез,Полоса стальная 120x4 мм Ст3 рез,Полоса стальная 120x4 мм Ст3 рез,4,61990,т,1,0,0,https://www.kavstal.ru/public/assets/images/products/SORTOVOI_PROKAT/POLOSA_GK/img.png,сортовой прокат;полоса г/к;ст3 120 рез;4;полоса;стальная;120x4;мм;ст3;рез,Ст3 120 рез,4,ГОСТ 103-2006,т
Сортовой прокат,ПОЛОСА Г/К,Ст3 120 рез,Полоса стальная 120x6 мм Ст3 рез,Полоса стальная 120x6 мм Ст3 рез,6,62990,т,1,0,0,https://www.kavstal.ru/public/assets/images/products/SORTOVOI_PROKAT/POLOSA_GK/img.png,сортовой прокат;полоса г/к;ст3 120 рез;6;8;полоса;стальная;120x6;мм;ст3;рез,Ст3 120 рез,6 ; 8,ГОСТ 103-2006,т
Сортовой прокат,ПОЛОСА Г/К,Ст3 120 рез,Полоса стальная 120x10 мм Ст3 рез,Полоса стальная 120x10 мм Ст3 рез,10,61990,т,1,0,0,https://www.kavstal.ru/public/assets/images/products/SORTOVOI_PROKAT/POLOSA_GK/img.png,сортовой прокат;полоса г/к;ст3 120 рез;10;полоса;стальная;120x10;мм;ст3;рез,Ст3 120 рез,10,ГОСТ 103-2006,т
Сортовой прокат,ПОЛОСА Г/К,Ст3 150 рез,Полоса стальная 150x6 мм Ст3 рез,Полоса стальная 150x6 мм Ст3 рез,6,61990,т,1,0,0,https://www.kavstal.ru/public/assets/images/products/SORTOVOI_PROKAT/POLOSA_GK/img.png,сортовой прокат;полоса г/к;ст3 150 рез;6;полоса;стальная;150x6;мм;ст3;рез,Ст3 150 рез,6,ГОСТ 103-2006,т
Сортовой прокат,ПОЛОСА Г/К,Ст3 200 рез,Полоса стальная 200x5 мм Ст3 рез,Полоса стальная 200x5 мм Ст3 рез,5,62290,т,1,0,0,https://www.kavstal.ru/public/assets/images/products/SORTOVOI_PROKAT/POLOSA_GK/img.png,сортовой прокат;полоса г/к;ст3 200 рез;5;полоса;стальная;200x5;мм;ст3;рез,Ст3 200 рез,5,ГОСТ 103-2006,т
Сортовой прокат,ПОЛОСА Г/К,Ст3 200 рез,Полоса стальная 200x5 мм Ст3 рез,Полоса стальная 200x5 мм Ст3 рез,5,62990,т,1,0,0,https://www.kavstal.ru/public/assets/images/products/SORTOVOI_PROKAT/POLOSA_GK/img.png,сортовой прокат;полоса г/к;ст3 200 рез;5;8;полоса;стальная;200x5;мм;ст3;рез,Ст3 200 рез,5 ; 8,ГОСТ 103-2006,т
Сортовой прокат,ПОЛОСА Г/К,Ст5пс/сп1 120 рез,Полоса стальная 120x10 мм Ст5пс/сп1 рез,Полоса стальная 120x10 мм Ст5пс/сп1 рез,10,61990,т,1,0,0,https://www.kavstal.ru/public/assets/images/products/SORTOVOI_PROKAT/POLOSA_GK/img.png,сортовой прокат;полоса г/к;ст5пс/сп1 120 рез;10;полоса;стальная;120x10;мм;ст5пс/сп1;рез,Ст5пс/сп1 120 рез,10,ГОСТ 103-2006,т
Сортовой прокат,БАЛКИ ДВУТАВРОВЫЕ,10,Балка двутавровая 10,"Балка двутавровая 10, сталь Ст3",,99690,т,1,0,0,https://www.kavstal.ru/public/assets/images/products/SORTOVOI_PROKAT/BALKI_DVUTAVROVYE/img.jpg,сортовой прокат;балки двутавровые;10;балка;двутавровая,10,,ГОСТ 19425-89,т
Сортовой прокат,БАЛКИ ДВУТАВРОВЫЕ,10,Балка двутавровая 10,"Балка двутавровая 10, сталь Ст3",,99990,т,1,0,0,https://www.kavstal.ru/public/assets/images/products/SORTOVOI_PROKAT/BALKI_DVUTAVROVYE/img.jpg,сортовой прокат;балки двутавровые;10;балка;двутавровая,10,,ГОСТ 19425-89,т
Сортовой прокат,БАЛКИ ДВУТАВРОВЫЕ,10,Балка двутавровая 10Б1,"Балка двутавровая 10Б1, сталь Ст3",1,99490,т,1,0,0,https://www.kavstal.ru/public/assets/images/products/SORTOVOI_PROKAT/BALKI_DVUTAVROVYE/img.jpg,сортовой прокат;балки двутавровые;10;1;балка;двутавровая;10б1,10,Б1,ГОСТ 19425-89,т
Сортовой прокат,БАЛКИ ДВУТАВРОВЫЕ,10,Балка двутавровая 10Б1,"Балка двутавровая 10Б1, сталь Ст3",1,99990,т,1,0,0,https://www.kavstal.ru/public/assets/images/products/SORTOVOI_PROKAT/BALKI_DVUTAVROVYE/img.jpg,сортовой прокат;балки двутавровые;10;1;балка;двутавровая;10б1,10,Б1,ГОСТ 19425-89,т
Сортовой прокат,БАЛКИ ДВУТАВРОВЫЕ,12,Балка двутавровая 12,"Балка двутавровая 12, сталь Ст3",,101990,т,1,0,0,https://www.kavstal.ru/public/assets/images/products/SORTOVOI_PROKAT/BALKI_DVUTAVROVYE/img.jpg,сортовой прокат;балки двутавровые;12;балка;двутавровая,12,,ГОСТ 19425-89,т
Сортовой прокат,БАЛКИ ДВУТАВРОВЫЕ,12,Балка двутавровая 12Б1,"Балка двутавровая 12Б1, сталь Ст3",1,98490,т,1,0,0,https://www.kavstal.ru/public/assets/images/products/SORTOVOI_PROKAT/BALKI_DVUTAVROVYE/img.jpg,сортовой прокат;балки двутавровые;12;1;балка;двутавровая;12б1,12,Б1,ГОСТ 19425-89,т
Сортовой прокат,БАЛКИ ДВУТАВРОВЫЕ,12,Балка двутавровая 12Б1,"Балка двутавровая 12Б1, сталь Ст3",1,98990,т,1,0,0,https://www.kavstal.ru/public/assets/images/products/SORTOVOI_PROKAT/BALKI_DVUTAVROVYE/img.jpg,сортовой прокат;балки двутавровые;12;1;балка;двутавровая;12б1,12,Б1,ГОСТ 19425-89,т
Сортовой прокат,БАЛКИ ДВУТАВРОВЫЕ,12,Балка двутавровая 12Б2,"Балка двутавровая 12Б2, сталь Ст3",2,99990,т,1,0,0,https://www.kavstal.ru/public/assets/images/products/SORTOVOI_PROKAT/BALKI_DVUTAVROVYE/img.jpg,сортовой прокат;балки двутавровые;12;2;балка;двутавровая;12б2,12,Б2,ГОСТ 19425-89,т
Сортовой прокат,БАЛКИ ДВУТАВРОВЫЕ,14,Балка двутавровая 14,"Балка двутавровая 14, сталь Ст3",,107990,т,1,0,0,https://www.kavstal.ru/public/assets/images/products/SORTOVOI_PROKAT/BALKI_DVUTAVROVYE/img.jpg,сортовой прокат;балки двутавровые;14;балка;двутавровая,14,,ГОСТ 19425-89,т
Сортовой прокат,БАЛКИ ДВУТАВРОВЫЕ,14,Балка двутавровая 14Б1,"Балка двутавровая 14Б1, сталь Ст3",1,99490,т,1,0,0,https://www.kavstal.ru/public/assets/images/products/SORTOVOI_PROKAT/BALKI_DVUTAVROVYE/img.jpg,сортовой прокат;балки двутавровые;14;1;балка;двутавровая;14б1,14,Б1,ГОСТ 19425-89,т
Сортовой прокат,БАЛКИ ДВУТАВРОВЫЕ,14,Балка двутавровая 14Б1,"Балка двутавровая 14Б1, сталь Ст3",1,99990,т,1,0,0,https://www.kavstal.ru/public/assets/images/products/SORTOVOI_PROKAT/BALKI_DVUTAVROVYE/img.jpg,сортовой прокат;балки двутавровые;14;1;балка;двутавровая;14б1,14,Б1,ГОСТ 19425-89,т
Сортовой прокат,БАЛКИ ДВУТАВРОВЫЕ,14,Балка двутавровая 14Б2,"Балка двутавровая 14Б2, сталь Ст3",2,102990,т,1,0,0,https://www.kavstal.ru/public/assets/images/products/SORTOVOI_PROKAT/BALKI_DVUTAVROVYE/img.jpg,сортовой прокат;балки двутавровые;14;2;балка;двутавровая;14б2,14,Б2,ГОСТ 19425-89,т
Сортовой прокат,БАЛКИ ДВУТАВРОВЫЕ,16,Балка двутавровая 16,"Балка двутавровая 16, сталь Ст3",,103990,т,1,0,0,https://www.kavstal.ru/public/assets/images/products/SORTOVOI_PROKAT/BALKI_DVUTAVROVYE/img.jpg,сортовой прокат;балки двутавровые;16;балка;двутавровая,16,,ГОСТ 19425-89,т
Сортовой прокат,БАЛКИ ДВУТАВРОВЫЕ,16,Балка двутавровая 16Б1,"Балка двутавровая 16Б1, сталь Ст3",1,102990,т,1,0,0,https://www.kavstal.ru/public/assets/images/products/SORTOVOI_PROKAT/BALKI_DVUTAVROVYE/img.jpg,сортовой прокат;балки двутавровые;16;1;балка;двутавровая;16б1,16,Б1,ГОСТ 19425-89,т
Сортовой прокат,БАЛКИ ДВУТАВРОВЫЕ,16,Балка двутавровая 16Б2,"Балка двутавровая 16Б2, сталь Ст3",2,100990,т,1,0,0,https://www.kavstal.ru/public/assets/images/products/SORTOVOI_PROKAT/BALKI_DVUTAVROVYE/img.jpg,сортовой прокат;балки двутавровые;16;2;балка;двутавровая;16б2,16,Б2,ГОСТ 19425-89,т
Сортовой прокат,БАЛКИ ДВУТАВРОВЫЕ,16 н/д,Балка двутавровая 16Б1,"Балка двутавровая 16Б1, сталь Ст3",1,100990,т,1,0,0,https://www.kavstal.ru/public/assets/images/products/SORTOVOI_PROKAT/BALKI_DVUTAVROVYE/img.jpg,сортовой прокат;балки двутавровые;16 н/д;1;балка;двутавровая;16б1,16 н/д,Б1,ГОСТ 19425-89,т
Сортовой прокат,БАЛКИ ДВУТАВРОВЫЕ,18,Балка двутавровая 18,"Балка двутавровая 18, сталь Ст3",,99690,теор.т,1,0,0,https://www.kavstal.ru/public/assets/images/products/SORTOVOI_PROKAT/BALKI_DVUTAVROVYE/img.jpg,сортовой прокат;балки двутавровые;18;балка;двутавровая,18,,ГОСТ 19425-89,теор.т
Сортовой прокат,БАЛКИ ДВУТАВРОВЫЕ,18,Балка двутавровая 18,"Балка двутавровая 18, сталь Ст3",,99990,теор.т,1,0,0,https://www.kavstal.ru/public/assets/images/products/SORTOVOI_PROKAT/BALKI_DVUTAVROVYE/img.jpg,сортовой прокат;балки двутавровые;18;балка;двутавровая,18,,ГОСТ 19425-89,теор.т
Сортовой прокат,БАЛКИ ДВУТАВРОВЫЕ,18,Балка двутавровая 18Б1,"Балка двутавровая 18Б1, сталь Ст3",1,101490,т,1,0,0,https://www.kavstal.ru/public/assets/images/products/SORTOVOI_PROKAT/BALKI_DVUTAVROVYE/img.jpg,сортовой прокат;балки двутавровые;18;1;балка;двутавровая;18б1,18,Б1,ГОСТ 19425-89,т
Сортовой прокат,БАЛКИ ДВУТАВРОВЫЕ,18,Балка двутавровая 18Б1,"Балка двутавровая 18Б1, сталь Ст3",1,101990,т,1,0,0,https://www.kavstal.ru/public/assets/images/products/SORTOVOI_PROKAT/BALKI_DVUTAVROVYE/img.jpg,сортовой прокат;балки двутавровые;18;1;2;балка;двутавровая;18б1,18,Б1 ; Б2,ГОСТ 19425-89,т
Сортовой прокат,БАЛКИ ДВУТАВРОВЫЕ,20,Балка двутавровая 20Б1,"Балка двутавровая 20Б1, сталь Ст3",1,92900,теор.т,1,0,0,https://www.kavstal.ru/public/assets/images/products/SORTOVOI_PROKAT/BALKI_DVUTAVROVYE/img.jpg,сортовой прокат;балки двутавровые;20;1;балка;двутавровая;20б1,20,Б1,ГОСТ 19425-89,теор.т
Сортовой прокат,БАЛКИ ДВУТАВРОВЫЕ,20,Балка двутавровая 20Б1,"Балка двутавровая 20Б1, сталь Ст3",1,93400,теор.т,1,0,0,https://www.kavstal.ru/public/assets/images/products/SORTOVOI_PROKAT/BALKI_DVUTAVROVYE/img.jpg,сортовой прокат;балки двутавровые;20;1;2;балка;двутавровая;20б1,20,Б1 ; Б2,ГОСТ 19425-89,теор.т
Сортовой прокат,БАЛКИ ДВУТАВРОВЫЕ,20,Балка двутавровая 20К1,"Балка двутавровая 20К1, сталь Ст3",1,82800,теор.т,1,0,0,https://www.kavstal.ru/public/assets/images/products/SORTOVOI_PROKAT/BALKI_DVUTAVROVYE/img.jpg,сортовой прокат;балки двутавровые;20;1;балка;двутавровая;20к1,20,К1,ГОСТ 19425-89,теор.т
Сортовой прокат,БАЛКИ ДВУТАВРОВЫЕ,20,Балка двутавровая 20К1,"Балка двутавровая 20К1, сталь Ст3",1,83300,теор.т,1,0,0,https://www.kavstal.ru/public/assets/images/products/SORTOVOI_PROKAT/BALKI_DVUTAVROVYE/img.jpg,сортовой прокат;балки двутавровые;20;1;2;балка;двутавровая;20к1,20,К1 ; К2; Ш1,ГОСТ 19425-89,теор.т
Сортовой прокат,БАЛКИ ДВУТАВРОВЫЕ,20,Балка двутавровая 20Ш1,"Балка двутавровая 20Ш1, сталь Ст3",1,83800,теор.т,1,0,0,https://www.kavstal.ru/public/assets/images/products/SORTOVOI_PROKAT/BALKI_DVUTAVROVYE/img.jpg,сортовой прокат;балки двутавровые;20;1;2;балка;двутавровая;20ш1,20,Ш1 ; Ш2,ГОСТ 19425-89,теор.т
Сортовой прокат,БАЛКИ ДВУТАВРОВЫЕ,24,Балка двутавровая 24М,"Балка двутавровая 24М, сталь Ст3",,133990,теор.т,1,0,0,https://www.kavstal.ru/public/assets/images/products/SORTOVOI_PROKAT/BALKI_DVUTAVROVYE/img.jpg,сортовой прокат;балки двутавровые;24;балка;двутавровая;24м,24,М,ГОСТ 19425-89,теор.т
Сортовой прокат,БАЛКИ ДВУТАВРОВЫЕ,25,Балка двутавровая 25Б1,"Балка двутавровая 25Б1, сталь Ст3",1,88100,теор.т,1,0,0,https://www.kavstal.ru/public/assets/images/products/SORTOVOI_PROKAT/BALKI_DVUTAVROVYE/img.jpg,сортовой прокат;балки двутавровые;25;1;балка;двутавровая;25б1,25,Б1,ГОСТ 19425-89,теор.т
Сортовой прокат,БАЛКИ ДВУТАВРОВЫЕ,25,Балка двутавровая 25Б2,"Балка двутавровая 25Б2, сталь Ст3",2,87600,теор.т,1,0,0,https://www.kavstal.ru/public/assets/images/products/SORTOVOI_PROKAT/BALKI_DVUTAVROVYE/img.jpg,сортовой прокат;балки двутавровые;25;2;балка;двутавровая;25б2,25,Б2,ГОСТ 19425-89,теор.т
Сортовой прокат,БАЛКИ ДВУТАВРОВЫЕ,25,Балка двутавровая 25Б2,"Балка двутавровая 25Б2, сталь Ст3",2,88100,теор.т,1,0,0,https://www.kavstal.ru/public/assets/images/products/SORTOVOI_PROKAT/BALKI_DVUTAVROVYE/img.jpg,сортовой прокат;балки двутавровые;25;2;балка;двутавровая;25б2,25,Б2,ГОСТ 19425-89,теор.т
Сортовой прокат,БАЛКИ ДВУТАВРОВЫЕ,25,Балка двутавровая 25К1,"Балка двутавровая 25К1, сталь Ст3",1,80900,теор.т,1,0,0,https://www.kavstal.ru/public/assets/images/products/SORTOVOI_PROKAT/BALKI_DVUTAVROVYE/img.jpg,сортовой прокат;балки двутавровые;25;1;2;4;6;балка;двутавровая;25к1,25,К1 ; К2; К4; К6,ГОСТ 19425-89,теор.т
Сортовой прокат,БАЛКИ ДВУТАВРОВЫЕ,25,Балка двутавровая 25Ш1,"Балка двутавровая 25Ш1, сталь Ст3",1,82400,теор.т,1,0,0,https://www.kavstal.ru/public/assets/images/products/SORTOVOI_PROKAT/BALKI_DVUTAVROVYE/img.jpg,сортовой прокат;балки двутавровые;25;1;балка;двутавровая;25ш1,25,Ш1,ГОСТ 19425-89,теор.т
Сортовой прокат,БАЛКИ ДВУТАВРОВЫЕ,25,Балка двутавровая 25Ш1,"Балка двутавровая 25Ш1, сталь Ст3",1,82900,теор.т,1,0,0,https://www.kavstal.ru/public/assets/images/products/SORTOVOI_PROKAT/BALKI_DVUTAVROVYE/img.jpg,сортовой прокат;балки двутавровые;25;1;2;3;4;балка;двутавровая;25ш1,25,Ш1 ; Ш2; Ш3; Ш4,ГОСТ 19425-89,теор.т
Сортовой прокат,БАЛКИ ДВУТАВРОВЫЕ,30,Балка двутавровая 30Б1,"Балка двутавровая 30Б1, сталь Ст3",1,82800,теор.т,1,0,0,https://www.kavstal.ru/public/assets/images/products/SORTOVOI_PROKAT/BALKI_DVUTAVROVYE/img.jpg,сортовой прокат;балки двутавровые;30;1;балка;двутавровая;30б1,30,Б1,ГОСТ 19425-89,теор.т
Сортовой прокат,БАЛКИ ДВУТАВРОВЫЕ,30,Балка двутавровая 30Б1,"Балка двутавровая 30Б1, сталь Ст3",1,83300,теор.т,1,0,0,https://www.kavstal.ru/public/assets/images/products/SORTOVOI_PROKAT/BALKI_DVUTAVROVYE/img.jpg,сортовой прокат;балки двутавровые;30;1;балка;двутавровая;30б1,30,Б1,ГОСТ 19425-89,теор.т
Сортовой прокат,БАЛКИ ДВУТАВРОВЫЕ,30,Балка двутавровая 30Б2,"Балка двутавровая 30Б2, сталь Ст3",2,82800,теор.т,1,0,0,https://www.kavstal.ru/public/assets/images/products/SORTOVOI_PROKAT/BALKI_DVUTAVROVYE/img.jpg,сортовой прокат;балки двутавровые;30;2;балка;двутавровая;30б2,30,Б2,ГОСТ 19425-89,теор.т
Сортовой прокат,БАЛКИ ДВУТАВРОВЫЕ,30,Балка двутавровая 30Б2,"Балка двутавровая 30Б2, сталь Ст3",2,83300,теор.т,1,0,0,https://www.kavstal.ru/public/assets/images/products/SORTOVOI_PROKAT/BALKI_DVUTAVROVYE/img.jpg,сортовой прокат;балки двутавровые;30;2;3;балка;двутавровая;30б2,30,Б2 ; Б3,ГОСТ 19425-89,теор.т
Сортовой прокат,БАЛКИ ДВУТАВРОВЫЕ,30,Балка двутавровая 30К1,"Балка двутавровая 30К1, сталь Ст3",1,80400,теор.т,1,0,0,https://www.kavstal.ru/public/assets/images/products/SORTOVOI_PROKAT/BALKI_DVUTAVROVYE/img.jpg,сортовой прокат;балки двутавровые;30;1;балка;двутавровая;30к1,30,К1,ГОСТ 19425-89,теор.т
Сортовой прокат,БАЛКИ ДВУТАВРОВЫЕ,30,Балка двутавровая 30К1,"Балка двутавровая 30К1, сталь Ст3",1,80900,теор.т,1,0,0,https://www.kavstal.ru/public/assets/images/products/SORTOVOI_PROKAT/BALKI_DVUTAVROVYE/img.jpg,сортовой прокат;балки двутавровые;30;1;2;3;4;5;балка;двутавровая;30к1,30,К1 ; К2; К3; К4; К5,ГОСТ 19425-89,теор.т
Сортовой прокат,БАЛКИ ДВУТАВРОВЫЕ,30,Балка двутавровая 30М,"Балка двутавровая 30М, сталь Ст3",,133990,теор.т,1,0,0,https://www.kavstal.ru/public/assets/images/products/SORTOVOI_PROKAT/BALKI_DVUTAVROVYE/img.jpg,сортовой прокат;балки двутавровые;30;балка;двутавровая;30м,30,М,ГОСТ 19425-89,теор.т
Сортовой прокат,БАЛКИ ДВУТАВРОВЫЕ,30,Балка двутавровая 30Ш1,"Балка двутавровая 30Ш1, сталь Ст3",1,80400,теор.т,1,0,0,https://www.kavstal.ru/public/assets/images/products/SORTOVOI_PROKAT/BALKI_DVUTAVROVYE/img.jpg,сортовой прокат;балки двутавровые;30;1;балка;двутавровая;30ш1,30,Ш1,ГОСТ 19425-89,теор.т
Сортовой прокат,БАЛКИ ДВУТАВРОВЫЕ,30,Балка двутавровая 30Ш1,"Балка двутавровая 30Ш1, сталь Ст3",1,80900,теор.т,1,0,0,https://www.kavstal.ru/public/assets/images/products/SORTOVOI_PROKAT/BALKI_DVUTAVROVYE/img.jpg,сортовой прокат;балки двутавровые;30;1;2;3;балка;двутавровая;30ш1,30,Ш1 ; Ш2; Ш3,ГОСТ 19425-89,теор.т
Сортовой прокат,БАЛКИ ДВУТАВРОВЫЕ,35,Балка двутавровая 35Б1,"Балка двутавровая 35Б1, сталь Ст3",1,82400,теор.т,1,0,0,https://www.kavstal.ru/public/assets/images/products/SORTOVOI_PROKAT/BALKI_DVUTAVROVYE/img.jpg,сортовой прокат;балки двутавровые;35;1;балка;двутавровая;35б1,35,Б1,ГОСТ 19425-89,теор.т
Сортовой прокат,БАЛКИ ДВУТАВРОВЫЕ,35,Балка двутавровая 35Б1,"Балка двутавровая 35Б1, сталь Ст3",1,82900,теор.т,1,0,0,https://www.kavstal.ru/public/assets/images/products/SORTOVOI_PROKAT/BALKI_DVUTAVROVYE/img.jpg,сортовой прокат;балки двутавровые;35;1;2;балка;двутавровая;35б1,35,Б1 ; Б2,ГОСТ 19425-89,теор.т
Сортовой прокат,БАЛКИ ДВУТАВРОВЫЕ,35,Балка двутавровая 35К1,"Балка двутавровая 35К1, сталь Ст3",1,80900,теор.т,1,0,0,https://www.kavstal.ru/public/assets/images/products/SORTOVOI_PROKAT/BALKI_DVUTAVROVYE/img.jpg,сортовой прокат;балки двутавровые;35;1;балка;двутавровая;35к1,35,К1,ГОСТ 19425-89,теор.т
Сортовой прокат,БАЛКИ ДВУТАВРОВЫЕ,35,Балка двутавровая 35К2,"Балка двутавровая 35К2, сталь Ст3",2,85800,теор.т,1,0,0,https://www.kavstal.ru/public/assets/images/products/SORTOVOI_PROKAT/BALKI_DVUTAVROVYE/img.jpg,сортовой прокат;балки двутавровые;35;2;балка;двутавровая;35к2,35,К2,ГОСТ 19425-89,теор.т
Сортовой прокат,БАЛКИ ДВУТАВРОВЫЕ,35,Балка двутавровая 35Ш1,"Балка двутавровая 35Ш1, сталь Ст3",1,80900,теор.т,1,0,0,https://www.kavstal.ru/public/assets/images/products/SORTOVOI_PROKAT/BALKI_DVUTAVROVYE/img.jpg,сортовой прокат;балки двутавровые;35;1;2;балка;двутавровая;35ш1,35,Ш1 ; Ш2,ГОСТ 19425-89,теор.т
Сортовой прокат,БАЛКИ ДВУТАВРОВЫЕ,35 н/д,Балка двутавровая 35Б1,"Балка двутавровая 35Б1, сталь Ст3",1,71000,т,1,0,0,https://www.kavstal.ru/public/assets/images/products/SORTOVOI_PROKAT/BALKI_DVUTAVROVYE/img.jpg,сортовой прокат;балки двутавровые;35 н/д;1;балка;двутавровая;35б1,35 н/д,Б1,ГОСТ 19425-89,т
Сортовой прокат,БАЛКИ ДВУТАВРОВЫЕ,36,Балка двутавровая 36М,"Балка двутавровая 36М, сталь Ст3",,133990,теор.т,1,0,0,https://www.kavstal.ru/public/assets/images/products/SORTOVOI_PROKAT/BALKI_DVUTAVROVYE/img.jpg,сортовой прокат;балки двутавровые;36;балка;двутавровая;36м,36,М,ГОСТ 19425-89,теор.т
Сортовой прокат,БАЛКИ ДВУТАВРОВЫЕ,40,Балка двутавровая 40Б1,"Балка двутавровая 40Б1, сталь Ст3",1,80400,теор.т,1,0,0,https://www.kavstal.ru/public/assets/images/products/SORTOVOI_PROKAT/BALKI_DVUTAVROVYE/img.jpg,сортовой прокат;балки двутавровые;40;1;балка;двутавровая;40б1,40,Б1,ГОСТ 19425-89,теор.т
Сортовой прокат,БАЛКИ ДВУТАВРОВЫЕ,40,Балка двутавровая 40Б1,"Балка двутавровая 40Б1, сталь Ст3",1,80900,теор.т,1,0,0,https://www.kavstal.ru/public/assets/images/products/SORTOVOI_PROKAT/BALKI_DVUTAVROVYE/img.jpg,сортовой прокат;балки двутавровые;40;1;балка;двутавровая;40б1,40,Б1,ГОСТ 19425-89,теор.т
Сортовой прокат,БАЛКИ ДВУТАВРОВЫЕ,40,Балка двутавровая 40Б2,"Балка двутавровая 40Б2, сталь Ст3",2,80400,теор.т,1,0,0,https://www.kavstal.ru/public/assets/images/products/SORTOVOI_PROKAT/BALKI_DVUTAVROVYE/img.jpg,сортовой прокат;балки двутавровые;40;2;балка;двутавровая;40б2,40,Б2,ГОСТ 19425-89,теор.т
Сортовой прокат,БАЛКИ ДВУТАВРОВЫЕ,40,Балка двутавровая 40Б2,"Балка двутавровая 40Б2, сталь Ст3",2,80900,теор.т,1,0,0,https://www.kavstal.ru/public/assets/images/products/SORTOVOI_PROKAT/BALKI_DVUTAVROVYE/img.jpg,сортовой прокат;балки двутавровые;40;2;балка;двутавровая;40б2,40,Б2,ГОСТ 19425-89,теор.т
Сортовой прокат,БАЛКИ ДВУТАВРОВЫЕ,40,Балка двутавровая 40К1,"Балка двутавровая 40К1, сталь Ст3",1,99400,теор.т,1,0,0,https://www.kavstal.ru/public/assets/images/products/SORTOVOI_PROKAT/BALKI_DVUTAVROVYE/img.jpg,сортовой прокат;балки двутавровые;40;1;балка;двутавровая;40к1,40,К1,ГОСТ 19425-89,теор.т
Сортовой прокат,БАЛКИ ДВУТАВРОВЫЕ,40,Балка двутавровая 40К2,"Балка двутавровая 40К2, сталь Ст3",2,100400,теор.т,1,0,0,https://www.kavstal.ru/public/assets/images/products/SORTOVOI_PROKAT/BALKI_DVUTAVROVYE/img.jpg,сортовой прокат;балки двутавровые;40;2;балка;двутавровая;40к2,40,К2,ГОСТ 19425-89,теор.т
Сортовой прокат,БАЛКИ ДВУТАВРОВЫЕ,40,Балка двутавровая 40К2,"Балка двутавровая 40К2, сталь Ст3",2,100900,теор.т,1,0,0,https://www.kavstal.ru/public/assets/images/products/SORTOVOI_PROKAT/BALKI_DVUTAVROVYE/img.jpg,сортовой прокат;балки двутавровые;40;2;3;4;5;балка;двутавровая;40к2,40,К2 ; К3; К4; К5,ГОСТ 19425-89,теор.т
Сортовой прокат,БАЛКИ ДВУТАВРОВЫЕ,40,Балка двутавровая 40Ш1,"Балка двутавровая 40Ш1, сталь Ст3",1,79400,теор.т,1,0,0,https://www.kavstal.ru/public/assets/images/products/SORTOVOI_PROKAT/BALKI_DVUTAVROVYE/img.jpg,сортовой прокат;балки двутавровые;40;1;балка;двутавровая;40ш1,40,Ш1,ГОСТ 19425-89,теор.т
Сортовой прокат,БАЛКИ ДВУТАВРОВЫЕ,40,Балка двутавровая 40Ш1,"Балка двутавровая 40Ш1, сталь Ст3",1,79900,теор.т,1,0,0,https://www.kavstal.ru/public/assets/images/products/SORTOVOI_PROKAT/BALKI_DVUTAVROVYE/img.jpg,сортовой прокат;балки двутавровые;40;1;2;3;5;6;балка;двутавровая;40ш1,40,Ш1 ; Ш2; Ш3; Ш5; Ш6,ГОСТ 19425-89,теор.т
Сортовой прокат,БАЛКИ ДВУТАВРОВЫЕ,40 н/д,Балка двутавровая 40Б1,"Балка двутавровая 40Б1, сталь Ст3",1,80400,т,1,0,0,https://www.kavstal.ru/public/assets/images/products/SORTOVOI_PROKAT/BALKI_DVUTAVROVYE/img.jpg,сортовой прокат;балки двутавровые;40 н/д;1;2;балка;двутавровая;40б1,40 н/д,Б1 ; Б2,ГОСТ 19425-89,т
Сортовой прокат,БАЛКИ ДВУТАВРОВЫЕ,40 н/д,Балка двутавровая 40Ш1 н/д,"Балка двутавровая 40Ш1 н/д, сталь Ст3",1,79400,теор.т,1,0,0,https://www.kavstal.ru/public/assets/images/products/SORTOVOI_PROKAT/BALKI_DVUTAVROVYE/img.jpg,сортовой прокат;балки двутавровые;40 н/д;1;балка;двутавровая;40ш1;н/д,40 н/д,Ш1,ГОСТ 19425-89,теор.т
Сортовой прокат,БАЛКИ ДВУТАВРОВЫЕ,45,Балка двутавровая 45Б1,"Балка двутавровая 45Б1, сталь Ст3",1,79800,теор.т,1,0,0,https://www.kavstal.ru/public/assets/images/products/SORTOVOI_PROKAT/BALKI_DVUTAVROVYE/img.jpg,сортовой прокат;балки двутавровые;45;1;2;балка;двутавровая;45б1,45,Б1 ; Б2,ГОСТ 19425-89,теор.т
Сортовой прокат,БАЛКИ ДВУТАВРОВЫЕ,45,Балка двутавровая 45М,"Балка двутавровая 45М, сталь Ст3",,133990,теор.т,1,0,0,https://www.kavstal.ru/public/assets/images/products/SORTOVOI_PROKAT/BALKI_DVUTAVROVYE/img.jpg,сортовой прокат;балки двутавровые;45;балка;двутавровая;45м,45,М,ГОСТ 19425-89,теор.т
Сортовой прокат,БАЛКИ ДВУТАВРОВЫЕ,45,Балка двутавровая 45Ш1,"Балка двутавровая 45Ш1, сталь Ст3",1,86100,теор.т,1,0,0,https://www.kavstal.ru/public/assets/images/products/SORTOVOI_PROKAT/BALKI_DVUTAVROVYE/img.jpg,сортовой прокат;балки двутавровые;45;1;2;балка;двутавровая;45ш1,45,Ш1 ; Ш2,ГОСТ 19425-89,теор.т
Сортовой прокат,БАЛКИ ДВУТАВРОВЫЕ,50,Балка двутавровая 50Б1,"Балка двутавровая 50Б1, сталь Ст3",1,79800,теор.т,1,0,0,https://www.kavstal.ru/public/assets/images/products/SORTOVOI_PROKAT/BALKI_DVUTAVROVYE/img.jpg,сортовой прокат;балки двутавровые;50;1;2;3;балка;двутавровая;50б1,50,Б1 ; Б2; Б3,ГОСТ 19425-89,теор.т
Сортовой прокат,БАЛКИ ДВУТАВРОВЫЕ,50,Балка двутавровая 50Ш1,"Балка двутавровая 50Ш1, сталь Ст3",1,79900,теор.т,1,0,0,https://www.kavstal.ru/public/assets/images/products/SORTOVOI_PROKAT/BALKI_DVUTAVROVYE/img.jpg,сортовой прокат;балки двутавровые;50;1;балка;двутавровая;50ш1,50,Ш1,ГОСТ 19425-89,теор.т
Сортовой прокат,БАЛКИ ДВУТАВРОВЫЕ,50,Балка двутавровая 50Ш2,"Балка двутавровая 50Ш2, сталь Ст3",2,84800,теор.т,1,0,0,https://www.kavstal.ru/public/assets/images/products/SORTOVOI_PROKAT/BALKI_DVUTAVROVYE/img.jpg,сортовой прокат;балки двутавровые;50;2;3;балка;двутавровая;50ш2,50,Ш2 ; Ш3,ГОСТ 19425-89,теор.т
Сортовой прокат,БАЛКИ ДВУТАВРОВЫЕ,50 н/д,Балка двутавровая 50Ш1 н/д,"Балка двутавровая 50Ш1 н/д, сталь Ст3",1,79400,т,1,0,0,https://www.kavstal.ru/public/assets/images/products/SORTOVOI_PROKAT/BALKI_DVUTAVROVYE/img.jpg,сортовой прокат;балки двутавровые;50 н/д;1;балка;двутавровая;50ш1;н/д,50 н/д,Ш1,ГОСТ 19425-89,т
Сортовой прокат,БАЛКИ ДВУТАВРОВЫЕ,55,Балка двутавровая 55Б1,"Балка двутавровая 55Б1, сталь Ст3",1,79900,т,1,0,0,https://www.kavstal.ru/public/assets/images/products/SORTOVOI_PROKAT/BALKI_DVUTAVROVYE/img.jpg,сортовой прокат;балки двутавровые;55;1;2;балка;двутавровая;55б1,55,Б1 ; Б2,ГОСТ 19425-89,т
Сортовой прокат,БАЛКИ ДВУТАВРОВЫЕ,60,Балка двутавровая 60Б1,"Балка двутавровая 60Б1, сталь Ст3",1,79900,теор.т,1,0,0,https://www.kavstal.ru/public/assets/images/products/SORTOVOI_PROKAT/BALKI_DVUTAVROVYE/img.jpg,сортовой прокат;балки двутавровые;60;1;балка;двутавровая;60б1,60,Б1,ГОСТ 19425-89,теор.т
Сортовой прокат,БАЛКИ ДВУТАВРОВЫЕ,60,Балка двутавровая 60Б2,"Балка двутавровая 60Б2, сталь Ст3",2,84800,теор.т,1,0,0,https://www.kavstal.ru/public/assets/images/products/SORTOVOI_PROKAT/BALKI_DVUTAVROVYE/img.jpg,сортовой прокат;балки двутавровые;60;2;балка;двутавровая;60б2,60,Б2,ГОСТ 19425-89,теор.т
Сортовой прокат,БАЛКИ ДВУТАВРОВЫЕ,60,Балка двутавровая 60Ш1,"Балка двутавровая 60Ш1, сталь Ст3",1,92800,теор.т,1,0,0,https://www.kavstal.ru/public/assets/images/products/SORTOVOI_PROKAT/BALKI_DVUTAVROVYE/img.jpg,сортовой прокат;балки двутавровые;60;1;балка;двутавровая;60ш1,60,Ш1,ГОСТ 19425-89,теор.т
Сортовой прокат,БАЛКИ ДВУТАВРОВЫЕ,60,Балка двутавровая 60Ш2,"Балка двутавровая 60Ш2, сталь Ст3",2,94300,теор.т,1,0,0,https://www.kavstal.ru/public/assets/images/products/SORTOVOI_PROKAT/BALKI_DVUTAVROVYE/img.jpg,сортовой прокат;балки двутавровые;60;2;3;4;5;балка;двутавровая;60ш2,60,Ш2 ; Ш3; Ш4; Ш5,ГОСТ 19425-89,теор.т
Сортовой прокат,БАЛКИ ДВУТАВРОВЫЕ,70,Балка двутавровая 70Б1,"Балка двутавровая 70Б1, сталь Ст3",1,81900,т,1,0,0,https://www.kavstal.ru/public/assets/images/products/SORTOVOI_PROKAT/BALKI_DVUTAVROVYE/img.jpg,сортовой прокат;балки двутавровые;70;1;балка;двутавровая;70б1,70,Б1,ГОСТ 19425-89,т
Сортовой прокат,БАЛКИ ДВУТАВРОВЫЕ,70,Балка двутавровая 70Б1,"Балка двутавровая 70Б1, сталь Ст3",1,82400,теор.т,1,0,0,https://www.kavstal.ru/public/assets/images/products/SORTOVOI_PROKAT/BALKI_DVUTAVROVYE/img.jpg,сортовой прокат;балки двутавровые;70;1;балка;двутавровая;70б1,70,Б1,ГОСТ 19425-89,теор.т
Сортовой прокат,БАЛКИ ДВУТАВРОВЫЕ,70,Балка двутавровая 70Б2,"Балка двутавровая 70Б2, сталь Ст3",2,83000,теор.т,1,0,0,https://www.kavstal.ru/public/assets/images/products/SORTOVOI_PROKAT/BALKI_DVUTAVROVYE/img.jpg,сортовой прокат;балки двутавровые;70;2;3;4;балка;двутавровая;70б2,70,Б2 ; Б3; Б4,ГОСТ 19425-89,теор.т
Сортовой прокат,БАЛКИ ДВУТАВРОВЫЕ,70,Балка двутавровая 70Ш1,"Балка двутавровая 70Ш1, сталь Ст3",1,91300,теор.т,1,0,0,https://www.kavstal.ru/public/assets/images/products/SORTOVOI_PROKAT/BALKI_DVUTAVROVYE/img.jpg,сортовой прокат;балки двутавровые;70;1;балка;двутавровая;70ш1,70,Ш1,ГОСТ 19425-89,теор.т
Сортовой прокат,БАЛКИ ДВУТАВРОВЫЕ,70,Балка двутавровая 70Ш2,"Балка двутавровая 70Ш2, сталь Ст3",2,92800,теор.т,1,0,0,https://www.kavstal.ru/public/assets/images/products/SORTOVOI_PROKAT/BALKI_DVUTAVROVYE/img.jpg,сортовой прокат;балки двутавровые;70;2;балка;двутавровая;70ш2,70,Ш2,ГОСТ 19425-89,теор.т
Сортовой прокат,БАЛКИ ДВУТАВРОВЫЕ,70,Балка двутавровая 70Ш3,"Балка двутавровая 70Ш3, сталь Ст3",3,93300,теор.т,1,0,0,https://www.kavstal.ru/public/assets/images/products/SORTOVOI_PROKAT/BALKI_DVUTAVROVYE/img.jpg,сортовой прокат;балки двутавровые;70;3;4;балка;двутавровая;70ш3,70,Ш3 ; Ш4,ГОСТ 19425-89,теор.т
Сортовой прокат,БАЛКИ ДВУТАВРОВЫЕ,70 н/д,Балка двутавровая 70Ш2 н/д,"Балка двутавровая 70Ш2 н/д, сталь Ст3",2,77200,теор.т,1,0,0,https://www.kavstal.ru/public/assets/images/products/SORTOVOI_PROKAT/BALKI_DVUTAVROVYE/img.jpg,сортовой прокат;балки двутавровые;70 н/д;2;балка;двутавровая;70ш2;н/д,70 н/д,Ш2,ГОСТ 19425-89,теор.т
Сортовой прокат,БАЛКИ ДВУТАВРОВЫЕ,10,Балка двутавровая 10,"Балка двутавровая 10, сталь Ст3",,105990,т,1,0,0,https://www.kavstal.ru/public/assets/images/products/SORTOVOI_PROKAT/BALKI_DVUTAVROVYE/img.jpg,сортовой прокат;балки двутавровые;10;балка;двутавровая,10,,ГОСТ 19425-89,т
Сортовой прокат,БАЛКИ ДВУТАВРОВЫЕ,10,Балка двутавровая 10Б1,"Балка двутавровая 10Б1, сталь Ст3",1,109990,т,1,0,0,https://www.kavstal.ru/public/assets/images/products/SORTOVOI_PROKAT/BALKI_DVUTAVROVYE/img.jpg,сортовой прокат;балки двутавровые;10;1;балка;двутавровая;10б1,10,Б1,ГОСТ 19425-89,т
Сортовой прокат,БАЛКИ ДВУТАВРОВЫЕ,12,Балка двутавровая 12,"Балка двутавровая 12, сталь Ст3",,105990,т,1,0,0,https://www.kavstal.ru/public/assets/images/products/SORTOVOI_PROKAT/BALKI_DVUTAVROVYE/img.jpg,сортовой прокат;балки двутавровые;12;балка;двутавровая,12,,ГОСТ 19425-89,т
Сортовой прокат,БАЛКИ ДВУТАВРОВЫЕ,12,Балка двутавровая 12Б1,"Балка двутавровая 12Б1, сталь Ст3",1,101990,т,1,0,0,https://www.kavstal.ru/public/assets/images/products/SORTOVOI_PROKAT/BALKI_DVUTAVROVYE/img.jpg,сортовой прокат;балки двутавровые;12;1;балка;двутавровая;12б1,12,Б1,ГОСТ 19425-89,т
Сортовой прокат,БАЛКИ ДВУТАВРОВЫЕ,12,Балка двутавровая 12Б2,"Балка двутавровая 12Б2, сталь Ст3",2,104990,т,1,0,0,https://www.kavstal.ru/public/assets/images/products/SORTOVOI_PROKAT/BALKI_DVUTAVROVYE/img.jpg,сортовой прокат;балки двутавровые;12;2;балка;двутавровая;12б2,12,Б2,ГОСТ 19425-89,т
Сортовой прокат,БАЛКИ ДВУТАВРОВЫЕ,14,Балка двутавровая 14Б1,"Балка двутавровая 14Б1, сталь Ст3",1,106990,т,1,0,0,https://www.kavstal.ru/public/assets/images/products/SORTOVOI_PROKAT/BALKI_DVUTAVROVYE/img.jpg,сортовой прокат;балки двутавровые;14;1;балка;двутавровая;14б1,14,Б1,ГОСТ 19425-89,т
Сортовой прокат,БАЛКИ ДВУТАВРОВЫЕ,16,Балка двутавровая 16Б1,"Балка двутавровая 16Б1, сталь Ст3",1,109990,т,1,0,0,https://www.kavstal.ru/public/assets/images/products/SORTOVOI_PROKAT/BALKI_DVUTAVROVYE/img.jpg,сортовой прокат;балки двутавровые;16;1;балка;двутавровая;16б1,16,Б1,ГОСТ 19425-89,т
Сортовой прокат,БАЛКИ ДВУТАВРОВЫЕ,16,Балка двутавровая 16Б2,"Балка двутавровая 16Б2, сталь Ст3",2,105990,т,1,0,0,https://www.kavstal.ru/public/assets/images/products/SORTOVOI_PROKAT/BALKI_DVUTAVROVYE/img.jpg,сортовой прокат;балки двутавровые;16;2;балка;двутавровая;16б2,16,Б2,ГОСТ 19425-89,т
Сортовой прокат,БАЛКИ ДВУТАВРОВЫЕ,18,Балка двутавровая 18,"Балка двутавровая 18, сталь Ст3",,107990,теор.т,1,0,0,https://www.kavstal.ru/public/assets/images/products/SORTOVOI_PROKAT/BALKI_DVUTAVROVYE/img.jpg,сортовой прокат;балки двутавровые;18;балка;двутавровая,18,,ГОСТ 19425-89,теор.т
Сортовой прокат,БАЛКИ ДВУТАВРОВЫЕ,18,Балка двутавровая 18Б1,"Балка двутавровая 18Б1, сталь Ст3",1,109990,т,1,0,0,https://www.kavstal.ru/public/assets/images/products/SORTOVOI_PROKAT/BALKI_DVUTAVROVYE/img.jpg,сортовой прокат;балки двутавровые;18;1;балка;двутавровая;18б1,18,Б1,ГОСТ 19425-89,т
Сортовой прокат,БАЛКИ ДВУТАВРОВЫЕ,20,Балка двутавровая 20Б1,"Балка двутавровая 20Б1, сталь Ст3",1,99300,теор.т,1,0,0,https://www.kavstal.ru/public/assets/images/products/SORTOVOI_PROKAT/BALKI_DVUTAVROVYE/img.jpg,сортовой прокат;балки двутавровые;20;1;2;балка;двутавровая;20б1,20,Б1 ; Б2,ГОСТ 19425-89,теор.т
Сортовой прокат,БАЛКИ ДВУТАВРОВЫЕ,20,Балка двутавровая 20К1,"Балка двутавровая 20К1, сталь Ст3",1,89200,теор.т,1,0,0,https://www.kavstal.ru/public/assets/images/products/SORTOVOI_PROKAT/BALKI_DVUTAVROVYE/img.jpg,сортовой прокат;балки двутавровые;20;1;2;3;балка;двутавровая;20к1,20,К1 ; К2; К3,ГОСТ 19425-89,теор.т
Сортовой прокат,БАЛКИ ДВУТАВРОВЫЕ,20,Балка двутавровая 20Ш1,"Балка двутавровая 20Ш1, сталь Ст3",1,89700,теор.т,1,0,0,https://www.kavstal.ru/public/assets/images/products/SORTOVOI_PROKAT/BALKI_DVUTAVROVYE/img.jpg,сортовой прокат;балки двутавровые;20;1;2;балка;двутавровая;20ш1,20,Ш1 ; Ш2,ГОСТ 19425-89,теор.т
Сортовой прокат,БАЛКИ ДВУТАВРОВЫЕ,24,Балка двутавровая 24М,"Балка двутавровая 24М, сталь Ст3",,141990,теор.т,1,0,0,https://www.kavstal.ru/public/assets/images/products/SORTOVOI_PROKAT/BALKI_DVUTAVROVYE/img.jpg,сортовой прокат;балки двутавровые;24;балка;двутавровая;24м,24,М,ГОСТ 19425-89,теор.т
Сортовой прокат,БАЛКИ ДВУТАВРОВЫЕ,25,Балка двутавровая 25Б1,"Балка двутавровая 25Б1, сталь Ст3",1,94000,теор.т,1,0,0,https://www.kavstal.ru/public/assets/images/products/SORTOVOI_PROKAT/BALKI_DVUTAVROVYE/img.jpg,сортовой прокат;балки двутавровые;25;1;2;балка;двутавровая;25б1,25,Б1 ; Б2,ГОСТ 19425-89,теор.т
Сортовой прокат,БАЛКИ ДВУТАВРОВЫЕ,25,Балка двутавровая 25К1,"Балка двутавровая 25К1, сталь Ст3",1,86800,теор.т,1,0,0,https://www.kavstal.ru/public/assets/images/products/SORTOVOI_PROKAT/BALKI_DVUTAVROVYE/img.jpg,сортовой прокат;балки двутавровые;25;1;2;3;балка;двутавровая;25к1,25,К1 ; К2; К3,ГОСТ 19425-89,теор.т
Сортовой прокат,БАЛКИ ДВУТАВРОВЫЕ,25,Балка двутавровая 25Ш1,"Балка двутавровая 25Ш1, сталь Ст3",1,88800,теор.т,1,0,0,https://www.kavstal.ru/public/assets/images/products/SORTOVOI_PROKAT/BALKI_DVUTAVROVYE/img.jpg,сортовой прокат;балки двутавровые;25;1;2;балка;двутавровая;25ш1,25,Ш1 ; Ш2,ГОСТ 19425-89,теор.т
Сортовой прокат,БАЛКИ ДВУТАВРОВЫЕ,30,Балка двутавровая 30Б1,"Балка двутавровая 30Б1, сталь Ст3",1,89200,теор.т,1,0,0,https://www.kavstal.ru/public/assets/images/products/SORTOVOI_PROKAT/BALKI_DVUTAVROVYE/img.jpg,сортовой прокат;балки двутавровые;30;1;2;балка;двутавровая;30б1,30,Б1 ; Б2,ГОСТ 19425-89,теор.т
Сортовой прокат,БАЛКИ ДВУТАВРОВЫЕ,30,Балка двутавровая 30К1,"Балка двутавровая 30К1, сталь Ст3",1,86800,теор.т,1,0,0,https://www.kavstal.ru/public/assets/images/products/SORTOVOI_PROKAT/BALKI_DVUTAVROVYE/img.jpg,сортовой прокат;балки двутавровые;30;1;2;3;4;5;балка;двутавровая;30к1,30,К1 ; К2; К3; К4; К5,ГОСТ 19425-89,теор.т
Сортовой прокат,БАЛКИ ДВУТАВРОВЫЕ,30,Балка двутавровая 30М,"Балка двутавровая 30М, сталь Ст3",,142990,теор.т,1,0,0,https://www.kavstal.ru/public/assets/images/products/SORTOVOI_PROKAT/BALKI_DVUTAVROVYE/img.jpg,сортовой прокат;балки двутавровые;30;балка;двутавровая;30м,30,М,ГОСТ 19425-89,теор.т
Сортовой прокат,БАЛКИ ДВУТАВРОВЫЕ,30,Балка двутавровая 30Ш1,"Балка двутавровая 30Ш1, сталь Ст3",1,86800,теор.т,1,0,0,https://www.kavstal.ru/public/assets/images/products/SORTOVOI_PROKAT/BALKI_DVUTAVROVYE/img.jpg,сортовой прокат;балки двутавровые;30;1;2;балка;двутавровая;30ш1,30,Ш1 ; Ш2,ГОСТ 19425-89,теор.т
Сортовой прокат,БАЛКИ ДВУТАВРОВЫЕ,35,Балка двутавровая 35Б1,"Балка двутавровая 35Б1, сталь Ст3",1,88800,теор.т,1,0,0,https://www.kavstal.ru/public/assets/images/products/SORTOVOI_PROKAT/BALKI_DVUTAVROVYE/img.jpg,сортовой прокат;балки двутавровые;35;1;2;балка;двутавровая;35б1,35,Б1 ; Б2,ГОСТ 19425-89,теор.т
Сортовой прокат,БАЛКИ ДВУТАВРОВЫЕ,35,Балка двутавровая 35К1,"Балка двутавровая 35К1, сталь Ст3",1,86800,теор.т,1,0,0,https://www.kavstal.ru/public/assets/images/products/SORTOVOI_PROKAT/BALKI_DVUTAVROVYE/img.jpg,сортовой прокат;балки двутавровые;35;1;балка;двутавровая;35к1,35,К1,ГОСТ 19425-89,теор.т
Сортовой прокат,БАЛКИ ДВУТАВРОВЫЕ,35,Балка двутавровая 35К2,"Балка двутавровая 35К2, сталь Ст3",2,91700,теор.т,1,0,0,https://www.kavstal.ru/public/assets/images/products/SORTOVOI_PROKAT/BALKI_DVUTAVROVYE/img.jpg,сортовой прокат;балки двутавровые;35;2;3;балка;двутавровая;35к2,35,К2 ; К3,ГОСТ 19425-89,теор.т
Сортовой прокат,БАЛКИ ДВУТАВРОВЫЕ,35,Балка двутавровая 35Ш1,"Балка двутавровая 35Ш1, сталь Ст3",1,86800,теор.т,1,0,0,https://www.kavstal.ru/public/assets/images/products/SORTOVOI_PROKAT/BALKI_DVUTAVROVYE/img.jpg,сортовой прокат;балки двутавровые;35;1;2;3;балка;двутавровая;35ш1,35,Ш1 ; Ш2; Ш3,ГОСТ 19425-89,теор.т
Сортовой прокат,БАЛКИ ДВУТАВРОВЫЕ,36,Балка двутавровая 36М,"Балка двутавровая 36М, сталь Ст3",,141990,теор.т,1,0,0,https://www.kavstal.ru/public/assets/images/products/SORTOVOI_PROKAT/BALKI_DVUTAVROVYE/img.jpg,сортовой прокат;балки двутавровые;36;балка;двутавровая;36м,36,М,ГОСТ 19425-89,теор.т
Сортовой прокат,БАЛКИ ДВУТАВРОВЫЕ,40,Балка двутавровая 40Б1,"Балка двутавровая 40Б1, сталь Ст3",1,86800,теор.т,1,0,0,https://www.kavstal.ru/public/assets/images/products/SORTOVOI_PROKAT/BALKI_DVUTAVROVYE/img.jpg,сортовой прокат;балки двутавровые;40;1;2;балка;двутавровая;40б1,40,Б1 ; Б2,ГОСТ 19425-89,теор.т
Сортовой прокат,БАЛКИ ДВУТАВРОВЫЕ,40,Балка двутавровая 40К1,"Балка двутавровая 40К1, сталь Ст3",1,105400,теор.т,1,0,0,https://www.kavstal.ru/public/assets/images/products/SORTOVOI_PROKAT/BALKI_DVUTAVROVYE/img.jpg,сортовой прокат;балки двутавровые;40;1;балка;двутавровая;40к1,40,К1,ГОСТ 19425-89,теор.т
Сортовой прокат,БАЛКИ ДВУТАВРОВЫЕ,40,Балка двутавровая 40К2,"Балка двутавровая 40К2, сталь Ст3",2,106800,теор.т,1,0,0,https://www.kavstal.ru/public/assets/images/products/SORTOVOI_PROKAT/BALKI_DVUTAVROVYE/img.jpg,сортовой прокат;балки двутавровые;40;2;3;4;5;балка;двутавровая;40к2,40,К2 ; К3; К4; К5,ГОСТ 19425-89,теор.т
Сортовой прокат,БАЛКИ ДВУТАВРОВЫЕ,40,Балка двутавровая 40Ш1,"Балка двутавровая 40Ш1, сталь Ст3",1,85800,теор.т,1,0,0,https://www.kavstal.ru/public/assets/images/products/SORTOVOI_PROKAT/BALKI_DVUTAVROVYE/img.jpg,сортовой прокат;балки двутавровые;40;1;2;3;4;балка;двутавровая;40ш1,40,Ш1 ; Ш2; Ш3; Ш4,ГОСТ 19425-89,теор.т
Сортовой прокат,БАЛКИ ДВУТАВРОВЫЕ,45,Балка двутавровая 45Б1,"Балка двутавровая 45Б1, сталь Ст3",1,85800,теор.т,1,0,0,https://www.kavstal.ru/public/assets/images/products/SORTOVOI_PROKAT/BALKI_DVUTAVROVYE/img.jpg,сортовой прокат;балки двутавровые;45;1;2;балка;двутавровая;45б1,45,Б1 ; Б2,ГОСТ 19425-89,теор.т
Сортовой прокат,БАЛКИ ДВУТАВРОВЫЕ,45,Балка двутавровая 45М,"Балка двутавровая 45М, сталь Ст3",,141990,теор.т,1,0,0,https://www.kavstal.ru/public/assets/images/products/SORTOVOI_PROKAT/BALKI_DVUTAVROVYE/img.jpg,сортовой прокат;балки двутавровые;45;балка;двутавровая;45м,45,М,ГОСТ 19425-89,теор.т
Сортовой прокат,БАЛКИ ДВУТАВРОВЫЕ,45,Балка двутавровая 45Ш1,"Балка двутавровая 45Ш1, сталь Ст3",1,92000,теор.т,1,0,0,https://www.kavstal.ru/public/assets/images/products/SORTOVOI_PROKAT/BALKI_DVUTAVROVYE/img.jpg,сортовой прокат;балки двутавровые;45;1;2;балка;двутавровая;45ш1,45,Ш1 ; Ш2,ГОСТ 19425-89,теор.т
Сортовой прокат,БАЛКИ ДВУТАВРОВЫЕ,50,Балка двутавровая 50Б3,"Балка двутавровая 50Б3, сталь Ст3",3,85800,теор.т,1,0,0,https://www.kavstal.ru/public/assets/images/products/SORTOVOI_PROKAT/BALKI_DVUTAVROVYE/img.jpg,сортовой прокат;балки двутавровые;50;3;1;балка;двутавровая;50б3,50,Б3 ; Ш1,ГОСТ 19425-89,теор.т
Сортовой прокат,БАЛКИ ДВУТАВРОВЫЕ,50,Балка двутавровая 50Ш2,"Балка двутавровая 50Ш2, сталь Ст3",2,90700,теор.т,1,0,0,https://www.kavstal.ru/public/assets/images/products/SORTOVOI_PROKAT/BALKI_DVUTAVROVYE/img.jpg,сортовой прокат;балки двутавровые;50;2;3;4;5;балка;двутавровая;50ш2,50,Ш2 ; Ш3; Ш4; Ш5,ГОСТ 19425-89,теор.т
Сортовой прокат,БАЛКИ ДВУТАВРОВЫЕ,55,Балка двутавровая 55Б1,"Балка двутавровая 55Б1, сталь Ст3",1,85800,теор.т,1,0,0,https://www.kavstal.ru/public/assets/images/products/SORTOVOI_PROKAT/BALKI_DVUTAVROVYE/img.jpg,сортовой прокат;балки двутавровые;55;1;2;балка;двутавровая;55б1,55,Б1 ; Б2,ГОСТ 19425-89,теор.т
Сортовой прокат,БАЛКИ ДВУТАВРОВЫЕ,60,Балка двутавровая 60Б1,"Балка двутавровая 60Б1, сталь Ст3",1,85800,теор.т,1,0,0,https://www.kavstal.ru/public/assets/images/products/SORTOVOI_PROKAT/BALKI_DVUTAVROVYE/img.jpg,сортовой прокат;балки двутавровые;60;1;балка;двутавровая;60б1,60,Б1,ГОСТ 19425-89,теор.т
Сортовой прокат,БАЛКИ ДВУТАВРОВЫЕ,60,Балка двутавровая 60Б2,"Балка двутавровая 60Б2, сталь Ст3",2,90700,теор.т,1,0,0,https://www.kavstal.ru/public/assets/images/products/SORTOVOI_PROKAT/BALKI_DVUTAVROVYE/img.jpg,сортовой прокат;балки двутавровые;60;2;балка;двутавровая;60б2,60,Б2,ГОСТ 19425-89,теор.т
Сортовой прокат,БАЛКИ ДВУТАВРОВЫЕ,60,Балка двутавровая 60Ш1,"Балка двутавровая 60Ш1, сталь Ст3",1,98700,теор.т,1,0,0,https://www.kavstal.ru/public/assets/images/products/SORTOVOI_PROKAT/BALKI_DVUTAVROVYE/img.jpg,сортовой прокат;балки двутавровые;60;1;балка;двутавровая;60ш1,60,Ш1,ГОСТ 19425-89,теор.т
Сортовой прокат,БАЛКИ ДВУТАВРОВЫЕ,60,Балка двутавровая 60Ш2,"Балка двутавровая 60Ш2, сталь Ст3",2,100200,теор.т,1,0,0,https://www.kavstal.ru/public/assets/images/products/SORTOVOI_PROKAT/BALKI_DVUTAVROVYE/img.jpg,сортовой прокат;балки двутавровые;60;2;3;4;балка;двутавровая;60ш2,60,Ш2 ; Ш3; Ш4,ГОСТ 19425-89,теор.т
Сортовой прокат,БАЛКИ ДВУТАВРОВЫЕ,70,Балка двутавровая 70Б1,"Балка двутавровая 70Б1, сталь Ст3",1,88300,теор.т,1,0,0,https://www.kavstal.ru/public/assets/images/products/SORTOVOI_PROKAT/BALKI_DVUTAVROVYE/img.jpg,сортовой прокат;балки двутавровые;70;1;балка;двутавровая;70б1,70,Б1,ГОСТ 19425-89,теор.т
Сортовой прокат,БАЛКИ ДВУТАВРОВЫЕ,70,Балка двутавровая 70Б2,"Балка двутавровая 70Б2, сталь Ст3",2,89000,теор.т,1,0,0,https://www.kavstal.ru/public/assets/images/products/SORTOVOI_PROKAT/BALKI_DVUTAVROVYE/img.jpg,сортовой прокат;балки двутавровые;70;2;балка;двутавровая;70б2,70,Б2,ГОСТ 19425-89,теор.т
Сортовой прокат,БАЛКИ ДВУТАВРОВЫЕ,70,Балка двутавровая 70Ш1,"Балка двутавровая 70Ш1, сталь Ст3",1,97200,теор.т,1,0,0,https://www.kavstal.ru/public/assets/images/products/SORTOVOI_PROKAT/BALKI_DVUTAVROVYE/img.jpg,сортовой прокат;балки двутавровые;70;1;балка;двутавровая;70ш1,70,Ш1,ГОСТ 19425-89,теор.т
Сортовой прокат,БАЛКИ ДВУТАВРОВЫЕ,70,Балка двутавровая 70Ш2,"Балка двутавровая 70Ш2, сталь Ст3",2,98700,теор.т,1,0,0,https://www.kavstal.ru/public/assets/images/products/SORTOVOI_PROKAT/BALKI_DVUTAVROVYE/img.jpg,сортовой прокат;балки двутавровые;70;2;балка;двутавровая;70ш2,70,Ш2,ГОСТ 19425-89,теор.т
Сортовой прокат,БАЛКИ ДВУТАВРОВЫЕ,70,Балка двутавровая 70Ш3,"Балка двутавровая 70Ш3, сталь Ст3",3,99200,теор.т,1,0,0,https://www.kavstal.ru/public/assets/images/products/SORTOVOI_PROKAT/BALKI_DVUTAVROVYE/img.jpg,сортовой прокат;балки двутавровые;70;3;4;5;балка;двутавровая;70ш3,70,Ш3 ; Ш4; Ш5,ГОСТ 19425-89,теор.т
Сортовой прокат,УГОЛОК,63x40,Уголок стальной 63x40x5 мм,"Уголок стальной 63x40x5 мм, сталь Ст3",5,84990,т,1,0,0,https://www.kavstal.ru/public/assets/images/products/SORTOVOI_PROKAT/UGOLOK/img.webp,сортовой прокат;уголок;63x40;5;стальной;63x40x5;мм,63x40,5,ГОСТ 8509-93,т
Сортовой прокат,УГОЛОК,63x40,Уголок стальной 63x40x6 мм,"Уголок стальной 63x40x6 мм, сталь Ст3",6,91490,т,1,0,0,https://www.kavstal.ru/public/assets/images/products/SORTOVOI_PROKAT/UGOLOK/img.webp,сортовой прокат;уголок;63x40;6;стальной;63x40x6;мм,63x40,6,ГОСТ 8509-93,т
Сортовой прокат,УГОЛОК,75x50,Уголок стальной 75x50x5 мм,"Уголок стальной 75x50x5 мм, сталь Ст3",5,68490,т,1,0,0,https://www.kavstal.ru/public/assets/images/products/SORTOVOI_PROKAT/UGOLOK/img.webp,сортовой прокат;уголок;75x50;5;6;стальной;75x50x5;мм,75x50,5 ; 6,ГОСТ 8509-93,т
Сортовой прокат,УГОЛОК,100x63,Уголок стальной 100x63x6 мм,"Уголок стальной 100x63x6 мм, сталь Ст3",6,66490,т,1,0,0,https://www.kavstal.ru/public/assets/images/products/SORTOVOI_PROKAT/UGOLOK/img.webp,сортовой прокат;уголок;100x63;6;стальной;100x63x6;мм,100x63,6,ГОСТ 8509-93,т
Сортовой прокат,УГОЛОК,100x63,Уголок стальной 100x63x8 мм,"Уголок стальной 100x63x8 мм, сталь Ст3",8,64990,т,1,0,0,https://www.kavstal.ru/public/assets/images/products/SORTOVOI_PROKAT/UGOLOK/img.webp,сортовой прокат;уголок;100x63;8;стальной;100x63x8;мм,100x63,8,ГОСТ 8509-93,т
Сортовой прокат,УГОЛОК,125x80,Уголок стальной 125x80x8 мм,"Уголок стальной 125x80x8 мм, сталь Ст3",8,129490,т,1,0,0,https://www.kavstal.ru/public/assets/images/products/SORTOVOI_PROKAT/UGOLOK/img.webp,сортовой прокат;уголок;125x80;8;10;стальной;125x80x8;мм,125x80,8 ; 10,ГОСТ 8509-93,т
Сортовой прокат,УГОЛОК,140x90,Уголок стальной 140x90x8 мм,"Уголок стальной 140x90x8 мм, сталь Ст3",8,133490,т,1,0,0,https://www.kavstal.ru/public/assets/images/products/SORTOVOI_PROKAT/UGOLOK/img.webp,сортовой прокат;уголок;140x90;8;10;стальной;140x90x8;мм,140x90,8 ; 10,ГОСТ 8509-93,т
Сортовой прокат,УГОЛОК,160x100,Уголок стальной 160x100x10 мм,"Уголок стальной 160x100x10 мм, сталь Ст3",10,127490,т,1,0,0,https://www.kavstal.ru/public/assets/images/products/SORTOVOI_PROKAT/UGOLOK/img.webp,сортовой прокат;уголок;160x100;10;стальной;160x100x10;мм,160x100,10,ГОСТ 8509-93,т
Сортовой прокат,УГОЛОК,160x100,Уголок стальной 160x100x12 мм,"Уголок стальной 160x100x12 мм, сталь Ст3",12,128990,т,1,0,0,https://www.kavstal.ru/public/assets/images/products/SORTOVOI_PROKAT/UGOLOK/img.webp,сортовой прокат;уголок;160x100;12;стальной;160x100x12;мм,160x100,12,ГОСТ 8509-93,т
Сортовой прокат,УГОЛОК,160x100,Уголок стальной 160x100x14 мм,"Уголок стальной 160x100x14 мм, сталь Ст3",14,133490,т,1,0,0,https://www.kavstal.ru/public/assets/images/products/SORTOVOI_PROKAT/UGOLOK/img.webp,сортовой прокат;уголок;160x100;14;стальной;160x100x14;мм,160x100,14,ГОСТ 8509-93,т
Сортовой прокат,УГОЛОК,200x125,Уголок стальной 200x125x12 мм,"Уголок стальной 200x125x12 мм, сталь Ст3",12,134990,т,1,0,0,https://www.kavstal.ru/public/assets/images/products/SORTOVOI_PROKAT/UGOLOK/img.webp,сортовой прокат;уголок;200x125;12;стальной;200x125x12;мм,200x125,12,ГОСТ 8509-93,т
Сортовой прокат,УГОЛОК,200x125,Уголок стальной 200x125x14 мм,"Уголок стальной 200x125x14 мм, сталь Ст3",14,129990,т,1,0,0,https://www.kavstal.ru/public/assets/images/products/SORTOVOI_PROKAT/UGOLOK/img.webp,сортовой прокат;уголок;200x125;14;стальной;200x125x14;мм,200x125,14,ГОСТ 8509-93,т
Сортовой прокат,УГОЛОК,200x125,Уголок стальной 200x125x16 мм,"Уголок стальной 200x125x16 мм, сталь Ст3",16,134990,т,1,0,0,https://www.kavstal.ru/public/assets/images/products/SORTOVOI_PROKAT/UGOLOK/img.webp,сортовой прокат;уголок;200x125;16;стальной;200x125x16;мм,200x125,16,ГОСТ 8509-93,т
Сортовой прокат,УГОЛОК,25x25 6м,Уголок стальной 25x25x3 мм,"Уголок стальной 25x25x3 мм, сталь Ст3",3,61790,т,1,0,0,https://www.kavstal.ru/public/assets/images/products/SORTOVOI_PROKAT/UGOLOK/img.webp,сортовой прокат;уголок;25x25 6м;3;стальной;25x25x3;мм,25x25 6м,3,ГОСТ 8509-93,т
Сортовой прокат,УГОЛОК,25x25 6м,Уголок стальной 25x25x3 мм,"Уголок стальной 25x25x3 мм, сталь Ст3",3,61990,т,1,0,0,https://www.kavstal.ru/public/assets/images/products/SORTOVOI_PROKAT/UGOLOK/img.webp,сортовой прокат;уголок;25x25 6м;3;стальной;25x25x3;мм,25x25 6м,3,ГОСТ 8509-93,т
Сортовой прокат,УГОЛОК,25x25 6м,Уголок стальной 25x25x3 мм,"Уголок стальной 25x25x3 мм, сталь Ст3",3,62490,т,1,0,0,https://www.kavstal.ru/public/assets/images/products/SORTOVOI_PROKAT/UGOLOK/img.webp,сортовой прокат;уголок;25x25 6м;3;стальной;25x25x3;мм,25x25 6м,3,ГОСТ 8509-93,т
Сортовой прокат,УГОЛОК,25x25 6м,Уголок стальной 25x25x4 мм,"Уголок стальной 25x25x4 мм, сталь Ст3",4,60790,т,1,0,0,https://www.kavstal.ru/public/assets/images/products/SORTOVOI_PROKAT/UGOLOK/img.webp,сортовой прокат;уголок;25x25 6м;4;стальной;25x25x4;мм,25x25 6м,4,ГОСТ 8509-93,т
Сортовой прокат,УГОЛОК,25x25 6м,Уголок стальной 25x25x4 мм,"Уголок стальной 25x25x4 мм, сталь Ст3",4,60990,т,1,0,0,https://www.kavstal.ru/public/assets/images/products/SORTOVOI_PROKAT/UGOLOK/img.webp,сортовой прокат;уголок;25x25 6м;4;стальной;25x25x4;мм,25x25 6м,4,ГОСТ 8509-93,т
Сортовой прокат,УГОЛОК,25x25 6м,Уголок стальной 25x25x4 мм,"Уголок стальной 25x25x4 мм, сталь Ст3",4,61490,т,1,0,0,https://www.kavstal.ru/public/assets/images/products/SORTOVOI_PROKAT/UGOLOK/img.webp,сортовой прокат;уголок;25x25 6м;4;стальной;25x25x4;мм,25x25 6м,4,ГОСТ 8509-93,т
Сортовой прокат,УГОЛОК,32x32 6м,Уголок стальной 32x32x3 мм,"Уголок стальной 32x32x3 мм, сталь Ст3",3,61290,т,1,0,0,https://www.kavstal.ru/public/assets/images/products/SORTOVOI_PROKAT/UGOLOK/img.webp,сортовой прокат;уголок;32x32 6м;3;стальной;32x32x3;мм,32x32 6м,3,ГОСТ 8509-93,т
Сортовой прокат,УГОЛОК,32x32 6м,Уголок стальной 32x32x3 мм,"Уголок стальной 32x32x3 мм, сталь Ст3",3,61490,т,1,0,0,https://www.kavstal.ru/public/assets/images/products/SORTOVOI_PROKAT/UGOLOK/img.webp,сортовой прокат;уголок;32x32 6м;3;стальной;32x32x3;мм,32x32 6м,3,ГОСТ 8509-93,т
Сортовой прокат,УГОЛОК,32x32 6м,Уголок стальной 32x32x3 мм,"Уголок стальной 32x32x3 мм, сталь Ст3",3,61990,т,1,0,0,https://www.kavstal.ru/public/assets/images/products/SORTOVOI_PROKAT/UGOLOK/img.webp,сортовой прокат;уголок;32x32 6м;3;стальной;32x32x3;мм,32x32 6м,3,ГОСТ 8509-93,т
Сортовой прокат,УГОЛОК,32x32 6м,Уголок стальной 32x32x4 мм,"Уголок стальной 32x32x4 мм, сталь Ст3",4,61290,т,1,0,0,https://www.kavstal.ru/public/assets/images/products/SORTOVOI_PROKAT/UGOLOK/img.webp,сортовой прокат;уголок;32x32 6м;4;стальной;32x32x4;мм,32x32 6м,4,ГОСТ 8509-93,т
Сортовой прокат,УГОЛОК,32x32 6м,Уголок стальной 32x32x4 мм,"Уголок стальной 32x32x4 мм, сталь Ст3",4,61490,т,1,0,0,https://www.kavstal.ru/public/assets/images/products/SORTOVOI_PROKAT/UGOLOK/img.webp,сортовой прокат;уголок;32x32 6м;4;стальной;32x32x4;мм,32x32 6м,4,ГОСТ 8509-93,т
Сортовой прокат,УГОЛОК,32x32 6м,Уголок стальной 32x32x4 мм,"Уголок стальной 32x32x4 мм, сталь Ст3",4,61990,т,1,0,0,https://www.kavstal.ru/public/assets/images/products/SORTOVOI_PROKAT/UGOLOK/img.webp,сортовой прокат;уголок;32x32 6м;4;стальной;32x32x4;мм,32x32 6м,4,ГОСТ 8509-93,т
Сортовой прокат,УГОЛОК,35x35 6м,Уголок стальной 35x35x3 мм,"Уголок стальной 35x35x3 мм, сталь Ст3",3,63290,т,1,0,0,https://www.kavstal.ru/public/assets/images/products/SORTOVOI_PROKAT/UGOLOK/img.webp,сортовой прокат;уголок;35x35 6м;3;стальной;35x35x3;мм,35x35 6м,3,ГОСТ 8509-93,т
Сортовой прокат,УГОЛОК,35x35 6м,Уголок стальной 35x35x3 мм,"Уголок стальной 35x35x3 мм, сталь Ст3",3,63990,т,1,0,0,https://www.kavstal.ru/public/assets/images/products/SORTOVOI_PROKAT/UGOLOK/img.webp,сортовой прокат;уголок;35x35 6м;3;стальной;35x35x3;мм,35x35 6м,3,ГОСТ 8509-93,т
Сортовой прокат,УГОЛОК,35x35 6м,Уголок стальной 35x35x4 мм,"Уголок стальной 35x35x4 мм, сталь Ст3",4,61290,т,1,0,0,https://www.kavstal.ru/public/assets/images/products/SORTOVOI_PROKAT/UGOLOK/img.webp,сортовой прокат;уголок;35x35 6м;4;стальной;35x35x4;мм,35x35 6м,4,ГОСТ 8509-93,т
Сортовой прокат,УГОЛОК,35x35 6м,Уголок стальной 35x35x4 мм,"Уголок стальной 35x35x4 мм, сталь Ст3",4,61490,т,1,0,0,https://www.kavstal.ru/public/assets/images/products/SORTOVOI_PROKAT/UGOLOK/img.webp,сортовой прокат;уголок;35x35 6м;4;стальной;35x35x4;мм,35x35 6м,4,ГОСТ 8509-93,т
Сортовой прокат,УГОЛОК,35x35 6м,Уголок стальной 35x35x4 мм,"Уголок стальной 35x35x4 мм, сталь Ст3",4,61990,т,1,0,0,https://www.kavstal.ru/public/assets/images/products/SORTOVOI_PROKAT/UGOLOK/img.webp,сортовой прокат;уголок;35x35 6м;4;стальной;35x35x4;мм,35x35 6м,4,ГОСТ 8509-93,т
Сортовой прокат,УГОЛОК,40x40,Уголок стальной 40x40x3 мм,"Уголок стальной 40x40x3 мм, сталь Ст3",3,53790,т,1,0,0,https://www.kavstal.ru/public/assets/images/products/SORTOVOI_PROKAT/UGOLOK/img.webp,сортовой прокат;уголок;40x40;3;стальной;40x40x3;мм,40x40,3,ГОСТ 8509-93,т
Сортовой прокат,УГОЛОК,40x40,Уголок стальной 40x40x3 мм,"Уголок стальной 40x40x3 мм, сталь Ст3",3,53990,т,1,0,0,https://www.kavstal.ru/public/assets/images/products/SORTOVOI_PROKAT/UGOLOK/img.webp,сортовой прокат;уголок;40x40;3;стальной;40x40x3;мм,40x40,3,ГОСТ 8509-93,т
Сортовой прокат,УГОЛОК,40x40,Уголок стальной 40x40x3 мм,"Уголок стальной 40x40x3 мм, сталь Ст3",3,54490,т,1,0,0,https://www.kavstal.ru/public/assets/images/products/SORTOVOI_PROKAT/UGOLOK/img.webp,сортовой прокат;уголок;40x40;3;стальной;40x40x3;мм,40x40,3,ГОСТ 8509-93,т
Сортовой прокат,УГОЛОК,40x40,Уголок стальной 40x40x4 мм,"Уголок стальной 40x40x4 мм, сталь Ст3",4,50790,т,1,0,0,https://www.kavstal.ru/public/assets/images/products/SORTOVOI_PROKAT/UGOLOK/img.webp,сортовой прокат;уголок;40x40;4;стальной;40x40x4;мм,40x40,4,ГОСТ 8509-93,т
Сортовой прокат,УГОЛОК,40x40,Уголок стальной 40x40x4 мм,"Уголок стальной 40x40x4 мм, сталь Ст3",4,50990,т,1,0,0,https://www.kavstal.ru/public/assets/images/products/SORTOVOI_PROKAT/UGOLOK/img.webp,сортовой прокат;уголок;40x40;4;стальной;40x40x4;мм,40x40,4,ГОСТ 8509-93,т
Сортовой прокат,УГОЛОК,40x40,Уголок стальной 40x40x4 мм,"Уголок стальной 40x40x4 мм, сталь Ст3",4,51490,т,1,0,0,https://www.kavstal.ru/public/assets/images/products/SORTOVOI_PROKAT/UGOLOK/img.webp,сортовой прокат;уголок;40x40;4;стальной;40x40x4;мм,40x40,4,ГОСТ 8509-93,т
Сортовой прокат,УГОЛОК,40x40 6м,Уголок стальной 40x40x3 мм,"Уголок стальной 40x40x3 мм, сталь Ст3",3,53790,т,1,0,0,https://www.kavstal.ru/public/assets/images/products/SORTOVOI_PROKAT/UGOLOK/img.webp,сортовой прокат;уголок;40x40 6м;3;стальной;40x40x3;мм,40x40 6м,3,ГОСТ 8509-93,т
Сортовой прокат,УГОЛОК,40x40 6м,Уголок стальной 40x40x3 мм,"Уголок стальной 40x40x3 мм, сталь Ст3",3,53990,т,1,0,0,https://www.kavstal.ru/public/assets/images/products/SORTOVOI_PROKAT/UGOLOK/img.webp,сортовой прокат;уголок;40x40 6м;3;стальной;40x40x3;мм,40x40 6м,3,ГОСТ 8509-93,т
Сортовой прокат,УГОЛОК,40x40 6м,Уголок стальной 40x40x3 мм,"Уголок стальной 40x40x3 мм, сталь Ст3",3,54490,т,1,0,0,https://www.kavstal.ru/public/assets/images/products/SORTOVOI_PROKAT/UGOLOK/img.webp,сортовой прокат;уголок;40x40 6м;3;стальной;40x40x3;мм,40x40 6м,3,ГОСТ 8509-93,т
Сортовой прокат,УГОЛОК,40x40 6м,Уголок стальной 40x40x4 мм,"Уголок стальной 40x40x4 мм, сталь Ст3",4,50790,т,1,0,0,https://www.kavstal.ru/public/assets/images/products/SORTOVOI_PROKAT/UGOLOK/img.webp,сортовой прокат;уголок;40x40 6м;4;стальной;40x40x4;мм,40x40 6м,4,ГОСТ 8509-93,т
Сортовой прокат,УГОЛОК,40x40 6м,Уголок стальной 40x40x4 мм,"Уголок стальной 40x40x4 мм, сталь Ст3",4,50990,т,1,0,0,https://www.kavstal.ru/public/assets/images/products/SORTOVOI_PROKAT/UGOLOK/img.webp,сортовой прокат;уголок;40x40 6м;4;стальной;40x40x4;мм,40x40 6м,4,ГОСТ 8509-93,т
Сортовой прокат,УГОЛОК,40x40 6м,Уголок стальной 40x40x4 мм,"Уголок стальной 40x40x4 мм, сталь Ст3",4,51490,т,1,0,0,https://www.kavstal.ru/public/assets/images/products/SORTOVOI_PROKAT/UGOLOK/img.webp,сортовой прокат;уголок;40x40 6м;4;стальной;40x40x4;мм,40x40 6м,4,ГОСТ 8509-93,т
Сортовой прокат,УГОЛОК,40x40 6м,Уголок стальной 40x40x5 мм,"Уголок стальной 40x40x5 мм, сталь Ст3",5,56990,т,1,0,0,https://www.kavstal.ru/public/assets/images/products/SORTOVOI_PROKAT/UGOLOK/img.webp,сортовой прокат;уголок;40x40 6м;5;стальной;40x40x5;мм,40x40 6м,5,ГОСТ 8509-93,т
Сортовой прокат,УГОЛОК,45x45,Уголок стальной 45x45x4 мм,"Уголок стальной 45x45x4 мм, сталь Ст3",4,51290,т,1,0,0,https://www.kavstal.ru/public/assets/images/products/SORTOVOI_PROKAT/UGOLOK/img.webp,сортовой прокат;уголок;45x45;4;стальной;45x45x4;мм,45x45,4,ГОСТ 8509-93,т
Сортовой прокат,УГОЛОК,45x45,Уголок стальной 45x45x4 мм,"Уголок стальной 45x45x4 мм, сталь Ст3",4,51490,т,1,0,0,https://www.kavstal.ru/public/assets/images/products/SORTOVOI_PROKAT/UGOLOK/img.webp,сортовой прокат;уголок;45x45;4;стальной;45x45x4;мм,45x45,4,ГОСТ 8509-93,т
Сортовой прокат,УГОЛОК,45x45,Уголок стальной 45x45x4 мм,"Уголок стальной 45x45x4 мм, сталь Ст3",4,51990,т,1,0,0,https://www.kavstal.ru/public/assets/images/products/SORTOVOI_PROKAT/UGOLOK/img.webp,сортовой прокат;уголок;45x45;4;стальной;45x45x4;мм,45x45,4,ГОСТ 8509-93,т
Сортовой прокат,УГОЛОК,45x45,Уголок стальной 45x45x5 мм,"Уголок стальной 45x45x5 мм, сталь Ст3",5,50790,т,1,0,0,https://www.kavstal.ru/public/assets/images/products/SORTOVOI_PROKAT/UGOLOK/img.webp,сортовой прокат;уголок;45x45;5;стальной;45x45x5;мм,45x45,5,ГОСТ 8509-93,т
Сортовой прокат,УГОЛОК,45x45,Уголок стальной 45x45x5 мм,"Уголок стальной 45x45x5 мм, сталь Ст3",5,51490,т,1,0,0,https://www.kavstal.ru/public/assets/images/products/SORTOVOI_PROKAT/UGOLOK/img.webp,сортовой прокат;уголок;45x45;5;стальной;45x45x5;мм,45x45,5,ГОСТ 8509-93,т
Сортовой прокат,УГОЛОК,45x45 6м,Уголок стальной 45x45x4 мм,"Уголок стальной 45x45x4 мм, сталь Ст3",4,52290,т,1,0,0,https://www.kavstal.ru/public/assets/images/products/SORTOVOI_PROKAT/UGOLOK/img.webp,сортовой прокат;уголок;45x45 6м;4;стальной;45x45x4;мм,45x45 6м,4,ГОСТ 8509-93,т
Сортовой прокат,УГОЛОК,45x45 6м,Уголок стальной 45x45x4 мм,"Уголок стальной 45x45x4 мм, сталь Ст3",4,52490,т,1,0,0,https://www.kavstal.ru/public/assets/images/products/SORTOVOI_PROKAT/UGOLOK/img.webp,сортовой прокат;уголок;45x45 6м;4;стальной;45x45x4;мм,45x45 6м,4,ГОСТ 8509-93,т
Сортовой прокат,УГОЛОК,45x45 6м,Уголок стальной 45x45x4 мм,"Уголок стальной 45x45x4 мм, сталь Ст3",4,52990,т,1,0,0,https://www.kavstal.ru/public/assets/images/products/SORTOVOI_PROKAT/UGOLOK/img.webp,сортовой прокат;уголок;45x45 6м;4;5;стальной;45x45x4;мм,45x45 6м,4 ; 5,ГОСТ 8509-93,т
Сортовой прокат,УГОЛОК,50x50,Уголок стальной 50x50x4 мм,"Уголок стальной 50x50x4 мм, сталь Ст3",4,48790,т,1,0,0,https://www.kavstal.ru/public/assets/images/products/SORTOVOI_PROKAT/UGOLOK/img.webp,сортовой прокат;уголок;50x50;4;стальной;50x50x4;мм,50x50,4,ГОСТ 8509-93,т
Сортовой прокат,УГОЛОК,50x50,Уголок стальной 50x50x4 мм,"Уголок стальной 50x50x4 мм, сталь Ст3",4,49490,т,1,0,0,https://www.kavstal.ru/public/assets/images/products/SORTOVOI_PROKAT/UGOLOK/img.webp,сортовой прокат;уголок;50x50;4;стальной;50x50x4;мм,50x50,4,ГОСТ 8509-93,т
Сортовой прокат,УГОЛОК,50x50,Уголок стальной 50x50x5 мм,"Уголок стальной 50x50x5 мм, сталь Ст3",5,48790,т,1,0,0,https://www.kavstal.ru/public/assets/images/products/SORTOVOI_PROKAT/UGOLOK/img.webp,сортовой прокат;уголок;50x50;5;стальной;50x50x5;мм,50x50,5,ГОСТ 8509-93,т
Сортовой прокат,УГОЛОК,50x50,Уголок стальной 50x50x5 мм,"Уголок стальной 50x50x5 мм, сталь Ст3",5,48990,т,1,0,0,https://www.kavstal.ru/public/assets/images/products/SORTOVOI_PROKAT/UGOLOK/img.webp,сортовой прокат;уголок;50x50;5;стальной;50x50x5;мм,50x50,5,ГОСТ 8509-93,т
Сортовой прокат,УГОЛОК,50x50,Уголок стальной 50x50x5 мм,"Уголок стальной 50x50x5 мм, сталь Ст3",5,49490,т,1,0,0,https://www.kavstal.ru/public/assets/images/products/SORTOVOI_PROKAT/UGOLOK/img.webp,сортовой прокат;уголок;50x50;5;стальной;50x50x5;мм,50x50,5,ГОСТ 8509-93,т
Сортовой прокат,УГОЛОК,50x50 К,Уголок стальной 50x50x4 мм,"Уголок стальной 50x50x4 мм, сталь Ст3",4,42000,т,1,0,0,https://www.kavstal.ru/public/assets/images/products/SORTOVOI_PROKAT/UGOLOK/img.webp,сортовой прокат;уголок;50x50 к;4;стальной;50x50x4;мм,50x50 К,4,ГОСТ 8509-93,т
Сортовой прокат,УГОЛОК,50x50 К,Уголок стальной 50x50x4 мм,"Уголок стальной 50x50x4 мм, сталь Ст3",4,45000,т,1,0,0,https://www.kavstal.ru/public/assets/images/products/SORTOVOI_PROKAT/UGOLOK/img.webp,сортовой прокат;уголок;50x50 к;4;стальной;50x50x4;мм,50x50 К,4,ГОСТ 8509-93,т
Сортовой прокат,УГОЛОК,50x50 К,Уголок стальной 50x50x4 мм,"Уголок стальной 50x50x4 мм, сталь Ст3",4,46000,т,1,0,0,https://www.kavstal.ru/public/assets/images/products/SORTOVOI_PROKAT/UGOLOK/img.webp,сортовой прокат;уголок;50x50 к;4;стальной;50x50x4;мм,50x50 К,4,ГОСТ 8509-93,т
Сортовой прокат,УГОЛОК,50x50 К,Уголок стальной 50x50x5 мм,"Уголок стальной 50x50x5 мм, сталь Ст3",5,42000,т,1,0,0,https://www.kavstal.ru/public/assets/images/products/SORTOVOI_PROKAT/UGOLOK/img.webp,сортовой прокат;уголок;50x50 к;5;стальной;50x50x5;мм,50x50 К,5,ГОСТ 8509-93,т
Сортовой прокат,УГОЛОК,50x50 К,Уголок стальной 50x50x5 мм,"Уголок стальной 50x50x5 мм, сталь Ст3",5,44000,т,1,0,0,https://www.kavstal.ru/public/assets/images/products/SORTOVOI_PROKAT/UGOLOK/img.webp,сортовой прокат;уголок;50x50 к;5;стальной;50x50x5;мм,50x50 К,5,ГОСТ 8509-93,т
Сортовой прокат,УГОЛОК,50x50 К,Уголок стальной 50x50x5 мм,"Уголок стальной 50x50x5 мм, сталь Ст3",5,45000,т,1,0,0,https://www.kavstal.ru/public/assets/images/products/SORTOVOI_PROKAT/UGOLOK/img.webp,сортовой прокат;уголок;50x50 к;5;стальной;50x50x5;мм,50x50 К,5,ГОСТ 8509-93,т
Сортовой прокат,УГОЛОК,50x50 6м,Уголок стальной 50x50x4 мм,"Уголок стальной 50x50x4 мм, сталь Ст3",4,48790,т,1,0,0,https://www.kavstal.ru/public/assets/images/products/SORTOVOI_PROKAT/UGOLOK/img.webp,сортовой прокат;уголок;50x50 6м;4;стальной;50x50x4;мм,50x50 6м,4,ГОСТ 8509-93,т
Сортовой прокат,УГОЛОК,50x50 6м,Уголок стальной 50x50x4 мм,"Уголок стальной 50x50x4 мм, сталь Ст3",4,48990,т,1,0,0,https://www.kavstal.ru/public/assets/images/products/SORTOVOI_PROKAT/UGOLOK/img.webp,сортовой прокат;уголок;50x50 6м;4;стальной;50x50x4;мм,50x50 6м,4,ГОСТ 8509-93,т
Сортовой прокат,УГОЛОК,50x50 6м,Уголок стальной 50x50x4 мм,"Уголок стальной 50x50x4 мм, сталь Ст3",4,49490,т,1,0,0,https://www.kavstal.ru/public/assets/images/products/SORTOVOI_PROKAT/UGOLOK/img.webp,сортовой прокат;уголок;50x50 6м;4;стальной;50x50x4;мм,50x50 6м,4,ГОСТ 8509-93,т
Сортовой прокат,УГОЛОК,50x50 6м,Уголок стальной 50x50x5 мм,"Уголок стальной 50x50x5 мм, сталь Ст3",5,49290,т,1,0,0,https://www.kavstal.ru/public/assets/images/products/SORTOVOI_PROKAT/UGOLOK/img.webp,сортовой прокат;уголок;50x50 6м;5;стальной;50x50x5;мм,50x50 6м,5,ГОСТ 8509-93,т
Сортовой прокат,УГОЛОК,50x50 6м,Уголок стальной 50x50x5 мм,"Уголок стальной 50x50x5 мм, сталь Ст3",5,49490,т,1,0,0,https://www.kavstal.ru/public/assets/images/products/SORTOVOI_PROKAT/UGOLOK/img.webp,сортовой прокат;уголок;50x50 6м;5;стальной;50x50x5;мм,50x50 6м,5,ГОСТ 8509-93,т
Сортовой прокат,УГОЛОК,50x50 6м,Уголок стальной 50x50x5 мм,"Уголок стальной 50x50x5 мм, сталь Ст3",5,49990,т,1,0,0,https://www.kavstal.ru/public/assets/images/products/SORTOVOI_PROKAT/UGOLOK/img.webp,сортовой прокат;уголок;50x50 6м;5;стальной;50x50x5;мм,50x50 6м,5,ГОСТ 8509-93,т
Сортовой прокат,УГОЛОК,50x50 6м оцинк,Уголок стальной 50x50x4 мм,"Уголок стальной 50x50x4 мм, сталь Ст3",4,107990,т,1,0,0,https://www.kavstal.ru/public/assets/images/products/SORTOVOI_PROKAT/UGOLOK/img.webp,сортовой прокат;уголок;50x50 6м оцинк;4;стальной;50x50x4;мм,50x50 6м оцинк,4,ГОСТ 8509-93,т
Сортовой прокат,УГОЛОК,50x50 6м оцинк,Уголок стальной 50x50x5 мм,"Уголок стальной 50x50x5 мм, сталь Ст3",5,99990,т,1,0,0,https://www.kavstal.ru/public/assets/images/products/SORTOVOI_PROKAT/UGOLOK/img.webp,сортовой прокат;уголок;50x50 6м оцинк;5;стальной;50x50x5;мм,50x50 6м оцинк,5,ГОСТ 8509-93,т
Сортовой прокат,УГОЛОК,63x63,Уголок стальной 63x63x4 мм,"Уголок стальной 63x63x4 мм, сталь Ст3",4,50790,т,1,0,0,https://www.kavstal.ru/public/assets/images/products/SORTOVOI_PROKAT/UGOLOK/img.webp,сортовой прокат;уголок;63x63;4;стальной;63x63x4;мм,63x63,4,ГОСТ 8509-93,т
Сортовой прокат,УГОЛОК,63x63,Уголок стальной 63x63x4 мм,"Уголок стальной 63x63x4 мм, сталь Ст3",4,50990,т,1,0,0,https://www.kavstal.ru/public/assets/images/products/SORTOVOI_PROKAT/UGOLOK/img.webp,сортовой прокат;уголок;63x63;4;стальной;63x63x4;мм,63x63,4,ГОСТ 8509-93,т
Сортовой прокат,УГОЛОК,63x63,Уголок стальной 63x63x4 мм,"Уголок стальной 63x63x4 мм, сталь Ст3",4,51490,т,1,0,0,https://www.kavstal.ru/public/assets/images/products/SORTOVOI_PROKAT/UGOLOK/img.webp,сортовой прокат;уголок;63x63;4;стальной;63x63x4;мм,63x63,4,ГОСТ 8509-93,т
Сортовой прокат,УГОЛОК,63x63,Уголок стальной 63x63x5 мм,"Уголок стальной 63x63x5 мм, сталь Ст3",5,48290,т,1,0,0,https://www.kavstal.ru/public/assets/images/products/SORTOVOI_PROKAT/UGOLOK/img.webp,сортовой прокат;уголок;63x63;5;стальной;63x63x5;мм,63x63,5,ГОСТ 8509-93,т
Сортовой прокат,УГОЛОК,63x63,Уголок стальной 63x63x5 мм,"Уголок стальной 63x63x5 мм, сталь Ст3",5,48490,т,1,0,0,https://www.kavstal.ru/public/assets/images/products/SORTOVOI_PROKAT/UGOLOK/img.webp,сортовой прокат;уголок;63x63;5;стальной;63x63x5;мм,63x63,5,ГОСТ 8509-93,т
Сортовой прокат,УГОЛОК,63x63,Уголок стальной 63x63x5 мм,"Уголок стальной 63x63x5 мм, сталь Ст3",5,48990,т,1,0,0,https://www.kavstal.ru/public/assets/images/products/SORTOVOI_PROKAT/UGOLOK/img.webp,сортовой прокат;уголок;63x63;5;стальной;63x63x5;мм,63x63,5,ГОСТ 8509-93,т
Сортовой прокат,УГОЛОК,63x63,Уголок стальной 63x63x6 мм,"Уголок стальной 63x63x6 мм, сталь Ст3",6,49290,т,1,0,0,https://www.kavstal.ru/public/assets/images/products/SORTOVOI_PROKAT/UGOLOK/img.webp,сортовой прокат;уголок;63x63;6;стальной;63x63x6;мм,63x63,6,ГОСТ 8509-93,т
Сортовой прокат,УГОЛОК,63x63,Уголок стальной 63x63x6 мм,"Уголок стальной 63x63x6 мм, сталь Ст3",6,49490,т,1,0,0,https://www.kavstal.ru/public/assets/images/products/SORTOVOI_PROKAT/UGOLOK/img.webp,сортовой прокат;уголок;63x63;6;стальной;63x63x6;мм,63x63,6,ГОСТ 8509-93,т
Сортовой прокат,УГОЛОК,63x63,Уголок стальной 63x63x6 мм,"Уголок стальной 63x63x6 мм, сталь Ст3",6,49990,т,1,0,0,https://www.kavstal.ru/public/assets/images/products/SORTOVOI_PROKAT/UGOLOK/img.webp,сортовой прокат;уголок;63x63;6;стальной;63x63x6;мм,63x63,6,ГОСТ 8509-93,т
Сортовой прокат,УГОЛОК,63x63 6м,Уголок стальной 63x63x4 мм,"Уголок стальной 63x63x4 мм, сталь Ст3",4,50990,т,1,0,0,https://www.kavstal.ru/public/assets/images/products/SORTOVOI_PROKAT/UGOLOK/img.webp,сортовой прокат;уголок;63x63 6м;4;стальной;63x63x4;мм,63x63 6м,4,ГОСТ 8509-93,т
Сортовой прокат,УГОЛОК,63x63 6м,Уголок стальной 63x63x4 мм,"Уголок стальной 63x63x4 мм, сталь Ст3",4,51490,т,1,0,0,https://www.kavstal.ru/public/assets/images/products/SORTOVOI_PROKAT/UGOLOK/img.webp,сортовой прокат;уголок;63x63 6м;4;стальной;63x63x4;мм,63x63 6м,4,ГОСТ 8509-93,т
Сортовой прокат,УГОЛОК,63x63 6м,Уголок стальной 63x63x5 мм,"Уголок стальной 63x63x5 мм, сталь Ст3",5,47790,т,1,0,0,https://www.kavstal.ru/public/assets/images/products/SORTOVOI_PROKAT/UGOLOK/img.webp,сортовой прокат;уголок;63x63 6м;5;стальной;63x63x5;мм,63x63 6м,5,ГОСТ 8509-93,т
Сортовой прокат,УГОЛОК,63x63 6м,Уголок стальной 63x63x5 мм,"Уголок стальной 63x63x5 мм, сталь Ст3",5,47990,т,1,0,0,https://www.kavstal.ru/public/assets/images/products/SORTOVOI_PROKAT/UGOLOK/img.webp,сортовой прокат;уголок;63x63 6м;5;стальной;63x63x5;мм,63x63 6м,5,ГОСТ 8509-93,т
Сортовой прокат,УГОЛОК,63x63 6м,Уголок стальной 63x63x5 мм,"Уголок стальной 63x63x5 мм, сталь Ст3",5,48490,т,1,0,0,https://www.kavstal.ru/public/assets/images/products/SORTOVOI_PROKAT/UGOLOK/img.webp,сортовой прокат;уголок;63x63 6м;5;стальной;63x63x5;мм,63x63 6м,5,ГОСТ 8509-93,т
Сортовой прокат,УГОЛОК,63x63 6м,Уголок стальной 63x63x6 мм,"Уголок стальной 63x63x6 мм, сталь Ст3",6,49290,т,1,0,0,https://www.kavstal.ru/public/assets/images/products/SORTOVOI_PROKAT/UGOLOK/img.webp,сортовой прокат;уголок;63x63 6м;6;стальной;63x63x6;мм,63x63 6м,6,ГОСТ 8509-93,т
Сортовой прокат,УГОЛОК,63x63 6м,Уголок стальной 63x63x6 мм,"Уголок стальной 63x63x6 мм, сталь Ст3",6,49990,т,1,0,0,https://www.kavstal.ru/public/assets/images/products/SORTOVOI_PROKAT/UGOLOK/img.webp,сортовой прокат;уголок;63x63 6м;6;стальной;63x63x6;мм,63x63 6м,6,ГОСТ 8509-93,т
Сортовой прокат,УГОЛОК,70x70,Уголок стальной 70x70x5 мм,"Уголок стальной 70x70x5 мм, сталь Ст3",5,55290,т,1,0,0,https://www.kavstal.ru/public/assets/images/products/SORTOVOI_PROKAT/UGOLOK/img.webp,сортовой прокат;уголок;70x70;5;стальной;70x70x5;мм,70x70,5,ГОСТ 8509-93,т
Сортовой прокат,УГОЛОК,70x70,Уголок стальной 70x70x5 мм,"Уголок стальной 70x70x5 мм, сталь Ст3",5,55490,т,1,0,0,https://www.kavstal.ru/public/assets/images/products/SORTOVOI_PROKAT/UGOLOK/img.webp,сортовой прокат;уголок;70x70;5;стальной;70x70x5;мм,70x70,5,ГОСТ 8509-93,т
Сортовой прокат,УГОЛОК,70x70,Уголок стальной 70x70x5 мм,"Уголок стальной 70x70x5 мм, сталь Ст3",5,55990,т,1,0,0,https://www.kavstal.ru/public/assets/images/products/SORTOVOI_PROKAT/UGOLOK/img.webp,сортовой прокат;уголок;70x70;5;стальной;70x70x5;мм,70x70,5,ГОСТ 8509-93,т
Сортовой прокат,УГОЛОК,70x70,Уголок стальной 70x70x6 мм,"Уголок стальной 70x70x6 мм, сталь Ст3",6,53290,т,1,0,0,https://www.kavstal.ru/public/assets/images/products/SORTOVOI_PROKAT/UGOLOK/img.webp,сортовой прокат;уголок;70x70;6;стальной;70x70x6;мм,70x70,6,ГОСТ 8509-93,т
Сортовой прокат,УГОЛОК,70x70,Уголок стальной 70x70x6 мм,"Уголок стальной 70x70x6 мм, сталь Ст3",6,53490,т,1,0,0,https://www.kavstal.ru/public/assets/images/products/SORTOVOI_PROKAT/UGOLOK/img.webp,сортовой прокат;уголок;70x70;6;стальной;70x70x6;мм,70x70,6,ГОСТ 8509-93,т
Сортовой прокат,УГОЛОК,70x70,Уголок стальной 70x70x6 мм,"Уголок стальной 70x70x6 мм, сталь Ст3",6,53990,т,1,0,0,https://www.kavstal.ru/public/assets/images/products/SORTOVOI_PROKAT/UGOLOK/img.webp,сортовой прокат;уголок;70x70;6;стальной;70x70x6;мм,70x70,6,ГОСТ 8509-93,т
Сортовой прокат,УГОЛОК,70x70,Уголок стальной 70x70x7 мм,"Уголок стальной 70x70x7 мм, сталь Ст3",7,54990,т,1,0,0,https://www.kavstal.ru/public/assets/images/products/SORTOVOI_PROKAT/UGOLOK/img.webp,сортовой прокат;уголок;70x70;7;стальной;70x70x7;мм,70x70,7,ГОСТ 8509-93,т
Сортовой прокат,УГОЛОК,70x70 6м,Уголок стальной 70x70x5 мм,"Уголок стальной 70x70x5 мм, сталь Ст3",5,52790,т,1,0,0,https://www.kavstal.ru/public/assets/images/products/SORTOVOI_PROKAT/UGOLOK/img.webp,сортовой прокат;уголок;70x70 6м;5;стальной;70x70x5;мм,70x70 6м,5,ГОСТ 8509-93,т
Сортовой прокат,УГОЛОК,70x70 6м,Уголок стальной 70x70x5 мм,"Уголок стальной 70x70x5 мм, сталь Ст3",5,52990,т,1,0,0,https://www.kavstal.ru/public/assets/images/products/SORTOVOI_PROKAT/UGOLOK/img.webp,сортовой прокат;уголок;70x70 6м;5;стальной;70x70x5;мм,70x70 6м,5,ГОСТ 8509-93,т
Сортовой прокат,УГОЛОК,70x70 6м,Уголок стальной 70x70x5 мм,"Уголок стальной 70x70x5 мм, сталь Ст3",5,53490,т,1,0,0,https://www.kavstal.ru/public/assets/images/products/SORTOVOI_PROKAT/UGOLOK/img.webp,сортовой прокат;уголок;70x70 6м;5;стальной;70x70x5;мм,70x70 6м,5,ГОСТ 8509-93,т
Сортовой прокат,УГОЛОК,70x70 6м,Уголок стальной 70x70x6 мм,"Уголок стальной 70x70x6 мм, сталь Ст3",6,52990,т,1,0,0,https://www.kavstal.ru/public/assets/images/products/SORTOVOI_PROKAT/UGOLOK/img.webp,сортовой прокат;уголок;70x70 6м;6;стальной;70x70x6;мм,70x70 6м,6,ГОСТ 8509-93,т
Сортовой прокат,УГОЛОК,70x70 н/д,Уголок стальной 70x70x6 мм,"Уголок стальной 70x70x6 мм, сталь Ст3",6,48990,т,1,0,0,https://www.kavstal.ru/public/assets/images/products/SORTOVOI_PROKAT/UGOLOK/img.webp,сортовой прокат;уголок;70x70 н/д;6;стальной;70x70x6;мм,70x70 н/д,6,ГОСТ 8509-93,т
Сортовой прокат,УГОЛОК,75x75,Уголок стальной 75x75x5 мм,"Уголок стальной 75x75x5 мм, сталь Ст3",5,51290,т,1,0,0,https://www.kavstal.ru/public/assets/images/products/SORTOVOI_PROKAT/UGOLOK/img.webp,сортовой прокат;уголок;75x75;5;стальной;75x75x5;мм,75x75,5,ГОСТ 8509-93,т
Сортовой прокат,УГОЛОК,75x75,Уголок стальной 75x75x5 мм,"Уголок стальной 75x75x5 мм, сталь Ст3",5,51990,т,1,0,0,https://www.kavstal.ru/public/assets/images/products/SORTOVOI_PROKAT/UGOLOK/img.webp,сортовой прокат;уголок;75x75;5;стальной;75x75x5;мм,75x75,5,ГОСТ 8509-93,т
Сортовой прокат,УГОЛОК,75x75,Уголок стальной 75x75x6 мм,"Уголок стальной 75x75x6 мм, сталь Ст3",6,52790,т,1,0,0,https://www.kavstal.ru/public/assets/images/products/SORTOVOI_PROKAT/UGOLOK/img.webp,сортовой прокат;уголок;75x75;6;стальной;75x75x6;мм,75x75,6,ГОСТ 8509-93,т
Сортовой прокат,УГОЛОК,75x75,Уголок стальной 75x75x6 мм,"Уголок стальной 75x75x6 мм, сталь Ст3",6,52990,т,1,0,0,https://www.kavstal.ru/public/assets/images/products/SORTOVOI_PROKAT/UGOLOK/img.webp,сортовой прокат;уголок;75x75;6;стальной;75x75x6;мм,75x75,6,ГОСТ 8509-93,т
Сортовой прокат,УГОЛОК,75x75,Уголок стальной 75x75x6 мм,"Уголок стальной 75x75x6 мм, сталь Ст3",6,53490,т,1,0,0,https://www.kavstal.ru/public/assets/images/products/SORTOVOI_PROKAT/UGOLOK/img.webp,сортовой прокат;уголок;75x75;6;стальной;75x75x6;мм,75x75,6,ГОСТ 8509-93,т
Сортовой прокат,УГОЛОК,75x75,Уголок стальной 75x75x7 мм,"Уголок стальной 75x75x7 мм, сталь Ст3",7,51990,т,1,0,0,https://www.kavstal.ru/public/assets/images/products/SORTOVOI_PROKAT/UGOLOK/img.webp,сортовой прокат;уголок;75x75;7;стальной;75x75x7;мм,75x75,7,ГОСТ 8509-93,т
Сортовой прокат,УГОЛОК,75x75,Уголок стальной 75x75x8 мм,"Уголок стальной 75x75x8 мм, сталь Ст3",8,50790,т,1,0,0,https://www.kavstal.ru/public/assets/images/products/SORTOVOI_PROKAT/UGOLOK/img.webp,сортовой прокат;уголок;75x75;8;стальной;75x75x8;мм,75x75,8,ГОСТ 8509-93,т
Сортовой прокат,УГОЛОК,75x75,Уголок стальной 75x75x8 мм,"Уголок стальной 75x75x8 мм, сталь Ст3",8,50990,т,1,0,0,https://www.kavstal.ru/public/assets/images/products/SORTOVOI_PROKAT/UGOLOK/img.webp,сортовой прокат;уголок;75x75;8;стальной;75x75x8;мм,75x75,8,ГОСТ 8509-93,т
Сортовой прокат,УГОЛОК,75x75,Уголок стальной 75x75x8 мм,"Уголок стальной 75x75x8 мм, сталь Ст3",8,51490,т,1,0,0,https://www.kavstal.ru/public/assets/images/products/SORTOVOI_PROKAT/UGOLOK/img.webp,сортовой прокат;уголок;75x75;8;стальной;75x75x8;мм,75x75,8,ГОСТ 8509-93,т
Сортовой прокат,УГОЛОК,75x75,Уголок стальной 75x75x9 мм,"Уголок стальной 75x75x9 мм, сталь Ст3",9,53990,т,1,0,0,https://www.kavstal.ru/public/assets/images/products/SORTOVOI_PROKAT/UGOLOK/img.webp,сортовой прокат;уголок;75x75;9;стальной;75x75x9;мм,75x75,9,ГОСТ 8509-93,т
Сортовой прокат,УГОЛОК,75x75 6м,Уголок стальной 75x75x5 мм,"Уголок стальной 75x75x5 мм, сталь Ст3",5,51790,т,1,0,0,https://www.kavstal.ru/public/assets/images/products/SORTOVOI_PROKAT/UGOLOK/img.webp,сортовой прокат;уголок;75x75 6м;5;стальной;75x75x5;мм,75x75 6м,5,ГОСТ 8509-93,т
Сортовой прокат,УГОЛОК,75x75 6м,Уголок стальной 75x75x5 мм,"Уголок стальной 75x75x5 мм, сталь Ст3",5,52490,т,1,0,0,https://www.kavstal.ru/public/assets/images/products/SORTOVOI_PROKAT/UGOLOK/img.webp,сортовой прокат;уголок;75x75 6м;5;стальной;75x75x5;мм,75x75 6м,5,ГОСТ 8509-93,т
Сортовой прокат,УГОЛОК,75x75 6м,Уголок стальной 75x75x6 мм,"Уголок стальной 75x75x6 мм, сталь Ст3",6,52990,т,1,0,0,https://www.kavstal.ru/public/assets/images/products/SORTOVOI_PROKAT/UGOLOK/img.webp,сортовой прокат;уголок;75x75 6м;6;стальной;75x75x6;мм,75x75 6м,6,ГОСТ 8509-93,т
Сортовой прокат,УГОЛОК,75x75 6м,Уголок стальной 75x75x6 мм,"Уголок стальной 75x75x6 мм, сталь Ст3",6,53490,т,1,0,0,https://www.kavstal.ru/public/assets/images/products/SORTOVOI_PROKAT/UGOLOK/img.webp,сортовой прокат;уголок;75x75 6м;6;стальной;75x75x6;мм,75x75 6м,6,ГОСТ 8509-93,т
Сортовой прокат,УГОЛОК,75x75 6м,Уголок стальной 75x75x8 мм,"Уголок стальной 75x75x8 мм, сталь Ст3",8,51490,т,1,0,0,https://www.kavstal.ru/public/assets/images/products/SORTOVOI_PROKAT/UGOLOK/img.webp,сортовой прокат;уголок;75x75 6м;8;стальной;75x75x8;мм,75x75 6м,8,ГОСТ 8509-93,т
Сортовой прокат,УГОЛОК,80x80,Уголок стальной 80x80x6 мм,"Уголок стальной 80x80x6 мм, сталь Ст3",6,54290,т,1,0,0,https://www.kavstal.ru/public/assets/images/products/SORTOVOI_PROKAT/UGOLOK/img.webp,сортовой прокат;уголок;80x80;6;стальной;80x80x6;мм,80x80,6,ГОСТ 8509-93,т
Сортовой прокат,УГОЛОК,80x80,Уголок стальной 80x80x6 мм,"Уголок стальной 80x80x6 мм, сталь Ст3",6,54490,т,1,0,0,https://www.kavstal.ru/public/assets/images/products/SORTOVOI_PROKAT/UGOLOK/img.webp,сортовой прокат;уголок;80x80;6;стальной;80x80x6;мм,80x80,6,ГОСТ 8509-93,т
Сортовой прокат,УГОЛОК,80x80,Уголок стальной 80x80x6 мм,"Уголок стальной 80x80x6 мм, сталь Ст3",6,54990,т,1,0,0,https://www.kavstal.ru/public/assets/images/products/SORTOVOI_PROKAT/UGOLOK/img.webp,сортовой прокат;уголок;80x80;6;стальной;80x80x6;мм,80x80,6,ГОСТ 8509-93,т
Сортовой прокат,УГОЛОК,80x80,Уголок стальной 80x80x7 мм,"Уголок стальной 80x80x7 мм, сталь Ст3",7,51990,т,1,0,0,https://www.kavstal.ru/public/assets/images/products/SORTOVOI_PROKAT/UGOLOK/img.webp,сортовой прокат;уголок;80x80;7;стальной;80x80x7;мм,80x80,7,ГОСТ 8509-93,т
Сортовой прокат,УГОЛОК,80x80,Уголок стальной 80x80x8 мм,"Уголок стальной 80x80x8 мм, сталь Ст3",8,52490,т,1,0,0,https://www.kavstal.ru/public/assets/images/products/SORTOVOI_PROKAT/UGOLOK/img.webp,сортовой прокат;уголок;80x80;8;стальной;80x80x8;мм,80x80,8,ГОСТ 8509-93,т
Сортовой прокат,УГОЛОК,80x80 6м,Уголок стальной 80x80x6 мм,"Уголок стальной 80x80x6 мм, сталь Ст3",6,54990,т,1,0,0,https://www.kavstal.ru/public/assets/images/products/SORTOVOI_PROKAT/UGOLOK/img.webp,сортовой прокат;уголок;80x80 6м;6;стальной;80x80x6;мм,80x80 6м,6,ГОСТ 8509-93,т
Сортовой прокат,УГОЛОК,80x80 6м,Уголок стальной 80x80x8 мм,"Уголок стальной 80x80x8 мм, сталь Ст3",8,53490,т,1,0,0,https://www.kavstal.ru/public/assets/images/products/SORTOVOI_PROKAT/UGOLOK/img.webp,сортовой прокат;уголок;80x80 6м;8;стальной;80x80x8;мм,80x80 6м,8,ГОСТ 8509-93,т
Сортовой прокат,УГОЛОК,90x90,Уголок стальной 90x90x6 мм,"Уголок стальной 90x90x6 мм, сталь Ст3",6,50290,т,1,0,0,https://www.kavstal.ru/public/assets/images/products/SORTOVOI_PROKAT/UGOLOK/img.webp,сортовой прокат;уголок;90x90;6;стальной;90x90x6;мм,90x90,6,ГОСТ 8509-93,т
Сортовой прокат,УГОЛОК,90x90,Уголок стальной 90x90x6 мм,"Уголок стальной 90x90x6 мм, сталь Ст3",6,50490,т,1,0,0,https://www.kavstal.ru/public/assets/images/products/SORTOVOI_PROKAT/UGOLOK/img.webp,сортовой прокат;уголок;90x90;6;стальной;90x90x6;мм,90x90,6,ГОСТ 8509-93,т
Сортовой прокат,УГОЛОК,90x90,Уголок стальной 90x90x6 мм,"Уголок стальной 90x90x6 мм, сталь Ст3",6,50990,т,1,0,0,https://www.kavstal.ru/public/assets/images/products/SORTOVOI_PROKAT/UGOLOK/img.webp,сортовой прокат;уголок;90x90;6;стальной;90x90x6;мм,90x90,6,ГОСТ 8509-93,т
Сортовой прокат,УГОЛОК,90x90,Уголок стальной 90x90x7 мм,"Уголок стальной 90x90x7 мм, сталь Ст3",7,54290,т,1,0,0,https://www.kavstal.ru/public/assets/images/products/SORTOVOI_PROKAT/UGOLOK/img.webp,сортовой прокат;уголок;90x90;7;стальной;90x90x7;мм,90x90,7,ГОСТ 8509-93,т
Сортовой прокат,УГОЛОК,90x90,Уголок стальной 90x90x7 мм,"Уголок стальной 90x90x7 мм, сталь Ст3",7,54490,т,1,0,0,https://www.kavstal.ru/public/assets/images/products/SORTOVOI_PROKAT/UGOLOK/img.webp,сортовой прокат;уголок;90x90;7;стальной;90x90x7;мм,90x90,7,ГОСТ 8509-93,т
Сортовой прокат,УГОЛОК,90x90,Уголок стальной 90x90x8 мм,"Уголок стальной 90x90x8 мм, сталь Ст3",8,54990,т,1,0,0,https://www.kavstal.ru/public/assets/images/products/SORTOVOI_PROKAT/UGOLOK/img.webp,сортовой прокат;уголок;90x90;8;стальной;90x90x8;мм,90x90,8,ГОСТ 8509-93,т
Сортовой прокат,УГОЛОК,90x90,Уголок стальной 90x90x9 мм,"Уголок стальной 90x90x9 мм, сталь Ст3",9,52490,т,1,0,0,https://www.kavstal.ru/public/assets/images/products/SORTOVOI_PROKAT/UGOLOK/img.webp,сортовой прокат;уголок;90x90;9;стальной;90x90x9;мм,90x90,9,ГОСТ 8509-93,т
Сортовой прокат,УГОЛОК,90x90 6м,Уголок стальной 90x90x6 мм,"Уголок стальной 90x90x6 мм, сталь Ст3",6,50490,т,1,0,0,https://www.kavstal.ru/public/assets/images/products/SORTOVOI_PROKAT/UGOLOK/img.webp,сортовой прокат;уголок;90x90 6м;6;стальной;90x90x6;мм,90x90 6м,6,ГОСТ 8509-93,т
Сортовой прокат,УГОЛОК,90x90 6м,Уголок стальной 90x90x8 мм,"Уголок стальной 90x90x8 мм, сталь Ст3",8,52990,т,1,0,0,https://www.kavstal.ru/public/assets/images/products/SORTOVOI_PROKAT/UGOLOK/img.webp,сортовой прокат;уголок;90x90 6м;8;стальной;90x90x8;мм,90x90 6м,8,ГОСТ 8509-93,т
Сортовой прокат,УГОЛОК,100x100,Уголок стальной 100x100x7 мм,"Уголок стальной 100x100x7 мм, сталь Ст3",7,50290,т,1,0,0,https://www.kavstal.ru/public/assets/images/products/SORTOVOI_PROKAT/UGOLOK/img.webp,сортовой прокат;уголок;100x100;7;стальной;100x100x7;мм,100x100,7,ГОСТ 8509-93,т
Сортовой прокат,УГОЛОК,100x100,Уголок стальной 100x100x7 мм,"Уголок стальной 100x100x7 мм, сталь Ст3",7,50490,т,1,0,0,https://www.kavstal.ru/public/assets/images/products/SORTOVOI_PROKAT/UGOLOK/img.webp,сортовой прокат;уголок;100x100;7;стальной;100x100x7;мм,100x100,7,ГОСТ 8509-93,т
Сортовой прокат,УГОЛОК,100x100,Уголок стальной 100x100x7 мм,"Уголок стальной 100x100x7 мм, сталь Ст3",7,50990,т,1,0,0,https://www.kavstal.ru/public/assets/images/products/SORTOVOI_PROKAT/UGOLOK/img.webp,сортовой прокат;уголок;100x100;7;стальной;100x100x7;мм,100x100,7,ГОСТ 8509-93,т
Сортовой прокат,УГОЛОК,100x100,Уголок стальной 100x100x8 мм,"Уголок стальной 100x100x8 мм, сталь Ст3",8,49790,т,1,0,0,https://www.kavstal.ru/public/assets/images/products/SORTOVOI_PROKAT/UGOLOK/img.webp,сортовой прокат;уголок;100x100;8;стальной;100x100x8;мм,100x100,8,ГОСТ 8509-93,т
Сортовой прокат,УГОЛОК,100x100,Уголок стальной 100x100x8 мм,"Уголок стальной 100x100x8 мм, сталь Ст3",8,49990,т,1,0,0,https://www.kavstal.ru/public/assets/images/products/SORTOVOI_PROKAT/UGOLOK/img.webp,сортовой прокат;уголок;100x100;8;стальной;100x100x8;мм,100x100,8,ГОСТ 8509-93,т
Сортовой прокат,УГОЛОК,100x100,Уголок стальной 100x100x8 мм,"Уголок стальной 100x100x8 мм, сталь Ст3",8,50490,т,1,0,0,https://www.kavstal.ru/public/assets/images/products/SORTOVOI_PROKAT/UGOLOK/img.webp,сортовой прокат;уголок;100x100;8;стальной;100x100x8;мм,100x100,8,ГОСТ 8509-93,т
Сортовой прокат,УГОЛОК,100x100,Уголок стальной 100x100x10 мм,"Уголок стальной 100x100x10 мм, сталь Ст3",10,52790,т,1,0,0,https://www.kavstal.ru/public/assets/images/products/SORTOVOI_PROKAT/UGOLOK/img.webp,сортовой прокат;уголок;100x100;10;стальной;100x100x10;мм,100x100,10,ГОСТ 8509-93,т
Сортовой прокат,УГОЛОК,100x100,Уголок стальной 100x100x10 мм,"Уголок стальной 100x100x10 мм, сталь Ст3",10,52990,т,1,0,0,https://www.kavstal.ru/public/assets/images/products/SORTOVOI_PROKAT/UGOLOK/img.webp,сортовой прокат;уголок;100x100;10;стальной;100x100x10;мм,100x100,10,ГОСТ 8509-93,т
Сортовой прокат,УГОЛОК,100x100,Уголок стальной 100x100x10 мм,"Уголок стальной 100x100x10 мм, сталь Ст3",10,53490,т,1,0,0,https://www.kavstal.ru/public/assets/images/products/SORTOVOI_PROKAT/UGOLOK/img.webp,сортовой прокат;уголок;100x100;10;стальной;100x100x10;мм,100x100,10,ГОСТ 8509-93,т
Сортовой прокат,УГОЛОК,100x100,Уголок стальной 100x100x12 мм,"Уголок стальной 100x100x12 мм, сталь Ст3",12,49990,т,1,0,0,https://www.kavstal.ru/public/assets/images/products/SORTOVOI_PROKAT/UGOLOK/img.webp,сортовой прокат;уголок;100x100;12;стальной;100x100x12;мм,100x100,12,ГОСТ 8509-93,т
Сортовой прокат,УГОЛОК,100x100 6м,Уголок стальной 100x100x7 мм,"Уголок стальной 100x100x7 мм, сталь Ст3",7,50290,т,1,0,0,https://www.kavstal.ru/public/assets/images/products/SORTOVOI_PROKAT/UGOLOK/img.webp,сортовой прокат;уголок;100x100 6м;7;стальной;100x100x7;мм,100x100 6м,7,ГОСТ 8509-93,т
Сортовой прокат,УГОЛОК,100x100 6м,Уголок стальной 100x100x7 мм,"Уголок стальной 100x100x7 мм, сталь Ст3",7,50490,т,1,0,0,https://www.kavstal.ru/public/assets/images/products/SORTOVOI_PROKAT/UGOLOK/img.webp,сортовой прокат;уголок;100x100 6м;7;стальной;100x100x7;мм,100x100 6м,7,ГОСТ 8509-93,т
Сортовой прокат,УГОЛОК,100x100 6м,Уголок стальной 100x100x7 мм,"Уголок стальной 100x100x7 мм, сталь Ст3",7,50990,т,1,0,0,https://www.kavstal.ru/public/assets/images/products/SORTOVOI_PROKAT/UGOLOK/img.webp,сортовой прокат;уголок;100x100 6м;7;стальной;100x100x7;мм,100x100 6м,7,ГОСТ 8509-93,т
Сортовой прокат,УГОЛОК,100x100 6м,Уголок стальной 100x100x8 мм,"Уголок стальной 100x100x8 мм, сталь Ст3",8,49790,т,1,0,0,https://www.kavstal.ru/public/assets/images/products/SORTOVOI_PROKAT/UGOLOK/img.webp,сортовой прокат;уголок;100x100 6м;8;стальной;100x100x8;мм,100x100 6м,8,ГОСТ 8509-93,т
Сортовой прокат,УГОЛОК,100x100 6м,Уголок стальной 100x100x8 мм,"Уголок стальной 100x100x8 мм, сталь Ст3",8,49990,т,1,0,0,https://www.kavstal.ru/public/assets/images/products/SORTOVOI_PROKAT/UGOLOK/img.webp,сортовой прокат;уголок;100x100 6м;8;стальной;100x100x8;мм,100x100 6м,8,ГОСТ 8509-93,т
Сортовой прокат,УГОЛОК,100x100 6м,Уголок стальной 100x100x8 мм,"Уголок стальной 100x100x8 мм, сталь Ст3",8,50490,т,1,0,0,https://www.kavstal.ru/public/assets/images/products/SORTOVOI_PROKAT/UGOLOK/img.webp,сортовой прокат;уголок;100x100 6м;8;стальной;100x100x8;мм,100x100 6м,8,ГОСТ 8509-93,т
Сортовой прокат,УГОЛОК,100x100 6м,Уголок стальной 100x100x10 мм,"Уголок стальной 100x100x10 мм, сталь Ст3",10,53490,т,1,0,0,https://www.kavstal.ru/public/assets/images/products/SORTOVOI_PROKAT/UGOLOK/img.webp,сортовой прокат;уголок;100x100 6м;10;стальной;100x100x10;мм,100x100 6м,10,ГОСТ 8509-93,т
Сортовой прокат,УГОЛОК,100x100 н/д,Уголок стальной 100x100x12 мм,"Уголок стальной 100x100x12 мм, сталь Ст3",12,44990,т,1,0,0,https://www.kavstal.ru/public/assets/images/products/SORTOVOI_PROKAT/UGOLOK/img.webp,сортовой прокат;уголок;100x100 н/д;12;стальной;100x100x12;мм,100x100 н/д,12,ГОСТ 8509-93,т
Сортовой прокат,УГОЛОК,110x110,Уголок стальной 110x110x7 мм,"Уголок стальной 110x110x7 мм, сталь Ст3",7,53290,т,1,0,0,https://www.kavstal.ru/public/assets/images/products/SORTOVOI_PROKAT/UGOLOK/img.webp,сортовой прокат;уголок;110x110;7;стальной;110x110x7;мм,110x110,7,ГОСТ 8509-93,т
Сортовой прокат,УГОЛОК,110x110,Уголок стальной 110x110x7 мм,"Уголок стальной 110x110x7 мм, сталь Ст3",7,53990,т,1,0,0,https://www.kavstal.ru/public/assets/images/products/SORTOVOI_PROKAT/UGOLOK/img.webp,сортовой прокат;уголок;110x110;7;стальной;110x110x7;мм,110x110,7,ГОСТ 8509-93,т
Сортовой прокат,УГОЛОК,110x110,Уголок стальной 110x110x8 мм,"Уголок стальной 110x110x8 мм, сталь Ст3",8,53290,т,1,0,0,https://www.kavstal.ru/public/assets/images/products/SORTOVOI_PROKAT/UGOLOK/img.webp,сортовой прокат;уголок;110x110;8;стальной;110x110x8;мм,110x110,8,ГОСТ 8509-93,т
Сортовой прокат,УГОЛОК,110x110,Уголок стальной 110x110x8 мм,"Уголок стальной 110x110x8 мм, сталь Ст3",8,53490,т,1,0,0,https://www.kavstal.ru/public/assets/images/products/SORTOVOI_PROKAT/UGOLOK/img.webp,сортовой прокат;уголок;110x110;8;стальной;110x110x8;мм,110x110,8,ГОСТ 8509-93,т
Сортовой прокат,УГОЛОК,110x110,Уголок стальной 110x110x8 мм,"Уголок стальной 110x110x8 мм, сталь Ст3",8,53990,т,1,0,0,https://www.kavstal.ru/public/assets/images/products/SORTOVOI_PROKAT/UGOLOK/img.webp,сортовой прокат;уголок;110x110;8;стальной;110x110x8;мм,110x110,8,ГОСТ 8509-93,т
Сортовой прокат,УГОЛОК,125x125,Уголок стальной 125x125x8 мм,"Уголок стальной 125x125x8 мм, сталь Ст3",8,53790,т,1,0,0,https://www.kavstal.ru/public/assets/images/products/SORTOVOI_PROKAT/UGOLOK/img.webp,сортовой прокат;уголок;125x125;8;стальной;125x125x8;мм,125x125,8,ГОСТ 8509-93,т
Сортовой прокат,УГОЛОК,125x125,Уголок стальной 125x125x8 мм,"Уголок стальной 125x125x8 мм, сталь Ст3",8,53990,т,1,0,0,https://www.kavstal.ru/public/assets/images/products/SORTOVOI_PROKAT/UGOLOK/img.webp,сортовой прокат;уголок;125x125;8;стальной;125x125x8;мм,125x125,8,ГОСТ 8509-93,т
Сортовой прокат,УГОЛОК,125x125,Уголок стальной 125x125x8 мм,"Уголок стальной 125x125x8 мм, сталь Ст3",8,54490,т,1,0,0,https://www.kavstal.ru/public/assets/images/products/SORTOVOI_PROKAT/UGOLOK/img.webp,сортовой прокат;уголок;125x125;8;стальной;125x125x8;мм,125x125,8,ГОСТ 8509-93,т
Сортовой прокат,УГОЛОК,125x125,Уголок стальной 125x125x9 мм,"Уголок стальной 125x125x9 мм, сталь Ст3",9,55490,т,1,0,0,https://www.kavstal.ru/public/assets/images/products/SORTOVOI_PROKAT/UGOLOK/img.webp,сортовой прокат;уголок;125x125;9;стальной;125x125x9;мм,125x125,9,ГОСТ 8509-93,т
Сортовой прокат,УГОЛОК,125x125,Уголок стальной 125x125x10 мм,"Уголок стальной 125x125x10 мм, сталь Ст3",10,52290,т,1,0,0,https://www.kavstal.ru/public/assets/images/products/SORTOVOI_PROKAT/UGOLOK/img.webp,сортовой прокат;уголок;125x125;10;стальной;125x125x10;мм,125x125,10,ГОСТ 8509-93,т
Сортовой прокат,УГОЛОК,125x125,Уголок стальной 125x125x10 мм,"Уголок стальной 125x125x10 мм, сталь Ст3",10,52490,т,1,0,0,https://www.kavstal.ru/public/assets/images/products/SORTOVOI_PROKAT/UGOLOK/img.webp,сортовой прокат;уголок;125x125;10;стальной;125x125x10;мм,125x125,10,ГОСТ 8509-93,т
Сортовой прокат,УГОЛОК,125x125,Уголок стальной 125x125x10 мм,"Уголок стальной 125x125x10 мм, сталь Ст3",10,52990,т,1,0,0,https://www.kavstal.ru/public/assets/images/products/SORTOVOI_PROKAT/UGOLOK/img.webp,сортовой прокат;уголок;125x125;10;стальной;125x125x10;мм,125x125,10,ГОСТ 8509-93,т
Сортовой прокат,УГОЛОК,125x125,Уголок стальной 125x125x12 мм,"Уголок стальной 125x125x12 мм, сталь Ст3",12,53490,т,1,0,0,https://www.kavstal.ru/public/assets/images/products/SORTOVOI_PROKAT/UGOLOK/img.webp,сортовой прокат;уголок;125x125;12;стальной;125x125x12;мм,125x125,12,ГОСТ 8509-93,т
Сортовой прокат,УГОЛОК,125x125,Уголок стальной 125x125x12 мм,"Уголок стальной 125x125x12 мм, сталь Ст3",12,53990,т,1,0,0,https://www.kavstal.ru/public/assets/images/products/SORTOVOI_PROKAT/UGOLOK/img.webp,сортовой прокат;уголок;125x125;12;стальной;125x125x12;мм,125x125,12,ГОСТ 8509-93,т
Сортовой прокат,УГОЛОК,140x140,Уголок стальной 140x140x9 мм,"Уголок стальной 140x140x9 мм, сталь Ст3",9,87990,т,1,0,0,https://www.kavstal.ru/public/assets/images/products/SORTOVOI_PROKAT/UGOLOK/img.webp,сортовой прокат;уголок;140x140;9;стальной;140x140x9;мм,140x140,9,ГОСТ 8509-93,т
Сортовой прокат,УГОЛОК,140x140,Уголок стальной 140x140x10 мм,"Уголок стальной 140x140x10 мм, сталь Ст3",10,89990,т,1,0,0,https://www.kavstal.ru/public/assets/images/products/SORTOVOI_PROKAT/UGOLOK/img.webp,сортовой прокат;уголок;140x140;10;стальной;140x140x10;мм,140x140,10,ГОСТ 8509-93,т
Сортовой прокат,УГОЛОК,140x140,Уголок стальной 140x140x12 мм,"Уголок стальной 140x140x12 мм, сталь Ст3",12,94990,т,1,0,0,https://www.kavstal.ru/public/assets/images/products/SORTOVOI_PROKAT/UGOLOK/img.webp,сортовой прокат;уголок;140x140;12;стальной;140x140x12;мм,140x140,12,ГОСТ 8509-93,т
Сортовой прокат,УГОЛОК,160x160,Уголок стальной 160x160x10 мм,"Уголок стальной 160x160x10 мм, сталь Ст3",10,116990,т,1,0,0,https://www.kavstal.ru/public/assets/images/products/SORTOVOI_PROKAT/UGOLOK/img.webp,сортовой прокат;уголок;160x160;10;стальной;160x160x10;мм,160x160,10,ГОСТ 8509-93,т
Сортовой прокат,УГОЛОК,160x160,Уголок стальной 160x160x12 мм,"Уголок стальной 160x160x12 мм, сталь Ст3",12,119990,т,1,0,0,https://www.kavstal.ru/public/assets/images/products/SORTOVOI_PROKAT/UGOLOK/img.webp,сортовой прокат;уголок;160x160;12;стальной;160x160x12;мм,160x160,12,ГОСТ 8509-93,т
Сортовой прокат,УГОЛОК,160x160,Уголок стальной 160x160x14 мм,"Уголок стальной 160x160x14 мм, сталь Ст3",14,114990,т,1,0,0,https://www.kavstal.ru/public/assets/images/products/SORTOVOI_PROKAT/UGOLOK/img.webp,сортовой прокат;уголок;160x160;14;стальной;160x160x14;мм,160x160,14,ГОСТ 8509-93,т
Сортовой прокат,УГОЛОК,160x160,Уголок стальной 160x160x16 мм,"Уголок стальной 160x160x16 мм, сталь Ст3",16,116990,т,1,0,0,https://www.kavstal.ru/public/assets/images/products/SORTOVOI_PROKAT/UGOLOK/img.webp,сортовой прокат;уголок;160x160;16;стальной;160x160x16;мм,160x160,16,ГОСТ 8509-93,т
Сортовой прокат,УГОЛОК,160x160,Уголок стальной 160x160x20 мм,"Уголок стальной 160x160x20 мм, сталь Ст3",20,129990,т,1,0,0,https://www.kavstal.ru/public/assets/images/products/SORTOVOI_PROKAT/UGOLOK/img.webp,сортовой прокат;уголок;160x160;20;стальной;160x160x20;мм,160x160,20,ГОСТ 8509-93,т
Сортовой прокат,УГОЛОК,180x180,Уголок стальной 180x180x11 мм,"Уголок стальной 180x180x11 мм, сталь Ст3",11,123490,т,1,0,0,https://www.kavstal.ru/public/assets/images/products/SORTOVOI_PROKAT/UGOLOK/img.webp,сортовой прокат;уголок;180x180;11;стальной;180x180x11;мм,180x180,11,ГОСТ 8509-93,т
Сортовой прокат,УГОЛОК,180x180,Уголок стальной 180x180x12 мм,"Уголок стальной 180x180x12 мм, сталь Ст3",12,119990,т,1,0,0,https://www.kavstal.ru/public/assets/images/products/SORTOVOI_PROKAT/UGOLOK/img.webp,сортовой прокат;уголок;180x180;12;стальной;180x180x12;мм,180x180,12,ГОСТ 8509-93,т
Сортовой прокат,УГОЛОК,200x200,Уголок стальной 200x200x12 мм,"Уголок стальной 200x200x12 мм, сталь Ст3",12,127490,т,1,0,0,https://www.kavstal.ru/public/assets/images/products/SORTOVOI_PROKAT/UGOLOK/img.webp,сортовой прокат;уголок;200x200;12;14;16;20;25;стальной;200x200x12;мм,200x200,12 ; 14; 16; 20; 25,ГОСТ 8509-93,т
Сортовой прокат,ШВЕЛЛЕР,10,Швеллер 10,"Швеллер 10, сталь Ст3",,51290,т,1,0,0,https://www.kavstal.ru/public/assets/images/products/SORTOVOI_PROKAT/SHVELLER/img.webp,сортовой прокат;швеллер;10,10,,ГОСТ 8240-97,т
Сортовой прокат,ШВЕЛЛЕР,10,Швеллер 10,"Швеллер 10, сталь Ст3",,51490,т,1,0,0,https://www.kavstal.ru/public/assets/images/products/SORTOVOI_PROKAT/SHVELLER/img.webp,сортовой прокат;швеллер;10,10,,ГОСТ 8240-97,т
Сортовой прокат,ШВЕЛЛЕР,10,Швеллер 10,"Швеллер 10, сталь Ст3",,51990,т,1,0,0,https://www.kavstal.ru/public/assets/images/products/SORTOVOI_PROKAT/SHVELLER/img.webp,сортовой прокат;швеллер;10,10,,ГОСТ 8240-97,т
Сортовой прокат,ШВЕЛЛЕР,10,Швеллер 10,"Швеллер 10, сталь Ст3",,52290,т,1,0,0,https://www.kavstal.ru/public/assets/images/products/SORTOVOI_PROKAT/SHVELLER/img.webp,сортовой прокат;швеллер;10,10,,ГОСТ 8240-97,т
Сортовой прокат,ШВЕЛЛЕР,10,Швеллер 10,"Швеллер 10, сталь Ст3",,52490,т,1,0,0,https://www.kavstal.ru/public/assets/images/products/SORTOVOI_PROKAT/SHVELLER/img.webp,сортовой прокат;швеллер;10,10,,ГОСТ 8240-97,т
Сортовой прокат,ШВЕЛЛЕР,10,Швеллер 10,"Швеллер 10, сталь Ст3",,52990,т,1,0,0,https://www.kavstal.ru/public/assets/images/products/SORTOVOI_PROKAT/SHVELLER/img.webp,сортовой прокат;швеллер;10,10,,ГОСТ 8240-97,т
Сортовой прокат,ШВЕЛЛЕР,10 6м,Швеллер 10,"Швеллер 10, сталь Ст3",,51990,т,1,0,0,https://www.kavstal.ru/public/assets/images/products/SORTOVOI_PROKAT/SHVELLER/img.webp,сортовой прокат;швеллер;10 6м;10,10 6м,,ГОСТ 8240-97,т
Сортовой прокат,ШВЕЛЛЕР,10 6м,Швеллер 10,"Швеллер 10, сталь Ст3",,53290,т,1,0,0,https://www.kavstal.ru/public/assets/images/products/SORTOVOI_PROKAT/SHVELLER/img.webp,сортовой прокат;швеллер;10 6м;10,10 6м,,ГОСТ 8240-97,т
Сортовой прокат,ШВЕЛЛЕР,10 6м,Швеллер 10,"Швеллер 10, сталь Ст3",,53490,т,1,0,0,https://www.kavstal.ru/public/assets/images/products/SORTOVOI_PROKAT/SHVELLER/img.webp,сортовой прокат;швеллер;10 6м;10,10 6м,,ГОСТ 8240-97,т
Сортовой прокат,ШВЕЛЛЕР,10 6м,Швеллер 10,"Швеллер 10, сталь Ст3",,53990,т,1,0,0,https://www.kavstal.ru/public/assets/images/products/SORTOVOI_PROKAT/SHVELLER/img.webp,сортовой прокат;швеллер;10 6м;10,10 6м,,ГОСТ 8240-97,т
Сортовой прокат,ШВЕЛЛЕР,12,Швеллер 12,"Швеллер 12, сталь Ст3",,56290,т,1,0,0,https://www.kavstal.ru/public/assets/images/products/SORTOVOI_PROKAT/SHVELLER/img.webp,сортовой прокат;швеллер;12,12,,ГОСТ 8240-97,т
Сортовой прокат,ШВЕЛЛЕР,12,Швеллер 12,"Швеллер 12, сталь Ст3",,56490,т,1,0,0,https://www.kavstal.ru/public/assets/images/products/SORTOVOI_PROKAT/SHVELLER/img.webp,сортовой прокат;швеллер;12,12,,ГОСТ 8240-97,т
Сортовой прокат,ШВЕЛЛЕР,12,Швеллер 12,"Швеллер 12, сталь Ст3",,56990,т,1,0,0,https://www.kavstal.ru/public/assets/images/products/SORTOVOI_PROKAT/SHVELLER/img.webp,сортовой прокат;швеллер;12,12,,ГОСТ 8240-97,т
Сортовой прокат,ШВЕЛЛЕР,12 6м,Швеллер 12,"Швеллер 12, сталь Ст3",,56290,т,1,0,0,https://www.kavstal.ru/public/assets/images/products/SORTOVOI_PROKAT/SHVELLER/img.webp,сортовой прокат;швеллер;12 6м;12,12 6м,,ГОСТ 8240-97,т
Сортовой прокат,ШВЕЛЛЕР,12 6м,Швеллер 12,"Швеллер 12, сталь Ст3",,56490,т,1,0,0,https://www.kavstal.ru/public/assets/images/products/SORTOVOI_PROKAT/SHVELLER/img.webp,сортовой прокат;швеллер;12 6м;12,12 6м,,ГОСТ 8240-97,т
Сортовой прокат,ШВЕЛЛЕР,12 6м,Швеллер 12,"Швеллер 12, сталь Ст3",,56990,т,1,0,0,https://www.kavstal.ru/public/assets/images/products/SORTOVOI_PROKAT/SHVELLER/img.webp,сортовой прокат;швеллер;12 6м;12,12 6м,,ГОСТ 8240-97,т
Сортовой прокат,ШВЕЛЛЕР,12 6м,Швеллер 12,"Швеллер 12, сталь Ст3",,57990,т,1,0,0,https://www.kavstal.ru/public/assets/images/products/SORTOVOI_PROKAT/SHVELLER/img.webp,сортовой прокат;швеллер;12 6м;12,12 6м,,ГОСТ 8240-97,т
Сортовой прокат,ШВЕЛЛЕР,14,Швеллер 14,"Швеллер 14, сталь Ст3",,56290,т,1,0,0,https://www.kavstal.ru/public/assets/images/products/SORTOVOI_PROKAT/SHVELLER/img.webp,сортовой прокат;швеллер;14,14,,ГОСТ 8240-97,т
Сортовой прокат,ШВЕЛЛЕР,14,Швеллер 14,"Швеллер 14, сталь Ст3",,56490,т,1,0,0,https://www.kavstal.ru/public/assets/images/products/SORTOVOI_PROKAT/SHVELLER/img.webp,сортовой прокат;швеллер;14,14,,ГОСТ 8240-97,т
Сортовой прокат,ШВЕЛЛЕР,14,Швеллер 14,"Швеллер 14, сталь Ст3",,56990,т,1,0,0,https://www.kavstal.ru/public/assets/images/products/SORTOVOI_PROKAT/SHVELLER/img.webp,сортовой прокат;швеллер;14,14,,ГОСТ 8240-97,т
Сортовой прокат,ШВЕЛЛЕР,14,Швеллер 14,"Швеллер 14, сталь Ст3",,57790,т,1,0,0,https://www.kavstal.ru/public/assets/images/products/SORTOVOI_PROKAT/SHVELLER/img.webp,сортовой прокат;швеллер;14,14,,ГОСТ 8240-97,т
Сортовой прокат,ШВЕЛЛЕР,14,Швеллер 14,"Швеллер 14, сталь Ст3",,57990,т,1,0,0,https://www.kavstal.ru/public/assets/images/products/SORTOVOI_PROKAT/SHVELLER/img.webp,сортовой прокат;швеллер;14,14,,ГОСТ 8240-97,т
Сортовой прокат,ШВЕЛЛЕР,14,Швеллер 14,"Швеллер 14, сталь Ст3",,58490,т,1,0,0,https://www.kavstal.ru/public/assets/images/products/SORTOVOI_PROKAT/SHVELLER/img.webp,сортовой прокат;швеллер;14,14,,ГОСТ 8240-97,т
Сортовой прокат,ШВЕЛЛЕР,14 6м,Швеллер 14,"Швеллер 14, сталь Ст3",,56290,т,1,0,0,https://www.kavstal.ru/public/assets/images/products/SORTOVOI_PROKAT/SHVELLER/img.webp,сортовой прокат;швеллер;14 6м;14,14 6м,,ГОСТ 8240-97,т
Сортовой прокат,ШВЕЛЛЕР,14 6м,Швеллер 14,"Швеллер 14, сталь Ст3",,56490,т,1,0,0,https://www.kavstal.ru/public/assets/images/products/SORTOVOI_PROKAT/SHVELLER/img.webp,сортовой прокат;швеллер;14 6м;14,14 6м,,ГОСТ 8240-97,т
Сортовой прокат,ШВЕЛЛЕР,14 6м,Швеллер 14,"Швеллер 14, сталь Ст3",,56990,т,1,0,0,https://www.kavstal.ru/public/assets/images/products/SORTOVOI_PROKAT/SHVELLER/img.webp,сортовой прокат;швеллер;14 6м;14,14 6м,,ГОСТ 8240-97,т
Сортовой прокат,ШВЕЛЛЕР,14 6м,Швеллер 14,"Швеллер 14, сталь Ст3",,59490,т,1,0,0,https://www.kavstal.ru/public/assets/images/products/SORTOVOI_PROKAT/SHVELLER/img.webp,сортовой прокат;швеллер;14 6м;14,14 6м,,ГОСТ 8240-97,т
Сортовой прокат,ШВЕЛЛЕР,16,Швеллер 16,"Швеллер 16, сталь Ст3",,57790,т,1,0,0,https://www.kavstal.ru/public/assets/images/products/SORTOVOI_PROKAT/SHVELLER/img.webp,сортовой прокат;швеллер;16,16,,ГОСТ 8240-97,т
Сортовой прокат,ШВЕЛЛЕР,16,Швеллер 16,"Швеллер 16, сталь Ст3",,58490,т,1,0,0,https://www.kavstal.ru/public/assets/images/products/SORTOVOI_PROKAT/SHVELLER/img.webp,сортовой прокат;швеллер;16,16,,ГОСТ 8240-97,т
Сортовой прокат,ШВЕЛЛЕР,16,Швеллер 16,"Швеллер 16, сталь Ст3",,59290,т,1,0,0,https://www.kavstal.ru/public/assets/images/products/SORTOVOI_PROKAT/SHVELLER/img.webp,сортовой прокат;швеллер;16,16,,ГОСТ 8240-97,т
Сортовой прокат,ШВЕЛЛЕР,16,Швеллер 16,"Швеллер 16, сталь Ст3",,59490,т,1,0,0,https://www.kavstal.ru/public/assets/images/products/SORTOVOI_PROKAT/SHVELLER/img.webp,сортовой прокат;швеллер;16,16,,ГОСТ 8240-97,т
Сортовой прокат,ШВЕЛЛЕР,16,Швеллер 16,"Швеллер 16, сталь Ст3",,59990,т,1,0,0,https://www.kavstal.ru/public/assets/images/products/SORTOVOI_PROKAT/SHVELLER/img.webp,сортовой прокат;швеллер;16,16,,ГОСТ 8240-97,т
Сортовой прокат,ШВЕЛЛЕР,16 6м,Швеллер 16,"Швеллер 16, сталь Ст3",,57090,т,1,0,0,https://www.kavstal.ru/public/assets/images/products/SORTOVOI_PROKAT/SHVELLER/img.webp,сортовой прокат;швеллер;16 6м;16,16 6м,,ГОСТ 8240-97,т
Сортовой прокат,ШВЕЛЛЕР,16 6м,Швеллер 16,"Швеллер 16, сталь Ст3",,57290,т,1,0,0,https://www.kavstal.ru/public/assets/images/products/SORTOVOI_PROKAT/SHVELLER/img.webp,сортовой прокат;швеллер;16 6м;16,16 6м,,ГОСТ 8240-97,т
Сортовой прокат,ШВЕЛЛЕР,16 6м,Швеллер 16,"Швеллер 16, сталь Ст3",,57790,т,1,0,0,https://www.kavstal.ru/public/assets/images/products/SORTOVOI_PROKAT/SHVELLER/img.webp,сортовой прокат;швеллер;16 6м;16,16 6м,,ГОСТ 8240-97,т
Сортовой прокат,ШВЕЛЛЕР,16 6м,Швеллер 16,"Швеллер 16, сталь Ст3",,58990,т,1,0,0,https://www.kavstal.ru/public/assets/images/products/SORTOVOI_PROKAT/SHVELLER/img.webp,сортовой прокат;швеллер;16 6м;16,16 6м,,ГОСТ 8240-97,т
Сортовой прокат,ШВЕЛЛЕР,18,Швеллер 18,"Швеллер 18, сталь Ст3",,64290,т,1,0,0,https://www.kavstal.ru/public/assets/images/products/SORTOVOI_PROKAT/SHVELLER/img.webp,сортовой прокат;швеллер;18,18,,ГОСТ 8240-97,т
Сортовой прокат,ШВЕЛЛЕР,18,Швеллер 18,"Швеллер 18, сталь Ст3",,64490,т,1,0,0,https://www.kavstal.ru/public/assets/images/products/SORTOVOI_PROKAT/SHVELLER/img.webp,сортовой прокат;швеллер;18,18,,ГОСТ 8240-97,т
Сортовой прокат,ШВЕЛЛЕР,18,Швеллер 18,"Швеллер 18, сталь Ст3",,64990,т,1,0,0,https://www.kavstal.ru/public/assets/images/products/SORTOVOI_PROKAT/SHVELLER/img.webp,сортовой прокат;швеллер;18,18,,ГОСТ 8240-97,т
Сортовой прокат,ШВЕЛЛЕР,20,Швеллер 20,"Швеллер 20, сталь Ст3",,109290,т,1,0,0,https://www.kavstal.ru/public/assets/images/products/SORTOVOI_PROKAT/SHVELLER/img.webp,сортовой прокат;швеллер;20,20,,ГОСТ 8240-97,т
Сортовой прокат,ШВЕЛЛЕР,20,Швеллер 20,"Швеллер 20, сталь Ст3",,109490,т,1,0,0,https://www.kavstal.ru/public/assets/images/products/SORTOVOI_PROKAT/SHVELLER/img.webp,сортовой прокат;швеллер;20,20,,ГОСТ 8240-97,т
Сортовой прокат,ШВЕЛЛЕР,20,Швеллер 20,"Швеллер 20, сталь Ст3",,109990,т,1,0,0,https://www.kavstal.ru/public/assets/images/products/SORTOVOI_PROKAT/SHVELLER/img.webp,сортовой прокат;швеллер;20,20,,ГОСТ 8240-97,т
Сортовой прокат,ШВЕЛЛЕР,20,Швеллер 20,"Швеллер 20, сталь Ст3",,97290,т,1,0,0,https://www.kavstal.ru/public/assets/images/products/SORTOVOI_PROKAT/SHVELLER/img.webp,сортовой прокат;швеллер;20,20,,ГОСТ 8240-97,т
Сортовой прокат,ШВЕЛЛЕР,20,Швеллер 20,"Швеллер 20, сталь Ст3",,97490,т,1,0,0,https://www.kavstal.ru/public/assets/images/products/SORTOVOI_PROKAT/SHVELLER/img.webp,сортовой прокат;швеллер;20,20,,ГОСТ 8240-97,т
Сортовой прокат,ШВЕЛЛЕР,20,Швеллер 20,"Швеллер 20, сталь Ст3",,97990,т,1,0,0,https://www.kavstal.ru/public/assets/images/products/SORTOVOI_PROKAT/SHVELLER/img.webp,сортовой прокат;швеллер;20,20,,ГОСТ 8240-97,т
Сортовой прокат,ШВЕЛЛЕР,22,Швеллер 22,"Швеллер 22, сталь Ст3",,105290,т,1,0,0,https://www.kavstal.ru/public/assets/images/products/SORTOVOI_PROKAT/SHVELLER/img.webp,сортовой прокат;швеллер;22,22,,ГОСТ 8240-97,т
Сортовой прокат,ШВЕЛЛЕР,22,Швеллер 22,"Швеллер 22, сталь Ст3",,105490,т,1,0,0,https://www.kavstal.ru/public/assets/images/products/SORTOVOI_PROKAT/SHVELLER/img.webp,сортовой прокат;швеллер;22,22,,ГОСТ 8240-97,т
Сортовой прокат,ШВЕЛЛЕР,22,Швеллер 22,"Швеллер 22, сталь Ст3",,105990,т,1,0,0,https://www.kavstal.ru/public/assets/images/products/SORTOVOI_PROKAT/SHVELLER/img.webp,сортовой прокат;швеллер;22,22,,ГОСТ 8240-97,т
Сортовой прокат,ШВЕЛЛЕР,22,Швеллер 22,"Швеллер 22, сталь Ст3",,123490,т,1,0,0,https://www.kavstal.ru/public/assets/images/products/SORTOVOI_PROKAT/SHVELLER/img.webp,сортовой прокат;швеллер;22,22,,ГОСТ 8240-97,т
Сортовой прокат,ШВЕЛЛЕР,24,Швеллер 24,"Швеллер 24, сталь Ст3",,91290,т,1,0,0,https://www.kavstal.ru/public/assets/images/products/SORTOVOI_PROKAT/SHVELLER/img.webp,сортовой прокат;швеллер;24,24,,ГОСТ 8240-97,т
Сортовой прокат,ШВЕЛЛЕР,24,Швеллер 24,"Швеллер 24, сталь Ст3",,91490,т,1,0,0,https://www.kavstal.ru/public/assets/images/products/SORTOVOI_PROKAT/SHVELLER/img.webp,сортовой прокат;швеллер;24,24,,ГОСТ 8240-97,т
Сортовой прокат,ШВЕЛЛЕР,24,Швеллер 24,"Швеллер 24, сталь Ст3",,91990,т,1,0,0,https://www.kavstal.ru/public/assets/images/products/SORTOVOI_PROKAT/SHVELLER/img.webp,сортовой прокат;швеллер;24,24,,ГОСТ 8240-97,т
Сортовой прокат,ШВЕЛЛЕР,24,Швеллер 24,"Швеллер 24, сталь Ст3",,92490,т,1,0,0,https://www.kavstal.ru/public/assets/images/products/SORTOVOI_PROKAT/SHVELLER/img.webp,сортовой прокат;швеллер;24,24,,ГОСТ 8240-97,т
Сортовой прокат,ШВЕЛЛЕР,27,Швеллер 27,"Швеллер 27, сталь Ст3",,126290,т,1,0,0,https://www.kavstal.ru/public/assets/images/products/SORTOVOI_PROKAT/SHVELLER/img.webp,сортовой прокат;швеллер;27,27,,ГОСТ 8240-97,т
Сортовой прокат,ШВЕЛЛЕР,27,Швеллер 27,"Швеллер 27, сталь Ст3",,126490,т,1,0,0,https://www.kavstal.ru/public/assets/images/products/SORTOVOI_PROKAT/SHVELLER/img.webp,сортовой прокат;швеллер;27,27,,ГОСТ 8240-97,т
Сортовой прокат,ШВЕЛЛЕР,27,Швеллер 27,"Швеллер 27, сталь Ст3",,126990,т,1,0,0,https://www.kavstal.ru/public/assets/images/products/SORTOVOI_PROKAT/SHVELLER/img.webp,сортовой прокат;швеллер;27,27,,ГОСТ 8240-97,т
Сортовой прокат,ШВЕЛЛЕР,27 с,Швеллер 27,"Швеллер 27, сталь Ст3",,93790,т,1,0,0,https://www.kavstal.ru/public/assets/images/products/SORTOVOI_PROKAT/SHVELLER/img.webp,сортовой прокат;швеллер;27 с;27,27 с,,ГОСТ 8240-97,т
Сортовой прокат,ШВЕЛЛЕР,30,Швеллер 30,"Швеллер 30, сталь Ст3",,125990,т,1,0,0,https://www.kavstal.ru/public/assets/images/products/SORTOVOI_PROKAT/SHVELLER/img.webp,сортовой прокат;швеллер;30,30,,ГОСТ 8240-97,т
Сортовой прокат,ШВЕЛЛЕР,30,Швеллер 30,"Швеллер 30, сталь Ст3",,126290,т,1,0,0,https://www.kavstal.ru/public/assets/images/products/SORTOVOI_PROKAT/SHVELLER/img.webp,сортовой прокат;швеллер;30,30,,ГОСТ 8240-97,т
Сортовой прокат,ШВЕЛЛЕР,30,Швеллер 30,"Швеллер 30, сталь Ст3",,126490,т,1,0,0,https://www.kavstal.ru/public/assets/images/products/SORTOVOI_PROKAT/SHVELLER/img.webp,сортовой прокат;швеллер;30,30,,ГОСТ 8240-97,т
Сортовой прокат,ШВЕЛЛЕР,30,Швеллер 30,"Швеллер 30, сталь Ст3",,126990,т,1,0,0,https://www.kavstal.ru/public/assets/images/products/SORTOVOI_PROKAT/SHVELLER/img.webp,сортовой прокат;швеллер;30,30,,ГОСТ 8240-97,т
Сортовой прокат,ШВЕЛЛЕР,40,Швеллер 40,"Швеллер 40, сталь Ст3",,145290,т,1,0,0,https://www.kavstal.ru/public/assets/images/products/SORTOVOI_PROKAT/SHVELLER/img.webp,сортовой прокат;швеллер;40,40,,ГОСТ 8240-97,т
Сортовой прокат,ШВЕЛЛЕР,40,Швеллер 40,"Швеллер 40, сталь Ст3",,145490,т,1,0,0,https://www.kavstal.ru/public/assets/images/products/SORTOVOI_PROKAT/SHVELLER/img.webp,сортовой прокат;швеллер;40,40,,ГОСТ 8240-97,т
Сортовой прокат,ШВЕЛЛЕР,40,Швеллер 40,"Швеллер 40, сталь Ст3",,145990,т,1,0,0,https://www.kavstal.ru/public/assets/images/products/SORTOVOI_PROKAT/SHVELLER/img.webp,сортовой прокат;швеллер;40,40,,ГОСТ 8240-97,т
Сортовой прокат,ШВЕЛЛЕР,40,Швеллер 40,"Швеллер 40, сталь Ст3",,163290,т,1,0,0,https://www.kavstal.ru/public/assets/images/products/SORTOVOI_PROKAT/SHVELLER/img.webp,сортовой прокат;швеллер;40,40,,ГОСТ 8240-97,т
Сортовой прокат,ШВЕЛЛЕР,40,Швеллер 40,"Швеллер 40, сталь Ст3",,163990,т,1,0,0,https://www.kavstal.ru/public/assets/images/products/SORTOVOI_PROKAT/SHVELLER/img.webp,сортовой прокат;швеллер;40,40,,ГОСТ 8240-97,т
Сортовой прокат,ШВЕЛЛЕР,5,Швеллер 5,"Швеллер 5, сталь Ст3",,57490,т,1,0,0,https://www.kavstal.ru/public/assets/images/products/SORTOVOI_PROKAT/SHVELLER/img.webp,сортовой прокат;швеллер;5,5,,ГОСТ 8240-97,т
Сортовой прокат,ШВЕЛЛЕР,5,Швеллер 5,"Швеллер 5, сталь Ст3",,81490,т,1,0,0,https://www.kavstal.ru/public/assets/images/products/SORTOVOI_PROKAT/SHVELLER/img.webp,сортовой прокат;швеллер;5,5,,ГОСТ 8240-97,т
Сортовой прокат,ШВЕЛЛЕР,5,Швеллер 5,"Швеллер 5, сталь Ст3",,81990,т,1,0,0,https://www.kavstal.ru/public/assets/images/products/SORTOVOI_PROKAT/SHVELLER/img.webp,сортовой прокат;швеллер;5,5,,ГОСТ 8240-97,т
Сортовой прокат,ШВЕЛЛЕР,5 6м,Швеллер 5,"Швеллер 5, сталь Ст3",,57490,т,1,0,0,https://www.kavstal.ru/public/assets/images/products/SORTOVOI_PROKAT/SHVELLER/img.webp,сортовой прокат;швеллер;5 6м,5 6м,,ГОСТ 8240-97,т
Сортовой прокат,ШВЕЛЛЕР,5 6м,Швеллер 5,"Швеллер 5, сталь Ст3",,79490,т,1,0,0,https://www.kavstal.ru/public/assets/images/products/SORTOVOI_PROKAT/SHVELLER/img.webp,сортовой прокат;швеллер;5 6м,5 6м,,ГОСТ 8240-97,т
Сортовой прокат,ШВЕЛЛЕР,5 6м,Швеллер 5,"Швеллер 5, сталь Ст3",,79990,т,1,0,0,https://www.kavstal.ru/public/assets/images/products/SORTOVOI_PROKAT/SHVELLER/img.webp,сортовой прокат;швеллер;5 6м,5 6м,,ГОСТ 8240-97,т
Сортовой прокат,ШВЕЛЛЕР,6.5,Швеллер 6,"Швеллер 6, сталь Ст3",,53790,т,1,0,0,https://www.kavstal.ru/public/assets/images/products/SORTOVOI_PROKAT/SHVELLER/img.webp,сортовой прокат;швеллер;6.5,6.5,,ГОСТ 8240-97,т
Сортовой прокат,ШВЕЛЛЕР,6.5,Швеллер 6,"Швеллер 6, сталь Ст3",,67290,т,1,0,0,https://www.kavstal.ru/public/assets/images/products/SORTOVOI_PROKAT/SHVELLER/img.webp,сортовой прокат;швеллер;6.5,6.5,,ГОСТ 8240-97,т
Сортовой прокат,ШВЕЛЛЕР,6.5,Швеллер 6,"Швеллер 6, сталь Ст3",,67490,т,1,0,0,https://www.kavstal.ru/public/assets/images/products/SORTOVOI_PROKAT/SHVELLER/img.webp,сортовой прокат;швеллер;6.5,6.5,,ГОСТ 8240-97,т
Сортовой прокат,ШВЕЛЛЕР,6.5,Швеллер 6,"Швеллер 6, сталь Ст3",,67990,т,1,0,0,https://www.kavstal.ru/public/assets/images/products/SORTOVOI_PROKAT/SHVELLER/img.webp,сортовой прокат;швеллер;6.5,6.5,,ГОСТ 8240-97,т
Сортовой прокат,ШВЕЛЛЕР,6.5 6м,Швеллер 6,"Швеллер 6, сталь Ст3",,52290,т,1,0,0,https://www.kavstal.ru/public/assets/images/products/SORTOVOI_PROKAT/SHVELLER/img.webp,сортовой прокат;швеллер;6.5 6м,6.5 6м,,ГОСТ 8240-97,т
Сортовой прокат,ШВЕЛЛЕР,6.5 6м,Швеллер 6,"Швеллер 6, сталь Ст3",,52790,т,1,0,0,https://www.kavstal.ru/public/assets/images/products/SORTOVOI_PROKAT/SHVELLER/img.webp,сортовой прокат;швеллер;6.5 6м,6.5 6м,,ГОСТ 8240-97,т
Сортовой прокат,ШВЕЛЛЕР,6.5 6м,Швеллер 6,"Швеллер 6, сталь Ст3",,67290,т,1,0,0,https://www.kavstal.ru/public/assets/images/products/SORTOVOI_PROKAT/SHVELLER/img.webp,сортовой прокат;швеллер;6.5 6м,6.5 6м,,ГОСТ 8240-97,т
Сортовой прокат,ШВЕЛЛЕР,6.5 6м,Швеллер 6,"Швеллер 6, сталь Ст3",,67490,т,1,0,0,https://www.kavstal.ru/public/assets/images/products/SORTOVOI_PROKAT/SHVELLER/img.webp,сортовой прокат;швеллер;6.5 6м,6.5 6м,,ГОСТ 8240-97,т
Сортовой прокат,ШВЕЛЛЕР,6.5 6м,Швеллер 6,"Швеллер 6, сталь Ст3",,67990,т,1,0,0,https://www.kavstal.ru/public/assets/images/products/SORTOVOI_PROKAT/SHVELLER/img.webp,сортовой прокат;швеллер;6.5 6м,6.5 6м,,ГОСТ 8240-97,т
Сортовой прокат,ШВЕЛЛЕР,8,Швеллер 8,"Швеллер 8, сталь Ст3",,53290,т,1,0,0,https://www.kavstal.ru/public/assets/images/products/SORTOVOI_PROKAT/SHVELLER/img.webp,сортовой прокат;швеллер;8,8,,ГОСТ 8240-97,т
Сортовой прокат,ШВЕЛЛЕР,8,Швеллер 8,"Швеллер 8, сталь Ст3",,53490,т,1,0,0,https://www.kavstal.ru/public/assets/images/products/SORTOVOI_PROKAT/SHVELLER/img.webp,сортовой прокат;швеллер;8,8,,ГОСТ 8240-97,т
Сортовой прокат,ШВЕЛЛЕР,8,Швеллер 8,"Швеллер 8, сталь Ст3",,53990,т,1,0,0,https://www.kavstal.ru/public/assets/images/products/SORTOVOI_PROKAT/SHVELLER/img.webp,сортовой прокат;швеллер;8,8,,ГОСТ 8240-97,т
Сортовой прокат,ШВЕЛЛЕР,8 6м,Швеллер 8,"Швеллер 8, сталь Ст3",,52290,т,1,0,0,https://www.kavstal.ru/public/assets/images/products/SORTOVOI_PROKAT/SHVELLER/img.webp,сортовой прокат;швеллер;8 6м,8 6м,,ГОСТ 8240-97,т
Сортовой прокат,ШВЕЛЛЕР,8 6м,Швеллер 8,"Швеллер 8, сталь Ст3",,52490,т,1,0,0,https://www.kavstal.ru/public/assets/images/products/SORTOVOI_PROKAT/SHVELLER/img.webp,сортовой прокат;швеллер;8 6м,8 6м,,ГОСТ 8240-97,т
Сортовой прокат,ШВЕЛЛЕР,8 6м,Швеллер 8,"Швеллер 8, сталь Ст3",,52990,т,1,0,0,https://www.kavstal.ru/public/assets/images/products/SORTOVOI_PROKAT/SHVELLER/img.webp,сортовой прокат;швеллер;8 6м,8 6м,,ГОСТ 8240-97,т
Сортовой прокат,ШВЕЛЛЕР,8 6м,Швеллер 8,"Швеллер 8, сталь Ст3",,53990,т,1,0,0,https://www.kavstal.ru/public/assets/images/products/SORTOVOI_PROKAT/SHVELLER/img.webp,сортовой прокат;швеллер;8 6м,8 6м,,ГОСТ 8240-97,т
Сортовой прокат,БАЛКИ ДВУТАВРОВЫЕ НИЗКОЛЕГ,14,Балка двутавровая 14Б2 низколегированная,"Балка двутавровая 14Б2 низколегированная, сталь Ст3",2,106990,т,1,0,0,https://www.kavstal.ru/public/assets/images/products/SORTOVOI_PROKAT/BALKI_DVUTAVROVYE_NIZKOLEG/img.jpg,сортовой прокат;балки двутавровые низколег;14;2;балка;двутавровая;14б2;низколегированная,14,Б2,ГОСТ 19425-89,т
Сортовой прокат,ШВЕЛЛЕР НИЗКОЛЕГИР,10,Швеллер 10 низколегированный,"Швеллер 10 низколегированный, сталь Ст3",,61990,т,1,0,0,https://www.kavstal.ru/public/assets/images/products/SORTOVOI_PROKAT/SHVELLER_NIZKOLEGIR/img.webp,сортовой прокат;швеллер низколегир;10;швеллер;низколегированный,10,,ГОСТ 8240-97,т
Сортовой прокат,ШВЕЛЛЕР НИЗКОЛЕГИР,10,Швеллер 10 низколегированный,"Швеллер 10 низколегированный, сталь Ст3",,64990,т,1,0,0,https://www.kavstal.ru/public/assets/images/products/SORTOVOI_PROKAT/SHVELLER_NIZKOLEGIR/img.webp,сортовой прокат;швеллер низколегир;10;швеллер;низколегированный,10,,ГОСТ 8240-97,т
Сортовой прокат,ШВЕЛЛЕР НИЗКОЛЕГИР,12,Швеллер 12 низколегированный,"Швеллер 12 низколегированный, сталь Ст3",,66490,т,1,0,0,https://www.kavstal.ru/public/assets/images/products/SORTOVOI_PROKAT/SHVELLER_NIZKOLEGIR/img.webp,сортовой прокат;швеллер низколегир;12;швеллер;низколегированный,12,,ГОСТ 8240-97,т
Сортовой прокат,ШВЕЛЛЕР НИЗКОЛЕГИР,12,Швеллер 12 низколегированный,"Швеллер 12 низколегированный, сталь Ст3",,67990,т,1,0,0,https://www.kavstal.ru/public/assets/images/products/SORTOVOI_PROKAT/SHVELLER_NIZKOLEGIR/img.webp,сортовой прокат;швеллер низколегир;12;швеллер;низколегированный,12,,ГОСТ 8240-97,т
Сортовой прокат,ШВЕЛЛЕР НИЗКОЛЕГИР,14,Швеллер 14 низколегированный,"Швеллер 14 низколегированный, сталь Ст3",,63990,т,1,0,0,https://www.kavstal.ru/public/assets/images/products/SORTOVOI_PROKAT/SHVELLER_NIZKOLEGIR/img.webp,сортовой прокат;швеллер низколегир;14;швеллер;низколегированный,14,,ГОСТ 8240-97,т
Сортовой прокат,ШВЕЛЛЕР НИЗКОЛЕГИР,14,Швеллер 14 низколегированный,"Швеллер 14 низколегированный, сталь Ст3",,69490,т,1,0,0,https://www.kavstal.ru/public/assets/images/products/SORTOVOI_PROKAT/SHVELLER_NIZKOLEGIR/img.webp,сортовой прокат;швеллер низколегир;14;швеллер;низколегированный,14,,ГОСТ 8240-97,т
Сортовой прокат,ШВЕЛЛЕР НИЗКОЛЕГИР,16,Швеллер 16 низколегированный,"Швеллер 16 низколегированный, сталь Ст3",,64490,т,1,0,0,https://www.kavstal.ru/public/assets/images/products/SORTOVOI_PROKAT/SHVELLER_NIZKOLEGIR/img.webp,сортовой прокат;швеллер низколегир;16;швеллер;низколегированный,16,,ГОСТ 8240-97,т
Сортовой прокат,ШВЕЛЛЕР НИЗКОЛЕГИР,16,Швеллер 16 низколегированный,"Швеллер 16 низколегированный, сталь Ст3",,65990,т,1,0,0,https://www.kavstal.ru/public/assets/images/products/SORTOVOI_PROKAT/SHVELLER_NIZKOLEGIR/img.webp,сортовой прокат;швеллер низколегир;16;швеллер;низколегированный,16,,ГОСТ 8240-97,т
Сортовой прокат,ШВЕЛЛЕР НИЗКОЛЕГИР,18,Швеллер 18 низколегированный,"Швеллер 18 низколегированный, сталь Ст3",,70990,т,1,0,0,https://www.kavstal.ru/public/assets/images/products/SORTOVOI_PROKAT/SHVELLER_NIZKOLEGIR/img.webp,сортовой прокат;швеллер низколегир;18;швеллер;низколегированный,18,,ГОСТ 8240-97,т
Сортовой прокат,ШВЕЛЛЕР НИЗКОЛЕГИР,18,Швеллер 18 низколегированный,"Швеллер 18 низколегированный, сталь Ст3",,74990,т,1,0,0,https://www.kavstal.ru/public/assets/images/products/SORTOVOI_PROKAT/SHVELLER_NIZKOLEGIR/img.webp,сортовой прокат;швеллер низколегир;18;швеллер;низколегированный,18,,ГОСТ 8240-97,т
Сортовой прокат,ШВЕЛЛЕР НИЗКОЛЕГИР,20,Швеллер 20 низколегированный,"Швеллер 20 низколегированный, сталь Ст3",,115990,т,1,0,0,https://www.kavstal.ru/public/assets/images/products/SORTOVOI_PROKAT/SHVELLER_NIZKOLEGIR/img.webp,сортовой прокат;швеллер низколегир;20;швеллер;низколегированный,20,,ГОСТ 8240-97,т
Сортовой прокат,ШВЕЛЛЕР НИЗКОЛЕГИР,20,Швеллер 20 низколегированный,"Швеллер 20 низколегированный, сталь Ст3",,123990,т,1,0,0,https://www.kavstal.ru/public/assets/images/products/SORTOVOI_PROKAT/SHVELLER_NIZKOLEGIR/img.webp,сортовой прокат;швеллер низколегир;20;швеллер;низколегированный,20,,ГОСТ 8240-97,т
Сортовой прокат,ШВЕЛЛЕР НИЗКОЛЕГИР,22,Швеллер 22 низколегированный,"Швеллер 22 низколегированный, сталь Ст3",,119990,т,1,0,0,https://www.kavstal.ru/public/assets/images/products/SORTOVOI_PROKAT/SHVELLER_NIZKOLEGIR/img.webp,сортовой прокат;швеллер низколегир;22;швеллер;низколегированный,22,,ГОСТ 8240-97,т
Сортовой прокат,ШВЕЛЛЕР НИЗКОЛЕГИР,24,Швеллер 24 низколегированный,"Швеллер 24 низколегированный, сталь Ст3",,109990,т,1,0,0,https://www.kavstal.ru/public/assets/images/products/SORTOVOI_PROKAT/SHVELLER_NIZKOLEGIR/img.webp,сортовой прокат;швеллер низколегир;24;швеллер;низколегированный,24,,ГОСТ 8240-97,т
Сортовой прокат,ШВЕЛЛЕР НИЗКОЛЕГИР,27,Швеллер 27 низколегированный,"Швеллер 27 низколегированный, сталь Ст3",,131650,т,1,0,0,https://www.kavstal.ru/public/assets/images/products/SORTOVOI_PROKAT/SHVELLER_NIZKOLEGIR/img.webp,сортовой прокат;швеллер низколегир;27;швеллер;низколегированный,27,,ГОСТ 8240-97,т
Сортовой прокат,ШВЕЛЛЕР НИЗКОЛЕГИР,27,Швеллер 27 низколегированный,"Швеллер 27 низколегированный, сталь Ст3",,134999,т,1,0,0,https://www.kavstal.ru/public/assets/images/products/SORTOVOI_PROKAT/SHVELLER_NIZKOLEGIR/img.webp,сортовой прокат;швеллер низколегир;27;швеллер;низколегированный,27,,ГОСТ 8240-97,т
Сортовой прокат,ШВЕЛЛЕР НИЗКОЛЕГИР,30,Швеллер 30 низколегированный,"Швеллер 30 низколегированный, сталь Ст3",,129990,т,1,0,0,https://www.kavstal.ru/public/assets/images/products/SORTOVOI_PROKAT/SHVELLER_NIZKOLEGIR/img.webp,сортовой прокат;швеллер низколегир;30;швеллер;низколегированный,30,,ГОСТ 8240-97,т
Сортовой прокат,ШВЕЛЛЕР НИЗКОЛЕГИР,30,Швеллер 30 низколегированный,"Швеллер 30 низколегированный, сталь Ст3",,134990,т,1,0,0,https://www.kavstal.ru/public/assets/images/products/SORTOVOI_PROKAT/SHVELLER_NIZKOLEGIR/img.webp,сортовой прокат;швеллер низколегир;30;швеллер;низколегированный,30,,ГОСТ 8240-97,т
Сортовой прокат,ШВЕЛЛЕР НИЗКОЛЕГИР,40,Швеллер 40 низколегированный,"Швеллер 40 низколегированный, сталь Ст3",,152990,т,1,0,0,https://www.kavstal.ru/public/assets/images/products/SORTOVOI_PROKAT/SHVELLER_NIZKOLEGIR/img.webp,сортовой прокат;швеллер низколегир;40;швеллер;низколегированный,40,,ГОСТ 8240-97,т
Сортовой прокат,ШВЕЛЛЕР НИЗКОЛЕГИР,40,Швеллер 40 низколегированный,"Швеллер 40 низколегированный, сталь Ст3",,169990,т,1,0,0,https://www.kavstal.ru/public/assets/images/products/SORTOVOI_PROKAT/SHVELLER_NIZKOLEGIR/img.webp,сортовой прокат;швеллер низколегир;40;швеллер;низколегированный,40,,ГОСТ 8240-97,т
Сортовой прокат,ШВЕЛЛЕР НИЗКОЛЕГИР,8,Швеллер 8 низколегированный,"Швеллер 8 низколегированный, сталь Ст3",,59490,т,1,0,0,https://www.kavstal.ru/public/assets/images/products/SORTOVOI_PROKAT/SHVELLER_NIZKOLEGIR/img.webp,сортовой прокат;швеллер низколегир;8;швеллер;низколегированный,8,,ГОСТ 8240-97,т
Сортовой прокат,ШВЕЛЛЕР НИЗКОЛЕГИР,8,Швеллер 8 низколегированный,"Швеллер 8 низколегированный, сталь Ст3",,62490,т,1,0,0,https://www.kavstal.ru/public/assets/images/products/SORTOVOI_PROKAT/SHVELLER_NIZKOLEGIR/img.webp,сортовой прокат;швеллер низколегир;8;швеллер;низколегированный,8,,ГОСТ 8240-97,т
Сортовой прокат,ШВЕЛЛЕР ГНУТЫЙ,50x40,Швеллер гнутый 50x40x3 мм,"Швеллер гнутый 50x40x3 мм, сталь Ст3",3,63990,теор.т,1,0,0,https://www.kavstal.ru/public/assets/images/products/SORTOVOI_PROKAT/SHVELLER_GNUTYI/img.jpg,сортовой прокат;швеллер гнутый;50x40;3;швеллер;гнутый;50x40x3;мм,50x40,3,ГОСТ 8278-83,теор.т
Сортовой прокат,ШВЕЛЛЕР ГНУТЫЙ,60x32,"Швеллер гнутый 60x32x2,5 мм","Швеллер гнутый 60x32x2,5 мм, сталь Ст3",2,63990,теор.т,1,0,0,https://www.kavstal.ru/public/assets/images/products/SORTOVOI_PROKAT/SHVELLER_GNUTYI/img.jpg,сортовой прокат;швеллер гнутый;60x32;2;5;3;швеллер;гнутый;60x32x2;мм,60x32,"2,5 ; 3",ГОСТ 8278-83,теор.т
Сортовой прокат,ШВЕЛЛЕР ГНУТЫЙ,60x32,Швеллер гнутый 60x32x4 мм,"Швеллер гнутый 60x32x4 мм, сталь Ст3",4,62990,теор.т,1,0,0,https://www.kavstal.ru/public/assets/images/products/SORTOVOI_PROKAT/SHVELLER_GNUTYI/img.jpg,сортовой прокат;швеллер гнутый;60x32;4;швеллер;гнутый;60x32x4;мм,60x32,4,ГОСТ 8278-83,теор.т
Сортовой прокат,ШВЕЛЛЕР ГНУТЫЙ,60x50,Швеллер гнутый 60x50x3 мм,"Швеллер гнутый 60x50x3 мм, сталь Ст3",3,61990,теор.т,1,0,0,https://www.kavstal.ru/public/assets/images/products/SORTOVOI_PROKAT/SHVELLER_GNUTYI/img.jpg,сортовой прокат;швеллер гнутый;60x50;3;швеллер;гнутый;60x50x3;мм,60x50,3,ГОСТ 8278-83,теор.т
Сортовой прокат,ШВЕЛЛЕР ГНУТЫЙ,80x32,Швеллер гнутый 80x32x4 мм,"Швеллер гнутый 80x32x4 мм, сталь Ст3",4,61990,теор.т,1,0,0,https://www.kavstal.ru/public/assets/images/products/SORTOVOI_PROKAT/SHVELLER_GNUTYI/img.jpg,сортовой прокат;швеллер гнутый;80x32;4;швеллер;гнутый;80x32x4;мм,80x32,4,ГОСТ 8278-83,теор.т
Сортовой прокат,ШВЕЛЛЕР ГНУТЫЙ,80x40,Швеллер гнутый 80x40x3 мм,"Швеллер гнутый 80x40x3 мм, сталь Ст3",3,61990,теор.т,1,0,0,https://www.kavstal.ru/public/assets/images/products/SORTOVOI_PROKAT/SHVELLER_GNUTYI/img.jpg,сортовой прокат;швеллер гнутый;80x40;3;швеллер;гнутый;80x40x3;мм,80x40,3,ГОСТ 8278-83,теор.т
Сортовой прокат,ШВЕЛЛЕР ГНУТЫЙ,80x50,Швеллер гнутый 80x50x4 мм,"Швеллер гнутый 80x50x4 мм, сталь Ст3",4,61990,т,1,0,0,https://www.kavstal.ru/public/assets/images/products/SORTOVOI_PROKAT/SHVELLER_GNUTYI/img.jpg,сортовой прокат;швеллер гнутый;80x50;4;швеллер;гнутый;80x50x4;мм,80x50,4,ГОСТ 8278-83,т
Сортовой прокат,ШВЕЛЛЕР ГНУТЫЙ,80x60,Швеллер гнутый 80x60x3 мм,"Швеллер гнутый 80x60x3 мм, сталь Ст3",3,61990,теор.т,1,0,0,https://www.kavstal.ru/public/assets/images/products/SORTOVOI_PROKAT/SHVELLER_GNUTYI/img.jpg,сортовой прокат;швеллер гнутый;80x60;3;4;швеллер;гнутый;80x60x3;мм,80x60,3 ; 4,ГОСТ 8278-83,теор.т
Сортовой прокат,ШВЕЛЛЕР ГНУТЫЙ,100x50,Швеллер гнутый 100x50x3 мм,"Швеллер гнутый 100x50x3 мм, сталь Ст3",3,59990,теор.т,1,0,0,https://www.kavstal.ru/public/assets/images/products/SORTOVOI_PROKAT/SHVELLER_GNUTYI/img.jpg,сортовой прокат;швеллер гнутый;100x50;3;швеллер;гнутый;100x50x3;мм,100x50,3,ГОСТ 8278-83,теор.т
Сортовой прокат,ШВЕЛЛЕР ГНУТЫЙ,100x50,Швеллер гнутый 100x50x4 мм,"Швеллер гнутый 100x50x4 мм, сталь Ст3",4,63990,т,1,0,0,https://www.kavstal.ru/public/assets/images/products/SORTOVOI_PROKAT/SHVELLER_GNUTYI/img.jpg,сортовой прокат;швеллер гнутый;100x50;4;швеллер;гнутый;100x50x4;мм,100x50,4,ГОСТ 8278-83,т
Сортовой прокат,ШВЕЛЛЕР ГНУТЫЙ,100x50,Швеллер гнутый 100x50x4 мм,"Швеллер гнутый 100x50x4 мм, сталь Ст3",4,59990,теор.т,1,0,0,https://www.kavstal.ru/public/assets/images/products/SORTOVOI_PROKAT/SHVELLER_GNUTYI/img.jpg,сортовой прокат;швеллер гнутый;100x50;4;5;швеллер;гнутый;100x50x4;мм,100x50,4 ; 5,ГОСТ 8278-83,теор.т
Сортовой прокат,ШВЕЛЛЕР ГНУТЫЙ,120x50,Швеллер гнутый 120x50x3 мм,"Швеллер гнутый 120x50x3 мм, сталь Ст3",3,59990,т,1,0,0,https://www.kavstal.ru/public/assets/images/products/SORTOVOI_PROKAT/SHVELLER_GNUTYI/img.jpg,сортовой прокат;швеллер гнутый;120x50;3;швеллер;гнутый;120x50x3;мм,120x50,3,ГОСТ 8278-83,т
Сортовой прокат,ШВЕЛЛЕР ГНУТЫЙ,120x50,Швеллер гнутый 120x50x3 мм,"Швеллер гнутый 120x50x3 мм, сталь Ст3",3,63990,теор.т,1,0,0,https://www.kavstal.ru/public/assets/images/products/SORTOVOI_PROKAT/SHVELLER_GNUTYI/img.jpg,сортовой прокат;швеллер гнутый;120x50;3;швеллер;гнутый;120x50x3;мм,120x50,3,ГОСТ 8278-83,теор.т
Сортовой прокат,ШВЕЛЛЕР ГНУТЫЙ,120x60,Швеллер гнутый 120x60x4 мм,"Швеллер гнутый 120x60x4 мм, сталь Ст3",4,64990,теор.т,1,0,0,https://www.kavstal.ru/public/assets/images/products/SORTOVOI_PROKAT/SHVELLER_GNUTYI/img.jpg,сортовой прокат;швеллер гнутый;120x60;4;швеллер;гнутый;120x60x4;мм,120x60,4,ГОСТ 8278-83,теор.т
Сортовой прокат,ШВЕЛЛЕР ГНУТЫЙ,120x60,Швеллер гнутый 120x60x6 мм,"Швеллер гнутый 120x60x6 мм, сталь Ст3",6,63990,теор.т,1,0,0,https://www.kavstal.ru/public/assets/images/products/SORTOVOI_PROKAT/SHVELLER_GNUTYI/img.jpg,сортовой прокат;швеллер гнутый;120x60;6;швеллер;гнутый;120x60x6;мм,120x60,6,ГОСТ 8278-83,теор.т
Сортовой прокат,ШВЕЛЛЕР ГНУТЫЙ,120x80,Швеллер гнутый 120x80x4 мм,"Швеллер гнутый 120x80x4 мм, сталь Ст3",4,63990,теор.т,1,0,0,https://www.kavstal.ru/public/assets/images/products/SORTOVOI_PROKAT/SHVELLER_GNUTYI/img.jpg,сортовой прокат;швеллер гнутый;120x80;4;5;швеллер;гнутый;120x80x4;мм,120x80,4 ; 5,ГОСТ 8278-83,теор.т
Сортовой прокат,ШВЕЛЛЕР ГНУТЫЙ,140x50,Швеллер гнутый 140x50x4 мм,"Швеллер гнутый 140x50x4 мм, сталь Ст3",4,61990,теор.т,1,0,0,https://www.kavstal.ru/public/assets/images/products/SORTOVOI_PROKAT/SHVELLER_GNUTYI/img.jpg,сортовой прокат;швеллер гнутый;140x50;4;швеллер;гнутый;140x50x4;мм,140x50,4,ГОСТ 8278-83,теор.т
Сортовой прокат,ШВЕЛЛЕР ГНУТЫЙ,140x60,Швеллер гнутый 140x60x4 мм,"Швеллер гнутый 140x60x4 мм, сталь Ст3",4,59990,теор.т,1,0,0,https://www.kavstal.ru/public/assets/images/products/SORTOVOI_PROKAT/SHVELLER_GNUTYI/img.jpg,сортовой прокат;швеллер гнутый;140x60;4;5;6;швеллер;гнутый;140x60x4;мм,140x60,4 ; 5; 5; 6,ГОСТ 8278-83,теор.т
Сортовой прокат,ШВЕЛЛЕР ГНУТЫЙ,160x50,Швеллер гнутый 160x50x4 мм,"Швеллер гнутый 160x50x4 мм, сталь Ст3",4,62990,теор.т,1,0,0,https://www.kavstal.ru/public/assets/images/products/SORTOVOI_PROKAT/SHVELLER_GNUTYI/img.jpg,сортовой прокат;швеллер гнутый;160x50;4;швеллер;гнутый;160x50x4;мм,160x50,4,ГОСТ 8278-83,теор.т
Сортовой прокат,ШВЕЛЛЕР ГНУТЫЙ,160x60,Швеллер гнутый 160x60x4 мм,"Швеллер гнутый 160x60x4 мм, сталь Ст3",4,59990,теор.т,1,0,0,https://www.kavstal.ru/public/assets/images/products/SORTOVOI_PROKAT/SHVELLER_GNUTYI/img.jpg,сортовой прокат;швеллер гнутый;160x60;4;швеллер;гнутый;160x60x4;мм,160x60,4,ГОСТ 8278-83,теор.т
Сортовой прокат,ШВЕЛЛЕР ГНУТЫЙ,160x60,Швеллер гнутый 160x60x5 мм,"Швеллер гнутый 160x60x5 мм, сталь Ст3",5,63990,теор.т,1,0,0,https://www.kavstal.ru/public/assets/images/products/SORTOVOI_PROKAT/SHVELLER_GNUTYI/img.jpg,сортовой прокат;швеллер гнутый;160x60;5;швеллер;гнутый;160x60x5;мм,160x60,5,ГОСТ 8278-83,теор.т
Сортовой прокат,ШВЕЛЛЕР ГНУТЫЙ,160x60,Швеллер гнутый 160x60x6 мм,"Швеллер гнутый 160x60x6 мм, сталь Ст3",6,59990,т,1,0,0,https://www.kavstal.ru/public/assets/images/products/SORTOVOI_PROKAT/SHVELLER_GNUTYI/img.jpg,сортовой прокат;швеллер гнутый;160x60;6;швеллер;гнутый;160x60x6;мм,160x60,6,ГОСТ 8278-83,т
Сортовой прокат,ШВЕЛЛЕР ГНУТЫЙ,160x80,Швеллер гнутый 160x80x4 мм,"Швеллер гнутый 160x80x4 мм, сталь Ст3",4,60990,т,1,0,0,https://www.kavstal.ru/public/assets/images/products/SORTOVOI_PROKAT/SHVELLER_GNUTYI/img.jpg,сортовой прокат;швеллер гнутый;160x80;4;швеллер;гнутый;160x80x4;мм,160x80,4,ГОСТ 8278-83,т
Сортовой прокат,ШВЕЛЛЕР ГНУТЫЙ,160x80,Швеллер гнутый 160x80x4 мм,"Швеллер гнутый 160x80x4 мм, сталь Ст3",4,59990,теор.т,1,0,0,https://www.kavstal.ru/public/assets/images/products/SORTOVOI_PROKAT/SHVELLER_GNUTYI/img.jpg,сортовой прокат;швеллер гнутый;160x80;4;5;6;швеллер;гнутый;160x80x4;мм,160x80,4 ; 5; 6,ГОСТ 8278-83,теор.т
Сортовой прокат,ШВЕЛЛЕР ГНУТЫЙ,180x50,Швеллер гнутый 180x50x4 мм,"Швеллер гнутый 180x50x4 мм, сталь Ст3",4,59990,теор.т,1,0,0,https://www.kavstal.ru/public/assets/images/products/SORTOVOI_PROKAT/SHVELLER_GNUTYI/img.jpg,сортовой прокат;швеллер гнутый;180x50;4;швеллер;гнутый;180x50x4;мм,180x50,4,ГОСТ 8278-83,теор.т
Сортовой прокат,ШВЕЛЛЕР ГНУТЫЙ,180x60,Швеллер гнутый 180x60x4 мм,"Швеллер гнутый 180x60x4 мм, сталь Ст3",4,59990,т,1,0,0,https://www.kavstal.ru/public/assets/images/products/SORTOVOI_PROKAT/SHVELLER_GNUTYI/img.jpg,сортовой прокат;швеллер гнутый;180x60;4;швеллер;гнутый;180x60x4;мм,180x60,4,ГОСТ 8278-83,т
Сортовой прокат,ШВЕЛЛЕР ГНУТЫЙ,180x60,Швеллер гнутый 180x60x5 мм,"Швеллер гнутый 180x60x5 мм, сталь Ст3",5,62990,теор.т,1,0,0,https://www.kavstal.ru/public/assets/images/products/SORTOVOI_PROKAT/SHVELLER_GNUTYI/img.jpg,сортовой прокат;швеллер гнутый;180x60;5;швеллер;гнутый;180x60x5;мм,180x60,5,ГОСТ 8278-83,теор.т
Сортовой прокат,ШВЕЛЛЕР ГНУТЫЙ,180x70,Швеллер гнутый 180x70x5 мм,"Швеллер гнутый 180x70x5 мм, сталь Ст3",5,62990,теор.т,1,0,0,https://www.kavstal.ru/public/assets/images/products/SORTOVOI_PROKAT/SHVELLER_GNUTYI/img.jpg,сортовой прокат;швеллер гнутый;180x70;5;швеллер;гнутый;180x70x5;мм,180x70,5,ГОСТ 8278-83,теор.т
Сортовой прокат,ШВЕЛЛЕР ГНУТЫЙ,180x70,Швеллер гнутый 180x70x6 мм,"Швеллер гнутый 180x70x6 мм, сталь Ст3",6,57490,т,1,0,0,https://www.kavstal.ru/public/assets/images/products/SORTOVOI_PROKAT/SHVELLER_GNUTYI/img.jpg,сортовой прокат;швеллер гнутый;180x70;6;швеллер;гнутый;180x70x6;мм,180x70,6,ГОСТ 8278-83,т
Сортовой прокат,ШВЕЛЛЕР ГНУТЫЙ,180x70,Швеллер гнутый 180x70x6 мм,"Швеллер гнутый 180x70x6 мм, сталь Ст3",6,62990,теор.т,1,0,0,https://www.kavstal.ru/public/assets/images/products/SORTOVOI_PROKAT/SHVELLER_GNUTYI/img.jpg,сортовой прокат;швеллер гнутый;180x70;6;швеллер;гнутый;180x70x6;мм,180x70,6,ГОСТ 8278-83,теор.т
Сортовой прокат,ШВЕЛЛЕР ГНУТЫЙ,180x80,Швеллер гнутый 180x80x5 мм,"Швеллер гнутый 180x80x5 мм, сталь Ст3",5,62990,теор.т,1,0,0,https://www.kavstal.ru/public/assets/images/products/SORTOVOI_PROKAT/SHVELLER_GNUTYI/img.jpg,сортовой прокат;швеллер гнутый;180x80;5;швеллер;гнутый;180x80x5;мм,180x80,5,ГОСТ 8278-83,теор.т
Сортовой прокат,ШВЕЛЛЕР ГНУТЫЙ,200x100,Швеллер гнутый 200x100x5 мм,"Швеллер гнутый 200x100x5 мм, сталь Ст3",5,68990,теор.т,1,0,0,https://www.kavstal.ru/public/assets/images/products/SORTOVOI_PROKAT/SHVELLER_GNUTYI/img.jpg,сортовой прокат;швеллер гнутый;200x100;5;швеллер;гнутый;200x100x5;мм,200x100,5,ГОСТ 8278-83,теор.т
Сортовой прокат,ШВЕЛЛЕР ГНУТЫЙ,200x100,Швеллер гнутый 200x100x6 мм,"Швеллер гнутый 200x100x6 мм, сталь Ст3",6,63990,т,1,0,0,https://www.kavstal.ru/public/assets/images/products/SORTOVOI_PROKAT/SHVELLER_GNUTYI/img.jpg,сортовой прокат;швеллер гнутый;200x100;6;швеллер;гнутый;200x100x6;мм,200x100,6,ГОСТ 8278-83,т
Сортовой прокат,ШВЕЛЛЕР ГНУТЫЙ,200x100,Швеллер гнутый 200x100x6 мм,"Швеллер гнутый 200x100x6 мм, сталь Ст3",6,68990,теор.т,1,0,0,https://www.kavstal.ru/public/assets/images/products/SORTOVOI_PROKAT/SHVELLER_GNUTYI/img.jpg,сортовой прокат;швеллер гнутый;200x100;6;швеллер;гнутый;200x100x6;мм,200x100,6,ГОСТ 8278-83,теор.т
Сортовой прокат,ШВЕЛЛЕР ГНУТЫЙ,200x50,Швеллер гнутый 200x50x3 мм,"Швеллер гнутый 200x50x3 мм, сталь Ст3",3,64490,т,1,0,0,https://www.kavstal.ru/public/assets/images/products/SORTOVOI_PROKAT/SHVELLER_GNUTYI/img.jpg,сортовой прокат;швеллер гнутый;200x50;3;швеллер;гнутый;200x50x3;мм,200x50,3,ГОСТ 8278-83,т
Сортовой прокат,ШВЕЛЛЕР ГНУТЫЙ,200x80,Швеллер гнутый 200x80x4 мм,"Швеллер гнутый 200x80x4 мм, сталь Ст3",4,62990,теор.т,1,0,0,https://www.kavstal.ru/public/assets/images/products/SORTOVOI_PROKAT/SHVELLER_GNUTYI/img.jpg,сортовой прокат;швеллер гнутый;200x80;4;5;швеллер;гнутый;200x80x4;мм,200x80,4 ; 5; 5,ГОСТ 8278-83,теор.т
Сортовой прокат,ШВЕЛЛЕР ГНУТЫЙ,200x80,Швеллер гнутый 200x80x6 мм,"Швеллер гнутый 200x80x6 мм, сталь Ст3",6,69990,теор.т,1,0,0,https://www.kavstal.ru/public/assets/images/products/SORTOVOI_PROKAT/SHVELLER_GNUTYI/img.jpg,сортовой прокат;швеллер гнутый;200x80;6;швеллер;гнутый;200x80x6;мм,200x80,6,ГОСТ 8278-83,теор.т
Сортовой прокат,ШВЕЛЛЕР ГНУТЫЙ,250x125,Швеллер гнутый 250x125x6 мм,"Швеллер гнутый 250x125x6 мм, сталь Ст3",6,69990,теор.т,1,0,0,https://www.kavstal.ru/public/assets/images/products/SORTOVOI_PROKAT/SHVELLER_GNUTYI/img.jpg,сортовой прокат;швеллер гнутый;250x125;6;швеллер;гнутый;250x125x6;мм,250x125,6,ГОСТ 8278-83,теор.т
Сортовой прокат,ШВЕЛЛЕР ГНУТЫЙ,250x60,Швеллер гнутый 250x60x6 мм,"Швеллер гнутый 250x60x6 мм, сталь Ст3",6,63990,теор.т,1,0,0,https://www.kavstal.ru/public/assets/images/products/SORTOVOI_PROKAT/SHVELLER_GNUTYI/img.jpg,сортовой прокат;швеллер гнутый;250x60;6;швеллер;гнутый;250x60x6;мм,250x60,6,ГОСТ 8278-83,теор.т
Сортовой прокат,ШВЕЛЛЕР ГНУТЫЙ,80x60,Швеллер гнутый 80x60x4 мм,"Швеллер гнутый 80x60x4 мм, сталь Ст3",4,68890,т,1,0,0,https://www.kavstal.ru/public/assets/images/products/SORTOVOI_PROKAT/SHVELLER_GNUTYI/img.jpg,сортовой прокат;швеллер гнутый;80x60;4;швеллер;гнутый;80x60x4;мм,80x60,4,ГОСТ 8278-83,т
Сортовой прокат,ШВЕЛЛЕР ГНУТЫЙ,120x60,Швеллер гнутый 120x60x4 мм,"Швеллер гнутый 120x60x4 мм, сталь Ст3",4,78990,теор.т,1,0,0,https://www.kavstal.ru/public/assets/images/products/SORTOVOI_PROKAT/SHVELLER_GNUTYI/img.jpg,сортовой прокат;швеллер гнутый;120x60;4;швеллер;гнутый;120x60x4;мм,120x60,4,ГОСТ 8278-83,теор.т
Сортовой прокат,КАТАНКА,мотки,Катанка 5.5 мм (мотки),Катанка 5.5 мм (мотки),5.5,50490,т,1,0,0,https://www.kavstal.ru/public/assets/images/products/SORTOVOI_PROKAT/KATANKA/img.jpg,сортовой прокат;катанка;мотки;5;5.5;мм,мотки,5.5,ГОСТ 30136-95,т
Сортовой прокат,КАТАНКА,мотки,Катанка 6.5 мм (мотки),Катанка 6.5 мм (мотки),6.5,49490,т,1,0,0,https://www.kavstal.ru/public/assets/images/products/SORTOVOI_PROKAT/KATANKA/img.jpg,сортовой прокат;катанка;мотки;6;5;6.5;мм,мотки,6.5,ГОСТ 30136-95,т
Сортовой прокат,КАТАНКА,мотки,Катанка 8 мм (мотки),Катанка 8 мм (мотки),8,49990,т,1,0,0,https://www.kavstal.ru/public/assets/images/products/SORTOVOI_PROKAT/KATANKA/img.jpg,сортовой прокат;катанка;мотки;8;мм,мотки,8,ГОСТ 30136-95,т
Сортовой прокат,КАТАНКА,мотки,Катанка 10 мм (мотки),Катанка 10 мм (мотки),10,50990,т,1,0,0,https://www.kavstal.ru/public/assets/images/products/SORTOVOI_PROKAT/KATANKA/img.jpg,сортовой прокат;катанка;мотки;10;мм,мотки,10,ГОСТ 30136-95,т
Сортовой прокат,КАТАНКА,мотки,Катанка 12 мм (мотки),Катанка 12 мм (мотки),12,51990,т,1,0,0,https://www.kavstal.ru/public/assets/images/products/SORTOVOI_PROKAT/KATANKA/img.jpg,сортовой прокат;катанка;мотки;12;мм,мотки,12,ГОСТ 30136-95,т
Сортовой прокат,УГОЛОК,150x150,Уголок стальной 150x150x10 мм,"Уголок стальной 150x150x10 мм, сталь Ст3",10,85990,т,1,0,0,https://www.kavstal.ru/public/assets/images/products/SORTOVOI_PROKAT/UGOLOK/img.webp,сортовой прокат;уголок;150x150;10;стальной;150x150x10;мм,150x150,10,ГОСТ 8509-93,т
Сортовой прокат,УГОЛОК,150x150,Уголок стальной 150x150x12 мм,"Уголок стальной 150x150x12 мм, сталь Ст3",12,85990,т,1,0,0,https://www.kavstal.ru/public/assets/images/products/SORTOVOI_PROKAT/UGOLOK/img.webp,сортовой прокат;уголок;150x150;12;стальной;150x150x12;мм,150x150,12,ГОСТ 8509-93,т
Сортовой прокат,УГОЛОК,150x150,Уголок стальной 150x150x15 мм,"Уголок стальной 150x150x15 мм, сталь Ст3",15,85990,т,1,0,0,https://www.kavstal.ru/public/assets/images/products/SORTOVOI_PROKAT/UGOLOK/img.webp,сортовой прокат;уголок;150x150;15;стальной;150x150x15;мм,150x150,15,ГОСТ 8509-93,т
Сортовой прокат,ПОЛОСА Г/К,Ст3,Полоса стальная 25x5 мм Ст3,Полоса стальная 25x5 мм Ст3,5,74990,т,1,0,0,https://www.kavstal.ru/public/assets/images/products/SORTOVOI_PROKAT/POLOSA_GK/img.png,сортовой прокат;полоса г/к;ст3;5;25;полоса;стальная;25x5;мм,Ст3,5,ГОСТ 103-76,т
Сортовой прокат,КВАДРАТ Г/К,калиброванный,Квадрат стальной г/к 15 мм калиброванный,Квадрат стальной г/к 15 мм калиброванный,15,114990,т,1,0,0,https://www.kavstal.ru/public/assets/images/products/SORTOVOI_PROKAT/KVADRAT_GK/img.jpg,сортовой прокат;квадрат г/к;калиброванный;15;квадрат;стальной;г/к;мм,калиброванный,15,ГОСТ 2591-2006,т
