категория,подкатегория,марка,название,описание,диаметр,цена,единица,в_наличии,рейтинг,отзывы,фото,ключевые_слова,spec_Марка,spec_Размер,spec_ГОСТ,spec_Единица
Цветные металлы,АЛЮМИНИЕВЫЙ КРУГ,6082Т6 (АД35),Алюминиевый Круг 25 6082Т6 (ад35),"АЛЮМИНИЕВЫЙ КРУГ марки 6082Т6 (АД35), размер 25",25,380000,т,1,0,0,https://www.kavstal.ru/public/assets/images/products/SORTOVOI_PROKAT/ALYUMINIEVYI_KRUG/img.png,цветные металлы;алюминиевый круг;6082т6 (ад35);25;алюминиевый;круг;6082т6;ад35,6082Т6 (АД35),25,ГОСТ 2590-2006,т
Цветные металлы,АЛЮМИНИЕВЫЙ КРУГ,АД1,Алюминиевый Круг 10 АД1,"АЛЮМИНИЕВЫЙ КРУГ марки АД1, размер 10 ; 12; 20; 22; 25; 30; 35; 40; 50; 55; 70",10,559000,т,1,0,0,https://www.kavstal.ru/public/assets/images/products/SORTOVOI_PROKAT/ALYUMINIEVYI_KRUG/img.png,цветные металлы;алюминиевый круг;ад1;10;12;20;22;25;30;35;40;50;55;70;алюминиевый;круг,АД1,10 ; 12; 20; 22; 25; 30; 35; 40; 50; 55; 70,ГОСТ 2590-2006,т
Цветные металлы,АЛЮМИНИЕВЫЙ КРУГ,АК4,Алюминиевый Круг 100 Ак4,"АЛЮМИНИЕВЫЙ КРУГ марки АК4, размер 100 ; 200; 250",100,454000,т,1,0,0,https://www.kavstal.ru/public/assets/images/products/SORTOVOI_PROKAT/ALYUMINIEVYI_KRUG/img.png,цветные металлы;алюминиевый круг;ак4;100;200;250;алюминиевый;круг,АК4,100 ; 200; 250,ГОСТ 2590-2006,т
Цветные металлы,АЛЮМИНИЕВЫЙ КРУГ,АК4-1,Алюминиевый Круг 100 Ак4-1,"АЛЮМИНИЕВЫЙ КРУГ марки АК4-1, размер 100 ; 200",100,454000,т,1,0,0,https://www.kavstal.ru/public/assets/images/products/SORTOVOI_PROKAT/ALYUMINIEVYI_KRUG/img.png,цветные металлы;алюминиевый круг;ак4-1;100;200;алюминиевый;круг,АК4-1,100 ; 200,ГОСТ 2590-2006,т
Цветные металлы,АЛЮМИНИЕВЫЙ КРУГ,АК4-1 РТ-Техприемка,Алюминиевый Круг 150 Ак4-1 РТ-Техприемка,"АЛЮМИНИЕВЫЙ КРУГ марки АК4-1 РТ-Техприемка, размер 150",150,553000,т,1,0,0,https://www.kavstal.ru/public/assets/images/products/SORTOVOI_PROKAT/ALYUMINIEVYI_KRUG/img.png,цветные металлы;алюминиевый круг;ак4-1 рт-техприемка;150;алюминиевый;круг;ак4-1;рт-техприемка,АК4-1 РТ-Техприемка,150,ГОСТ 2590-2006,т
Цветные металлы,АЛЮМИНИЕВЫЙ КРУГ,АК4-1 РТ-Техприемка,Алюминиевый Круг 220 Ак4-1 РТ-Техприемка,"АЛЮМИНИЕВЫЙ КРУГ марки АК4-1 РТ-Техприемка, размер 220",220,454000,т,1,0,0,https://www.kavstal.ru/public/assets/images/products/SORTOVOI_PROKAT/ALYUMINIEVYI_KRUG/img.png,цветные металлы;алюминиевый круг;ак4-1 рт-техприемка;220;алюминиевый;круг;ак4-1;рт-техприемка,АК4-1 РТ-Техприемка,220,ГОСТ 2590-2006,т
Цветные металлы,АЛЮМИНИЕВЫЙ КРУГ,АК4-1Т1,Алюминиевый Круг 45 Ак4-1т1,"АЛЮМИНИЕВЫЙ КРУГ марки АК4-1Т1, размер 45",45,474000,т,1,0,0,https://www.kavstal.ru/public/assets/images/products/SORTOVOI_PROKAT/ALYUMINIEVYI_KRUG/img.png,цветные металлы;алюминиевый круг;ак4-1т1;45;алюминиевый;круг,АК4-1Т1,45,ГОСТ 2590-2006,т
Цветные металлы,АЛЮМИНИЕВЫЙ КРУГ,АК4-1Т1 РТ-Техприемка,Алюминиевый Круг 30 Ак4-1т1 РТ-Техприемка,"АЛЮМИНИЕВЫЙ КРУГ марки АК4-1Т1 РТ-Техприемка, размер 30 ; 80",30,474000,т,1,0,0,https://www.kavstal.ru/public/assets/images/products/SORTOVOI_PROKAT/ALYUMINIEVYI_KRUG/img.png,цветные металлы;алюминиевый круг;ак4-1т1 рт-техприемка;30;80;алюминиевый;круг;ак4-1т1;рт-техприемка,АК4-1Т1 РТ-Техприемка,30 ; 80,ГОСТ 2590-2006,т
Цветные металлы,АЛЮМИНИЕВЫЙ КРУГ,АК6,Алюминиевый Круг 12 Ак6,"АЛЮМИНИЕВЫЙ КРУГ марки АК6, размер 12",12,728000,т,1,0,0,https://www.kavstal.ru/public/assets/images/products/SORTOVOI_PROKAT/ALYUMINIEVYI_KRUG/img.png,цветные металлы;алюминиевый круг;ак6;12;алюминиевый;круг,АК6,12,ГОСТ 2590-2006,т
Цветные металлы,АЛЮМИНИЕВЫЙ КРУГ,АК6,Алюминиевый Круг 180 Ак6,"АЛЮМИНИЕВЫЙ КРУГ марки АК6, размер 180 ; 190",180,473000,т,1,0,0,https://www.kavstal.ru/public/assets/images/products/SORTOVOI_PROKAT/ALYUMINIEVYI_KRUG/img.png,цветные металлы;алюминиевый круг;ак6;180;190;алюминиевый;круг,АК6,180 ; 190,ГОСТ 2590-2006,т
Цветные металлы,АЛЮМИНИЕВЫЙ КРУГ,АК6 РТ-Техприемка,Алюминиевый Круг 35 Ак6 РТ-Техприемка,"АЛЮМИНИЕВЫЙ КРУГ марки АК6 РТ-Техприемка, размер 35 ; 70; 85",35,499000,т,1,0,0,https://www.kavstal.ru/public/assets/images/products/SORTOVOI_PROKAT/ALYUMINIEVYI_KRUG/img.png,цветные металлы;алюминиевый круг;ак6 рт-техприемка;35;70;85;алюминиевый;круг;ак6;рт-техприемка,АК6 РТ-Техприемка,35 ; 70; 85,ГОСТ 2590-2006,т
Цветные металлы,АЛЮМИНИЕВЫЙ КРУГ,АК6 РТ-Техприемка,Алюминиевый Круг 180 Ак6 РТ-Техприемка,"АЛЮМИНИЕВЫЙ КРУГ марки АК6 РТ-Техприемка, размер 180 ; 190; 210; 240",180,482000,т,1,0,0,https://www.kavstal.ru/public/assets/images/products/SORTOVOI_PROKAT/ALYUMINIEVYI_KRUG/img.png,цветные металлы;алюминиевый круг;ак6 рт-техприемка;180;190;210;240;алюминиевый;круг;ак6;рт-техприемка,АК6 РТ-Техприемка,180 ; 190; 210; 240,ГОСТ 2590-2006,т
Цветные металлы,АЛЮМИНИЕВЫЙ КРУГ,АК6 Т1,Алюминиевый Круг 70 Ак6 Т1,"АЛЮМИНИЕВЫЙ КРУГ марки АК6 Т1, размер 70",70,499000,т,1,0,0,https://www.kavstal.ru/public/assets/images/products/SORTOVOI_PROKAT/ALYUMINIEVYI_KRUG/img.png,цветные металлы;алюминиевый круг;ак6 т1;70;алюминиевый;круг;ак6;т1,АК6 Т1,70,ГОСТ 2590-2006,т
Цветные металлы,АЛЮМИНИЕВЫЙ КРУГ,АК6 Т1 РТ-Техприемка,Алюминиевый Круг 12 Ак6 Т1 РТ-Техприемка,"АЛЮМИНИЕВЫЙ КРУГ марки АК6 Т1 РТ-Техприемка, размер 12 ; 16",12,757000,т,1,0,0,https://www.kavstal.ru/public/assets/images/products/SORTOVOI_PROKAT/ALYUMINIEVYI_KRUG/img.png,цветные металлы;алюминиевый круг;ак6 т1 рт-техприемка;12;16;алюминиевый;круг;ак6;т1;рт-техприемка,АК6 Т1 РТ-Техприемка,12 ; 16,ГОСТ 2590-2006,т
Цветные металлы,АЛЮМИНИЕВЫЙ КРУГ,АК6 Т1 РТ-Техприемка,Алюминиевый Круг 25 Ак6 Т1 РТ-Техприемка,"АЛЮМИНИЕВЫЙ КРУГ марки АК6 Т1 РТ-Техприемка, размер 25 ; 28",25,624000,т,1,0,0,https://www.kavstal.ru/public/assets/images/products/SORTOVOI_PROKAT/ALYUMINIEVYI_KRUG/img.png,цветные металлы;алюминиевый круг;ак6 т1 рт-техприемка;25;28;алюминиевый;круг;ак6;т1;рт-техприемка,АК6 Т1 РТ-Техприемка,25 ; 28,ГОСТ 2590-2006,т
Цветные металлы,АЛЮМИНИЕВЫЙ КРУГ,АК6 Т1 РТ-Техприемка,Алюминиевый Круг 30 Ак6 Т1 РТ-Техприемка,"АЛЮМИНИЕВЫЙ КРУГ марки АК6 Т1 РТ-Техприемка, размер 30 ; 35; 40; 50; 60; 70; 80",30,509000,т,1,0,0,https://www.kavstal.ru/public/assets/images/products/SORTOVOI_PROKAT/ALYUMINIEVYI_KRUG/img.png,цветные металлы;алюминиевый круг;ак6 т1 рт-техприемка;30;35;40;50;60;70;80;алюминиевый;круг;ак6;т1;рт-техприемка,АК6 Т1 РТ-Техприемка,30 ; 35; 40; 50; 60; 70; 80,ГОСТ 2590-2006,т
Цветные металлы,АЛЮМИНИЕВЫЙ КРУГ,АМГ2,Алюминиевый Круг 45 Амг2,"АЛЮМИНИЕВЫЙ КРУГ марки АМГ2, размер 45",45,485000,т,1,0,0,https://www.kavstal.ru/public/assets/images/products/SORTOVOI_PROKAT/ALYUMINIEVYI_KRUG/img.png,цветные металлы;алюминиевый круг;амг2;45;алюминиевый;круг,АМГ2,45,ГОСТ 2590-2006,т
Цветные металлы,АЛЮМИНИЕВЫЙ КРУГ,АМГ2,Алюминиевый Круг 170 Амг2,"АЛЮМИНИЕВЫЙ КРУГ марки АМГ2, размер 170",170,454000,т,1,0,0,https://www.kavstal.ru/public/assets/images/products/SORTOVOI_PROKAT/ALYUMINIEVYI_KRUG/img.png,цветные металлы;алюминиевый круг;амг2;170;алюминиевый;круг,АМГ2,170,ГОСТ 2590-2006,т
Цветные металлы,АЛЮМИНИЕВЫЙ КРУГ,АМГ2 РТ-Техприемка,Алюминиевый Круг 170 Амг2 РТ-Техприемка,"АЛЮМИНИЕВЫЙ КРУГ марки АМГ2 РТ-Техприемка, размер 170",170,463000,т,1,0,0,https://www.kavstal.ru/public/assets/images/products/SORTOVOI_PROKAT/ALYUMINIEVYI_KRUG/img.png,цветные металлы;алюминиевый круг;амг2 рт-техприемка;170;алюминиевый;круг;амг2;рт-техприемка,АМГ2 РТ-Техприемка,170,ГОСТ 2590-2006,т
Цветные металлы,АЛЮМИНИЕВЫЙ КРУГ,АМГ3,Алюминиевый Круг 12 Амг3,"АЛЮМИНИЕВЫЙ КРУГ марки АМГ3, размер 12",12,860000,т,1,0,0,https://www.kavstal.ru/public/assets/images/products/SORTOVOI_PROKAT/ALYUMINIEVYI_KRUG/img.png,цветные металлы;алюминиевый круг;амг3;12;алюминиевый;круг,АМГ3,12,ГОСТ 2590-2006,т
Цветные металлы,АЛЮМИНИЕВЫЙ КРУГ,АМГ3,Алюминиевый Круг 20 Амг3,"АЛЮМИНИЕВЫЙ КРУГ марки АМГ3, размер 20",20,713000,т,1,0,0,https://www.kavstal.ru/public/assets/images/products/SORTOVOI_PROKAT/ALYUMINIEVYI_KRUG/img.png,цветные металлы;алюминиевый круг;амг3;20;алюминиевый;круг,АМГ3,20,ГОСТ 2590-2006,т
Цветные металлы,АЛЮМИНИЕВЫЙ КРУГ,АМГ3,Алюминиевый Круг 25 Амг3,"АЛЮМИНИЕВЫЙ КРУГ марки АМГ3, размер 25",25,636000,т,1,0,0,https://www.kavstal.ru/public/assets/images/products/SORTOVOI_PROKAT/ALYUMINIEVYI_KRUG/img.png,цветные металлы;алюминиевый круг;амг3;25;алюминиевый;круг,АМГ3,25,ГОСТ 2590-2006,т
Цветные металлы,АЛЮМИНИЕВЫЙ КРУГ,АМГ3,Алюминиевый Круг 30 Амг3,"АЛЮМИНИЕВЫЙ КРУГ марки АМГ3, размер 30 ; 35; 50; 55; 65; 75; 80; 90; 100",30,575000,т,1,0,0,https://www.kavstal.ru/public/assets/images/products/SORTOVOI_PROKAT/ALYUMINIEVYI_KRUG/img.png,цветные металлы;алюминиевый круг;амг3;30;35;50;55;65;75;80;90;100;алюминиевый;круг,АМГ3,30 ; 35; 50; 55; 65; 75; 80; 90; 100,ГОСТ 2590-2006,т
Цветные металлы,АЛЮМИНИЕВЫЙ КРУГ,АМГ3,Алюминиевый Круг 120 Амг3,"АЛЮМИНИЕВЫЙ КРУГ марки АМГ3, размер 120",120,544000,т,1,0,0,https://www.kavstal.ru/public/assets/images/products/SORTOVOI_PROKAT/ALYUMINIEVYI_KRUG/img.png,цветные металлы;алюминиевый круг;амг3;120;алюминиевый;круг,АМГ3,120,ГОСТ 2590-2006,т
Цветные металлы,АЛЮМИНИЕВЫЙ КРУГ,АМГ5,Алюминиевый Круг 8 Амг5,"АЛЮМИНИЕВЫЙ КРУГ марки АМГ5, размер 8 ; 10; 12; 14",8,947000,т,1,0,0,https://www.kavstal.ru/public/assets/images/products/SORTOVOI_PROKAT/ALYUMINIEVYI_KRUG/img.png,цветные металлы;алюминиевый круг;амг5;8;10;12;14;алюминиевый;круг,АМГ5,8 ; 10; 12; 14,ГОСТ 2590-2006,т
Цветные металлы,АЛЮМИНИЕВЫЙ КРУГ,АМГ5,Алюминиевый Круг 16 Амг5,"АЛЮМИНИЕВЫЙ КРУГ марки АМГ5, размер 16",16,750000,т,1,0,0,https://www.kavstal.ru/public/assets/images/products/SORTOVOI_PROKAT/ALYUMINIEVYI_KRUG/img.png,цветные металлы;алюминиевый круг;амг5;16;алюминиевый;круг,АМГ5,16,ГОСТ 2590-2006,т
Цветные металлы,АЛЮМИНИЕВЫЙ КРУГ,АМГ5,Алюминиевый Круг 20 Амг5,"АЛЮМИНИЕВЫЙ КРУГ марки АМГ5, размер 20 ; 22; 28; 30",20,643000,т,1,0,0,https://www.kavstal.ru/public/assets/images/products/SORTOVOI_PROKAT/ALYUMINIEVYI_KRUG/img.png,цветные металлы;алюминиевый круг;амг5;20;22;28;30;алюминиевый;круг,АМГ5,20 ; 22; 28; 30,ГОСТ 2590-2006,т
Цветные металлы,АЛЮМИНИЕВЫЙ КРУГ,АМГ5,Алюминиевый Круг 35 Амг5,"АЛЮМИНИЕВЫЙ КРУГ марки АМГ5, размер 35 ; 40; 55; 75; 85; 95",35,516000,т,1,0,0,https://www.kavstal.ru/public/assets/images/products/SORTOVOI_PROKAT/ALYUMINIEVYI_KRUG/img.png,цветные металлы;алюминиевый круг;амг5;35;40;55;75;85;95;алюминиевый;круг,АМГ5,35 ; 40; 55; 75; 85; 95,ГОСТ 2590-2006,т
Цветные металлы,АЛЮМИНИЕВЫЙ КРУГ,АМГ5,Алюминиевый Круг 120 Амг5,"АЛЮМИНИЕВЫЙ КРУГ марки АМГ5, размер 120",120,495000,т,1,0,0,https://www.kavstal.ru/public/assets/images/products/SORTOVOI_PROKAT/ALYUMINIEVYI_KRUG/img.png,цветные металлы;алюминиевый круг;амг5;120;алюминиевый;круг,АМГ5,120,ГОСТ 2590-2006,т
Цветные металлы,АЛЮМИНИЕВЫЙ КРУГ,АМГ5 М,Алюминиевый Круг 65 Амг5 М,"АЛЮМИНИЕВЫЙ КРУГ марки АМГ5 М, размер 65",65,516000,т,1,0,0,https://www.kavstal.ru/public/assets/images/products/SORTOVOI_PROKAT/ALYUMINIEVYI_KRUG/img.png,цветные металлы;алюминиевый круг;амг5 м;65;алюминиевый;круг;амг5,АМГ5 М,65,ГОСТ 2590-2006,т
Цветные металлы,АЛЮМИНИЕВЫЙ КРУГ,АМГ6,Алюминиевый Круг 8 Амг6,"АЛЮМИНИЕВЫЙ КРУГ марки АМГ6, размер 8 ; 14",8,947000,т,1,0,0,https://www.kavstal.ru/public/assets/images/products/SORTOVOI_PROKAT/ALYUMINIEVYI_KRUG/img.png,цветные металлы;алюминиевый круг;амг6;8;14;алюминиевый;круг,АМГ6,8 ; 14,ГОСТ 2590-2006,т
Цветные металлы,АЛЮМИНИЕВЫЙ КРУГ,АМГ6,Алюминиевый Круг 15 Амг6,"АЛЮМИНИЕВЫЙ КРУГ марки АМГ6, размер 15 ; 16; 18",15,750000,т,1,0,0,https://www.kavstal.ru/public/assets/images/products/SORTOVOI_PROKAT/ALYUMINIEVYI_KRUG/img.png,цветные металлы;алюминиевый круг;амг6;15;16;18;алюминиевый;круг,АМГ6,15 ; 16; 18,ГОСТ 2590-2006,т
Цветные металлы,АЛЮМИНИЕВЫЙ КРУГ,АМГ6,Алюминиевый Круг 20 Амг6,"АЛЮМИНИЕВЫЙ КРУГ марки АМГ6, размер 20 ; 28; 30",20,643000,т,1,0,0,https://www.kavstal.ru/public/assets/images/products/SORTOVOI_PROKAT/ALYUMINIEVYI_KRUG/img.png,цветные металлы;алюминиевый круг;амг6;20;28;30;алюминиевый;круг,АМГ6,20 ; 28; 30,ГОСТ 2590-2006,т
Цветные металлы,АЛЮМИНИЕВЫЙ КРУГ,АМГ6,Алюминиевый Круг 32 Амг6,"АЛЮМИНИЕВЫЙ КРУГ марки АМГ6, размер 32 ; 35; 40; 42; 45; 50; 55; 60; 65; 75; 90; 95; 100",32,516000,т,1,0,0,https://www.kavstal.ru/public/assets/images/products/SORTOVOI_PROKAT/ALYUMINIEVYI_KRUG/img.png,цветные металлы;алюминиевый круг;амг6;32;35;40;42;45;50;55;60;65;75;90;95;100;алюминиевый;круг,АМГ6,32 ; 35; 40; 42; 45; 50; 55; 60; 65; 75; 90; 95; 100,ГОСТ 2590-2006,т
Цветные металлы,АЛЮМИНИЕВЫЙ КРУГ,АМГ6,Алюминиевый Круг 105 Амг6,"АЛЮМИНИЕВЫЙ КРУГ марки АМГ6, размер 105 ; 110; 120; 130; 140; 150; 160; 180; 190; 200; 210; 220; 230; 240; 250",105,495000,т,1,0,0,https://www.kavstal.ru/public/assets/images/products/SORTOVOI_PROKAT/ALYUMINIEVYI_KRUG/img.png,цветные металлы;алюминиевый круг;амг6;105;110;120;130;140;150;160;180;190;200;210;220;230;240;250;алюминиевый;круг,АМГ6,105 ; 110; 120; 130; 140; 150; 160; 180; 190; 200; 210; 220; 230; 240; 250,ГОСТ 2590-2006,т
Цветные металлы,АЛЮМИНИЕВЫЙ КРУГ,АМГ6,Алюминиевый Круг 260 Амг6,"АЛЮМИНИЕВЫЙ КРУГ марки АМГ6, размер 260 ; 270; 280; 300",260,727000,т,1,0,0,https://www.kavstal.ru/public/assets/images/products/SORTOVOI_PROKAT/ALYUMINIEVYI_KRUG/img.png,цветные металлы;алюминиевый круг;амг6;260;270;280;300;алюминиевый;круг,АМГ6,260 ; 270; 280; 300,ГОСТ 2590-2006,т
Цветные металлы,АЛЮМИНИЕВЫЙ КРУГ,АМГ6,Алюминиевый Круг 310 Амг6,"АЛЮМИНИЕВЫЙ КРУГ марки АМГ6, размер 310 ; 320; 330; 340",310,647000,т,1,0,0,https://www.kavstal.ru/public/assets/images/products/SORTOVOI_PROKAT/ALYUMINIEVYI_KRUG/img.png,цветные металлы;алюминиевый круг;амг6;310;320;330;340;алюминиевый;круг,АМГ6,310 ; 320; 330; 340,ГОСТ 2590-2006,т
Цветные металлы,АЛЮМИНИЕВЫЙ КРУГ,АМГ6,Алюминиевый Круг 350 Амг6,"АЛЮМИНИЕВЫЙ КРУГ марки АМГ6, размер 350",350,727000,т,1,0,0,https://www.kavstal.ru/public/assets/images/products/SORTOVOI_PROKAT/ALYUMINIEVYI_KRUG/img.png,цветные металлы;алюминиевый круг;амг6;350;алюминиевый;круг,АМГ6,350,ГОСТ 2590-2006,т
Цветные металлы,АЛЮМИНИЕВЫЙ КРУГ,АМГ6 М,Алюминиевый Круг 12 Амг6 М,"АЛЮМИНИЕВЫЙ КРУГ марки АМГ6 М, размер 12",12,947000,т,1,0,0,https://www.kavstal.ru/public/assets/images/products/SORTOVOI_PROKAT/ALYUMINIEVYI_KRUG/img.png,цветные металлы;алюминиевый круг;амг6 м;12;алюминиевый;круг;амг6,АМГ6 М,12,ГОСТ 2590-2006,т
Цветные металлы,АЛЮМИНИЕВЫЙ КРУГ,АМГ6 М,Алюминиевый Круг 35 Амг6 М,"АЛЮМИНИЕВЫЙ КРУГ марки АМГ6 М, размер 35",35,516000,т,1,0,0,https://www.kavstal.ru/public/assets/images/products/SORTOVOI_PROKAT/ALYUMINIEVYI_KRUG/img.png,цветные металлы;алюминиевый круг;амг6 м;35;алюминиевый;круг;амг6,АМГ6 М,35,ГОСТ 2590-2006,т
Цветные металлы,АЛЮМИНИЕВЫЙ КРУГ,АМЦ,Алюминиевый Круг 12 Амц,"АЛЮМИНИЕВЫЙ КРУГ марки АМЦ, размер 12 ; 18; 20; 25; 30; 40; 45; 55; 60; 65; 70; 75; 80; 90; 100",12,588000,т,1,0,0,https://www.kavstal.ru/public/assets/images/products/SORTOVOI_PROKAT/ALYUMINIEVYI_KRUG/img.png,цветные металлы;алюминиевый круг;амц;12;18;20;25;30;40;45;55;60;65;70;75;80;90;100;алюминиевый;круг,АМЦ,12 ; 18; 20; 25; 30; 40; 45; 55; 60; 65; 70; 75; 80; 90; 100,ГОСТ 2590-2006,т
Цветные металлы,АЛЮМИНИЕВАЯ ПЛИТА,АД1,Алюминиевая Плита 12 АД1,"АЛЮМИНИЕВАЯ ПЛИТА марки АД1, размер 12 ; 14; 16",12,488000,т,1,0,0,https://www.kavstal.ru/public/assets/images/products/TSVETNYE_METALLY/ALYUMINIEVAYA_PLITA/img.jpg,цветные металлы;алюминиевая плита;ад1;12;14;16;алюминиевая;плита,АД1,12 ; 14; 16,,т
Цветные металлы,АЛЮМИНИЕВАЯ ПЛИТА,АД1,Алюминиевая Плита 20 АД1,"АЛЮМИНИЕВАЯ ПЛИТА марки АД1, размер 20 ; 25",20,425000,т,1,0,0,https://www.kavstal.ru/public/assets/images/products/TSVETNYE_METALLY/ALYUMINIEVAYA_PLITA/img.jpg,цветные металлы;алюминиевая плита;ад1;20;25;алюминиевая;плита,АД1,20 ; 25,,т
Цветные металлы,АЛЮМИНИЕВАЯ ПЛИТА,АД1 уценка,Алюминиевая Плита 14 АД1 уценка,"АЛЮМИНИЕВАЯ ПЛИТА марки АД1 уценка, размер 14",14,410000,т,1,0,0,https://www.kavstal.ru/public/assets/images/products/TSVETNYE_METALLY/ALYUMINIEVAYA_PLITA/img.jpg,цветные металлы;алюминиевая плита;ад1 уценка;14;алюминиевая;плита;ад1;уценка,АД1 уценка,14,,т
Цветные металлы,АЛЮМИНИЕВАЯ ПЛИТА,АМГ2,Алюминиевая Плита 12 Амг2,"АЛЮМИНИЕВАЯ ПЛИТА марки АМГ2, размер 12 ; 14; 16",12,609000,т,1,0,0,https://www.kavstal.ru/public/assets/images/products/TSVETNYE_METALLY/ALYUMINIEVAYA_PLITA/img.jpg,цветные металлы;алюминиевая плита;амг2;12;14;16;алюминиевая;плита,АМГ2,12 ; 14; 16,,т
Цветные металлы,АЛЮМИНИЕВАЯ ПЛИТА,АМГ2,Алюминиевая Плита 18 Амг2,"АЛЮМИНИЕВАЯ ПЛИТА марки АМГ2, размер 18 ; 20; 30; 35; 40; 45",18,490000,т,1,0,0,https://www.kavstal.ru/public/assets/images/products/TSVETNYE_METALLY/ALYUMINIEVAYA_PLITA/img.jpg,цветные металлы;алюминиевая плита;амг2;18;20;30;35;40;45;алюминиевая;плита,АМГ2,18 ; 20; 30; 35; 40; 45,,т
Цветные металлы,АЛЮМИНИЕВАЯ ПЛИТА,АМГ2,Алюминиевая Плита 60 Амг2,"АЛЮМИНИЕВАЯ ПЛИТА марки АМГ2, размер 60 ; 70; 80",60,400000,т,1,0,0,https://www.kavstal.ru/public/assets/images/products/TSVETNYE_METALLY/ALYUMINIEVAYA_PLITA/img.jpg,цветные металлы;алюминиевая плита;амг2;60;70;80;алюминиевая;плита,АМГ2,60 ; 70; 80,,т
Цветные металлы,АЛЮМИНИЕВАЯ ПЛИТА,АМГ3,Алюминиевая Плита 18 Амг3,"АЛЮМИНИЕВАЯ ПЛИТА марки АМГ3, размер 18",18,620000,т,1,0,0,https://www.kavstal.ru/public/assets/images/products/TSVETNYE_METALLY/ALYUMINIEVAYA_PLITA/img.jpg,цветные металлы;алюминиевая плита;амг3;18;алюминиевая;плита,АМГ3,18,,т
Цветные металлы,АЛЮМИНИЕВАЯ ПЛИТА,АМГ3,Алюминиевая Плита 20 Амг3,"АЛЮМИНИЕВАЯ ПЛИТА марки АМГ3, размер 20",20,482000,т,1,0,0,https://www.kavstal.ru/public/assets/images/products/TSVETNYE_METALLY/ALYUMINIEVAYA_PLITA/img.jpg,цветные металлы;алюминиевая плита;амг3;20;алюминиевая;плита,АМГ3,20,,т
Цветные металлы,АЛЮМИНИЕВАЯ ПЛИТА,АМГ3,Алюминиевая Плита 20 Амг3,"АЛЮМИНИЕВАЯ ПЛИТА марки АМГ3, размер 20 ; 25; 28; 30",20,508000,т,1,0,0,https://www.kavstal.ru/public/assets/images/products/TSVETNYE_METALLY/ALYUMINIEVAYA_PLITA/img.jpg,цветные металлы;алюминиевая плита;амг3;20;25;28;30;алюминиевая;плита,АМГ3,20 ; 25; 28; 30,,т
Цветные металлы,АЛЮМИНИЕВАЯ ПЛИТА,АМГ3 уценка,Алюминиевая Плита 35 Амг3 уценка,"АЛЮМИНИЕВАЯ ПЛИТА марки АМГ3 уценка, размер 35",35,367000,т,1,0,0,https://www.kavstal.ru/public/assets/images/products/TSVETNYE_METALLY/ALYUMINIEVAYA_PLITA/img.jpg,цветные металлы;алюминиевая плита;амг3 уценка;35;алюминиевая;плита;амг3;уценка,АМГ3 уценка,35,,т
Цветные металлы,АЛЮМИНИЕВАЯ ПЛИТА,АМГ5,Алюминиевая Плита 14 Амг5,"АЛЮМИНИЕВАЯ ПЛИТА марки АМГ5, размер 14 ; 16",14,890000,т,1,0,0,https://www.kavstal.ru/public/assets/images/products/TSVETNYE_METALLY/ALYUMINIEVAYA_PLITA/img.jpg,цветные металлы;алюминиевая плита;амг5;14;16;алюминиевая;плита,АМГ5,14 ; 16,,т
Цветные металлы,АЛЮМИНИЕВАЯ ПЛИТА,АМГ5,Алюминиевая Плита 18 Амг5,"АЛЮМИНИЕВАЯ ПЛИТА марки АМГ5, размер 18",18,680000,т,1,0,0,https://www.kavstal.ru/public/assets/images/products/TSVETNYE_METALLY/ALYUMINIEVAYA_PLITA/img.jpg,цветные металлы;алюминиевая плита;амг5;18;алюминиевая;плита,АМГ5,18,,т
Цветные металлы,АЛЮМИНИЕВАЯ ПЛИТА,АМГ5,Алюминиевая Плита 20 Амг5,"АЛЮМИНИЕВАЯ ПЛИТА марки АМГ5, размер 20 ; 25; 30; 35; 50",20,567000,т,1,0,0,https://www.kavstal.ru/public/assets/images/products/TSVETNYE_METALLY/ALYUMINIEVAYA_PLITA/img.jpg,цветные металлы;алюминиевая плита;амг5;20;25;30;35;50;алюминиевая;плита,АМГ5,20 ; 25; 30; 35; 50,,т
Цветные металлы,АЛЮМИНИЕВАЯ ПЛИТА,АМГ5,Алюминиевая Плита 100 Амг5,"АЛЮМИНИЕВАЯ ПЛИТА марки АМГ5, размер 100",100,450000,т,1,0,0,https://www.kavstal.ru/public/assets/images/products/TSVETNYE_METALLY/ALYUMINIEVAYA_PLITA/img.jpg,цветные металлы;алюминиевая плита;амг5;100;алюминиевая;плита,АМГ5,100,,т
Цветные металлы,АЛЮМИНИЕВАЯ ПЛИТА,АМГ6,Алюминиевая Плита 15 Амг6,"АЛЮМИНИЕВАЯ ПЛИТА марки АМГ6, размер 15",15,890000,т,1,0,0,https://www.kavstal.ru/public/assets/images/products/TSVETNYE_METALLY/ALYUMINIEVAYA_PLITA/img.jpg,цветные металлы;алюминиевая плита;амг6;15;алюминиевая;плита,АМГ6,15,,т
Цветные металлы,АЛЮМИНИЕВАЯ ПЛИТА,АМГ6,Алюминиевая Плита 18 Амг6,"АЛЮМИНИЕВАЯ ПЛИТА марки АМГ6, размер 18 ; 20",18,596000,т,1,0,0,https://www.kavstal.ru/public/assets/images/products/TSVETNYE_METALLY/ALYUMINIEVAYA_PLITA/img.jpg,цветные металлы;алюминиевая плита;амг6;18;20;алюминиевая;плита,АМГ6,18 ; 20,,т
Цветные металлы,АЛЮМИНИЕВАЯ ПЛИТА,АМГ6,Алюминиевая Плита 20 Амг6,"АЛЮМИНИЕВАЯ ПЛИТА марки АМГ6, размер 20",20,608000,т,1,0,0,https://www.kavstal.ru/public/assets/images/products/TSVETNYE_METALLY/ALYUMINIEVAYA_PLITA/img.jpg,цветные металлы;алюминиевая плита;амг6;20;алюминиевая;плита,АМГ6,20,,т
Цветные металлы,АЛЮМИНИЕВАЯ ПЛИТА,АМГ6,Алюминиевая Плита 22 Амг6,"АЛЮМИНИЕВАЯ ПЛИТА марки АМГ6, размер 22 ; 25; 28; 30; 32; 35; 40; 45; 50",22,596000,т,1,0,0,https://www.kavstal.ru/public/assets/images/products/TSVETNYE_METALLY/ALYUMINIEVAYA_PLITA/img.jpg,цветные металлы;алюминиевая плита;амг6;22;25;28;30;32;35;40;45;50;алюминиевая;плита,АМГ6,22 ; 25; 28; 30; 32; 35; 40; 45; 50,,т
Цветные металлы,АЛЮМИНИЕВАЯ ПЛИТА,АМГ6,Алюминиевая Плита 55 Амг6,"АЛЮМИНИЕВАЯ ПЛИТА марки АМГ6, размер 55 ; 60; 60; 65; 70; 70; 75; 75; 80; 90; 100",55,592000,т,1,0,0,https://www.kavstal.ru/public/assets/images/products/TSVETNYE_METALLY/ALYUMINIEVAYA_PLITA/img.jpg,цветные металлы;алюминиевая плита;амг6;55;60;65;70;75;80;90;100;алюминиевая;плита,АМГ6,55 ; 60; 60; 65; 70; 70; 75; 75; 80; 90; 100,,т
Цветные металлы,АЛЮМИНИЕВАЯ ПЛИТА,АМГ6 уценка,Алюминиевая Плита 15 Амг6 уценка,"АЛЮМИНИЕВАЯ ПЛИТА марки АМГ6 уценка, размер 15",15,618000,т,1,0,0,https://www.kavstal.ru/public/assets/images/products/TSVETNYE_METALLY/ALYUMINIEVAYA_PLITA/img.jpg,цветные металлы;алюминиевая плита;амг6 уценка;15;алюминиевая;плита;амг6;уценка,АМГ6 уценка,15,,т
Цветные металлы,АЛЮМИНИЕВАЯ ПЛИТА,АМГ6Б,Алюминиевая Плита 15 Амг6б,"АЛЮМИНИЕВАЯ ПЛИТА марки АМГ6Б, размер 15",15,728000,т,1,0,0,https://www.kavstal.ru/public/assets/images/products/TSVETNYE_METALLY/ALYUMINIEVAYA_PLITA/img.jpg,цветные металлы;алюминиевая плита;амг6б;15;алюминиевая;плита,АМГ6Б,15,,т
Цветные металлы,АЛЮМИНИЕВАЯ ПЛИТА,АМГ6Б,Алюминиевая Плита 20 Амг6б,"АЛЮМИНИЕВАЯ ПЛИТА марки АМГ6Б, размер 20",20,596000,т,1,0,0,https://www.kavstal.ru/public/assets/images/products/TSVETNYE_METALLY/ALYUMINIEVAYA_PLITA/img.jpg,цветные металлы;алюминиевая плита;амг6б;20;алюминиевая;плита,АМГ6Б,20,,т
Цветные металлы,АЛЮМИНИЕВАЯ ПЛИТА,АМГ6Б,Алюминиевая Плита 20 Амг6б,"АЛЮМИНИЕВАЯ ПЛИТА марки АМГ6Б, размер 20",20,608000,т,1,0,0,https://www.kavstal.ru/public/assets/images/products/TSVETNYE_METALLY/ALYUMINIEVAYA_PLITA/img.jpg,цветные металлы;алюминиевая плита;амг6б;20;алюминиевая;плита,АМГ6Б,20,,т
Цветные металлы,АЛЮМИНИЕВАЯ ПЛИТА,АМГ6Б,Алюминиевая Плита 22 Амг6б,"АЛЮМИНИЕВАЯ ПЛИТА марки АМГ6Б, размер 22 ; 25; 30; 35; 35; 40",22,596000,т,1,0,0,https://www.kavstal.ru/public/assets/images/products/TSVETNYE_METALLY/ALYUMINIEVAYA_PLITA/img.jpg,цветные металлы;алюминиевая плита;амг6б;22;25;30;35;40;алюминиевая;плита,АМГ6Б,22 ; 25; 30; 35; 35; 40,,т
Цветные металлы,АЛЮМИНИЕВАЯ ПЛИТА,АМЦ,Алюминиевая Плита 18 Амц,"АЛЮМИНИЕВАЯ ПЛИТА марки АМЦ, размер 18",18,450000,т,1,0,0,https://www.kavstal.ru/public/assets/images/products/TSVETNYE_METALLY/ALYUMINIEVAYA_PLITA/img.jpg,цветные металлы;алюминиевая плита;амц;18;алюминиевая;плита,АМЦ,18,,т
Цветные металлы,АЛЮМИНИЕВАЯ ПЛИТА,АМЦ,Алюминиевая Плита 22 Амц,"АЛЮМИНИЕВАЯ ПЛИТА марки АМЦ, размер 22",22,480000,т,1,0,0,https://www.kavstal.ru/public/assets/images/products/TSVETNYE_METALLY/ALYUMINIEVAYA_PLITA/img.jpg,цветные металлы;алюминиевая плита;амц;22;алюминиевая;плита,АМЦ,22,,т
Цветные металлы,АЛЮМИНИЕВАЯ ПЛИТА,АМЦ,Алюминиевая Плита 25 Амц,"АЛЮМИНИЕВАЯ ПЛИТА марки АМЦ, размер 25 ; 30",25,410000,т,1,0,0,https://www.kavstal.ru/public/assets/images/products/TSVETNYE_METALLY/ALYUMINIEVAYA_PLITA/img.jpg,цветные металлы;алюминиевая плита;амц;25;30;алюминиевая;плита,АМЦ,25 ; 30,,т
Цветные металлы,АЛЮМИНИЕВАЯ ПЛИТА,АМЦ,Алюминиевая Плита 35 Амц,"АЛЮМИНИЕВАЯ ПЛИТА марки АМЦ, размер 35",35,480000,т,1,0,0,https://www.kavstal.ru/public/assets/images/products/TSVETNYE_METALLY/ALYUMINIEVAYA_PLITA/img.jpg,цветные металлы;алюминиевая плита;амц;35;алюминиевая;плита,АМЦ,35,,т
Цветные металлы,АЛЮМИНИЕВАЯ ПЛИТА,АМЦ,Алюминиевая Плита 35 Амц,"АЛЮМИНИЕВАЯ ПЛИТА марки АМЦ, размер 35",35,489000,т,1,0,0,https://www.kavstal.ru/public/assets/images/products/TSVETNYE_METALLY/ALYUMINIEVAYA_PLITA/img.jpg,цветные металлы;алюминиевая плита;амц;35;алюминиевая;плита,АМЦ,35,,т
Цветные металлы,АЛЮМИНИЕВАЯ ПЛИТА,АМЦ,Алюминиевая Плита 40 Амц,"АЛЮМИНИЕВАЯ ПЛИТА марки АМЦ, размер 40",40,480000,т,1,0,0,https://www.kavstal.ru/public/assets/images/products/TSVETNYE_METALLY/ALYUMINIEVAYA_PLITA/img.jpg,цветные металлы;алюминиевая плита;амц;40;алюминиевая;плита,АМЦ,40,,т
Цветные металлы,АЛЮМИНИЕВАЯ ПЛИТА,АМЦ,Алюминиевая Плита 45 Амц,"АЛЮМИНИЕВАЯ ПЛИТА марки АМЦ, размер 45",45,410000,т,1,0,0,https://www.kavstal.ru/public/assets/images/products/TSVETNYE_METALLY/ALYUMINIEVAYA_PLITA/img.jpg,цветные металлы;алюминиевая плита;амц;45;алюминиевая;плита,АМЦ,45,,т
Цветные металлы,АЛЮМИНИЕВАЯ ПЛИТА,АМЦ уценка,Алюминиевая Плита 18 Амц уценка,"АЛЮМИНИЕВАЯ ПЛИТА марки АМЦ уценка, размер 18",18,420000,т,1,0,0,https://www.kavstal.ru/public/assets/images/products/TSVETNYE_METALLY/ALYUMINIEVAYA_PLITA/img.jpg,цветные металлы;алюминиевая плита;амц уценка;18;алюминиевая;плита;амц;уценка,АМЦ уценка,18,,т
Цветные металлы,АЛЮМИНИЕВАЯ ПРОВОЛОКА,АД1,Алюминиевая Проволока 1.6 АД1,"АЛЮМИНИЕВАЯ ПРОВОЛОКА марки АД1, размер 1.6 ; 2",1.6,584000,т,1,0,0,https://www.kavstal.ru/public/assets/images/products/TSVETNYE_METALLY/ALYUMINIEVAYA_PROVOLOKA/img.jpg,цветные металлы;алюминиевая проволока;ад1;1;6;2;алюминиевая;проволока;1.6,АД1,1.6 ; 2,,т
Цветные металлы,АЛЮМИНИЕВАЯ ПРОВОЛОКА,АД1,Алюминиевая Проволока 3 АД1,"АЛЮМИНИЕВАЯ ПРОВОЛОКА марки АД1, размер 3 ; 4; 5",3,570000,т,1,0,0,https://www.kavstal.ru/public/assets/images/products/TSVETNYE_METALLY/ALYUMINIEVAYA_PROVOLOKA/img.jpg,цветные металлы;алюминиевая проволока;ад1;3;4;5;алюминиевая;проволока,АД1,3 ; 4; 5,,т
Цветные металлы,АЛЮМИНИЕВАЯ ПРОВОЛОКА,АД1,Алюминиевая Проволока 6 АД1,"АЛЮМИНИЕВАЯ ПРОВОЛОКА марки АД1, размер 6",6,527000,т,1,0,0,https://www.kavstal.ru/public/assets/images/products/TSVETNYE_METALLY/ALYUMINIEVAYA_PROVOLOKA/img.jpg,цветные металлы;алюминиевая проволока;ад1;6;алюминиевая;проволока,АД1,6,,т
Цветные металлы,АЛЮМИНИЕВЫЙ ПРОФИЛЬ,АД31Т1 (АВА-0747) Лопасть поворотная(капля),Алюминиевый Профиль 0 АД31Т1 (ава-0747) Лопасть поворотная(капля),"АЛЮМИНИЕВЫЙ ПРОФИЛЬ марки АД31Т1 (АВА-0747) Лопасть поворотная(капля), размер 0",0,309000,т,1,0,0,https://www.kavstal.ru/public/assets/images/products/TSVETNYE_METALLY/ALYUMINIEVYI_PROFIL/img.jpg,цветные металлы;алюминиевый профиль;ад31т1 (ава-0747) лопасть поворотная(капля);алюминиевый;профиль;ад31т1;ава-0747;лопасть;поворотная(капля,АД31Т1 (АВА-0747) Лопасть поворотная(капля),0,,т
Цветные металлы,АЛЮМИНИЕВЫЙ ПРОФИЛЬ,АД31Т1 (АВА-0748) Рамка двухрядной решетки,Алюминиевый Профиль 25 АД31Т1 (ава-0748) Рамка двухрядной решетки,"АЛЮМИНИЕВЫЙ ПРОФИЛЬ марки АД31Т1 (АВА-0748) Рамка двухрядной решетки, размер 25",25,309000,т,1,0,0,https://www.kavstal.ru/public/assets/images/products/TSVETNYE_METALLY/ALYUMINIEVYI_PROFIL/img.jpg,цветные металлы;алюминиевый профиль;ад31т1 (ава-0748) рамка двухрядной решетки;25;алюминиевый;профиль;ад31т1;ава-0748;рамка;двухрядной;решетки,АД31Т1 (АВА-0748) Рамка двухрядной решетки,25,,т
Цветные металлы,АЛЮМИНИЕВЫЙ ПРОФИЛЬ,АД31Т1 (АВА-0907) Рамка 45град. наружней решетки,Алюминиевый Профиль 30 АД31Т1 (ава-0907) Рамка 45град. наружней решетки,"АЛЮМИНИЕВЫЙ ПРОФИЛЬ марки АД31Т1 (АВА-0907) Рамка 45град. наружней решетки, размер 30",30,309000,т,1,0,0,https://www.kavstal.ru/public/assets/images/products/TSVETNYE_METALLY/ALYUMINIEVYI_PROFIL/img.jpg,цветные металлы;алюминиевый профиль;ад31т1 (ава-0907) рамка 45град. наружней решетки;30;алюминиевый;профиль;ад31т1;ава-0907;рамка;45град;наружней;решетки,АД31Т1 (АВА-0907) Рамка 45град. наружней решетки,30,,т
Цветные металлы,АЛЮМИНИЕВЫЙ ПРОФИЛЬ,АД31Т1 (АВА-3514) Лопасть 18 ассиметричная,Алюминиевый Профиль 0 АД31Т1 (ава-3514) Лопасть 18 ассиметричная,"АЛЮМИНИЕВЫЙ ПРОФИЛЬ марки АД31Т1 (АВА-3514) Лопасть 18 ассиметричная, размер 0",0,309000,т,1,0,0,https://www.kavstal.ru/public/assets/images/products/TSVETNYE_METALLY/ALYUMINIEVYI_PROFIL/img.jpg,цветные металлы;алюминиевый профиль;ад31т1 (ава-3514) лопасть 18 ассиметричная;алюминиевый;профиль;ад31т1;ава-3514;лопасть;18;ассиметричная,АД31Т1 (АВА-3514) Лопасть 18 ассиметричная,0,,т
Цветные металлы,БРОНЗОВЫЙ КРУГ,БрАЖ9-4,Бронзовый Круг 16 БрАЖ9-4,"БРОНЗОВЫЙ КРУГ марки БрАЖ9-4, размер 16 ; 18; 20; 22; 25; 28; 30; 32; 34; 35; 38; 40; 45; 48; 50; 55; 60; 65; 70; 75; 80; 85; 90; 95; 100; 110; 120; 130; 140; 150; 160; 170; 180; 190; 200; 210; 220; 230; 250; 300",16,1380000,т,1,0,0,https://www.kavstal.ru/public/assets/images/products/SORTOVOI_PROKAT/BRONZOVYI_KRUG/img.webp,цветные металлы;бронзовый круг;браж9-4;16;18;20;22;25;28;30;32;34;35;38;40;45;48;50;55;60;65;70;75;80;85;90;95;100;110;120;130;140;150;160;170;180;190;200;210;220;230;250;300;бронзовый;круг,БрАЖ9-4,16 ; 18; 20; 22; 25; 28; 30; 32; 34; 35; 38; 40; 45; 48; 50; 55; 60; 65; 70; 75; 80; 85; 90; 95; 100; 110; 120; 130; 140; 150; 160; 170; 180; 190; 200; 210; 220; 230; 250; 300,ГОСТ 2590-2006,т
Цветные металлы,БРОНЗОВЫЙ КРУГ,БРАЖМц10-3-1.5,Бронзовый Круг 16 БРАЖМц10-3-1.5,"БРОНЗОВЫЙ КРУГ марки БРАЖМц10-3-1.5, размер 16 ; 18; 20; 35; 40; 45; 50; 55; 60; 65; 70; 80; 85; 90; 100; 110; 120; 140; 150; 160",16,1392000,т,1,0,0,https://www.kavstal.ru/public/assets/images/products/SORTOVOI_PROKAT/BRONZOVYI_KRUG/img.webp,цветные металлы;бронзовый круг;бражмц10-3-1.5;16;18;20;35;40;45;50;55;60;65;70;80;85;90;100;110;120;140;150;160;бронзовый;круг,БРАЖМц10-3-1.5,16 ; 18; 20; 35; 40; 45; 50; 55; 60; 65; 70; 80; 85; 90; 100; 110; 120; 140; 150; 160,ГОСТ 2590-2006,т
Цветные металлы,БРОНЗОВЫЙ КРУГ,БрОФ10-1,Бронзовый Круг 30 БрОФ10-1,"БРОНЗОВЫЙ КРУГ марки БрОФ10-1, размер 30 ; 40; 50; 60; 80; 90; 100; 120",30,2040000,т,1,0,0,https://www.kavstal.ru/public/assets/images/products/SORTOVOI_PROKAT/BRONZOVYI_KRUG/img.webp,цветные металлы;бронзовый круг;броф10-1;30;40;50;60;80;90;100;120;бронзовый;круг,БрОФ10-1,30 ; 40; 50; 60; 80; 90; 100; 120,ГОСТ 2590-2006,т
Цветные металлы,БРОНЗОВЫЙ КРУГ,БрОФ7-0.2,Бронзовый Круг 30 БрОФ7-0.2,"БРОНЗОВЫЙ КРУГ марки БрОФ7-0.2, размер 30 ; 40; 60; 70; 90; 120; 150",30,2040000,т,1,0,0,https://www.kavstal.ru/public/assets/images/products/SORTOVOI_PROKAT/BRONZOVYI_KRUG/img.webp,цветные металлы;бронзовый круг;броф7-0.2;30;40;60;70;90;120;150;бронзовый;круг,БрОФ7-0.2,30 ; 40; 60; 70; 90; 120; 150,ГОСТ 2590-2006,т
Цветные металлы,БРОНЗОВЫЙ КРУГ,БрОЦС5-5-5,Бронзовый Круг 20 БрОЦС5-5-5,"БРОНЗОВЫЙ КРУГ марки БрОЦС5-5-5, размер 20 ; 25",20,1180000,т,1,0,0,https://www.kavstal.ru/public/assets/images/products/SORTOVOI_PROKAT/BRONZOVYI_KRUG/img.webp,цветные металлы;бронзовый круг;броцс5-5-5;20;25;бронзовый;круг,БрОЦС5-5-5,20 ; 25,ГОСТ 2590-2006,т
Цветные металлы,БРОНЗОВЫЙ КРУГ,БрОЦС5-5-5,Бронзовый Круг 30 БрОЦС5-5-5,"БРОНЗОВЫЙ КРУГ марки БрОЦС5-5-5, размер 30 ; 35; 45; 50; 55; 60; 65; 70; 75; 80; 85; 90; 95; 100; 110; 120; 130; 140",30,1170000,т,1,0,0,https://www.kavstal.ru/public/assets/images/products/SORTOVOI_PROKAT/BRONZOVYI_KRUG/img.webp,цветные металлы;бронзовый круг;броцс5-5-5;30;35;45;50;55;60;65;70;75;80;85;90;95;100;110;120;130;140;бронзовый;круг,БрОЦС5-5-5,30 ; 35; 45; 50; 55; 60; 65; 70; 75; 80; 85; 90; 95; 100; 110; 120; 130; 140,ГОСТ 2590-2006,т
Цветные металлы,БРОНЗОВЫЙ КРУГ,БрОЦС5-5-5,Бронзовый Круг 150 БрОЦС5-5-5,"БРОНЗОВЫЙ КРУГ марки БрОЦС5-5-5, размер 150 ; 160; 170; 180; 200",150,1180000,т,1,0,0,https://www.kavstal.ru/public/assets/images/products/SORTOVOI_PROKAT/BRONZOVYI_KRUG/img.webp,цветные металлы;бронзовый круг;броцс5-5-5;150;160;170;180;200;бронзовый;круг,БрОЦС5-5-5,150 ; 160; 170; 180; 200,ГОСТ 2590-2006,т
Цветные металлы,БРОНЗОВЫЙ КРУГ,БрОЦС5-5-5,Бронзовый Круг 220 БрОЦС5-5-5,"БРОНЗОВЫЙ КРУГ марки БрОЦС5-5-5, размер 220 ; 240",220,1170000,т,1,0,0,https://www.kavstal.ru/public/assets/images/products/SORTOVOI_PROKAT/BRONZOVYI_KRUG/img.webp,цветные металлы;бронзовый круг;броцс5-5-5;220;240;бронзовый;круг,БрОЦС5-5-5,220 ; 240,ГОСТ 2590-2006,т
Цветные металлы,ДЮРАЛЕВЫЙ КРУГ,В95,Дюралевый Круг 70 В95,"ДЮРАЛЕВЫЙ КРУГ марки В95, размер 70",70,737000,т,1,0,0,https://www.kavstal.ru/public/assets/images/products/SORTOVOI_PROKAT/DYURALEVYI_KRUG/img.jpg,цветные металлы;дюралевый круг;в95;70;дюралевый;круг,В95,70,ГОСТ 2590-2006,т
Цветные металлы,ДЮРАЛЕВЫЙ КРУГ,В95,Дюралевый Круг 80 В95,"ДЮРАЛЕВЫЙ КРУГ марки В95, размер 80",80,489000,т,1,0,0,https://www.kavstal.ru/public/assets/images/products/SORTOVOI_PROKAT/DYURALEVYI_KRUG/img.jpg,цветные металлы;дюралевый круг;в95;80;дюралевый;круг,В95,80,ГОСТ 2590-2006,т
Цветные металлы,ДЮРАЛЕВЫЙ КРУГ,В95,Дюралевый Круг 100 В95,"ДЮРАЛЕВЫЙ КРУГ марки В95, размер 100",100,737000,т,1,0,0,https://www.kavstal.ru/public/assets/images/products/SORTOVOI_PROKAT/DYURALEVYI_KRUG/img.jpg,цветные металлы;дюралевый круг;в95;100;дюралевый;круг,В95,100,ГОСТ 2590-2006,т
Цветные металлы,ДЮРАЛЕВЫЙ КРУГ,В95,Дюралевый Круг 120 В95,"ДЮРАЛЕВЫЙ КРУГ марки В95, размер 120 ; 140; 180",120,636000,т,1,0,0,https://www.kavstal.ru/public/assets/images/products/SORTOVOI_PROKAT/DYURALEVYI_KRUG/img.jpg,цветные металлы;дюралевый круг;в95;120;140;180;дюралевый;круг,В95,120 ; 140; 180,ГОСТ 2590-2006,т
Цветные металлы,ДЮРАЛЕВЫЙ КРУГ,В95 РТ-Техприемка,Дюралевый Круг 12 В95 РТ-Техприемка,"ДЮРАЛЕВЫЙ КРУГ марки В95 РТ-Техприемка, размер 12 ; 30",12,489000,т,1,0,0,https://www.kavstal.ru/public/assets/images/products/SORTOVOI_PROKAT/DYURALEVYI_KRUG/img.jpg,цветные металлы;дюралевый круг;в95 рт-техприемка;12;30;дюралевый;круг;в95;рт-техприемка,В95 РТ-Техприемка,12 ; 30,ГОСТ 2590-2006,т
Цветные металлы,ДЮРАЛЕВЫЙ КРУГ,В95 РТ-Техприемка,Дюралевый Круг 90 В95 РТ-Техприемка,"ДЮРАЛЕВЫЙ КРУГ марки В95 РТ-Техприемка, размер 90",90,752000,т,1,0,0,https://www.kavstal.ru/public/assets/images/products/SORTOVOI_PROKAT/DYURALEVYI_KRUG/img.jpg,цветные металлы;дюралевый круг;в95 рт-техприемка;90;дюралевый;круг;в95;рт-техприемка,В95 РТ-Техприемка,90,ГОСТ 2590-2006,т
Цветные металлы,ДЮРАЛЕВЫЙ КРУГ,В95 РТ-Техприемка,Дюралевый Круг 150 В95 РТ-Техприемка,"ДЮРАЛЕВЫЙ КРУГ марки В95 РТ-Техприемка, размер 150",150,649000,т,1,0,0,https://www.kavstal.ru/public/assets/images/products/SORTOVOI_PROKAT/DYURALEVYI_KRUG/img.jpg,цветные металлы;дюралевый круг;в95 рт-техприемка;150;дюралевый;круг;в95;рт-техприемка,В95 РТ-Техприемка,150,ГОСТ 2590-2006,т
Цветные металлы,ДЮРАЛЕВЫЙ КРУГ,В95 РТ-Техприемка,Дюралевый Круг 170 В95 РТ-Техприемка,"ДЮРАЛЕВЫЙ КРУГ марки В95 РТ-Техприемка, размер 170",170,484000,т,1,0,0,https://www.kavstal.ru/public/assets/images/products/SORTOVOI_PROKAT/DYURALEVYI_KRUG/img.jpg,цветные металлы;дюралевый круг;в95 рт-техприемка;170;дюралевый;круг;в95;рт-техприемка,В95 РТ-Техприемка,170,ГОСТ 2590-2006,т
Цветные металлы,ДЮРАЛЕВЫЙ КРУГ,В95 РТ-Техприемка,Дюралевый Круг 220 В95 РТ-Техприемка,"ДЮРАЛЕВЫЙ КРУГ марки В95 РТ-Техприемка, размер 220",220,649000,т,1,0,0,https://www.kavstal.ru/public/assets/images/products/SORTOVOI_PROKAT/DYURALEVYI_KRUG/img.jpg,цветные металлы;дюралевый круг;в95 рт-техприемка;220;дюралевый;круг;в95;рт-техприемка,В95 РТ-Техприемка,220,ГОСТ 2590-2006,т
Цветные металлы,ДЮРАЛЕВЫЙ КРУГ,В95 РТ-Техприемка,Дюралевый Круг 240 В95 РТ-Техприемка,"ДЮРАЛЕВЫЙ КРУГ марки В95 РТ-Техприемка, размер 240 ; 260; 270",240,600000,т,1,0,0,https://www.kavstal.ru/public/assets/images/products/SORTOVOI_PROKAT/DYURALEVYI_KRUG/img.jpg,цветные металлы;дюралевый круг;в95 рт-техприемка;240;260;270;дюралевый;круг;в95;рт-техприемка,В95 РТ-Техприемка,240 ; 260; 270,ГОСТ 2590-2006,т
Цветные металлы,ДЮРАЛЕВЫЙ КРУГ,В95Т1,Дюралевый Круг 12 В95т1,"ДЮРАЛЕВЫЙ КРУГ марки В95Т1, размер 12 ; 14",12,750000,т,1,0,0,https://www.kavstal.ru/public/assets/images/products/SORTOVOI_PROKAT/DYURALEVYI_KRUG/img.jpg,цветные металлы;дюралевый круг;в95т1;12;14;дюралевый;круг,В95Т1,12 ; 14,ГОСТ 2590-2006,т
Цветные металлы,ДЮРАЛЕВЫЙ КРУГ,В95Т1,Дюралевый Круг 18 В95т1,"ДЮРАЛЕВЫЙ КРУГ марки В95Т1, размер 18",18,825000,т,1,0,0,https://www.kavstal.ru/public/assets/images/products/SORTOVOI_PROKAT/DYURALEVYI_KRUG/img.jpg,цветные металлы;дюралевый круг;в95т1;18;дюралевый;круг,В95Т1,18,ГОСТ 2590-2006,т
Цветные металлы,ДЮРАЛЕВЫЙ КРУГ,В95Т1,Дюралевый Круг 20 В95т1,"ДЮРАЛЕВЫЙ КРУГ марки В95Т1, размер 20",20,775000,т,1,0,0,https://www.kavstal.ru/public/assets/images/products/SORTOVOI_PROKAT/DYURALEVYI_KRUG/img.jpg,цветные металлы;дюралевый круг;в95т1;20;дюралевый;круг,В95Т1,20,ГОСТ 2590-2006,т
Цветные металлы,ДЮРАЛЕВЫЙ КРУГ,В95Т1,Дюралевый Круг 22 В95т1,"ДЮРАЛЕВЫЙ КРУГ марки В95Т1, размер 22",22,620000,т,1,0,0,https://www.kavstal.ru/public/assets/images/products/SORTOVOI_PROKAT/DYURALEVYI_KRUG/img.jpg,цветные металлы;дюралевый круг;в95т1;22;дюралевый;круг,В95Т1,22,ГОСТ 2590-2006,т
Цветные металлы,ДЮРАЛЕВЫЙ КРУГ,В95Т1,Дюралевый Круг 58 В95т1,"ДЮРАЛЕВЫЙ КРУГ марки В95Т1, размер 58 ; 70",58,768000,т,1,0,0,https://www.kavstal.ru/public/assets/images/products/SORTOVOI_PROKAT/DYURALEVYI_KRUG/img.jpg,цветные металлы;дюралевый круг;в95т1;58;70;дюралевый;круг,В95Т1,58 ; 70,ГОСТ 2590-2006,т
Цветные металлы,ДЮРАЛЕВЫЙ КРУГ,В95Т1 РТ-Техприемка,Дюралевый Круг 8 В95т1 РТ-Техприемка,"ДЮРАЛЕВЫЙ КРУГ марки В95Т1 РТ-Техприемка, размер 8 ; 10; 12",8,750000,т,1,0,0,https://www.kavstal.ru/public/assets/images/products/SORTOVOI_PROKAT/DYURALEVYI_KRUG/img.jpg,цветные металлы;дюралевый круг;в95т1 рт-техприемка;8;10;12;дюралевый;круг;в95т1;рт-техприемка,В95Т1 РТ-Техприемка,8 ; 10; 12,ГОСТ 2590-2006,т
Цветные металлы,ДЮРАЛЕВЫЙ КРУГ,В95Т1 РТ-Техприемка,Дюралевый Круг 20 В95т1 РТ-Техприемка,"ДЮРАЛЕВЫЙ КРУГ марки В95Т1 РТ-Техприемка, размер 20",20,791000,т,1,0,0,https://www.kavstal.ru/public/assets/images/products/SORTOVOI_PROKAT/DYURALEVYI_KRUG/img.jpg,цветные металлы;дюралевый круг;в95т1 рт-техприемка;20;дюралевый;круг;в95т1;рт-техприемка,В95Т1 РТ-Техприемка,20,ГОСТ 2590-2006,т
Цветные металлы,ДЮРАЛЕВЫЙ КРУГ,В95Т1 РТ-Техприемка,Дюралевый Круг 22 В95т1 РТ-Техприемка,"ДЮРАЛЕВЫЙ КРУГ марки В95Т1 РТ-Техприемка, размер 22",22,620000,т,1,0,0,https://www.kavstal.ru/public/assets/images/products/SORTOVOI_PROKAT/DYURALEVYI_KRUG/img.jpg,цветные металлы;дюралевый круг;в95т1 рт-техприемка;22;дюралевый;круг;в95т1;рт-техприемка,В95Т1 РТ-Техприемка,22,ГОСТ 2590-2006,т
Цветные металлы,ДЮРАЛЕВЫЙ КРУГ,В95Т1 РТ-Техприемка,Дюралевый Круг 45 В95т1 РТ-Техприемка,"ДЮРАЛЕВЫЙ КРУГ марки В95Т1 РТ-Техприемка, размер 45 ; 80; 100",45,783000,т,1,0,0,https://www.kavstal.ru/public/assets/images/products/SORTOVOI_PROKAT/DYURALEVYI_KRUG/img.jpg,цветные металлы;дюралевый круг;в95т1 рт-техприемка;45;80;100;дюралевый;круг;в95т1;рт-техприемка,В95Т1 РТ-Техприемка,45 ; 80; 100,ГОСТ 2590-2006,т
Цветные металлы,ДЮРАЛЕВЫЙ КРУГ,В95Т1 РТ-Техприемка,Дюралевый Круг 120 В95т1 РТ-Техприемка,"ДЮРАЛЕВЫЙ КРУГ марки В95Т1 РТ-Техприемка, размер 120 ; 130; 150; 160",120,666000,т,1,0,0,https://www.kavstal.ru/public/assets/images/products/SORTOVOI_PROKAT/DYURALEVYI_KRUG/img.jpg,цветные металлы;дюралевый круг;в95т1 рт-техприемка;120;130;150;160;дюралевый;круг;в95т1;рт-техприемка,В95Т1 РТ-Техприемка,120 ; 130; 150; 160,ГОСТ 2590-2006,т
Цветные металлы,ДЮРАЛЕВЫЙ КРУГ,Д16,Дюралевый Круг 8 Д16,"ДЮРАЛЕВЫЙ КРУГ марки Д16, размер 8 ; 10; 12",8,947000,т,1,0,0,https://www.kavstal.ru/public/assets/images/products/SORTOVOI_PROKAT/DYURALEVYI_KRUG/img.jpg,цветные металлы;дюралевый круг;д16;8;10;12;дюралевый;круг,Д16,8 ; 10; 12,ГОСТ 2590-2006,т
Цветные металлы,ДЮРАЛЕВЫЙ КРУГ,Д16,Дюралевый Круг 15 Д16,"ДЮРАЛЕВЫЙ КРУГ марки Д16, размер 15 ; 16",15,742000,т,1,0,0,https://www.kavstal.ru/public/assets/images/products/SORTOVOI_PROKAT/DYURALEVYI_KRUG/img.jpg,цветные металлы;дюралевый круг;д16;15;16;дюралевый;круг,Д16,15 ; 16,ГОСТ 2590-2006,т
Цветные металлы,ДЮРАЛЕВЫЙ КРУГ,Д16,Дюралевый Круг 28 Д16,"ДЮРАЛЕВЫЙ КРУГ марки Д16, размер 28",28,643000,т,1,0,0,https://www.kavstal.ru/public/assets/images/products/SORTOVOI_PROKAT/DYURALEVYI_KRUG/img.jpg,цветные металлы;дюралевый круг;д16;28;дюралевый;круг,Д16,28,ГОСТ 2590-2006,т
Цветные металлы,ДЮРАЛЕВЫЙ КРУГ,Д16,Дюралевый Круг 30 Д16,"ДЮРАЛЕВЫЙ КРУГ марки Д16, размер 30 ; 32; 35; 50; 55; 60; 70; 75; 80; 85; 90; 95; 100",30,549000,т,1,0,0,https://www.kavstal.ru/public/assets/images/products/SORTOVOI_PROKAT/DYURALEVYI_KRUG/img.jpg,цветные металлы;дюралевый круг;д16;30;32;35;50;55;60;70;75;80;85;90;95;100;дюралевый;круг,Д16,30 ; 32; 35; 50; 55; 60; 70; 75; 80; 85; 90; 95; 100,ГОСТ 2590-2006,т
Цветные металлы,ДЮРАЛЕВЫЙ КРУГ,Д16,Дюралевый Круг 110 Д16,"ДЮРАЛЕВЫЙ КРУГ марки Д16, размер 110 ; 115; 120; 125; 130; 135; 140; 145; 150; 160; 170; 180; 190; 210; 220; 230; 250",110,498000,т,1,0,0,https://www.kavstal.ru/public/assets/images/products/SORTOVOI_PROKAT/DYURALEVYI_KRUG/img.jpg,цветные металлы;дюралевый круг;д16;110;115;120;125;130;135;140;145;150;160;170;180;190;210;220;230;250;дюралевый;круг,Д16,110 ; 115; 120; 125; 130; 135; 140; 145; 150; 160; 170; 180; 190; 210; 220; 230; 250,ГОСТ 2590-2006,т
Цветные металлы,ДЮРАЛЕВЫЙ КРУГ,Д16,Дюралевый Круг 260 Д16,"ДЮРАЛЕВЫЙ КРУГ марки Д16, размер 260 ; 270; 280",260,660000,т,1,0,0,https://www.kavstal.ru/public/assets/images/products/SORTOVOI_PROKAT/DYURALEVYI_KRUG/img.jpg,цветные металлы;дюралевый круг;д16;260;270;280;дюралевый;круг,Д16,260 ; 270; 280,ГОСТ 2590-2006,т
Цветные металлы,ДЮРАЛЕВЫЙ КРУГ,Д16,Дюралевый Круг 320 Д16,"ДЮРАЛЕВЫЙ КРУГ марки Д16, размер 320 ; 330; 350",320,674000,т,1,0,0,https://www.kavstal.ru/public/assets/images/products/SORTOVOI_PROKAT/DYURALEVYI_KRUG/img.jpg,цветные металлы;дюралевый круг;д16;320;330;350;дюралевый;круг,Д16,320 ; 330; 350,ГОСТ 2590-2006,т
Цветные металлы,ДЮРАЛЕВЫЙ КРУГ,Д16Т,Дюралевый Круг 6 Д16Т,"ДЮРАЛЕВЫЙ КРУГ марки Д16Т, размер 6",6,1804000,т,1,0,0,https://www.kavstal.ru/public/assets/images/products/SORTOVOI_PROKAT/DYURALEVYI_KRUG/img.jpg,цветные металлы;дюралевый круг;д16т;6;дюралевый;круг,Д16Т,6,ГОСТ 2590-2006,т
Цветные металлы,ДЮРАЛЕВЫЙ КРУГ,Д16Т,Дюралевый Круг 8 Д16Т,"ДЮРАЛЕВЫЙ КРУГ марки Д16Т, размер 8 ; 10",8,840000,т,1,0,0,https://www.kavstal.ru/public/assets/images/products/SORTOVOI_PROKAT/DYURALEVYI_KRUG/img.jpg,цветные металлы;дюралевый круг;д16т;8;10;дюралевый;круг,Д16Т,8 ; 10,ГОСТ 2590-2006,т
Цветные металлы,ДЮРАЛЕВЫЙ КРУГ,Д16Т,Дюралевый Круг 16 Д16Т,"ДЮРАЛЕВЫЙ КРУГ марки Д16Т, размер 16 ; 17; 18; 19",16,742000,т,1,0,0,https://www.kavstal.ru/public/assets/images/products/SORTOVOI_PROKAT/DYURALEVYI_KRUG/img.jpg,цветные металлы;дюралевый круг;д16т;16;17;18;19;дюралевый;круг,Д16Т,16 ; 17; 18; 19,ГОСТ 2590-2006,т
Цветные металлы,ДЮРАЛЕВЫЙ КРУГ,Д16Т,Дюралевый Круг 25 Д16Т,"ДЮРАЛЕВЫЙ КРУГ марки Д16Т, размер 25 ; 30",25,643000,т,1,0,0,https://www.kavstal.ru/public/assets/images/products/SORTOVOI_PROKAT/DYURALEVYI_KRUG/img.jpg,цветные металлы;дюралевый круг;д16т;25;30;дюралевый;круг,Д16Т,25 ; 30,ГОСТ 2590-2006,т
Цветные металлы,ДЮРАЛЕВЫЙ КРУГ,Д16Т,Дюралевый Круг 32 Д16Т,"ДЮРАЛЕВЫЙ КРУГ марки Д16Т, размер 32",32,549000,т,1,0,0,https://www.kavstal.ru/public/assets/images/products/SORTOVOI_PROKAT/DYURALEVYI_KRUG/img.jpg,цветные металлы;дюралевый круг;д16т;32;дюралевый;круг,Д16Т,32,ГОСТ 2590-2006,т
Цветные металлы,ДЮРАЛЕВЫЙ КРУГ,Д16Т,Дюралевый Круг 34 Д16Т,"ДЮРАЛЕВЫЙ КРУГ марки Д16Т, размер 34",34,643000,т,1,0,0,https://www.kavstal.ru/public/assets/images/products/SORTOVOI_PROKAT/DYURALEVYI_KRUG/img.jpg,цветные металлы;дюралевый круг;д16т;34;дюралевый;круг,Д16Т,34,ГОСТ 2590-2006,т
Цветные металлы,ДЮРАЛЕВЫЙ КРУГ,Д16Т,Дюралевый Круг 35 Д16Т,"ДЮРАЛЕВЫЙ КРУГ марки Д16Т, размер 35 ; 38; 40; 42; 43; 50; 55; 56; 58; 60; 62; 70; 75; 80; 85; 95",35,549000,т,1,0,0,https://www.kavstal.ru/public/assets/images/products/SORTOVOI_PROKAT/DYURALEVYI_KRUG/img.jpg,цветные металлы;дюралевый круг;д16т;35;38;40;42;43;50;55;56;58;60;62;70;75;80;85;95;дюралевый;круг,Д16Т,35 ; 38; 40; 42; 43; 50; 55; 56; 58; 60; 62; 70; 75; 80; 85; 95,ГОСТ 2590-2006,т
Цветные металлы,ДЮРАЛЕВЫЙ КРУГ,Д16Т,Дюралевый Круг 105 Д16Т,"ДЮРАЛЕВЫЙ КРУГ марки Д16Т, размер 105 ; 110; 120; 125; 130; 135; 140; 145; 150; 155; 160; 170; 180; 190; 200; 210; 220; 230; 240; 250",105,528000,т,1,0,0,https://www.kavstal.ru/public/assets/images/products/SORTOVOI_PROKAT/DYURALEVYI_KRUG/img.jpg,цветные металлы;дюралевый круг;д16т;105;110;120;125;130;135;140;145;150;155;160;170;180;190;200;210;220;230;240;250;дюралевый;круг,Д16Т,105 ; 110; 120; 125; 130; 135; 140; 145; 150; 155; 160; 170; 180; 190; 200; 210; 220; 230; 240; 250,ГОСТ 2590-2006,т
Цветные металлы,ДЮРАЛЕВЫЙ КРУГ,Д16Т П,Дюралевый Круг 30 Д16Т П,"ДЮРАЛЕВЫЙ КРУГ марки Д16Т П, размер 30",30,643000,т,1,0,0,https://www.kavstal.ru/public/assets/images/products/SORTOVOI_PROKAT/DYURALEVYI_KRUG/img.jpg,цветные металлы;дюралевый круг;д16т п;30;дюралевый;круг;д16т,Д16Т П,30,ГОСТ 2590-2006,т
Цветные металлы,ДЮРАЛЕВЫЙ КРУГ,Д16Т П,Дюралевый Круг 50 Д16Т П,"ДЮРАЛЕВЫЙ КРУГ марки Д16Т П, размер 50 ; 60",50,560000,т,1,0,0,https://www.kavstal.ru/public/assets/images/products/SORTOVOI_PROKAT/DYURALEVYI_KRUG/img.jpg,цветные металлы;дюралевый круг;д16т п;50;60;дюралевый;круг;д16т,Д16Т П,50 ; 60,ГОСТ 2590-2006,т
Цветные металлы,ДЮРАЛЕВЫЙ КРУГ,Д16Т РТ-Техприемка,Дюралевый Круг 50 Д16Т РТ-Техприемка,"ДЮРАЛЕВЫЙ КРУГ марки Д16Т РТ-Техприемка, размер 50 ; 70",50,560000,т,1,0,0,https://www.kavstal.ru/public/assets/images/products/SORTOVOI_PROKAT/DYURALEVYI_KRUG/img.jpg,цветные металлы;дюралевый круг;д16т рт-техприемка;50;70;дюралевый;круг;д16т;рт-техприемка,Д16Т РТ-Техприемка,50 ; 70,ГОСТ 2590-2006,т
Цветные металлы,ДЮРАЛЕВЫЙ КРУГ,Д1Т РТ-Техприемка,Дюралевый Круг 10 Д1т РТ-Техприемка,"ДЮРАЛЕВЫЙ КРУГ марки Д1Т РТ-Техприемка, размер 10 ; 12",10,857000,т,1,0,0,https://www.kavstal.ru/public/assets/images/products/SORTOVOI_PROKAT/DYURALEVYI_KRUG/img.jpg,цветные металлы;дюралевый круг;д1т рт-техприемка;10;12;дюралевый;круг;д1т;рт-техприемка,Д1Т РТ-Техприемка,10 ; 12,ГОСТ 2590-2006,т
Цветные металлы,ДЮРАЛЕВЫЙ КРУГ,Д1Т РТ-Техприемка,Дюралевый Круг 60 Д1т РТ-Техприемка,"ДЮРАЛЕВЫЙ КРУГ марки Д1Т РТ-Техприемка, размер 60 ; 70",60,560000,т,1,0,0,https://www.kavstal.ru/public/assets/images/products/SORTOVOI_PROKAT/DYURALEVYI_KRUG/img.jpg,цветные металлы;дюралевый круг;д1т рт-техприемка;60;70;дюралевый;круг;д1т;рт-техприемка,Д1Т РТ-Техприемка,60 ; 70,ГОСТ 2590-2006,т
Цветные металлы,ДЮРАЛЕВЫЙ КРУГ,2024 T351 (Д16т),Дюралевый Круг 17 2024 T351 (Д16т),"ДЮРАЛЕВЫЙ КРУГ марки 2024 T351 (Д16т), размер 17",17,538000,т,1,0,0,https://www.kavstal.ru/public/assets/images/products/SORTOVOI_PROKAT/DYURALEVYI_KRUG/img.jpg,цветные металлы;дюралевый круг;2024 t351 (д16т);17;дюралевый;круг;2024;t351;д16т,2024 T351 (Д16т),17,ГОСТ 2590-2006,т
Цветные металлы,ДЮРАЛЕВЫЙ КРУГ,7075 T6511 (В95Т1),Дюралевый Круг 8 7075 T6511 (в95т1),"ДЮРАЛЕВЫЙ КРУГ марки 7075 T6511 (В95Т1), размер 8 ; 10",8,700000,т,1,0,0,https://www.kavstal.ru/public/assets/images/products/SORTOVOI_PROKAT/DYURALEVYI_KRUG/img.jpg,цветные металлы;дюралевый круг;7075 t6511 (в95т1);8;10;дюралевый;круг;7075;t6511;в95т1,7075 T6511 (В95Т1),8 ; 10,ГОСТ 2590-2006,т
Цветные металлы,ДЮРАЛЕВЫЙ КРУГ,7075 T6511 (В95Т1),Дюралевый Круг 20 7075 T6511 (в95т1),"ДЮРАЛЕВЫЙ КРУГ марки 7075 T6511 (В95Т1), размер 20",20,750000,т,1,0,0,https://www.kavstal.ru/public/assets/images/products/SORTOVOI_PROKAT/DYURALEVYI_KRUG/img.jpg,цветные металлы;дюралевый круг;7075 t6511 (в95т1);20;дюралевый;круг;7075;t6511;в95т1,7075 T6511 (В95Т1),20,ГОСТ 2590-2006,т
Цветные металлы,ДЮРАЛЕВЫЙ КРУГ,7075 T6511 (В95Т1),Дюралевый Круг 30 7075 T6511 (в95т1),"ДЮРАЛЕВЫЙ КРУГ марки 7075 T6511 (В95Т1), размер 30 ; 40",30,590000,т,1,0,0,https://www.kavstal.ru/public/assets/images/products/SORTOVOI_PROKAT/DYURALEVYI_KRUG/img.jpg,цветные металлы;дюралевый круг;7075 t6511 (в95т1);30;40;дюралевый;круг;7075;t6511;в95т1,7075 T6511 (В95Т1),30 ; 40,ГОСТ 2590-2006,т
Цветные металлы,ДЮРАЛЕВЫЙ ШЕСТИГРАННИК,Д16Т,Дюралевый Шестигранник 8 Д16Т,"ДЮРАЛЕВЫЙ ШЕСТИГРАННИК марки Д16Т, размер 8",8,1231000,т,1,0,0,https://www.kavstal.ru/public/assets/images/products/SORTOVOI_PROKAT/DYURALEVYI_SHESTIGRANNIK/img.webp,цветные металлы;дюралевый шестигранник;д16т;8;дюралевый;шестигранник,Д16Т,8,,т
Цветные металлы,ДЮРАЛЕВЫЙ ШЕСТИГРАННИК,Д16Т,Дюралевый Шестигранник 10 Д16Т,"ДЮРАЛЕВЫЙ ШЕСТИГРАННИК марки Д16Т, размер 10 ; 12",10,788000,т,1,0,0,https://www.kavstal.ru/public/assets/images/products/SORTOVOI_PROKAT/DYURALEVYI_SHESTIGRANNIK/img.webp,цветные металлы;дюралевый шестигранник;д16т;10;12;дюралевый;шестигранник,Д16Т,10 ; 12,,т
Цветные металлы,ДЮРАЛЕВЫЙ ШЕСТИГРАННИК,Д16Т,Дюралевый Шестигранник 14 Д16Т,"ДЮРАЛЕВЫЙ ШЕСТИГРАННИК марки Д16Т, размер 14",14,865000,т,1,0,0,https://www.kavstal.ru/public/assets/images/products/SORTOVOI_PROKAT/DYURALEVYI_SHESTIGRANNIK/img.webp,цветные металлы;дюралевый шестигранник;д16т;14;дюралевый;шестигранник,Д16Т,14,,т
Цветные металлы,ДЮРАЛЕВЫЙ ШЕСТИГРАННИК,Д16Т,Дюралевый Шестигранник 17 Д16Т,"ДЮРАЛЕВЫЙ ШЕСТИГРАННИК марки Д16Т, размер 17",17,790000,т,1,0,0,https://www.kavstal.ru/public/assets/images/products/SORTOVOI_PROKAT/DYURALEVYI_SHESTIGRANNIK/img.webp,цветные металлы;дюралевый шестигранник;д16т;17;дюралевый;шестигранник,Д16Т,17,,т
Цветные металлы,ДЮРАЛЕВЫЙ ШЕСТИГРАННИК,Д16Т,Дюралевый Шестигранник 22 Д16Т,"ДЮРАЛЕВЫЙ ШЕСТИГРАННИК марки Д16Т, размер 22 ; 24",22,700000,т,1,0,0,https://www.kavstal.ru/public/assets/images/products/SORTOVOI_PROKAT/DYURALEVYI_SHESTIGRANNIK/img.webp,цветные металлы;дюралевый шестигранник;д16т;22;24;дюралевый;шестигранник,Д16Т,22 ; 24,,т
Цветные металлы,ДЮРАЛЕВЫЙ ШЕСТИГРАННИК,2024 T351 (Д16т),Дюралевый Шестигранник 10 2024 T351 (Д16т),"ДЮРАЛЕВЫЙ ШЕСТИГРАННИК марки 2024 T351 (Д16т), размер 10 ; 12",10,649000,т,1,0,0,https://www.kavstal.ru/public/assets/images/products/SORTOVOI_PROKAT/DYURALEVYI_SHESTIGRANNIK/img.webp,цветные металлы;дюралевый шестигранник;2024 t351 (д16т);10;12;дюралевый;шестигранник;2024;t351;д16т,2024 T351 (Д16т),10 ; 12,,т
Цветные металлы,ДЮРАЛЕВЫЙ ШЕСТИГРАННИК,2024 T351 (Д16т),Дюралевый Шестигранник 22 2024 T351 (Д16т),"ДЮРАЛЕВЫЙ ШЕСТИГРАННИК марки 2024 T351 (Д16т), размер 22",22,587000,т,1,0,0,https://www.kavstal.ru/public/assets/images/products/SORTOVOI_PROKAT/DYURALEVYI_SHESTIGRANNIK/img.webp,цветные металлы;дюралевый шестигранник;2024 t351 (д16т);22;дюралевый;шестигранник;2024;t351;д16т,2024 T351 (Д16т),22,,т
Цветные металлы,ЛАТУННЫЙ ШЕСТИГРАННИК,Л63,Латунный Шестигранник 8 Л63,"ЛАТУННЫЙ ШЕСТИГРАННИК марки Л63, размер 8 ; 10; 12; 14; 17; 19; 22; 30",8,1203000,т,1,0,0,https://www.kavstal.ru/public/assets/images/products/SORTOVOI_PROKAT/LATUNNYI_SHESTIGRANNIK/img.webp,цветные металлы;латунный шестигранник;л63;8;10;12;14;17;19;22;30;латунный;шестигранник,Л63,8 ; 10; 12; 14; 17; 19; 22; 30,,т
Цветные металлы,ЛАТУННЫЙ ШЕСТИГРАННИК,ЛС59-1,Латунный Шестигранник 6 ЛС59-1,"ЛАТУННЫЙ ШЕСТИГРАННИК марки ЛС59-1, размер 6",6,1088000,т,1,0,0,https://www.kavstal.ru/public/assets/images/products/SORTOVOI_PROKAT/LATUNNYI_SHESTIGRANNIK/img.webp,цветные металлы;латунный шестигранник;лс59-1;6;латунный;шестигранник,ЛС59-1,6,,т
Цветные металлы,ЛАТУННЫЙ ШЕСТИГРАННИК,ЛС59-1,Латунный Шестигранник 7 ЛС59-1,"ЛАТУННЫЙ ШЕСТИГРАННИК марки ЛС59-1, размер 7 ; 8; 9; 10",7,983000,т,1,0,0,https://www.kavstal.ru/public/assets/images/products/SORTOVOI_PROKAT/LATUNNYI_SHESTIGRANNIK/img.webp,цветные металлы;латунный шестигранник;лс59-1;7;8;9;10;латунный;шестигранник,ЛС59-1,7 ; 8; 9; 10,,т
Цветные металлы,ЛАТУННЫЙ ШЕСТИГРАННИК,ЛС59-1,Латунный Шестигранник 11 ЛС59-1,"ЛАТУННЫЙ ШЕСТИГРАННИК марки ЛС59-1, размер 11 ; 12; 13; 17; 19; 22; 24; 30; 32; 36; 41; 46; 55; 60",11,975000,т,1,0,0,https://www.kavstal.ru/public/assets/images/products/SORTOVOI_PROKAT/LATUNNYI_SHESTIGRANNIK/img.webp,цветные металлы;латунный шестигранник;лс59-1;11;12;13;17;19;22;24;30;32;36;41;46;55;60;латунный;шестигранник,ЛС59-1,11 ; 12; 13; 17; 19; 22; 24; 30; 32; 36; 41; 46; 55; 60,,т
Цветные металлы,МЕДНЫЙ КРУГ,М1,Медный Круг 5 М1,"МЕДНЫЙ КРУГ марки М1, размер 5 ; 6; 7; 8; 9; 10; 12",5,1452000,т,1,0,0,https://www.kavstal.ru/public/assets/images/products/SORTOVOI_PROKAT/MEDNYI_KRUG/img.webp,цветные металлы;медный круг;м1;5;6;7;8;9;10;12;медный;круг,М1,5 ; 6; 7; 8; 9; 10; 12,ГОСТ 2590-2006,т
Цветные металлы,МЕДНЫЙ КРУГ,М1,Медный Круг 14 М1,"МЕДНЫЙ КРУГ марки М1, размер 14",14,1421000,т,1,0,0,https://www.kavstal.ru/public/assets/images/products/SORTOVOI_PROKAT/MEDNYI_KRUG/img.webp,цветные металлы;медный круг;м1;14;медный;круг,М1,14,ГОСТ 2590-2006,т
Цветные металлы,МЕДНЫЙ КРУГ,М1,Медный Круг 15 М1,"МЕДНЫЙ КРУГ марки М1, размер 15 ; 16; 18; 20; 22; 24; 25; 27; 30; 35; 38",15,1452000,т,1,0,0,https://www.kavstal.ru/public/assets/images/products/SORTOVOI_PROKAT/MEDNYI_KRUG/img.webp,цветные металлы;медный круг;м1;15;16;18;20;22;24;25;27;30;35;38;медный;круг,М1,15 ; 16; 18; 20; 22; 24; 25; 27; 30; 35; 38,ГОСТ 2590-2006,т
Цветные металлы,МЕДНЫЙ КРУГ,М1,Медный Круг 40 М1,"МЕДНЫЙ КРУГ марки М1, размер 40 ; 42; 45; 50; 55; 60; 65; 70; 75; 80; 85; 90; 110; 140; 150; 160",40,1472000,т,1,0,0,https://www.kavstal.ru/public/assets/images/products/SORTOVOI_PROKAT/MEDNYI_KRUG/img.webp,цветные металлы;медный круг;м1;40;42;45;50;55;60;65;70;75;80;85;90;110;140;150;160;медный;круг,М1,40 ; 42; 45; 50; 55; 60; 65; 70; 75; 80; 85; 90; 110; 140; 150; 160,ГОСТ 2590-2006,т
Цветные металлы,АЛЮМИНИЕВЫЙ ЛИСТ,1561БМ,Алюминиевый Лист 3 1561БМ,"АЛЮМИНИЕВЫЙ ЛИСТ марки 1561БМ, размер 3",3,727000,т,1,0,0,https://www.kavstal.ru/public/assets/images/products/TSVETNYE_METALLY/ALYUMINIEVYI_LIST/img.jpg,цветные металлы;алюминиевый лист;1561бм;3;алюминиевый;лист,1561БМ,3,,т
Цветные металлы,АЛЮМИНИЕВЫЙ ЛИСТ,5083 H111,Алюминиевый Лист 1.5 5083 H111,"АЛЮМИНИЕВЫЙ ЛИСТ марки 5083 H111, размер 1.5",1.5,440000,т,1,0,0,https://www.kavstal.ru/public/assets/images/products/TSVETNYE_METALLY/ALYUMINIEVYI_LIST/img.jpg,цветные металлы;алюминиевый лист;5083 h111;1;5;алюминиевый;лист;1.5;5083;h111,5083 H111,1.5,,т
Цветные металлы,АЛЮМИНИЕВЫЙ ЛИСТ,5083 H111,Алюминиевый Лист 2 5083 H111,"АЛЮМИНИЕВЫЙ ЛИСТ марки 5083 H111, размер 2",2,555000,т,1,0,0,https://www.kavstal.ru/public/assets/images/products/TSVETNYE_METALLY/ALYUMINIEVYI_LIST/img.jpg,цветные металлы;алюминиевый лист;5083 h111;2;алюминиевый;лист;5083;h111,5083 H111,2,,т
Цветные металлы,АЛЮМИНИЕВЫЙ ЛИСТ,5083 H111,Алюминиевый Лист 2.5 5083 H111,"АЛЮМИНИЕВЫЙ ЛИСТ марки 5083 H111, размер 2.5",2.5,560000,т,1,0,0,https://www.kavstal.ru/public/assets/images/products/TSVETNYE_METALLY/ALYUMINIEVYI_LIST/img.jpg,цветные металлы;алюминиевый лист;5083 h111;2;5;алюминиевый;лист;2.5;5083;h111,5083 H111,2.5,,т
Цветные металлы,АЛЮМИНИЕВЫЙ ЛИСТ,5083 H111,Алюминиевый Лист 3 5083 H111,"АЛЮМИНИЕВЫЙ ЛИСТ марки 5083 H111, размер 3",3,555000,т,1,0,0,https://www.kavstal.ru/public/assets/images/products/TSVETNYE_METALLY/ALYUMINIEVYI_LIST/img.jpg,цветные металлы;алюминиевый лист;5083 h111;3;алюминиевый;лист;5083;h111,5083 H111,3,,т
Цветные металлы,АЛЮМИНИЕВЫЙ ЛИСТ,5083 H111,Алюминиевый Лист 4 5083 H111,"АЛЮМИНИЕВЫЙ ЛИСТ марки 5083 H111, размер 4 ; 5; 6",4,558000,т,1,0,0,https://www.kavstal.ru/public/assets/images/products/TSVETNYE_METALLY/ALYUMINIEVYI_LIST/img.jpg,цветные металлы;алюминиевый лист;5083 h111;4;5;6;алюминиевый;лист;5083;h111,5083 H111,4 ; 5; 6,,т
Цветные металлы,АЛЮМИНИЕВЫЙ ЛИСТ,5083 H111 уценка,Алюминиевый Лист 2 5083 H111 уценка,"АЛЮМИНИЕВЫЙ ЛИСТ марки 5083 H111 уценка, размер 2 ; 3",2,350000,т,1,0,0,https://www.kavstal.ru/public/assets/images/products/TSVETNYE_METALLY/ALYUMINIEVYI_LIST/img.jpg,цветные металлы;алюминиевый лист;5083 h111 уценка;2;3;алюминиевый;лист;5083;h111;уценка,5083 H111 уценка,2 ; 3,,т
Цветные металлы,АЛЮМИНИЕВЫЙ ЛИСТ,5754 H111 (АМг3м),Алюминиевый Лист 4 5754 H111 (АМг3м),"АЛЮМИНИЕВЫЙ ЛИСТ марки 5754 H111 (АМг3м), размер 4",4,528000,т,1,0,0,https://www.kavstal.ru/public/assets/images/products/TSVETNYE_METALLY/ALYUMINIEVYI_LIST/img.jpg,цветные металлы;алюминиевый лист;5754 h111 (амг3м);4;алюминиевый;лист;5754;h111;амг3м,5754 H111 (АМг3м),4,,т
Цветные металлы,АЛЮМИНИЕВЫЙ ЛИСТ,А5М,Алюминиевый Лист 0.5 А5м,"АЛЮМИНИЕВЫЙ ЛИСТ марки А5М, размер 0.5",0.5,536000,т,1,0,0,https://www.kavstal.ru/public/assets/images/products/TSVETNYE_METALLY/ALYUMINIEVYI_LIST/img.jpg,цветные металлы;алюминиевый лист;а5м;5;алюминиевый;лист;0.5,А5М,0.5,,т
Цветные металлы,АЛЮМИНИЕВЫЙ ЛИСТ,А5М,Алюминиевый Лист 1 А5м,"АЛЮМИНИЕВЫЙ ЛИСТ марки А5М, размер 1 ; 1.2; 1.5",1,532000,т,1,0,0,https://www.kavstal.ru/public/assets/images/products/TSVETNYE_METALLY/ALYUMINIEVYI_LIST/img.jpg,цветные металлы;алюминиевый лист;а5м;1;2;5;алюминиевый;лист,А5М,1 ; 1.2; 1.5,,т
Цветные металлы,АЛЮМИНИЕВЫЙ ЛИСТ,А5М,Алюминиевый Лист 2 А5м,"АЛЮМИНИЕВЫЙ ЛИСТ марки А5М, размер 2",2,527000,т,1,0,0,https://www.kavstal.ru/public/assets/images/products/TSVETNYE_METALLY/ALYUMINIEVYI_LIST/img.jpg,цветные металлы;алюминиевый лист;а5м;2;алюминиевый;лист,А5М,2,,т
Цветные металлы,АЛЮМИНИЕВЫЙ ЛИСТ,А5М,Алюминиевый Лист 2 А5м,"АЛЮМИНИЕВЫЙ ЛИСТ марки А5М, размер 2 ; 2.5",2,532000,т,1,0,0,https://www.kavstal.ru/public/assets/images/products/TSVETNYE_METALLY/ALYUMINIEVYI_LIST/img.jpg,цветные металлы;алюминиевый лист;а5м;2;5;алюминиевый;лист,А5М,2 ; 2.5,,т
Цветные металлы,АЛЮМИНИЕВЫЙ ЛИСТ,А5М,Алюминиевый Лист 4 А5м,"АЛЮМИНИЕВЫЙ ЛИСТ марки А5М, размер 4",4,530000,т,1,0,0,https://www.kavstal.ru/public/assets/images/products/TSVETNYE_METALLY/ALYUMINIEVYI_LIST/img.jpg,цветные металлы;алюминиевый лист;а5м;4;алюминиевый;лист,А5М,4,,т
Цветные металлы,АЛЮМИНИЕВЫЙ ЛИСТ,А5М,Алюминиевый Лист 5 А5м,"АЛЮМИНИЕВЫЙ ЛИСТ марки А5М, размер 5",5,406000,т,1,0,0,https://www.kavstal.ru/public/assets/images/products/TSVETNYE_METALLY/ALYUMINIEVYI_LIST/img.jpg,цветные металлы;алюминиевый лист;а5м;5;алюминиевый;лист,А5М,5,,т
Цветные металлы,АЛЮМИНИЕВЫЙ ЛИСТ,А5Н,Алюминиевый Лист 0.8 А5н,"АЛЮМИНИЕВЫЙ ЛИСТ марки А5Н, размер 0.8",0.8,536000,т,1,0,0,https://www.kavstal.ru/public/assets/images/products/TSVETNYE_METALLY/ALYUMINIEVYI_LIST/img.jpg,цветные металлы;алюминиевый лист;а5н;8;алюминиевый;лист;0.8,А5Н,0.8,,т
Цветные металлы,АЛЮМИНИЕВЫЙ ЛИСТ,А5Н,Алюминиевый Лист 1 А5н,"АЛЮМИНИЕВЫЙ ЛИСТ марки А5Н, размер 1",1,527000,т,1,0,0,https://www.kavstal.ru/public/assets/images/products/TSVETNYE_METALLY/ALYUMINIEVYI_LIST/img.jpg,цветные металлы;алюминиевый лист;а5н;1;алюминиевый;лист,А5Н,1,,т
Цветные металлы,АЛЮМИНИЕВЫЙ ЛИСТ,А5Н,Алюминиевый Лист 1 А5н,"АЛЮМИНИЕВЫЙ ЛИСТ марки А5Н, размер 1",1,532000,т,1,0,0,https://www.kavstal.ru/public/assets/images/products/TSVETNYE_METALLY/ALYUMINIEVYI_LIST/img.jpg,цветные металлы;алюминиевый лист;а5н;1;алюминиевый;лист,А5Н,1,,т
Цветные металлы,АЛЮМИНИЕВЫЙ ЛИСТ,А5Н,Алюминиевый Лист 5 А5н,"АЛЮМИНИЕВЫЙ ЛИСТ марки А5Н, размер 5",5,530000,т,1,0,0,https://www.kavstal.ru/public/assets/images/products/TSVETNYE_METALLY/ALYUMINIEVYI_LIST/img.jpg,цветные металлы;алюминиевый лист;а5н;5;алюминиевый;лист,А5Н,5,,т
Цветные металлы,АЛЮМИНИЕВЫЙ ЛИСТ,А5Н,Алюминиевый Лист 6 А5н,"АЛЮМИНИЕВЫЙ ЛИСТ марки А5Н, размер 6",6,406000,т,1,0,0,https://www.kavstal.ru/public/assets/images/products/TSVETNYE_METALLY/ALYUMINIEVYI_LIST/img.jpg,цветные металлы;алюминиевый лист;а5н;6;алюминиевый;лист,А5Н,6,,т
Цветные металлы,АЛЮМИНИЕВЫЙ ЛИСТ,АД1М,Алюминиевый Лист 0.5 Ад1м,"АЛЮМИНИЕВЫЙ ЛИСТ марки АД1М, размер 0.5 ; 0.8",0.5,536000,т,1,0,0,https://www.kavstal.ru/public/assets/images/products/TSVETNYE_METALLY/ALYUMINIEVYI_LIST/img.jpg,цветные металлы;алюминиевый лист;ад1м;5;8;алюминиевый;лист;0.5,АД1М,0.5 ; 0.8,,т
Цветные металлы,АЛЮМИНИЕВЫЙ ЛИСТ,АД1М,Алюминиевый Лист 1 Ад1м,"АЛЮМИНИЕВЫЙ ЛИСТ марки АД1М, размер 1 ; 1.2; 1.5; 2; 2.5",1,532000,т,1,0,0,https://www.kavstal.ru/public/assets/images/products/TSVETNYE_METALLY/ALYUMINIEVYI_LIST/img.jpg,цветные металлы;алюминиевый лист;ад1м;1;2;5;алюминиевый;лист,АД1М,1 ; 1.2; 1.5; 2; 2.5,,т
Цветные металлы,АЛЮМИНИЕВЫЙ ЛИСТ,АД1М,Алюминиевый Лист 4 Ад1м,"АЛЮМИНИЕВЫЙ ЛИСТ марки АД1М, размер 4 ; 5",4,530000,т,1,0,0,https://www.kavstal.ru/public/assets/images/products/TSVETNYE_METALLY/ALYUMINIEVYI_LIST/img.jpg,цветные металлы;алюминиевый лист;ад1м;4;5;алюминиевый;лист,АД1М,4 ; 5,,т
Цветные металлы,АЛЮМИНИЕВЫЙ ЛИСТ,АД1М уценка,Алюминиевый Лист 1 Ад1м уценка,"АЛЮМИНИЕВЫЙ ЛИСТ марки АД1М уценка, размер 1",1,401000,т,1,0,0,https://www.kavstal.ru/public/assets/images/products/TSVETNYE_METALLY/ALYUMINIEVYI_LIST/img.jpg,цветные металлы;алюминиевый лист;ад1м уценка;1;алюминиевый;лист;ад1м;уценка,АД1М уценка,1,,т
Цветные металлы,АЛЮМИНИЕВЫЙ ЛИСТ,АД1Н,Алюминиевый Лист 0.5 Ад1н,"АЛЮМИНИЕВЫЙ ЛИСТ марки АД1Н, размер 0.5 ; 0.8",0.5,531000,т,1,0,0,https://www.kavstal.ru/public/assets/images/products/TSVETNYE_METALLY/ALYUMINIEVYI_LIST/img.jpg,цветные металлы;алюминиевый лист;ад1н;5;8;алюминиевый;лист;0.5,АД1Н,0.5 ; 0.8,,т
Цветные металлы,АЛЮМИНИЕВЫЙ ЛИСТ,АД1Н,Алюминиевый Лист 1 Ад1н,"АЛЮМИНИЕВЫЙ ЛИСТ марки АД1Н, размер 1 ; 1.5",1,527000,т,1,0,0,https://www.kavstal.ru/public/assets/images/products/TSVETNYE_METALLY/ALYUMINIEVYI_LIST/img.jpg,цветные металлы;алюминиевый лист;ад1н;1;5;алюминиевый;лист,АД1Н,1 ; 1.5,,т
Цветные металлы,АЛЮМИНИЕВЫЙ ЛИСТ,АД1Н,Алюминиевый Лист 1.5 Ад1н,"АЛЮМИНИЕВЫЙ ЛИСТ марки АД1Н, размер 1.5 ; 2",1.5,532000,т,1,0,0,https://www.kavstal.ru/public/assets/images/products/TSVETNYE_METALLY/ALYUMINIEVYI_LIST/img.jpg,цветные металлы;алюминиевый лист;ад1н;1;5;2;алюминиевый;лист;1.5,АД1Н,1.5 ; 2,,т
Цветные металлы,АЛЮМИНИЕВЫЙ ЛИСТ,АД1Н,Алюминиевый Лист 2.5 Ад1н,"АЛЮМИНИЕВЫЙ ЛИСТ марки АД1Н, размер 2.5",2.5,437000,т,1,0,0,https://www.kavstal.ru/public/assets/images/products/TSVETNYE_METALLY/ALYUMINIEVYI_LIST/img.jpg,цветные металлы;алюминиевый лист;ад1н;2;5;алюминиевый;лист;2.5,АД1Н,2.5,,т
Цветные металлы,АЛЮМИНИЕВЫЙ ЛИСТ,АД1Н,Алюминиевый Лист 5 Ад1н,"АЛЮМИНИЕВЫЙ ЛИСТ марки АД1Н, размер 5",5,530000,т,1,0,0,https://www.kavstal.ru/public/assets/images/products/TSVETNYE_METALLY/ALYUMINIEVYI_LIST/img.jpg,цветные металлы;алюминиевый лист;ад1н;5;алюминиевый;лист,АД1Н,5,,т
Цветные металлы,АЛЮМИНИЕВЫЙ ЛИСТ,АМГ2М,Алюминиевый Лист 0.5 Амг2м,"АЛЮМИНИЕВЫЙ ЛИСТ марки АМГ2М, размер 0.5 ; 0.8",0.5,531000,т,1,0,0,https://www.kavstal.ru/public/assets/images/products/TSVETNYE_METALLY/ALYUMINIEVYI_LIST/img.jpg,цветные металлы;алюминиевый лист;амг2м;5;8;алюминиевый;лист;0.5,АМГ2М,0.5 ; 0.8,,т
Цветные металлы,АЛЮМИНИЕВЫЙ ЛИСТ,АМГ2М,Алюминиевый Лист 0.8 Амг2м,"АЛЮМИНИЕВЫЙ ЛИСТ марки АМГ2М, размер 0.8",0.8,536000,т,1,0,0,https://www.kavstal.ru/public/assets/images/products/TSVETNYE_METALLY/ALYUMINIEVYI_LIST/img.jpg,цветные металлы;алюминиевый лист;амг2м;8;алюминиевый;лист;0.8,АМГ2М,0.8,,т
Цветные металлы,АЛЮМИНИЕВЫЙ ЛИСТ,АМГ2М,Алюминиевый Лист 1 Амг2м,"АЛЮМИНИЕВЫЙ ЛИСТ марки АМГ2М, размер 1",1,527000,т,1,0,0,https://www.kavstal.ru/public/assets/images/products/TSVETNYE_METALLY/ALYUMINIEVYI_LIST/img.jpg,цветные металлы;алюминиевый лист;амг2м;1;алюминиевый;лист,АМГ2М,1,,т
Цветные металлы,АЛЮМИНИЕВЫЙ ЛИСТ,АМГ2М,Алюминиевый Лист 1 Амг2м,"АЛЮМИНИЕВЫЙ ЛИСТ марки АМГ2М, размер 1",1,532000,т,1,0,0,https://www.kavstal.ru/public/assets/images/products/TSVETNYE_METALLY/ALYUMINIEVYI_LIST/img.jpg,цветные металлы;алюминиевый лист;амг2м;1;алюминиевый;лист,АМГ2М,1,,т
Цветные металлы,АЛЮМИНИЕВЫЙ ЛИСТ,АМГ2М,Алюминиевый Лист 1 Амг2м,"АЛЮМИНИЕВЫЙ ЛИСТ марки АМГ2М, размер 1",1,236,шт,1,0,0,https://www.kavstal.ru/public/assets/images/products/TSVETNYE_METALLY/ALYUMINIEVYI_LIST/img.jpg,цветные металлы;алюминиевый лист;амг2м;1;алюминиевый;лист,АМГ2М,1,,шт
Цветные металлы,АЛЮМИНИЕВЫЙ ЛИСТ,АМГ2М,Алюминиевый Лист 1 Амг2м,"АЛЮМИНИЕВЫЙ ЛИСТ марки АМГ2М, размер 1",1,470,шт,1,0,0,https://www.kavstal.ru/public/assets/images/products/TSVETNYE_METALLY/ALYUMINIEVYI_LIST/img.jpg,цветные металлы;алюминиевый лист;амг2м;1;алюминиевый;лист,АМГ2М,1,,шт
Цветные металлы,АЛЮМИНИЕВЫЙ ЛИСТ,АМГ2М,Алюминиевый Лист 1 Амг2м,"АЛЮМИНИЕВЫЙ ЛИСТ марки АМГ2М, размер 1",1,943,шт,1,0,0,https://www.kavstal.ru/public/assets/images/products/TSVETNYE_METALLY/ALYUMINIEVYI_LIST/img.jpg,цветные металлы;алюминиевый лист;амг2м;1;алюминиевый;лист,АМГ2М,1,,шт
Цветные металлы,АЛЮМИНИЕВЫЙ ЛИСТ,АМГ2М,Алюминиевый Лист 1.2 Амг2м,"АЛЮМИНИЕВЫЙ ЛИСТ марки АМГ2М, размер 1.2",1.2,532000,т,1,0,0,https://www.kavstal.ru/public/assets/images/products/TSVETNYE_METALLY/ALYUMINIEVYI_LIST/img.jpg,цветные металлы;алюминиевый лист;амг2м;1;2;алюминиевый;лист;1.2,АМГ2М,1.2,,т
Цветные металлы,АЛЮМИНИЕВЫЙ ЛИСТ,АМГ2М,Алюминиевый Лист 1.2 Амг2м,"АЛЮМИНИЕВЫЙ ЛИСТ марки АМГ2М, размер 1.2",1.2,1152,шт,1,0,0,https://www.kavstal.ru/public/assets/images/products/TSVETNYE_METALLY/ALYUMINIEVYI_LIST/img.jpg,цветные металлы;алюминиевый лист;амг2м;1;2;алюминиевый;лист;1.2,АМГ2М,1.2,,шт
Цветные металлы,АЛЮМИНИЕВЫЙ ЛИСТ,АМГ2М,Алюминиевый Лист 1.2 Амг2м,"АЛЮМИНИЕВЫЙ ЛИСТ марки АМГ2М, размер 1.2",1.2,289,шт,1,0,0,https://www.kavstal.ru/public/assets/images/products/TSVETNYE_METALLY/ALYUMINIEVYI_LIST/img.jpg,цветные металлы;алюминиевый лист;амг2м;1;2;алюминиевый;лист;1.2,АМГ2М,1.2,,шт
Цветные металлы,АЛЮМИНИЕВЫЙ ЛИСТ,АМГ2М,Алюминиевый Лист 1.2 Амг2м,"АЛЮМИНИЕВЫЙ ЛИСТ марки АМГ2М, размер 1.2",1.2,576,шт,1,0,0,https://www.kavstal.ru/public/assets/images/products/TSVETNYE_METALLY/ALYUMINIEVYI_LIST/img.jpg,цветные металлы;алюминиевый лист;амг2м;1;2;алюминиевый;лист;1.2,АМГ2М,1.2,,шт
Цветные металлы,АЛЮМИНИЕВЫЙ ЛИСТ,АМГ2М,Алюминиевый Лист 1.5 Амг2м,"АЛЮМИНИЕВЫЙ ЛИСТ марки АМГ2М, размер 1.5",1.5,475000,т,1,0,0,https://www.kavstal.ru/public/assets/images/products/TSVETNYE_METALLY/ALYUMINIEVYI_LIST/img.jpg,цветные металлы;алюминиевый лист;амг2м;1;5;алюминиевый;лист;1.5,АМГ2М,1.5,,т
Цветные металлы,АЛЮМИНИЕВЫЙ ЛИСТ,АМГ2М,Алюминиевый Лист 1.5 Амг2м,"АЛЮМИНИЕВЫЙ ЛИСТ марки АМГ2М, размер 1.5",1.5,527000,т,1,0,0,https://www.kavstal.ru/public/assets/images/products/TSVETNYE_METALLY/ALYUMINIEVYI_LIST/img.jpg,цветные металлы;алюминиевый лист;амг2м;1;5;алюминиевый;лист;1.5,АМГ2М,1.5,,т
Цветные металлы,АЛЮМИНИЕВЫЙ ЛИСТ,АМГ2М,Алюминиевый Лист 1.5 Амг2м,"АЛЮМИНИЕВЫЙ ЛИСТ марки АМГ2М, размер 1.5",1.5,532000,т,1,0,0,https://www.kavstal.ru/public/assets/images/products/TSVETNYE_METALLY/ALYUMINIEVYI_LIST/img.jpg,цветные металлы;алюминиевый лист;амг2м;1;5;алюминиевый;лист;1.5,АМГ2М,1.5,,т
Цветные металлы,АЛЮМИНИЕВЫЙ ЛИСТ,АМГ2М,Алюминиевый Лист 2 Амг2м,"АЛЮМИНИЕВЫЙ ЛИСТ марки АМГ2М, размер 2",2,527000,т,1,0,0,https://www.kavstal.ru/public/assets/images/products/TSVETNYE_METALLY/ALYUMINIEVYI_LIST/img.jpg,цветные металлы;алюминиевый лист;амг2м;2;алюминиевый;лист,АМГ2М,2,,т
Цветные металлы,АЛЮМИНИЕВЫЙ ЛИСТ,АМГ2М,Алюминиевый Лист 2 Амг2м,"АЛЮМИНИЕВЫЙ ЛИСТ марки АМГ2М, размер 2 ; 2.5",2,532000,т,1,0,0,https://www.kavstal.ru/public/assets/images/products/TSVETNYE_METALLY/ALYUMINIEVYI_LIST/img.jpg,цветные металлы;алюминиевый лист;амг2м;2;5;алюминиевый;лист,АМГ2М,2 ; 2.5,,т
Цветные металлы,АЛЮМИНИЕВЫЙ ЛИСТ,АМГ2М,Алюминиевый Лист 3 Амг2м,"АЛЮМИНИЕВЫЙ ЛИСТ марки АМГ2М, размер 3",3,527000,т,1,0,0,https://www.kavstal.ru/public/assets/images/products/TSVETNYE_METALLY/ALYUMINIEVYI_LIST/img.jpg,цветные металлы;алюминиевый лист;амг2м;3;алюминиевый;лист,АМГ2М,3,,т
Цветные металлы,АЛЮМИНИЕВЫЙ ЛИСТ,АМГ2М,Алюминиевый Лист 3 Амг2м,"АЛЮМИНИЕВЫЙ ЛИСТ марки АМГ2М, размер 3",3,532000,т,1,0,0,https://www.kavstal.ru/public/assets/images/products/TSVETNYE_METALLY/ALYUMINIEVYI_LIST/img.jpg,цветные металлы;алюминиевый лист;амг2м;3;алюминиевый;лист,АМГ2М,3,,т
Цветные металлы,АЛЮМИНИЕВЫЙ ЛИСТ,АМГ2М,Алюминиевый Лист 4 Амг2м,"АЛЮМИНИЕВЫЙ ЛИСТ марки АМГ2М, размер 4 ; 5; 6; 8",4,530000,т,1,0,0,https://www.kavstal.ru/public/assets/images/products/TSVETNYE_METALLY/ALYUMINIEVYI_LIST/img.jpg,цветные металлы;алюминиевый лист;амг2м;4;5;6;8;алюминиевый;лист,АМГ2М,4 ; 5; 6; 8,,т
Цветные металлы,АЛЮМИНИЕВЫЙ ЛИСТ,АМГ2М ламинирование верхней поверхности листа пленкой,АЛЮМИНИЕВЫЙ ЛИСТ 1 АМГ2М ламинирование верхней поверхности листа пленкой,"АЛЮМИНИЕВЫЙ ЛИСТ марки АМГ2М ламинирование верхней поверхности листа пленкой, размер 1",1,482000,т,1,0,0,https://www.kavstal.ru/public/assets/images/products/TSVETNYE_METALLY/ALYUMINIEVYI_LIST/img.jpg,цветные металлы;алюминиевый лист;амг2м ламинирование верхней поверхности листа пленкой;1,АМГ2М ламинирование верхней поверхности листа пленкой,1,,т
Цветные металлы,АЛЮМИНИЕВЫЙ ЛИСТ,АМГ2М уценка,Алюминиевый Лист 0.5 Амг2м уценка,"АЛЮМИНИЕВЫЙ ЛИСТ марки АМГ2М уценка, размер 0.5 ; 4",0.5,300000,т,1,0,0,https://www.kavstal.ru/public/assets/images/products/TSVETNYE_METALLY/ALYUMINIEVYI_LIST/img.jpg,цветные металлы;алюминиевый лист;амг2м уценка;5;4;алюминиевый;лист;0.5;амг2м;уценка,АМГ2М уценка,0.5 ; 4,,т
Цветные металлы,АЛЮМИНИЕВЫЙ ЛИСТ,АМГ2Н,Алюминиевый Лист 0.5 Амг2н,"АЛЮМИНИЕВЫЙ ЛИСТ марки АМГ2Н, размер 0.5",0.5,536000,т,1,0,0,https://www.kavstal.ru/public/assets/images/products/TSVETNYE_METALLY/ALYUMINIEVYI_LIST/img.jpg,цветные металлы;алюминиевый лист;амг2н;5;алюминиевый;лист;0.5,АМГ2Н,0.5,,т
Цветные металлы,АЛЮМИНИЕВЫЙ ЛИСТ,АМГ2Н,Алюминиевый Лист 2 Амг2н,"АЛЮМИНИЕВЫЙ ЛИСТ марки АМГ2Н, размер 2",2,532000,т,1,0,0,https://www.kavstal.ru/public/assets/images/products/TSVETNYE_METALLY/ALYUMINIEVYI_LIST/img.jpg,цветные металлы;алюминиевый лист;амг2н;2;алюминиевый;лист,АМГ2Н,2,,т
Цветные металлы,АЛЮМИНИЕВЫЙ ЛИСТ,АМГ2Н2,Алюминиевый Лист 1.5 Амг2н2,"АЛЮМИНИЕВЫЙ ЛИСТ марки АМГ2Н2, размер 1.5 ; 2; 3",1.5,542000,т,1,0,0,https://www.kavstal.ru/public/assets/images/products/TSVETNYE_METALLY/ALYUMINIEVYI_LIST/img.jpg,цветные металлы;алюминиевый лист;амг2н2;1;5;2;3;алюминиевый;лист;1.5,АМГ2Н2,1.5 ; 2; 3,,т
Цветные металлы,АЛЮМИНИЕВЫЙ ЛИСТ,АМГ2Н2Р,Алюминиевый Лист 1.2 Амг2н2р,"АЛЮМИНИЕВЫЙ ЛИСТ марки АМГ2Н2Р, размер 1.2",1.2,612000,т,1,0,0,https://www.kavstal.ru/public/assets/images/products/TSVETNYE_METALLY/ALYUMINIEVYI_LIST/img.jpg,цветные металлы;алюминиевый лист;амг2н2р;1;2;алюминиевый;лист;1.2,АМГ2Н2Р,1.2,,т
Цветные металлы,АЛЮМИНИЕВЫЙ ЛИСТ,АМГ2Н2Р,Алюминиевый Лист 1.2 Амг2н2р,"АЛЮМИНИЕВЫЙ ЛИСТ марки АМГ2Н2Р, размер 1.2",1.2,1015,шт,1,0,0,https://www.kavstal.ru/public/assets/images/products/TSVETNYE_METALLY/ALYUMINIEVYI_LIST/img.jpg,цветные металлы;алюминиевый лист;амг2н2р;1;2;алюминиевый;лист;1.2,АМГ2Н2Р,1.2,,шт
Цветные металлы,АЛЮМИНИЕВЫЙ ЛИСТ,АМГ2Н2Р,Алюминиевый Лист 1.2 Амг2н2р,"АЛЮМИНИЕВЫЙ ЛИСТ марки АМГ2Н2Р, размер 1.2",1.2,1769,шт,1,0,0,https://www.kavstal.ru/public/assets/images/products/TSVETNYE_METALLY/ALYUMINIEVYI_LIST/img.jpg,цветные металлы;алюминиевый лист;амг2н2р;1;2;алюминиевый;лист;1.2,АМГ2Н2Р,1.2,,шт
Цветные металлы,АЛЮМИНИЕВЫЙ ЛИСТ,АМГ2Н2Р,Алюминиевый Лист 1.2 Амг2н2р,"АЛЮМИНИЕВЫЙ ЛИСТ марки АМГ2Н2Р, размер 1.2",1.2,491,шт,1,0,0,https://www.kavstal.ru/public/assets/images/products/TSVETNYE_METALLY/ALYUMINIEVYI_LIST/img.jpg,цветные металлы;алюминиевый лист;амг2н2р;1;2;алюминиевый;лист;1.2,АМГ2Н2Р,1.2,,шт
Цветные металлы,АЛЮМИНИЕВЫЙ ЛИСТ,АМГ2Н2Р,Алюминиевый Лист 1.2 Амг2н2р,"АЛЮМИНИЕВЫЙ ЛИСТ марки АМГ2Н2Р, размер 1.2",1.2,982,шт,1,0,0,https://www.kavstal.ru/public/assets/images/products/TSVETNYE_METALLY/ALYUMINIEVYI_LIST/img.jpg,цветные металлы;алюминиевый лист;амг2н2р;1;2;алюминиевый;лист;1.2,АМГ2Н2Р,1.2,,шт
Цветные металлы,АЛЮМИНИЕВЫЙ ЛИСТ,АМГ2Н2Р,Алюминиевый Лист 1.5 Амг2н2р,"АЛЮМИНИЕВЫЙ ЛИСТ марки АМГ2Н2Р, размер 1.5",1.5,612000,т,1,0,0,https://www.kavstal.ru/public/assets/images/products/TSVETNYE_METALLY/ALYUMINIEVYI_LIST/img.jpg,цветные металлы;алюминиевый лист;амг2н2р;1;5;алюминиевый;лист;1.5,АМГ2Н2Р,1.5,,т
Цветные металлы,АЛЮМИНИЕВЫЙ ЛИСТ,АМГ2Н2Р,Алюминиевый Лист 1.5 Амг2н2р,"АЛЮМИНИЕВЫЙ ЛИСТ марки АМГ2Н2Р, размер 1.5",1.5,1200,шт,1,0,0,https://www.kavstal.ru/public/assets/images/products/TSVETNYE_METALLY/ALYUMINIEVYI_LIST/img.jpg,цветные металлы;алюминиевый лист;амг2н2р;1;5;алюминиевый;лист;1.5,АМГ2Н2Р,1.5,,шт
Цветные металлы,АЛЮМИНИЕВЫЙ ЛИСТ,АМГ2Н2Р,Алюминиевый Лист 1.5 Амг2н2р,"АЛЮМИНИЕВЫЙ ЛИСТ марки АМГ2Н2Р, размер 1.5",1.5,1314,шт,1,0,0,https://www.kavstal.ru/public/assets/images/products/TSVETNYE_METALLY/ALYUMINIEVYI_LIST/img.jpg,цветные металлы;алюминиевый лист;амг2н2р;1;5;алюминиевый;лист;1.5,АМГ2Н2Р,1.5,,шт
Цветные металлы,АЛЮМИНИЕВЫЙ ЛИСТ,АМГ2Н2Р,Алюминиевый Лист 1.5 Амг2н2р,"АЛЮМИНИЕВЫЙ ЛИСТ марки АМГ2Н2Р, размер 1.5",1.5,2150,шт,1,0,0,https://www.kavstal.ru/public/assets/images/products/TSVETNYE_METALLY/ALYUMINIEVYI_LIST/img.jpg,цветные металлы;алюминиевый лист;амг2н2р;1;5;алюминиевый;лист;1.5,АМГ2Н2Р,1.5,,шт
Цветные металлы,АЛЮМИНИЕВЫЙ ЛИСТ,АМГ2Н2Р,Алюминиевый Лист 1.5 Амг2н2р,"АЛЮМИНИЕВЫЙ ЛИСТ марки АМГ2Н2Р, размер 1.5",1.5,2490,шт,1,0,0,https://www.kavstal.ru/public/assets/images/products/TSVETNYE_METALLY/ALYUMINIEVYI_LIST/img.jpg,цветные металлы;алюминиевый лист;амг2н2р;1;5;алюминиевый;лист;1.5,АМГ2Н2Р,1.5,,шт
Цветные металлы,АЛЮМИНИЕВЫЙ ЛИСТ,АМГ2Н2Р,Алюминиевый Лист 1.5 Амг2н2р,"АЛЮМИНИЕВЫЙ ЛИСТ марки АМГ2Н2Р, размер 1.5",1.5,657,шт,1,0,0,https://www.kavstal.ru/public/assets/images/products/TSVETNYE_METALLY/ALYUMINIEVYI_LIST/img.jpg,цветные металлы;алюминиевый лист;амг2н2р;1;5;алюминиевый;лист;1.5,АМГ2Н2Р,1.5,,шт
Цветные металлы,АЛЮМИНИЕВЫЙ ЛИСТ,АМГ2Н2Р,Алюминиевый Лист 2 Амг2н2р,"АЛЮМИНИЕВЫЙ ЛИСТ марки АМГ2Н2Р, размер 2",2,612000,т,1,0,0,https://www.kavstal.ru/public/assets/images/products/TSVETNYE_METALLY/ALYUMINIEVYI_LIST/img.jpg,цветные металлы;алюминиевый лист;амг2н2р;2;алюминиевый;лист,АМГ2Н2Р,2,,т
Цветные металлы,АЛЮМИНИЕВЫЙ ЛИСТ,АМГ2Н2Р,Алюминиевый Лист 2 Амг2н2р,"АЛЮМИНИЕВЫЙ ЛИСТ марки АМГ2Н2Р, размер 2",2,1461,шт,1,0,0,https://www.kavstal.ru/public/assets/images/products/TSVETNYE_METALLY/ALYUMINIEVYI_LIST/img.jpg,цветные металлы;алюминиевый лист;амг2н2р;2;алюминиевый;лист,АМГ2Н2Р,2,,шт
Цветные металлы,АЛЮМИНИЕВЫЙ ЛИСТ,АМГ2Н2Р,Алюминиевый Лист 2 Амг2н2р,"АЛЮМИНИЕВЫЙ ЛИСТ марки АМГ2Н2Р, размер 2",2,2831,шт,1,0,0,https://www.kavstal.ru/public/assets/images/products/TSVETNYE_METALLY/ALYUMINIEVYI_LIST/img.jpg,цветные металлы;алюминиевый лист;амг2н2р;2;алюминиевый;лист,АМГ2Н2Р,2,,шт
Цветные металлы,АЛЮМИНИЕВЫЙ ЛИСТ,АМГ2Н2Р,Алюминиевый Лист 2 Амг2н2р,"АЛЮМИНИЕВЫЙ ЛИСТ марки АМГ2Н2Р, размер 2",2,708,шт,1,0,0,https://www.kavstal.ru/public/assets/images/products/TSVETNYE_METALLY/ALYUMINIEVYI_LIST/img.jpg,цветные металлы;алюминиевый лист;амг2н2р;2;алюминиевый;лист,АМГ2Н2Р,2,,шт
Цветные металлы,АЛЮМИНИЕВЫЙ ЛИСТ,АМГ2Н2Р,Алюминиевый Лист 2.5 Амг2н2р,"АЛЮМИНИЕВЫЙ ЛИСТ марки АМГ2Н2Р, размер 2.5 ; 3",2.5,612000,т,1,0,0,https://www.kavstal.ru/public/assets/images/products/TSVETNYE_METALLY/ALYUMINIEVYI_LIST/img.jpg,цветные металлы;алюминиевый лист;амг2н2р;2;5;3;алюминиевый;лист;2.5,АМГ2Н2Р,2.5 ; 3,,т
Цветные металлы,АЛЮМИНИЕВЫЙ ЛИСТ,АМГ2Н2Р,Алюминиевый Лист 3 Амг2н2р,"АЛЮМИНИЕВЫЙ ЛИСТ марки АМГ2Н2Р, размер 3",3,1073,шт,1,0,0,https://www.kavstal.ru/public/assets/images/products/TSVETNYE_METALLY/ALYUMINIEVYI_LIST/img.jpg,цветные металлы;алюминиевый лист;амг2н2р;3;алюминиевый;лист,АМГ2Н2Р,3,,шт
Цветные металлы,АЛЮМИНИЕВЫЙ ЛИСТ,АМГ2Н2Р,Алюминиевый Лист 3 Амг2н2р,"АЛЮМИНИЕВЫЙ ЛИСТ марки АМГ2Н2Р, размер 3",3,2146,шт,1,0,0,https://www.kavstal.ru/public/assets/images/products/TSVETNYE_METALLY/ALYUMINIEVYI_LIST/img.jpg,цветные металлы;алюминиевый лист;амг2н2р;3;алюминиевый;лист,АМГ2Н2Р,3,,шт
Цветные металлы,АЛЮМИНИЕВЫЙ ЛИСТ,АМГ2Н2Р,Алюминиевый Лист 3 Амг2н2р,"АЛЮМИНИЕВЫЙ ЛИСТ марки АМГ2Н2Р, размер 3",3,4290,шт,1,0,0,https://www.kavstal.ru/public/assets/images/products/TSVETNYE_METALLY/ALYUMINIEVYI_LIST/img.jpg,цветные металлы;алюминиевый лист;амг2н2р;3;алюминиевый;лист,АМГ2Н2Р,3,,шт
Цветные металлы,АЛЮМИНИЕВЫЙ ЛИСТ,АМГ2Н2Р,Алюминиевый Лист 3.5 Амг2н2р,"АЛЮМИНИЕВЫЙ ЛИСТ марки АМГ2Н2Р, размер 3.5",3.5,440000,т,1,0,0,https://www.kavstal.ru/public/assets/images/products/TSVETNYE_METALLY/ALYUMINIEVYI_LIST/img.jpg,цветные металлы;алюминиевый лист;амг2н2р;3;5;алюминиевый;лист;3.5,АМГ2Н2Р,3.5,,т
Цветные металлы,АЛЮМИНИЕВЫЙ ЛИСТ,АМГ2Н2Р,Алюминиевый Лист 4 Амг2н2р,"АЛЮМИНИЕВЫЙ ЛИСТ марки АМГ2Н2Р, размер 4",4,520000,т,1,0,0,https://www.kavstal.ru/public/assets/images/products/TSVETNYE_METALLY/ALYUMINIEVYI_LIST/img.jpg,цветные металлы;алюминиевый лист;амг2н2р;4;алюминиевый;лист,АМГ2Н2Р,4,,т
Цветные металлы,АЛЮМИНИЕВЫЙ ЛИСТ,АМГ2Н2Р,Алюминиевый Лист 4 Амг2н2р,"АЛЮМИНИЕВЫЙ ЛИСТ марки АМГ2Н2Р, размер 4 ; 5",4,612000,т,1,0,0,https://www.kavstal.ru/public/assets/images/products/TSVETNYE_METALLY/ALYUMINIEVYI_LIST/img.jpg,цветные металлы;алюминиевый лист;амг2н2р;4;5;алюминиевый;лист,АМГ2Н2Р,4 ; 5,,т
Цветные металлы,АЛЮМИНИЕВЫЙ ЛИСТ,АМГ3,Алюминиевый Лист 6 Амг3,"АЛЮМИНИЕВЫЙ ЛИСТ марки АМГ3, размер 6 ; 8",6,538000,т,1,0,0,https://www.kavstal.ru/public/assets/images/products/TSVETNYE_METALLY/ALYUMINIEVYI_LIST/img.jpg,цветные металлы;алюминиевый лист;амг3;6;8;алюминиевый;лист,АМГ3,6 ; 8,,т
Цветные металлы,АЛЮМИНИЕВЫЙ ЛИСТ,АМГ3М,Алюминиевый Лист 0.5 Амг3м,"АЛЮМИНИЕВЫЙ ЛИСТ марки АМГ3М, размер 0.5",0.5,533000,т,1,0,0,https://www.kavstal.ru/public/assets/images/products/TSVETNYE_METALLY/ALYUMINIEVYI_LIST/img.jpg,цветные металлы;алюминиевый лист;амг3м;5;алюминиевый;лист;0.5,АМГ3М,0.5,,т
Цветные металлы,АЛЮМИНИЕВЫЙ ЛИСТ,АМГ3М,Алюминиевый Лист 0.8 Амг3м,"АЛЮМИНИЕВЫЙ ЛИСТ марки АМГ3М, размер 0.8",0.8,543000,т,1,0,0,https://www.kavstal.ru/public/assets/images/products/TSVETNYE_METALLY/ALYUMINIEVYI_LIST/img.jpg,цветные металлы;алюминиевый лист;амг3м;8;алюминиевый;лист;0.8,АМГ3М,0.8,,т
Цветные металлы,АЛЮМИНИЕВЫЙ ЛИСТ,АМГ3М,Алюминиевый Лист 1 Амг3м,"АЛЮМИНИЕВЫЙ ЛИСТ марки АМГ3М, размер 1",1,535000,т,1,0,0,https://www.kavstal.ru/public/assets/images/products/TSVETNYE_METALLY/ALYUMINIEVYI_LIST/img.jpg,цветные металлы;алюминиевый лист;амг3м;1;алюминиевый;лист,АМГ3М,1,,т
Цветные металлы,АЛЮМИНИЕВЫЙ ЛИСТ,АМГ3М,Алюминиевый Лист 1 Амг3м,"АЛЮМИНИЕВЫЙ ЛИСТ марки АМГ3М, размер 1 ; 1.2",1,540000,т,1,0,0,https://www.kavstal.ru/public/assets/images/products/TSVETNYE_METALLY/ALYUMINIEVYI_LIST/img.jpg,цветные металлы;алюминиевый лист;амг3м;1;2;алюминиевый;лист,АМГ3М,1 ; 1.2,,т
Цветные металлы,АЛЮМИНИЕВЫЙ ЛИСТ,АМГ3М,Алюминиевый Лист 1.5 Амг3м,"АЛЮМИНИЕВЫЙ ЛИСТ марки АМГ3М, размер 1.5",1.5,458000,т,1,0,0,https://www.kavstal.ru/public/assets/images/products/TSVETNYE_METALLY/ALYUMINIEVYI_LIST/img.jpg,цветные металлы;алюминиевый лист;амг3м;1;5;алюминиевый;лист;1.5,АМГ3М,1.5,,т
Цветные металлы,АЛЮМИНИЕВЫЙ ЛИСТ,АМГ3М,Алюминиевый Лист 1.5 Амг3м,"АЛЮМИНИЕВЫЙ ЛИСТ марки АМГ3М, размер 1.5",1.5,535000,т,1,0,0,https://www.kavstal.ru/public/assets/images/products/TSVETNYE_METALLY/ALYUMINIEVYI_LIST/img.jpg,цветные металлы;алюминиевый лист;амг3м;1;5;алюминиевый;лист;1.5,АМГ3М,1.5,,т
Цветные металлы,АЛЮМИНИЕВЫЙ ЛИСТ,АМГ3М,Алюминиевый Лист 1.5 Амг3м,"АЛЮМИНИЕВЫЙ ЛИСТ марки АМГ3М, размер 1.5",1.5,540000,т,1,0,0,https://www.kavstal.ru/public/assets/images/products/TSVETNYE_METALLY/ALYUMINIEVYI_LIST/img.jpg,цветные металлы;алюминиевый лист;амг3м;1;5;алюминиевый;лист;1.5,АМГ3М,1.5,,т
Цветные металлы,АЛЮМИНИЕВЫЙ ЛИСТ,АМГ3М,Алюминиевый Лист 2 Амг3м,"АЛЮМИНИЕВЫЙ ЛИСТ марки АМГ3М, размер 2",2,535000,т,1,0,0,https://www.kavstal.ru/public/assets/images/products/TSVETNYE_METALLY/ALYUMINIEVYI_LIST/img.jpg,цветные металлы;алюминиевый лист;амг3м;2;алюминиевый;лист,АМГ3М,2,,т
Цветные металлы,АЛЮМИНИЕВЫЙ ЛИСТ,АМГ3М,Алюминиевый Лист 2 Амг3м,"АЛЮМИНИЕВЫЙ ЛИСТ марки АМГ3М, размер 2 ; 2.5",2,540000,т,1,0,0,https://www.kavstal.ru/public/assets/images/products/TSVETNYE_METALLY/ALYUMINIEVYI_LIST/img.jpg,цветные металлы;алюминиевый лист;амг3м;2;5;алюминиевый;лист,АМГ3М,2 ; 2.5,,т
Цветные металлы,АЛЮМИНИЕВЫЙ ЛИСТ,АМГ3М,Алюминиевый Лист 3 Амг3м,"АЛЮМИНИЕВЫЙ ЛИСТ марки АМГ3М, размер 3",3,535000,т,1,0,0,https://www.kavstal.ru/public/assets/images/products/TSVETNYE_METALLY/ALYUMINIEVYI_LIST/img.jpg,цветные металлы;алюминиевый лист;амг3м;3;алюминиевый;лист,АМГ3М,3,,т
Цветные металлы,АЛЮМИНИЕВЫЙ ЛИСТ,АМГ3М,Алюминиевый Лист 3 Амг3м,"АЛЮМИНИЕВЫЙ ЛИСТ марки АМГ3М, размер 3",3,540000,т,1,0,0,https://www.kavstal.ru/public/assets/images/products/TSVETNYE_METALLY/ALYUMINIEVYI_LIST/img.jpg,цветные металлы;алюминиевый лист;амг3м;3;алюминиевый;лист,АМГ3М,3,,т
Цветные металлы,АЛЮМИНИЕВЫЙ ЛИСТ,АМГ3М,Алюминиевый Лист 4 Амг3м,"АЛЮМИНИЕВЫЙ ЛИСТ марки АМГ3М, размер 4 ; 5; 6; 8",4,538000,т,1,0,0,https://www.kavstal.ru/public/assets/images/products/TSVETNYE_METALLY/ALYUMINIEVYI_LIST/img.jpg,цветные металлы;алюминиевый лист;амг3м;4;5;6;8;алюминиевый;лист,АМГ3М,4 ; 5; 6; 8,,т
Цветные металлы,АЛЮМИНИЕВЫЙ ЛИСТ,АМГ3М (5754) ИМПОРТ,Алюминиевый Лист 1.2 Амг3м (5754) Импорт,"АЛЮМИНИЕВЫЙ ЛИСТ марки АМГ3М (5754) ИМПОРТ, размер 1.2 ; 1.5",1.2,406000,т,1,0,0,https://www.kavstal.ru/public/assets/images/products/TSVETNYE_METALLY/ALYUMINIEVYI_LIST/img.jpg,цветные металлы;алюминиевый лист;амг3м (5754) импорт;1;2;5;алюминиевый;лист;1.2;амг3м;5754;импорт,АМГ3М (5754) ИМПОРТ,1.2 ; 1.5,,т
Цветные металлы,АЛЮМИНИЕВЫЙ ЛИСТ,АМГ3М уценка,Алюминиевый Лист 0.5 Амг3м уценка,"АЛЮМИНИЕВЫЙ ЛИСТ марки АМГ3М уценка, размер 0.5 ; 0.8; 2; 3",0.5,300000,т,1,0,0,https://www.kavstal.ru/public/assets/images/products/TSVETNYE_METALLY/ALYUMINIEVYI_LIST/img.jpg,цветные металлы;алюминиевый лист;амг3м уценка;5;8;2;3;алюминиевый;лист;0.5;амг3м;уценка,АМГ3М уценка,0.5 ; 0.8; 2; 3,,т
Цветные металлы,АЛЮМИНИЕВЫЙ ЛИСТ,АМГ5М,Алюминиевый Лист 1.5 Амг5м,"АЛЮМИНИЕВЫЙ ЛИСТ марки АМГ5М, размер 1.5 ; 2; 3",1.5,719000,т,1,0,0,https://www.kavstal.ru/public/assets/images/products/TSVETNYE_METALLY/ALYUMINIEVYI_LIST/img.jpg,цветные металлы;алюминиевый лист;амг5м;1;5;2;3;алюминиевый;лист;1.5,АМГ5М,1.5 ; 2; 3,,т
Цветные металлы,АЛЮМИНИЕВЫЙ ЛИСТ,АМГ5М,Алюминиевый Лист 4 Амг5м,"АЛЮМИНИЕВЫЙ ЛИСТ марки АМГ5М, размер 4",4,572000,т,1,0,0,https://www.kavstal.ru/public/assets/images/products/TSVETNYE_METALLY/ALYUMINIEVYI_LIST/img.jpg,цветные металлы;алюминиевый лист;амг5м;4;алюминиевый;лист,АМГ5М,4,,т
Цветные металлы,АЛЮМИНИЕВЫЙ ЛИСТ,АМГ5М,Алюминиевый Лист 4 Амг5м,"АЛЮМИНИЕВЫЙ ЛИСТ марки АМГ5М, размер 4 ; 5; 6; 8",4,714000,т,1,0,0,https://www.kavstal.ru/public/assets/images/products/TSVETNYE_METALLY/ALYUMINIEVYI_LIST/img.jpg,цветные металлы;алюминиевый лист;амг5м;4;5;6;8;алюминиевый;лист,АМГ5М,4 ; 5; 6; 8,,т
Цветные металлы,АЛЮМИНИЕВЫЙ ЛИСТ,АМГ6,Алюминиевый Лист 6 Амг6,"АЛЮМИНИЕВЫЙ ЛИСТ марки АМГ6, размер 6 ; 8",6,735000,т,1,0,0,https://www.kavstal.ru/public/assets/images/products/TSVETNYE_METALLY/ALYUMINIEVYI_LIST/img.jpg,цветные металлы;алюминиевый лист;амг6;6;8;алюминиевый;лист,АМГ6,6 ; 8,,т
Цветные металлы,АЛЮМИНИЕВЫЙ ЛИСТ,АМГ6БМ,Алюминиевый Лист 1 Амг6бм,"АЛЮМИНИЕВЫЙ ЛИСТ марки АМГ6БМ, размер 1",1,500000,т,1,0,0,https://www.kavstal.ru/public/assets/images/products/TSVETNYE_METALLY/ALYUMINIEVYI_LIST/img.jpg,цветные металлы;алюминиевый лист;амг6бм;1;алюминиевый;лист,АМГ6БМ,1,,т
Цветные металлы,АЛЮМИНИЕВЫЙ ЛИСТ,АМГ6БМ,Алюминиевый Лист 1 Амг6бм,"АЛЮМИНИЕВЫЙ ЛИСТ марки АМГ6БМ, размер 1 ; 2; 3",1,743000,т,1,0,0,https://www.kavstal.ru/public/assets/images/products/TSVETNYE_METALLY/ALYUMINIEVYI_LIST/img.jpg,цветные металлы;алюминиевый лист;амг6бм;1;2;3;алюминиевый;лист,АМГ6БМ,1 ; 2; 3,,т
Цветные металлы,АЛЮМИНИЕВЫЙ ЛИСТ,АМГ6БМ,Алюминиевый Лист 4 Амг6бм,"АЛЮМИНИЕВЫЙ ЛИСТ марки АМГ6БМ, размер 4 ; 5",4,735000,т,1,0,0,https://www.kavstal.ru/public/assets/images/products/TSVETNYE_METALLY/ALYUMINIEVYI_LIST/img.jpg,цветные металлы;алюминиевый лист;амг6бм;4;5;алюминиевый;лист,АМГ6БМ,4 ; 5,,т
Цветные металлы,АЛЮМИНИЕВЫЙ ЛИСТ,АМГ6БМ,Алюминиевый Лист 6 Амг6бм,"АЛЮМИНИЕВЫЙ ЛИСТ марки АМГ6БМ, размер 6",6,609000,т,1,0,0,https://www.kavstal.ru/public/assets/images/products/TSVETNYE_METALLY/ALYUMINIEVYI_LIST/img.jpg,цветные металлы;алюминиевый лист;амг6бм;6;алюминиевый;лист,АМГ6БМ,6,,т
Цветные металлы,АЛЮМИНИЕВЫЙ ЛИСТ,АМГ6М,Алюминиевый Лист 1 Амг6м,"АЛЮМИНИЕВЫЙ ЛИСТ марки АМГ6М, размер 1 ; 1.5; 2; 3",1,743000,т,1,0,0,https://www.kavstal.ru/public/assets/images/products/TSVETNYE_METALLY/ALYUMINIEVYI_LIST/img.jpg,цветные металлы;алюминиевый лист;амг6м;1;5;2;3;алюминиевый;лист,АМГ6М,1 ; 1.5; 2; 3,,т
Цветные металлы,АЛЮМИНИЕВЫЙ ЛИСТ,АМГ6М,Алюминиевый Лист 4 Амг6м,"АЛЮМИНИЕВЫЙ ЛИСТ марки АМГ6М, размер 4 ; 5; 6; 8",4,735000,т,1,0,0,https://www.kavstal.ru/public/assets/images/products/TSVETNYE_METALLY/ALYUMINIEVYI_LIST/img.jpg,цветные металлы;алюминиевый лист;амг6м;4;5;6;8;алюминиевый;лист,АМГ6М,4 ; 5; 6; 8,,т
Цветные металлы,АЛЮМИНИЕВЫЙ ЛИСТ,АМЦМ,Алюминиевый Лист 0.5 Амцм,"АЛЮМИНИЕВЫЙ ЛИСТ марки АМЦМ, размер 0.5",0.5,536000,т,1,0,0,https://www.kavstal.ru/public/assets/images/products/TSVETNYE_METALLY/ALYUMINIEVYI_LIST/img.jpg,цветные металлы;алюминиевый лист;амцм;5;алюминиевый;лист;0.5,АМЦМ,0.5,,т
Цветные металлы,АЛЮМИНИЕВЫЙ ЛИСТ,АМЦМ,Алюминиевый Лист 1.2 Амцм,"АЛЮМИНИЕВЫЙ ЛИСТ марки АМЦМ, размер 1.2 ; 1.5; 2.5",1.2,532000,т,1,0,0,https://www.kavstal.ru/public/assets/images/products/TSVETNYE_METALLY/ALYUMINIEVYI_LIST/img.jpg,цветные металлы;алюминиевый лист;амцм;1;2;5;алюминиевый;лист;1.2,АМЦМ,1.2 ; 1.5; 2.5,,т
Цветные металлы,АЛЮМИНИЕВЫЙ ЛИСТ,АМЦМ,Алюминиевый Лист 4 Амцм,"АЛЮМИНИЕВЫЙ ЛИСТ марки АМЦМ, размер 4 ; 6",4,530000,т,1,0,0,https://www.kavstal.ru/public/assets/images/products/TSVETNYE_METALLY/ALYUMINIEVYI_LIST/img.jpg,цветные металлы;алюминиевый лист;амцм;4;6;алюминиевый;лист,АМЦМ,4 ; 6,,т
Цветные металлы,АЛЮМИНИЕВЫЙ ЛИСТ,АМЦМ ИМПОРТ,Алюминиевый Лист 4 Амцм Импорт,"АЛЮМИНИЕВЫЙ ЛИСТ марки АМЦМ ИМПОРТ, размер 4",4,473000,т,1,0,0,https://www.kavstal.ru/public/assets/images/products/TSVETNYE_METALLY/ALYUMINIEVYI_LIST/img.jpg,цветные металлы;алюминиевый лист;амцм импорт;4;алюминиевый;лист;амцм;импорт,АМЦМ ИМПОРТ,4,,т
Цветные металлы,АЛЮМИНИЕВЫЙ ЛИСТ,АМЦМ Повышенное качество отделки поверхности,АЛЮМИНИЕВЫЙ ЛИСТ 0.8 АМЦМ Повышенное качество отделки поверхности,"АЛЮМИНИЕВЫЙ ЛИСТ марки АМЦМ Повышенное качество отделки поверхности, размер 0.8",0.8,557000,т,1,0,0,https://www.kavstal.ru/public/assets/images/products/TSVETNYE_METALLY/ALYUMINIEVYI_LIST/img.jpg,цветные металлы;алюминиевый лист;амцм повышенное качество отделки поверхности;8,АМЦМ Повышенное качество отделки поверхности,0.8,,т
Цветные металлы,АЛЮМИНИЕВЫЙ ЛИСТ,АМЦН2,Алюминиевый Лист 0.8 Амцн2,"АЛЮМИНИЕВЫЙ ЛИСТ марки АМЦН2, размер 0.8",0.8,546000,т,1,0,0,https://www.kavstal.ru/public/assets/images/products/TSVETNYE_METALLY/ALYUMINIEVYI_LIST/img.jpg,цветные металлы;алюминиевый лист;амцн2;8;алюминиевый;лист;0.8,АМЦН2,0.8,,т
Цветные металлы,АЛЮМИНИЕВЫЙ ЛИСТ,АМЦН2,Алюминиевый Лист 1.2 Амцн2,"АЛЮМИНИЕВЫЙ ЛИСТ марки АМЦН2, размер 1.2 ; 1.5",1.2,540000,т,1,0,0,https://www.kavstal.ru/public/assets/images/products/TSVETNYE_METALLY/ALYUMINIEVYI_LIST/img.jpg,цветные металлы;алюминиевый лист;амцн2;1;2;5;алюминиевый;лист;1.2,АМЦН2,1.2 ; 1.5,,т
Цветные металлы,АЛЮМИНИЕВЫЙ ЛИСТ,ВД1 (1105) А МР,Алюминиевый Лист 4 Вд1 (1105) А Мр,"АЛЮМИНИЕВЫЙ ЛИСТ марки ВД1 (1105) А МР, размер 4",4,525000,т,1,0,0,https://www.kavstal.ru/public/assets/images/products/TSVETNYE_METALLY/ALYUMINIEVYI_LIST/img.jpg,цветные металлы;алюминиевый лист;вд1 (1105) а мр;4;алюминиевый;лист;вд1;1105;мр,ВД1 (1105) А МР,4,,т
Цветные металлы,АЛЮМИНИЕВЫЙ ЛИСТ,ПВЛ,Алюминиевый Лист 0.8 ПВЛ,"АЛЮМИНИЕВЫЙ ЛИСТ марки ПВЛ, размер 0.8",0.8,199,шт,1,0,0,https://www.kavstal.ru/public/assets/images/products/TSVETNYE_METALLY/ALYUMINIEVYI_LIST/img.jpg,цветные металлы;алюминиевый лист;пвл;8;алюминиевый;лист;0.8,ПВЛ,0.8,,шт
Цветные металлы,АЛЮМИНИЕВЫЙ ЛИСТ,ПВЛ,Алюминиевый Лист 0.8 ПВЛ,"АЛЮМИНИЕВЫЙ ЛИСТ марки ПВЛ, размер 0.8",0.8,242,шт,1,0,0,https://www.kavstal.ru/public/assets/images/products/TSVETNYE_METALLY/ALYUMINIEVYI_LIST/img.jpg,цветные металлы;алюминиевый лист;пвл;8;алюминиевый;лист;0.8,ПВЛ,0.8,,шт
Цветные металлы,АЛЮМИНИЕВЫЙ ЛИСТ,ПВЛ,Алюминиевый Лист 0.8 ПВЛ,"АЛЮМИНИЕВЫЙ ЛИСТ марки ПВЛ, размер 0.8",0.8,397,шт,1,0,0,https://www.kavstal.ru/public/assets/images/products/TSVETNYE_METALLY/ALYUMINIEVYI_LIST/img.jpg,цветные металлы;алюминиевый лист;пвл;8;алюминиевый;лист;0.8,ПВЛ,0.8,,шт
Цветные металлы,АЛЮМИНИЕВЫЙ ЛИСТ,ПВЛ,Алюминиевый Лист 0.8 ПВЛ,"АЛЮМИНИЕВЫЙ ЛИСТ марки ПВЛ, размер 0.8",0.8,484,шт,1,0,0,https://www.kavstal.ru/public/assets/images/products/TSVETNYE_METALLY/ALYUMINIEVYI_LIST/img.jpg,цветные металлы;алюминиевый лист;пвл;8;алюминиевый;лист;0.8,ПВЛ,0.8,,шт
Цветные металлы,АЛЮМИНИЕВЫЙ ЛИСТ,ПВЛ,Алюминиевый Лист 0.8 ПВЛ,"АЛЮМИНИЕВЫЙ ЛИСТ марки ПВЛ, размер 0.8",0.8,797,шт,1,0,0,https://www.kavstal.ru/public/assets/images/products/TSVETNYE_METALLY/ALYUMINIEVYI_LIST/img.jpg,цветные металлы;алюминиевый лист;пвл;8;алюминиевый;лист;0.8,ПВЛ,0.8,,шт
Цветные металлы,АЛЮМИНИЕВЫЙ ЛИСТ,ПВЛ,Алюминиевый Лист 0.8 ПВЛ,"АЛЮМИНИЕВЫЙ ЛИСТ марки ПВЛ, размер 0.8",0.8,968,шт,1,0,0,https://www.kavstal.ru/public/assets/images/products/TSVETNYE_METALLY/ALYUMINIEVYI_LIST/img.jpg,цветные металлы;алюминиевый лист;пвл;8;алюминиевый;лист;0.8,ПВЛ,0.8,,шт
Цветные металлы,АЛЮМИНИЕВЫЙ УГОЛОК,АД31Т1 10x10,"Алюминиевый Уголок 1,2 АД31Т1 10x10","АЛЮМИНИЕВЫЙ УГОЛОК марки АД31Т1 10x10, размер 1,2",1,431000,т,1,0,0,https://www.kavstal.ru/public/assets/images/products/SORTOVOI_PROKAT/ALYUMINIEVYI_UGOLOK//img.webp,цветные металлы;алюминиевый уголок;ад31т1 10x10;1;2;алюминиевый;уголок;ад31т1;10x10,АД31Т1 10x10,"1,2",ГОСТ 8509-93,т
Цветные металлы,АЛЮМИНИЕВЫЙ УГОЛОК,АД31Т1 12x12,"Алюминиевый Уголок 1,5 АД31Т1 12x12","АЛЮМИНИЕВЫЙ УГОЛОК марки АД31Т1 12x12, размер 1,5",1,465000,т,1,0,0,https://www.kavstal.ru/public/assets/images/products/SORTOVOI_PROKAT/ALYUMINIEVYI_UGOLOK//img.webp,цветные металлы;алюминиевый уголок;ад31т1 12x12;1;5;алюминиевый;уголок;ад31т1;12x12,АД31Т1 12x12,"1,5",ГОСТ 8509-93,т
Цветные металлы,АЛЮМИНИЕВЫЙ УГОЛОК,АД31Т1 15x15,Алюминиевый Уголок 1 АД31Т1 15x15,"АЛЮМИНИЕВЫЙ УГОЛОК марки АД31Т1 15x15, размер 1 ; 1,2; 1,5; 2",1,431000,т,1,0,0,https://www.kavstal.ru/public/assets/images/products/SORTOVOI_PROKAT/ALYUMINIEVYI_UGOLOK//img.webp,цветные металлы;алюминиевый уголок;ад31т1 15x15;1;2;5;алюминиевый;уголок;ад31т1;15x15,АД31Т1 15x15,"1 ; 1,2; 1,5; 2",ГОСТ 8509-93,т
Цветные металлы,АЛЮМИНИЕВЫЙ УГОЛОК,АД31Т1 20x10,"Алюминиевый Уголок 1,2 АД31Т1 20x10","АЛЮМИНИЕВЫЙ УГОЛОК марки АД31Т1 20x10, размер 1,2",1,431000,т,1,0,0,https://www.kavstal.ru/public/assets/images/products/SORTOVOI_PROKAT/ALYUMINIEVYI_UGOLOK//img.webp,цветные металлы;алюминиевый уголок;ад31т1 20x10;1;2;алюминиевый;уголок;ад31т1;20x10,АД31Т1 20x10,"1,2",ГОСТ 8509-93,т
Цветные металлы,АЛЮМИНИЕВЫЙ УГОЛОК,АД31Т1 20x20,"Алюминиевый Уголок 1,5 АД31Т1 20x20","АЛЮМИНИЕВЫЙ УГОЛОК марки АД31Т1 20x20, размер 1,5 ; 2",1,431000,т,1,0,0,https://www.kavstal.ru/public/assets/images/products/SORTOVOI_PROKAT/ALYUMINIEVYI_UGOLOK//img.webp,цветные металлы;алюминиевый уголок;ад31т1 20x20;1;5;2;алюминиевый;уголок;ад31т1;20x20,АД31Т1 20x20,"1,5 ; 2",ГОСТ 8509-93,т
Цветные металлы,АЛЮМИНИЕВЫЙ УГОЛОК,АД31Т1 25x25,"Алюминиевый Уголок 1,2 АД31Т1 25x25","АЛЮМИНИЕВЫЙ УГОЛОК марки АД31Т1 25x25, размер 1,2 ; 1,5; 2; 3",1,431000,т,1,0,0,https://www.kavstal.ru/public/assets/images/products/SORTOVOI_PROKAT/ALYUMINIEVYI_UGOLOK//img.webp,цветные металлы;алюминиевый уголок;ад31т1 25x25;1;2;5;3;алюминиевый;уголок;ад31т1;25x25,АД31Т1 25x25,"1,2 ; 1,5; 2; 3",ГОСТ 8509-93,т
Цветные металлы,АЛЮМИНИЕВЫЙ УГОЛОК,АД31Т1 30x20,Алюминиевый Уголок 2 АД31Т1 30x20,"АЛЮМИНИЕВЫЙ УГОЛОК марки АД31Т1 30x20, размер 2",2,431000,т,1,0,0,https://www.kavstal.ru/public/assets/images/products/SORTOVOI_PROKAT/ALYUMINIEVYI_UGOLOK//img.webp,цветные металлы;алюминиевый уголок;ад31т1 30x20;2;алюминиевый;уголок;ад31т1;30x20,АД31Т1 30x20,2,ГОСТ 8509-93,т
Цветные металлы,АЛЮМИНИЕВЫЙ УГОЛОК,АД31Т1 30x30,"Алюминиевый Уголок 1,2 АД31Т1 30x30","АЛЮМИНИЕВЫЙ УГОЛОК марки АД31Т1 30x30, размер 1,2 ; 1,5; 2; 3",1,431000,т,1,0,0,https://www.kavstal.ru/public/assets/images/products/SORTOVOI_PROKAT/ALYUMINIEVYI_UGOLOK//img.webp,цветные металлы;алюминиевый уголок;ад31т1 30x30;1;2;5;3;алюминиевый;уголок;ад31т1;30x30,АД31Т1 30x30,"1,2 ; 1,5; 2; 3",ГОСТ 8509-93,т
Цветные металлы,АЛЮМИНИЕВЫЙ УГОЛОК,АД31Т1 35x35,Алюминиевый Уголок 2 АД31Т1 35x35,"АЛЮМИНИЕВЫЙ УГОЛОК марки АД31Т1 35x35, размер 2 ; 3",2,431000,т,1,0,0,https://www.kavstal.ru/public/assets/images/products/SORTOVOI_PROKAT/ALYUMINIEVYI_UGOLOK//img.webp,цветные металлы;алюминиевый уголок;ад31т1 35x35;2;3;алюминиевый;уголок;ад31т1;35x35,АД31Т1 35x35,2 ; 3,ГОСТ 8509-93,т
Цветные металлы,АЛЮМИНИЕВЫЙ УГОЛОК,АД31Т1 40x20,"Алюминиевый Уголок 1,5 АД31Т1 40x20","АЛЮМИНИЕВЫЙ УГОЛОК марки АД31Т1 40x20, размер 1,5 ; 2",1,431000,т,1,0,0,https://www.kavstal.ru/public/assets/images/products/SORTOVOI_PROKAT/ALYUMINIEVYI_UGOLOK//img.webp,цветные металлы;алюминиевый уголок;ад31т1 40x20;1;5;2;алюминиевый;уголок;ад31т1;40x20,АД31Т1 40x20,"1,5 ; 2",ГОСТ 8509-93,т
Цветные металлы,АЛЮМИНИЕВЫЙ УГОЛОК,АД31Т1 40x40,Алюминиевый Уголок 2 АД31Т1 40x40,"АЛЮМИНИЕВЫЙ УГОЛОК марки АД31Т1 40x40, размер 2 ; 3; 4",2,431000,т,1,0,0,https://www.kavstal.ru/public/assets/images/products/SORTOVOI_PROKAT/ALYUMINIEVYI_UGOLOK//img.webp,цветные металлы;алюминиевый уголок;ад31т1 40x40;2;3;4;алюминиевый;уголок;ад31т1;40x40,АД31Т1 40x40,2 ; 3; 4,ГОСТ 8509-93,т
Цветные металлы,АЛЮМИНИЕВЫЙ УГОЛОК,АД31Т1 50x20,Алюминиевый Уголок 2 АД31Т1 50x20,"АЛЮМИНИЕВЫЙ УГОЛОК марки АД31Т1 50x20, размер 2",2,431000,т,1,0,0,https://www.kavstal.ru/public/assets/images/products/SORTOVOI_PROKAT/ALYUMINIEVYI_UGOLOK//img.webp,цветные металлы;алюминиевый уголок;ад31т1 50x20;2;алюминиевый;уголок;ад31т1;50x20,АД31Т1 50x20,2,ГОСТ 8509-93,т
Цветные металлы,АЛЮМИНИЕВЫЙ УГОЛОК,АД31Т1 50x25,Алюминиевый Уголок 3 АД31Т1 50x25,"АЛЮМИНИЕВЫЙ УГОЛОК марки АД31Т1 50x25, размер 3",3,431000,т,1,0,0,https://www.kavstal.ru/public/assets/images/products/SORTOVOI_PROKAT/ALYUMINIEVYI_UGOLOK//img.webp,цветные металлы;алюминиевый уголок;ад31т1 50x25;3;алюминиевый;уголок;ад31т1;50x25,АД31Т1 50x25,3,ГОСТ 8509-93,т
Цветные металлы,АЛЮМИНИЕВЫЙ УГОЛОК,АД31Т1 50x30,Алюминиевый Уголок 2 АД31Т1 50x30,"АЛЮМИНИЕВЫЙ УГОЛОК марки АД31Т1 50x30, размер 2 ; 3",2,431000,т,1,0,0,https://www.kavstal.ru/public/assets/images/products/SORTOVOI_PROKAT/ALYUMINIEVYI_UGOLOK//img.webp,цветные металлы;алюминиевый уголок;ад31т1 50x30;2;3;алюминиевый;уголок;ад31т1;50x30,АД31Т1 50x30,2 ; 3,ГОСТ 8509-93,т
Цветные металлы,АЛЮМИНИЕВЫЙ УГОЛОК,АД31Т1 50x50,"Алюминиевый Уголок 1,5 АД31Т1 50x50","АЛЮМИНИЕВЫЙ УГОЛОК марки АД31Т1 50x50, размер 1,5 ; 2; 3; 5",1,431000,т,1,0,0,https://www.kavstal.ru/public/assets/images/products/SORTOVOI_PROKAT/ALYUMINIEVYI_UGOLOK//img.webp,цветные металлы;алюминиевый уголок;ад31т1 50x50;1;5;2;3;алюминиевый;уголок;ад31т1;50x50,АД31Т1 50x50,"1,5 ; 2; 3; 5",ГОСТ 8509-93,т
Цветные металлы,АЛЮМИНИЕВЫЙ УГОЛОК,АД31Т1 60x20,Алюминиевый Уголок 2 АД31Т1 60x20,"АЛЮМИНИЕВЫЙ УГОЛОК марки АД31Т1 60x20, размер 2",2,431000,т,1,0,0,https://www.kavstal.ru/public/assets/images/products/SORTOVOI_PROKAT/ALYUMINIEVYI_UGOLOK//img.webp,цветные металлы;алюминиевый уголок;ад31т1 60x20;2;алюминиевый;уголок;ад31т1;60x20,АД31Т1 60x20,2,ГОСТ 8509-93,т
Цветные металлы,АЛЮМИНИЕВЫЙ УГОЛОК,АД31Т1 60x40,Алюминиевый Уголок 2 АД31Т1 60x40,"АЛЮМИНИЕВЫЙ УГОЛОК марки АД31Т1 60x40, размер 2 ; 3; 4",2,431000,т,1,0,0,https://www.kavstal.ru/public/assets/images/products/SORTOVOI_PROKAT/ALYUMINIEVYI_UGOLOK//img.webp,цветные металлы;алюминиевый уголок;ад31т1 60x40;2;3;4;алюминиевый;уголок;ад31т1;60x40,АД31Т1 60x40,2 ; 3; 4,ГОСТ 8509-93,т
Цветные металлы,АЛЮМИНИЕВЫЙ УГОЛОК,АД31Т1 60x60,Алюминиевый Уголок 2 АД31Т1 60x60,"АЛЮМИНИЕВЫЙ УГОЛОК марки АД31Т1 60x60, размер 2 ; 3",2,431000,т,1,0,0,https://www.kavstal.ru/public/assets/images/products/SORTOVOI_PROKAT/ALYUMINIEVYI_UGOLOK//img.webp,цветные металлы;алюминиевый уголок;ад31т1 60x60;2;3;алюминиевый;уголок;ад31т1;60x60,АД31Т1 60x60,2 ; 3,ГОСТ 8509-93,т
Цветные металлы,АЛЮМИНИЕВЫЙ УГОЛОК,АД31Т1 80x40,Алюминиевый Уголок 3 АД31Т1 80x40,"АЛЮМИНИЕВЫЙ УГОЛОК марки АД31Т1 80x40, размер 3",3,431000,т,1,0,0,https://www.kavstal.ru/public/assets/images/products/SORTOVOI_PROKAT/ALYUMINIEVYI_UGOLOK//img.webp,цветные металлы;алюминиевый уголок;ад31т1 80x40;3;алюминиевый;уголок;ад31т1;80x40,АД31Т1 80x40,3,ГОСТ 8509-93,т
Цветные металлы,АЛЮМИНИЕВЫЙ УГОЛОК,АД31Т1 80x80,Алюминиевый Уголок 3 АД31Т1 80x80,"АЛЮМИНИЕВЫЙ УГОЛОК марки АД31Т1 80x80, размер 3 ; 6",3,431000,т,1,0,0,https://www.kavstal.ru/public/assets/images/products/SORTOVOI_PROKAT/ALYUMINIEVYI_UGOLOK//img.webp,цветные металлы;алюминиевый уголок;ад31т1 80x80;3;6;алюминиевый;уголок;ад31т1;80x80,АД31Т1 80x80,3 ; 6,ГОСТ 8509-93,т
Цветные металлы,АЛЮМИНИЕВЫЙ УГОЛОК,АД31Т1 100x100,Алюминиевый Уголок 10 АД31Т1 100x100,"АЛЮМИНИЕВЫЙ УГОЛОК марки АД31Т1 100x100, размер 10",10,431000,т,1,0,0,https://www.kavstal.ru/public/assets/images/products/SORTOVOI_PROKAT/ALYUMINIEVYI_UGOLOK//img.webp,цветные металлы;алюминиевый уголок;ад31т1 100x100;10;алюминиевый;уголок;ад31т1;100x100,АД31Т1 100x100,10,ГОСТ 8509-93,т
Цветные металлы,АЛЮМИНИЕВЫЙ УГОЛОК,АД31Т1 100x40,Алюминиевый Уголок 3 АД31Т1 100x40,"АЛЮМИНИЕВЫЙ УГОЛОК марки АД31Т1 100x40, размер 3",3,431000,т,1,0,0,https://www.kavstal.ru/public/assets/images/products/SORTOVOI_PROKAT/ALYUMINIEVYI_UGOLOK//img.webp,цветные металлы;алюминиевый уголок;ад31т1 100x40;3;алюминиевый;уголок;ад31т1;100x40,АД31Т1 100x40,3,ГОСТ 8509-93,т
Цветные металлы,АЛЮМИНИЕВЫЙ УГОЛОК,АД31Т1 100x50,Алюминиевый Уголок 5 АД31Т1 100x50,"АЛЮМИНИЕВЫЙ УГОЛОК марки АД31Т1 100x50, размер 5",5,431000,т,1,0,0,https://www.kavstal.ru/public/assets/images/products/SORTOVOI_PROKAT/ALYUMINIEVYI_UGOLOK//img.webp,цветные металлы;алюминиевый уголок;ад31т1 100x50;5;алюминиевый;уголок;ад31т1;100x50,АД31Т1 100x50,5,ГОСТ 8509-93,т
Цветные металлы,АЛЮМИНИЕВЫЙ УГОЛОК,АД31Т1 120x40,Алюминиевый Уголок 3 АД31Т1 120x40,"АЛЮМИНИЕВЫЙ УГОЛОК марки АД31Т1 120x40, размер 3",3,431000,т,1,0,0,https://www.kavstal.ru/public/assets/images/products/SORTOVOI_PROKAT/ALYUMINIEVYI_UGOLOK//img.webp,цветные металлы;алюминиевый уголок;ад31т1 120x40;3;алюминиевый;уголок;ад31т1;120x40,АД31Т1 120x40,3,ГОСТ 8509-93,т
Цветные металлы,АЛЮМИНИЕВЫЙ УГОЛОК,АМг5 40x25,Алюминиевый Уголок 4 АМг5 40x25,"АЛЮМИНИЕВЫЙ УГОЛОК марки АМг5 40x25, размер 4",4,1536000,т,1,0,0,https://www.kavstal.ru/public/assets/images/products/SORTOVOI_PROKAT/ALYUMINIEVYI_UGOLOK//img.webp,цветные металлы;алюминиевый уголок;амг5 40x25;4;алюминиевый;уголок;амг5;40x25,АМг5 40x25,4,ГОСТ 8509-93,т
Цветные металлы,ДЮРАЛЕВЫЙ ЛИСТ,Д16,Дюралевый Лист 6 Д16,"ДЮРАЛЕВЫЙ ЛИСТ марки Д16, размер 6 ; 8",6,714000,т,1,0,0,https://www.kavstal.ru/public/assets/images/products/TSVETNYE_METALLY/DYURALEVYI_LIST/img.jpg,цветные металлы;дюралевый лист;д16;6;8;дюралевый;лист,Д16,6 ; 8,,т
Цветные металлы,ДЮРАЛЕВЫЙ ЛИСТ,Д16АМ,Дюралевый Лист 0.8 Д16АМ,"ДЮРАЛЕВЫЙ ЛИСТ марки Д16АМ, размер 0.8",0.8,1078000,т,1,0,0,https://www.kavstal.ru/public/assets/images/products/TSVETNYE_METALLY/DYURALEVYI_LIST/img.jpg,цветные металлы;дюралевый лист;д16ам;8;дюралевый;лист;0.8,Д16АМ,0.8,,т
Цветные металлы,ДЮРАЛЕВЫЙ ЛИСТ,Д16АМ,Дюралевый Лист 1 Д16АМ,"ДЮРАЛЕВЫЙ ЛИСТ марки Д16АМ, размер 1 ; 1.2; 1.5; 2",1,723000,т,1,0,0,https://www.kavstal.ru/public/assets/images/products/TSVETNYE_METALLY/DYURALEVYI_LIST/img.jpg,цветные металлы;дюралевый лист;д16ам;1;2;5;дюралевый;лист,Д16АМ,1 ; 1.2; 1.5; 2,,т
Цветные металлы,ДЮРАЛЕВЫЙ ЛИСТ,Д16АМ,Дюралевый Лист 2.5 Д16АМ,"ДЮРАЛЕВЫЙ ЛИСТ марки Д16АМ, размер 2.5",2.5,570000,т,1,0,0,https://www.kavstal.ru/public/assets/images/products/TSVETNYE_METALLY/DYURALEVYI_LIST/img.jpg,цветные металлы;дюралевый лист;д16ам;2;5;дюралевый;лист;2.5,Д16АМ,2.5,,т
Цветные металлы,ДЮРАЛЕВЫЙ ЛИСТ,Д16АМ,Дюралевый Лист 3 Д16АМ,"ДЮРАЛЕВЫЙ ЛИСТ марки Д16АМ, размер 3",3,723000,т,1,0,0,https://www.kavstal.ru/public/assets/images/products/TSVETNYE_METALLY/DYURALEVYI_LIST/img.jpg,цветные металлы;дюралевый лист;д16ам;3;дюралевый;лист,Д16АМ,3,,т
Цветные металлы,ДЮРАЛЕВЫЙ ЛИСТ,Д16АМ,Дюралевый Лист 4 Д16АМ,"ДЮРАЛЕВЫЙ ЛИСТ марки Д16АМ, размер 4 ; 5; 6",4,714000,т,1,0,0,https://www.kavstal.ru/public/assets/images/products/TSVETNYE_METALLY/DYURALEVYI_LIST/img.jpg,цветные металлы;дюралевый лист;д16ам;4;5;6;дюралевый;лист,Д16АМ,4 ; 5; 6,,т
Цветные металлы,ДЮРАЛЕВЫЙ ЛИСТ,Д16АТ,Дюралевый Лист 0.5 Д16ат,"ДЮРАЛЕВЫЙ ЛИСТ марки Д16АТ, размер 0.5",0.5,1069000,т,1,0,0,https://www.kavstal.ru/public/assets/images/products/TSVETNYE_METALLY/DYURALEVYI_LIST/img.jpg,цветные металлы;дюралевый лист;д16ат;5;дюралевый;лист;0.5,Д16АТ,0.5,,т
Цветные металлы,ДЮРАЛЕВЫЙ ЛИСТ,Д16АТ,Дюралевый Лист 0.8 Д16ат,"ДЮРАЛЕВЫЙ ЛИСТ марки Д16АТ, размер 0.8",0.8,1009000,т,1,0,0,https://www.kavstal.ru/public/assets/images/products/TSVETNYE_METALLY/DYURALEVYI_LIST/img.jpg,цветные металлы;дюралевый лист;д16ат;8;дюралевый;лист;0.8,Д16АТ,0.8,,т
Цветные металлы,ДЮРАЛЕВЫЙ ЛИСТ,Д16АТ,Дюралевый Лист 1 Д16ат,"ДЮРАЛЕВЫЙ ЛИСТ марки Д16АТ, размер 1",1,995000,т,1,0,0,https://www.kavstal.ru/public/assets/images/products/TSVETNYE_METALLY/DYURALEVYI_LIST/img.jpg,цветные металлы;дюралевый лист;д16ат;1;дюралевый;лист,Д16АТ,1,,т
Цветные металлы,ДЮРАЛЕВЫЙ ЛИСТ,Д16АТ,Дюралевый Лист 1.2 Д16ат,"ДЮРАЛЕВЫЙ ЛИСТ марки Д16АТ, размер 1.2",1.2,746000,т,1,0,0,https://www.kavstal.ru/public/assets/images/products/TSVETNYE_METALLY/DYURALEVYI_LIST/img.jpg,цветные металлы;дюралевый лист;д16ат;1;2;дюралевый;лист;1.2,Д16АТ,1.2,,т
Цветные металлы,ДЮРАЛЕВЫЙ ЛИСТ,Д16АТ,Дюралевый Лист 1.5 Д16ат,"ДЮРАЛЕВЫЙ ЛИСТ марки Д16АТ, размер 1.5",1.5,890000,т,1,0,0,https://www.kavstal.ru/public/assets/images/products/TSVETNYE_METALLY/DYURALEVYI_LIST/img.jpg,цветные металлы;дюралевый лист;д16ат;1;5;дюралевый;лист;1.5,Д16АТ,1.5,,т
Цветные металлы,ДЮРАЛЕВЫЙ ЛИСТ,Д16АТ,Дюралевый Лист 1.5 Д16ат,"ДЮРАЛЕВЫЙ ЛИСТ марки Д16АТ, размер 1.5",1.5,908000,т,1,0,0,https://www.kavstal.ru/public/assets/images/products/TSVETNYE_METALLY/DYURALEVYI_LIST/img.jpg,цветные металлы;дюралевый лист;д16ат;1;5;дюралевый;лист;1.5,Д16АТ,1.5,,т
Цветные металлы,ДЮРАЛЕВЫЙ ЛИСТ,Д16АТ,Дюралевый Лист 2 Д16ат,"ДЮРАЛЕВЫЙ ЛИСТ марки Д16АТ, размер 2 ; 2.5; 3; 3.5",2,890000,т,1,0,0,https://www.kavstal.ru/public/assets/images/products/TSVETNYE_METALLY/DYURALEVYI_LIST/img.jpg,цветные металлы;дюралевый лист;д16ат;2;5;3;дюралевый;лист,Д16АТ,2 ; 2.5; 3; 3.5,,т
Цветные металлы,ДЮРАЛЕВЫЙ ЛИСТ,Д16АТ,Дюралевый Лист 5 Д16ат,"ДЮРАЛЕВЫЙ ЛИСТ марки Д16АТ, размер 5 ; 6",5,995000,т,1,0,0,https://www.kavstal.ru/public/assets/images/products/TSVETNYE_METALLY/DYURALEVYI_LIST/img.jpg,цветные металлы;дюралевый лист;д16ат;5;6;дюралевый;лист,Д16АТ,5 ; 6,,т
Цветные металлы,ДЮРАЛЕВЫЙ ЛИСТ,Д16АТ,Дюралевый Лист 8 Д16ат,"ДЮРАЛЕВЫЙ ЛИСТ марки Д16АТ, размер 8",8,890000,т,1,0,0,https://www.kavstal.ru/public/assets/images/products/TSVETNYE_METALLY/DYURALEVYI_LIST/img.jpg,цветные металлы;дюралевый лист;д16ат;8;дюралевый;лист,Д16АТ,8,,т
Цветные металлы,ДЮРАЛЕВЫЙ ЛИСТ,Д16АТ,Дюралевый Лист 10 Д16ат,"ДЮРАЛЕВЫЙ ЛИСТ марки Д16АТ, размер 10",10,1045000,т,1,0,0,https://www.kavstal.ru/public/assets/images/products/TSVETNYE_METALLY/DYURALEVYI_LIST/img.jpg,цветные металлы;дюралевый лист;д16ат;10;дюралевый;лист,Д16АТ,10,,т
Цветные металлы,ДЮРАЛЕВЫЙ ЛИСТ,Д16Т,Дюралевый Лист 2 Д16Т,"ДЮРАЛЕВЫЙ ЛИСТ марки Д16Т, размер 2",2,890000,т,1,0,0,https://www.kavstal.ru/public/assets/images/products/TSVETNYE_METALLY/DYURALEVYI_LIST/img.jpg,цветные металлы;дюралевый лист;д16т;2;дюралевый;лист,Д16Т,2,,т
Цветные металлы,ДЮРАЛЕВЫЙ ЛИСТ,Д16Т,Дюралевый Лист 6 Д16Т,"ДЮРАЛЕВЫЙ ЛИСТ марки Д16Т, размер 6",6,995000,т,1,0,0,https://www.kavstal.ru/public/assets/images/products/TSVETNYE_METALLY/DYURALEVYI_LIST/img.jpg,цветные металлы;дюралевый лист;д16т;6;дюралевый;лист,Д16Т,6,,т
Цветные металлы,ДЮРАЛЕВЫЙ ЛИСТ,Д16Т,Дюралевый Лист 8 Д16Т,"ДЮРАЛЕВЫЙ ЛИСТ марки Д16Т, размер 8",8,890000,т,1,0,0,https://www.kavstal.ru/public/assets/images/products/TSVETNYE_METALLY/DYURALEVYI_LIST/img.jpg,цветные металлы;дюралевый лист;д16т;8;дюралевый;лист,Д16Т,8,,т
Цветные металлы,ДЮРАЛЕВАЯ ПЛИТА,В95,Дюралевая Плита 18 В95,"ДЮРАЛЕВАЯ ПЛИТА марки В95, размер 18",18,691000,т,1,0,0,https://www.kavstal.ru/public/assets/images/products/TSVETNYE_METALLY/DYURALEVAYA_PLITA/img.jpg,цветные металлы;дюралевая плита;в95;18;дюралевая;плита,В95,18,,т
Цветные металлы,ДЮРАЛЕВАЯ ПЛИТА,В95,Дюралевая Плита 20 В95,"ДЮРАЛЕВАЯ ПЛИТА марки В95, размер 20",20,611000,т,1,0,0,https://www.kavstal.ru/public/assets/images/products/TSVETNYE_METALLY/DYURALEVAYA_PLITA/img.jpg,цветные металлы;дюралевая плита;в95;20;дюралевая;плита,В95,20,,т
Цветные металлы,ДЮРАЛЕВАЯ ПЛИТА,В95,Дюралевая Плита 25 В95,"ДЮРАЛЕВАЯ ПЛИТА марки В95, размер 25 ; 30; 35; 40; 45",25,623000,т,1,0,0,https://www.kavstal.ru/public/assets/images/products/TSVETNYE_METALLY/DYURALEVAYA_PLITA/img.jpg,цветные металлы;дюралевая плита;в95;25;30;35;40;45;дюралевая;плита,В95,25 ; 30; 35; 40; 45,,т
Цветные металлы,ДЮРАЛЕВАЯ ПЛИТА,В95,Дюралевая Плита 50 В95,"ДЮРАЛЕВАЯ ПЛИТА марки В95, размер 50",50,611000,т,1,0,0,https://www.kavstal.ru/public/assets/images/products/TSVETNYE_METALLY/DYURALEVAYA_PLITA/img.jpg,цветные металлы;дюралевая плита;в95;50;дюралевая;плита,В95,50,,т
Цветные металлы,ДЮРАЛЕВАЯ ПЛИТА,В95 Т1,Дюралевая Плита 16 В95 Т1,"ДЮРАЛЕВАЯ ПЛИТА марки В95 Т1, размер 16",16,817000,т,1,0,0,https://www.kavstal.ru/public/assets/images/products/TSVETNYE_METALLY/DYURALEVAYA_PLITA/img.jpg,цветные металлы;дюралевая плита;в95 т1;16;дюралевая;плита;в95;т1,В95 Т1,16,,т
Цветные металлы,ДЮРАЛЕВАЯ ПЛИТА,В95 Т1,Дюралевая Плита 45 В95 Т1,"ДЮРАЛЕВАЯ ПЛИТА марки В95 Т1, размер 45 ; 50",45,735000,т,1,0,0,https://www.kavstal.ru/public/assets/images/products/TSVETNYE_METALLY/DYURALEVAYA_PLITA/img.jpg,цветные металлы;дюралевая плита;в95 т1;45;50;дюралевая;плита;в95;т1,В95 Т1,45 ; 50,,т
Цветные металлы,ДЮРАЛЕВАЯ ПЛИТА,В95Б,Дюралевая Плита 16 В95б,"ДЮРАЛЕВАЯ ПЛИТА марки В95Б, размер 16",16,691000,т,1,0,0,https://www.kavstal.ru/public/assets/images/products/TSVETNYE_METALLY/DYURALEVAYA_PLITA/img.jpg,цветные металлы;дюралевая плита;в95б;16;дюралевая;плита,В95Б,16,,т
Цветные металлы,ДЮРАЛЕВАЯ ПЛИТА,В95Б,Дюралевая Плита 20 В95б,"ДЮРАЛЕВАЯ ПЛИТА марки В95Б, размер 20 ; 25; 30; 40",20,623000,т,1,0,0,https://www.kavstal.ru/public/assets/images/products/TSVETNYE_METALLY/DYURALEVAYA_PLITA/img.jpg,цветные металлы;дюралевая плита;в95б;20;25;30;40;дюралевая;плита,В95Б,20 ; 25; 30; 40,,т
Цветные металлы,ДЮРАЛЕВАЯ ПЛИТА,В95Б,Дюралевая Плита 50 В95б,"ДЮРАЛЕВАЯ ПЛИТА марки В95Б, размер 50",50,611000,т,1,0,0,https://www.kavstal.ru/public/assets/images/products/TSVETNYE_METALLY/DYURALEVAYA_PLITA/img.jpg,цветные металлы;дюралевая плита;в95б;50;дюралевая;плита,В95Б,50,,т
Цветные металлы,ДЮРАЛЕВАЯ ПЛИТА,Д16,Дюралевая Плита 12 Д16,"ДЮРАЛЕВАЯ ПЛИТА марки Д16, размер 12 ; 15",12,780000,т,1,0,0,https://www.kavstal.ru/public/assets/images/products/TSVETNYE_METALLY/DYURALEVAYA_PLITA/img.jpg,цветные металлы;дюралевая плита;д16;12;15;дюралевая;плита,Д16,12 ; 15,,т
Цветные металлы,ДЮРАЛЕВАЯ ПЛИТА,Д16,Дюралевая Плита 18 Д16,"ДЮРАЛЕВАЯ ПЛИТА марки Д16, размер 18 ; 20; 22; 25",18,514000,т,1,0,0,https://www.kavstal.ru/public/assets/images/products/TSVETNYE_METALLY/DYURALEVAYA_PLITA/img.jpg,цветные металлы;дюралевая плита;д16;18;20;22;25;дюралевая;плита,Д16,18 ; 20; 22; 25,,т
Цветные металлы,ДЮРАЛЕВАЯ ПЛИТА,Д16,Дюралевая Плита 25 Д16,"ДЮРАЛЕВАЯ ПЛИТА марки Д16, размер 25",25,524000,т,1,0,0,https://www.kavstal.ru/public/assets/images/products/TSVETNYE_METALLY/DYURALEVAYA_PLITA/img.jpg,цветные металлы;дюралевая плита;д16;25;дюралевая;плита,Д16,25,,т
Цветные металлы,ДЮРАЛЕВАЯ ПЛИТА,Д16,Дюралевая Плита 28 Д16,"ДЮРАЛЕВАЯ ПЛИТА марки Д16, размер 28 ; 30; 32; 35; 40; 45; 50",28,514000,т,1,0,0,https://www.kavstal.ru/public/assets/images/products/TSVETNYE_METALLY/DYURALEVAYA_PLITA/img.jpg,цветные металлы;дюралевая плита;д16;28;30;32;35;40;45;50;дюралевая;плита,Д16,28 ; 30; 32; 35; 40; 45; 50,,т
Цветные металлы,ДЮРАЛЕВАЯ ПЛИТА,Д16,Дюралевая Плита 55 Д16,"ДЮРАЛЕВАЯ ПЛИТА марки Д16, размер 55 ; 60; 65; 70; 75; 80; 90; 120",55,510000,т,1,0,0,https://www.kavstal.ru/public/assets/images/products/TSVETNYE_METALLY/DYURALEVAYA_PLITA/img.jpg,цветные металлы;дюралевая плита;д16;55;60;65;70;75;80;90;120;дюралевая;плита,Д16,55 ; 60; 65; 70; 75; 80; 90; 120,,т
Цветные металлы,ДЮРАЛЕВАЯ ПЛИТА,Д16Б,Дюралевая Плита 15 Д16б,"ДЮРАЛЕВАЯ ПЛИТА марки Д16Б, размер 15",15,520000,т,1,0,0,https://www.kavstal.ru/public/assets/images/products/TSVETNYE_METALLY/DYURALEVAYA_PLITA/img.jpg,цветные металлы;дюралевая плита;д16б;15;дюралевая;плита,Д16Б,15,,т
Цветные металлы,ДЮРАЛЕВАЯ ПЛИТА,Д16Б,Дюралевая Плита 18 Д16б,"ДЮРАЛЕВАЯ ПЛИТА марки Д16Б, размер 18",18,524000,т,1,0,0,https://www.kavstal.ru/public/assets/images/products/TSVETNYE_METALLY/DYURALEVAYA_PLITA/img.jpg,цветные металлы;дюралевая плита;д16б;18;дюралевая;плита,Д16Б,18,,т
Цветные металлы,ДЮРАЛЕВАЯ ПЛИТА,Д16Б,Дюралевая Плита 20 Д16б,"ДЮРАЛЕВАЯ ПЛИТА марки Д16Б, размер 20 ; 25; 30; 32; 35; 40; 45; 50",20,514000,т,1,0,0,https://www.kavstal.ru/public/assets/images/products/TSVETNYE_METALLY/DYURALEVAYA_PLITA/img.jpg,цветные металлы;дюралевая плита;д16б;20;25;30;32;35;40;45;50;дюралевая;плита,Д16Б,20 ; 25; 30; 32; 35; 40; 45; 50,,т
Цветные металлы,ДЮРАЛЕВАЯ ПЛИТА,Д16Б,Дюралевая Плита 60 Д16б,"ДЮРАЛЕВАЯ ПЛИТА марки Д16Б, размер 60 ; 85",60,510000,т,1,0,0,https://www.kavstal.ru/public/assets/images/products/TSVETNYE_METALLY/DYURALEVAYA_PLITA/img.jpg,цветные металлы;дюралевая плита;д16б;60;85;дюралевая;плита,Д16Б,60 ; 85,,т
Цветные металлы,ДЮРАЛЕВАЯ ПЛИТА,Д16Т,Дюралевая Плита 12 Д16Т,"ДЮРАЛЕВАЯ ПЛИТА марки Д16Т, размер 12 ; 16",12,890000,т,1,0,0,https://www.kavstal.ru/public/assets/images/products/TSVETNYE_METALLY/DYURALEVAYA_PLITA/img.jpg,цветные металлы;дюралевая плита;д16т;12;16;дюралевая;плита,Д16Т,12 ; 16,,т
Цветные металлы,ДЮРАЛЕВАЯ ПЛИТА,Д16Т,Дюралевая Плита 18 Д16Т,"ДЮРАЛЕВАЯ ПЛИТА марки Д16Т, размер 18 ; 20; 22; 25; 28; 30; 35; 40",18,590000,т,1,0,0,https://www.kavstal.ru/public/assets/images/products/TSVETNYE_METALLY/DYURALEVAYA_PLITA/img.jpg,цветные металлы;дюралевая плита;д16т;18;20;22;25;28;30;35;40;дюралевая;плита,Д16Т,18 ; 20; 22; 25; 28; 30; 35; 40,,т
Цветные металлы,ДЮРАЛЕВАЯ ПЛИТА,Д16Т,Дюралевая Плита 40 Д16Т,"ДЮРАЛЕВАЯ ПЛИТА марки Д16Т, размер 40",40,602000,т,1,0,0,https://www.kavstal.ru/public/assets/images/products/TSVETNYE_METALLY/DYURALEVAYA_PLITA/img.jpg,цветные металлы;дюралевая плита;д16т;40;дюралевая;плита,Д16Т,40,,т
Цветные металлы,ДЮРАЛЕВАЯ ПЛИТА,Д16Т,Дюралевая Плита 45 Д16Т,"ДЮРАЛЕВАЯ ПЛИТА марки Д16Т, размер 45 ; 50",45,590000,т,1,0,0,https://www.kavstal.ru/public/assets/images/products/TSVETNYE_METALLY/DYURALEVAYA_PLITA/img.jpg,цветные металлы;дюралевая плита;д16т;45;50;дюралевая;плита,Д16Т,45 ; 50,,т
Цветные металлы,ДЮРАЛЕВАЯ ПЛИТА,Д16Т,Дюралевая Плита 55 Д16Т,"ДЮРАЛЕВАЯ ПЛИТА марки Д16Т, размер 55 ; 60; 65; 70",55,586000,т,1,0,0,https://www.kavstal.ru/public/assets/images/products/TSVETNYE_METALLY/DYURALEVAYA_PLITA/img.jpg,цветные металлы;дюралевая плита;д16т;55;60;65;70;дюралевая;плита,Д16Т,55 ; 60; 65; 70,,т
Цветные металлы,ДЮРАЛЕВАЯ ПЛИТА,Д16Т,Дюралевая Плита 70 Д16Т,"ДЮРАЛЕВАЯ ПЛИТА марки Д16Т, размер 70",70,598000,т,1,0,0,https://www.kavstal.ru/public/assets/images/products/TSVETNYE_METALLY/DYURALEVAYA_PLITA/img.jpg,цветные металлы;дюралевая плита;д16т;70;дюралевая;плита,Д16Т,70,,т
Цветные металлы,ДЮРАЛЕВАЯ ПЛИТА,Д16Т,Дюралевая Плита 75 Д16Т,"ДЮРАЛЕВАЯ ПЛИТА марки Д16Т, размер 75 ; 80; 100; 120",75,586000,т,1,0,0,https://www.kavstal.ru/public/assets/images/products/TSVETNYE_METALLY/DYURALEVAYA_PLITA/img.jpg,цветные металлы;дюралевая плита;д16т;75;80;100;120;дюралевая;плита,Д16Т,75 ; 80; 100; 120,,т
Цветные металлы,ЛАТУННЫЙ КРУГ,Л63,Латунный Круг 5 Л63,"ЛАТУННЫЙ КРУГ марки Л63, размер 5 ; 6",5,1210000,т,1,0,0,https://www.kavstal.ru/public/assets/images/products/SORTOVOI_PROKAT/LATUNNYI_KRUG/img.webp,цветные металлы;латунный круг;л63;5;6;латунный;круг,Л63,5 ; 6,ГОСТ 2590-2006,т
Цветные металлы,ЛАТУННЫЙ КРУГ,Л63,Латунный Круг 8 Л63,"ЛАТУННЫЙ КРУГ марки Л63, размер 8 ; 9; 10; 12; 14; 15; 16; 18; 20; 22; 24; 25; 27; 28; 30; 32; 35; 45; 50; 55; 60; 65; 85; 90; 100; 140; 150",8,1182000,т,1,0,0,https://www.kavstal.ru/public/assets/images/products/SORTOVOI_PROKAT/LATUNNYI_KRUG/img.webp,цветные металлы;латунный круг;л63;8;9;10;12;14;15;16;18;20;22;24;25;27;28;30;32;35;45;50;55;60;65;85;90;100;140;150;латунный;круг,Л63,8 ; 9; 10; 12; 14; 15; 16; 18; 20; 22; 24; 25; 27; 28; 30; 32; 35; 45; 50; 55; 60; 65; 85; 90; 100; 140; 150,ГОСТ 2590-2006,т
Цветные металлы,ЛАТУННЫЙ КРУГ,ЛС59-1,Латунный Круг 3 ЛС59-1,"ЛАТУННЫЙ КРУГ марки ЛС59-1, размер 3",3,1191000,т,1,0,0,https://www.kavstal.ru/public/assets/images/products/SORTOVOI_PROKAT/LATUNNYI_KRUG/img.webp,цветные металлы;латунный круг;лс59-1;3;латунный;круг,ЛС59-1,3,ГОСТ 2590-2006,т
Цветные металлы,ЛАТУННЫЙ КРУГ,ЛС59-1,Латунный Круг 4 ЛС59-1,"ЛАТУННЫЙ КРУГ марки ЛС59-1, размер 4 ; 4.5",4,1170000,т,1,0,0,https://www.kavstal.ru/public/assets/images/products/SORTOVOI_PROKAT/LATUNNYI_KRUG/img.webp,цветные металлы;латунный круг;лс59-1;4;5;латунный;круг,ЛС59-1,4 ; 4.5,ГОСТ 2590-2006,т
Цветные металлы,ЛАТУННЫЙ КРУГ,ЛС59-1,Латунный Круг 5 ЛС59-1,"ЛАТУННЫЙ КРУГ марки ЛС59-1, размер 5 ; 6",5,1073000,т,1,0,0,https://www.kavstal.ru/public/assets/images/products/SORTOVOI_PROKAT/LATUNNYI_KRUG/img.webp,цветные металлы;латунный круг;лс59-1;5;6;латунный;круг,ЛС59-1,5 ; 6,ГОСТ 2590-2006,т
Цветные металлы,ЛАТУННЫЙ КРУГ,ЛС59-1,Латунный Круг 7 ЛС59-1,"ЛАТУННЫЙ КРУГ марки ЛС59-1, размер 7 ; 8; 9; 10",7,976000,т,1,0,0,https://www.kavstal.ru/public/assets/images/products/SORTOVOI_PROKAT/LATUNNYI_KRUG/img.webp,цветные металлы;латунный круг;лс59-1;7;8;9;10;латунный;круг,ЛС59-1,7 ; 8; 9; 10,ГОСТ 2590-2006,т
Цветные металлы,ЛАТУННЫЙ КРУГ,ЛС59-1,Латунный Круг 11 ЛС59-1,"ЛАТУННЫЙ КРУГ марки ЛС59-1, размер 11 ; 12; 13; 14; 15; 16; 17; 18; 19; 20; 22; 24; 25; 27; 28; 30; 32; 35; 36; 38; 40; 42; 45; 48; 50; 55; 60; 65; 70; 80; 85; 90; 95; 110; 140",11,960000,т,1,0,0,https://www.kavstal.ru/public/assets/images/products/SORTOVOI_PROKAT/LATUNNYI_KRUG/img.webp,цветные металлы;латунный круг;лс59-1;11;12;13;14;15;16;17;18;19;20;22;24;25;27;28;30;32;35;36;38;40;42;45;48;50;55;60;65;70;80;85;90;95;110;140;латунный;круг,ЛС59-1,11 ; 12; 13; 14; 15; 16; 17; 18; 19; 20; 22; 24; 25; 27; 28; 30; 32; 35; 36; 38; 40; 42; 45; 48; 50; 55; 60; 65; 70; 80; 85; 90; 95; 110; 140,ГОСТ 2590-2006,т
Цветные металлы,ЛАТУННЫЙ КРУГ,ЛС59-1,Латунный Круг 150 ЛС59-1,"ЛАТУННЫЙ КРУГ марки ЛС59-1, размер 150",150,970000,т,1,0,0,https://www.kavstal.ru/public/assets/images/products/SORTOVOI_PROKAT/LATUNNYI_KRUG/img.webp,цветные металлы;латунный круг;лс59-1;150;латунный;круг,ЛС59-1,150,ГОСТ 2590-2006,т
Цветные металлы,ЛАТУННАЯ ЛЕНТА,Л63,Латунная Лента 0.1 Л63,"ЛАТУННАЯ ЛЕНТА марки Л63, размер 0.1",0.1,1201000,т,1,0,0,https://www.kavstal.ru/public/assets/images/products/TSVETNYE_METALLY/LATUNNAYA_LENTA/img.jpg,цветные металлы;латунная лента;л63;1;латунная;лента;0.1,Л63,0.1,,т
Цветные металлы,ЛАТУННАЯ ЛЕНТА,Л63,Латунная Лента 0.1 Л63,"ЛАТУННАЯ ЛЕНТА марки Л63, размер 0.1",0.1,1212000,т,1,0,0,https://www.kavstal.ru/public/assets/images/products/TSVETNYE_METALLY/LATUNNAYA_LENTA/img.jpg,цветные металлы;латунная лента;л63;1;латунная;лента;0.1,Л63,0.1,,т
Цветные металлы,ЛАТУННАЯ ЛЕНТА,Л63,Латунная Лента 0.2 Л63,"ЛАТУННАЯ ЛЕНТА марки Л63, размер 0.2 ; 0.3; 0.4; 0.5; 0.6; 0.7; 0.8",0.2,1201000,т,1,0,0,https://www.kavstal.ru/public/assets/images/products/TSVETNYE_METALLY/LATUNNAYA_LENTA/img.jpg,цветные металлы;латунная лента;л63;2;3;4;5;6;7;8;латунная;лента;0.2,Л63,0.2 ; 0.3; 0.4; 0.5; 0.6; 0.7; 0.8,,т
Цветные металлы,ЛАТУННЫЙ ЛИСТ,Л63,Латунный Лист 0.4 Л63,"ЛАТУННЫЙ ЛИСТ марки Л63, размер 0.4 ; 0.5; 0.5",0.4,1104000,т,1,0,0,https://www.kavstal.ru/public/assets/images/products/TSVETNYE_METALLY/LATUNNYI_LIST/img.jpg,цветные металлы;латунный лист;л63;4;5;латунный;лист;0.4,Л63,0.4 ; 0.5; 0.5,,т
Цветные металлы,ЛАТУННЫЙ ЛИСТ,Л63,Латунный Лист 0.5 Л63,"ЛАТУННЫЙ ЛИСТ марки Л63, размер 0.5",0.5,1300,шт,1,0,0,https://www.kavstal.ru/public/assets/images/products/TSVETNYE_METALLY/LATUNNYI_LIST/img.jpg,цветные металлы;латунный лист;л63;5;латунный;лист;0.5,Л63,0.5,,шт
Цветные металлы,ЛАТУННЫЙ ЛИСТ,Л63,Латунный Лист 0.6 Л63,"ЛАТУННЫЙ ЛИСТ марки Л63, размер 0.6 ; 0.7; 0.8; 0.8; 1; 1; 1.2; 1.2; 1.5; 1.8; 1.8; 2; 2; 2.5; 2.5; 3; 3; 3.5; 4; 4; 5; 6; 6; 7; 8; 8; 10; 10; 12; 12; 14; 15; 16; 20; 25",0.6,1104000,т,1,0,0,https://www.kavstal.ru/public/assets/images/products/TSVETNYE_METALLY/LATUNNYI_LIST/img.jpg,цветные металлы;латунный лист;л63;6;7;8;1;2;5;3;4;10;12;14;15;16;20;25;латунный;лист;0.6,Л63,0.6 ; 0.7; 0.8; 0.8; 1; 1; 1.2; 1.2; 1.5; 1.8; 1.8; 2; 2; 2.5; 2.5; 3; 3; 3.5; 4; 4; 5; 6; 6; 7; 8; 8; 10; 10; 12; 12; 14; 15; 16; 20; 25,,т
Цветные металлы,ЛАТУННЫЙ ЛИСТ,Л63,Латунный Лист 30 Л63,"ЛАТУННЫЙ ЛИСТ марки Л63, размер 30 ; 40",30,1124000,т,1,0,0,https://www.kavstal.ru/public/assets/images/products/TSVETNYE_METALLY/LATUNNYI_LIST/img.jpg,цветные металлы;латунный лист;л63;30;40;латунный;лист,Л63,30 ; 40,,т
Цветные металлы,ЛАТУННЫЙ ЛИСТ,ЛС59-1,Латунный Лист 0.5 ЛС59-1,"ЛАТУННЫЙ ЛИСТ марки ЛС59-1, размер 0.5 ; 1; 1.2; 2; 2.5; 3; 4; 5; 6; 7; 8; 10; 12; 14; 15; 16; 18; 22; 25",0.5,1151000,т,1,0,0,https://www.kavstal.ru/public/assets/images/products/TSVETNYE_METALLY/LATUNNYI_LIST/img.jpg,цветные металлы;латунный лист;лс59-1;5;1;2;3;4;6;7;8;10;12;14;15;16;18;22;25;латунный;лист;0.5,ЛС59-1,0.5 ; 1; 1.2; 2; 2.5; 3; 4; 5; 6; 7; 8; 10; 12; 14; 15; 16; 18; 22; 25,,т
Цветные металлы,ЛАТУННЫЙ ЛИСТ,ЛС59-1,Латунный Лист 40 ЛС59-1,"ЛАТУННЫЙ ЛИСТ марки ЛС59-1, размер 40",40,1176000,т,1,0,0,https://www.kavstal.ru/public/assets/images/products/TSVETNYE_METALLY/LATUNNYI_LIST/img.jpg,цветные металлы;латунный лист;лс59-1;40;латунный;лист,ЛС59-1,40,,т
Цветные металлы,МЕДНАЯ ЛЕНТА,М1,Медная Лента 0.1 М1,"МЕДНАЯ ЛЕНТА марки М1, размер 0.1",0.1,1688000,т,1,0,0,https://www.kavstal.ru/public/assets/images/products/TSVETNYE_METALLY/MEDNAYA_LENTA/img.jpg,цветные металлы;медная лента;м1;1;медная;лента;0.1,М1,0.1,,т
Цветные металлы,МЕДНАЯ ЛЕНТА,М1,Медная Лента 0.2 М1,"МЕДНАЯ ЛЕНТА марки М1, размер 0.2 ; 0.3; 0.4; 0.5",0.2,1624000,т,1,0,0,https://www.kavstal.ru/public/assets/images/products/TSVETNYE_METALLY/MEDNAYA_LENTA/img.jpg,цветные металлы;медная лента;м1;2;3;4;5;медная;лента;0.2,М1,0.2 ; 0.3; 0.4; 0.5,,т
Цветные металлы,МЕДНЫЙ ЛИСТ,М1,Медный Лист 0.4 М1,"МЕДНЫЙ ЛИСТ марки М1, размер 0.4 ; 0.5; 0.5",0.4,1465000,т,1,0,0,https://www.kavstal.ru/public/assets/images/products/TSVETNYE_METALLY/MEDNYI_LIST/img.jpg,цветные металлы;медный лист;м1;4;5;медный;лист;0.4,М1,0.4 ; 0.5; 0.5,,т
Цветные металлы,МЕДНЫЙ ЛИСТ,М1,Медный Лист 0.5 М1,"МЕДНЫЙ ЛИСТ марки М1, размер 0.5",0.5,6500,шт,1,0,0,https://www.kavstal.ru/public/assets/images/products/TSVETNYE_METALLY/MEDNYI_LIST/img.jpg,цветные металлы;медный лист;м1;5;медный;лист;0.5,М1,0.5,,шт
Цветные металлы,МЕДНЫЙ ЛИСТ,М1,Медный Лист 0.6 М1,"МЕДНЫЙ ЛИСТ марки М1, размер 0.6 ; 0.8; 0.8; 1; 1.2; 1.5; 2; 2; 2.5; 3; 3; 4; 4; 5; 6; 8; 10; 10; 12; 12; 14; 15; 20; 25",0.6,1465000,т,1,0,0,https://www.kavstal.ru/public/assets/images/products/TSVETNYE_METALLY/MEDNYI_LIST/img.jpg,цветные металлы;медный лист;м1;6;8;1;2;5;3;4;10;12;14;15;20;25;медный;лист;0.6,М1,0.6 ; 0.8; 0.8; 1; 1.2; 1.5; 2; 2; 2.5; 3; 3; 4; 4; 5; 6; 8; 10; 10; 12; 12; 14; 15; 20; 25,,т
Цветные металлы,МЕДНЫЙ ЛИСТ,М1,Медный Лист 35 М1,"МЕДНЫЙ ЛИСТ марки М1, размер 35 ; 40; 50; 60; 80",35,1479000,т,1,0,0,https://www.kavstal.ru/public/assets/images/products/TSVETNYE_METALLY/MEDNYI_LIST/img.jpg,цветные металлы;медный лист;м1;35;40;50;60;80;медный;лист,М1,35 ; 40; 50; 60; 80,,т
